[23:20:35] START R00142
Parent R00142: witness stressMeta.witnessSolution (len 79, 6 jump(s)), 58 movable object instance(s) under strict inventory.
  attempt 1: accepted F00142-lm-16 — moved flippingFilters (8,9) -> (6,0)
  attempt 2: accepted F00142-lm-17 — moved lamppost (3,4) -> (9,3)
  attempt 3: accepted F00142-lm-18 — moved lamppost (3,4) -> (8,1)
  attempt 4: accepted F00142-lm-19 — moved flippingFilters (9,1) -> (9,3)
  attempt 5: accepted F00142-lm-20 — moved blocks (8,0) -> (2,3)
  attempt 6: accepted F00142-lm-21 — moved mustPass (8,8) -> (2,9)
  attempt 7: accepted F00142-lm-22 — moved park (7,10) -> (7,6)
  attempt 8: accepted F00142-lm-23 — moved lamppost (7,0) -> (2,3)
  attempt 9: accepted F00142-lm-24 — moved blocks (1,5) -> (6,5)
  attempt 10: accepted F00142-lm-25 — moved blocks (10,0) -> (4,4)
  attempt 11: accepted F00142-lm-26 — moved blocks (1,3) -> (0,1)
  attempt 12: accepted F00142-lm-27 — moved flippingFilters (0,4) -> (11,0)
  attempt 13: accepted F00142-lm-28 — moved blocks (2,0) -> (7,1)
  attempt 14: accepted F00142-lm-29 — moved statue (11,2) -> (8,1)
  attempt 15: accepted F00142-lm-30 — moved blocks (2,1) -> (6,0)

15/15 new local-mutant sibling(s) generated for R00142 in 15 attempt(s) (budget 600); 15 total in data/families/family-R00142-lm.json.
Wrote 15 level(s) total to data/families/family-R00142-lm.json (changed=true), 15 hint file(s) written to data/families/hints/.
Wrote family manifest to data/families/family-R00142-lm-manifest.json (15 variant(s) total).
Parent R00142: witness stressMeta.witnessSolution (len 79, 6 jump(s)), 58 movable object instance(s) under strict inventory.
  variant 1 (rotation): accepted F00142-sym-08
  variant 2 (rotation): accepted F00142-sym-09
  variant 3 (rotation): accepted F00142-sym-10
  variant 4 (reflection): accepted F00142-sym-11
  variant 5 (reflection): accepted F00142-sym-12
  variant 6 (reflection): accepted F00142-sym-13
  variant 7 (reflection): accepted F00142-sym-14

7/7 new symmetry sibling(s) generated for R00142 in 7 attempt(s) (budget 7); 7 total in data/families/family-R00142-sym.json.
Wrote 7 level(s) total to data/families/family-R00142-sym.json (changed=true), 7 hint file(s) written to data/families/hints/.
Wrote family manifest to data/families/family-R00142-sym-manifest.json (7 variant(s) total).
portfolio-solve-sweep: corpus=data/families/family-R00142-lm.json levels=15 (15 to solve) scheduler-mode=legacy budget=8000ms node-budget=20000000 workers=4 save-hints=true
  [1/15] L3 (F00142-lm-18) ok=✗
  [2/15] L1 (F00142-lm-16) ok=✗
  [3/15] L2 (F00142-lm-17) ok=✗
  [4/15] L4 (F00142-lm-19) ok=✗
  [5/15] L5 (F00142-lm-20) ok=✗
  [6/15] L7 (F00142-lm-22) ok=✗
  [7/15] L6 (F00142-lm-21) ok=✗
  [8/15] L8 (F00142-lm-23) ok=✗
  [9/15] L9 (F00142-lm-24) ok=✗
  [10/15] L10 (F00142-lm-25) ok=✗
  [11/15] L12 (F00142-lm-27) ok=✗
  [12/15] L11 (F00142-lm-26) ok=✗
  [13/15] L13 (F00142-lm-28) ok=✗
  [14/15] L14 (F00142-lm-29) ok=✗
  [15/15] L15 (F00142-lm-30) ok=✗
Hints: appended to 0 level(s); 0 hint file(s) changed on disk.
Result: solved=0/15, solvedBeforeFallback=0, fallbackOnly=0, unsolved=15
Wrote logs/family-census/solve-R00142-lm.json
Wrote logs/family-census/solve-R00142-lm-summary.md
portfolio-solve-sweep: corpus=data/families/family-R00142-sym.json levels=7 (7 to solve) scheduler-mode=legacy budget=8000ms node-budget=20000000 workers=4 save-hints=true
  [1/7] L1 (F00142-sym-08) ok=✗
  [2/7] L4 (F00142-sym-11) ok=✗
  [3/7] L2 (F00142-sym-09) ok=✗
  [4/7] L3 (F00142-sym-10) ok=✗
  [5/7] L5 (F00142-sym-12) ok=✗
  [6/7] L6 (F00142-sym-13) ok=✗
  [7/7] L7 (F00142-sym-14) ok=✗
Hints: appended to 0 level(s); 0 hint file(s) changed on disk.
Result: solved=0/7, solvedBeforeFallback=0, fallbackOnly=0, unsolved=7
Wrote logs/family-census/solve-R00142-sym.json
Wrote logs/family-census/solve-R00142-sym-summary.md
[23:22:51] DONE R00142
[23:22:51] START R00386
Parent R00386: witness stressMeta.witnessSolution (len 92, 7 jump(s)), 32 movable object instance(s) under strict inventory.
  attempt 1: accepted F00386-lm-01 — moved blocks (2,10) -> (6,0)
  attempt 2: accepted F00386-lm-02 — moved geese (0,5) -> (12,4)
  attempt 3: accepted F00386-lm-03 — moved flippingFilters (2,11) -> (3,7)
  attempt 4: accepted F00386-lm-04 — moved blocks (10,0) -> (6,2)
  attempt 5: accepted F00386-lm-05 — moved blocks (2,6) -> (7,3)
  attempt 6: accepted F00386-lm-06 — moved flippingFilters (2,9) -> (10,6)
  attempt 7: accepted F00386-lm-07 — moved flippingFilters (2,11) -> (6,3)
  attempt 8: accepted F00386-lm-08 — moved geese (0,5) -> (3,11)
  attempt 9: accepted F00386-lm-09 — moved blocks (3,8) -> (10,5)
  attempt 10: accepted F00386-lm-10 — moved blocks (2,10) -> (10,4)
  attempt 11: accepted F00386-lm-11 — moved blocks (2,1) -> (2,7)
  attempt 12: accepted F00386-lm-12 — moved blocks (0,1) -> (12,8)
  attempt 13: accepted F00386-lm-13 — moved blocks (10,0) -> (9,3)
  attempt 14: accepted F00386-lm-14 — moved blocks (11,4) -> (5,4)
  attempt 15: accepted F00386-lm-15 — moved flippingFilters (2,9) -> (6,1)

15/15 new local-mutant sibling(s) generated for R00386 in 15 attempt(s) (budget 600); 15 total in data/families/family-R00386-lm.json.
Wrote 15 level(s) total to data/families/family-R00386-lm.json (changed=true), 15 hint file(s) written to data/families/hints/.
Wrote family manifest to data/families/family-R00386-lm-manifest.json (15 variant(s) total).
Parent R00386: witness stressMeta.witnessSolution (len 92, 7 jump(s)), 32 movable object instance(s) under strict inventory.
  variant 1 (rotation): accepted F00386-sym-01
  variant 2 (rotation): accepted F00386-sym-02
  variant 3 (rotation): accepted F00386-sym-03
  variant 4 (reflection): accepted F00386-sym-04
  variant 5 (reflection): accepted F00386-sym-05
  variant 6 (reflection): accepted F00386-sym-06
  variant 7 (reflection): accepted F00386-sym-07

7/7 new symmetry sibling(s) generated for R00386 in 7 attempt(s) (budget 7); 7 total in data/families/family-R00386-sym.json.
Wrote 7 level(s) total to data/families/family-R00386-sym.json (changed=true), 7 hint file(s) written to data/families/hints/.
Wrote family manifest to data/families/family-R00386-sym-manifest.json (7 variant(s) total).
portfolio-solve-sweep: corpus=data/families/family-R00386-lm.json levels=15 (15 to solve) scheduler-mode=legacy budget=8000ms node-budget=20000000 workers=4 save-hints=true
  [1/15] L2 (F00386-lm-02) ok=✗
  [2/15] L3 (F00386-lm-03) ok=✗
  [3/15] L4 (F00386-lm-04) ok=✗
  [4/15] L1 (F00386-lm-01) ok=✗
  [5/15] L6 (F00386-lm-06) ok=✓ legacy [hint saved]
  [6/15] L5 (F00386-lm-05) ok=✗
  [7/15] L8 (F00386-lm-08) ok=✗
  [8/15] L7 (F00386-lm-07) ok=✗
  [9/15] L9 (F00386-lm-09) ok=✗
  [10/15] L12 (F00386-lm-12) ok=✗
  [11/15] L11 (F00386-lm-11) ok=✗
  [12/15] L10 (F00386-lm-10) ok=✗
  [13/15] L15 (F00386-lm-15) ok=✓ legacy [hint saved]
  [14/15] L13 (F00386-lm-13) ok=✗
  [15/15] L14 (F00386-lm-14) ok=✗
Hints: appended to 2 level(s); 2 hint file(s) changed on disk.
Result: solved=2/15, solvedBeforeFallback=0, fallbackOnly=2, unsolved=13
Wrote logs/family-census/solve-R00386-lm.json
Wrote logs/family-census/solve-R00386-lm-summary.md
portfolio-solve-sweep: corpus=data/families/family-R00386-sym.json levels=7 (7 to solve) scheduler-mode=legacy budget=8000ms node-budget=20000000 workers=4 save-hints=true
  [1/7] L2 (F00386-sym-02) ok=✗
  [2/7] L4 (F00386-sym-04) ok=✗
  [3/7] L1 (F00386-sym-01) ok=✗
  [4/7] L3 (F00386-sym-03) ok=✗
  [5/7] L7 (F00386-sym-07) ok=✗
  [6/7] L5 (F00386-sym-05) ok=✗
  [7/7] L6 (F00386-sym-06) ok=✗
Hints: appended to 0 level(s); 0 hint file(s) changed on disk.
Result: solved=0/7, solvedBeforeFallback=0, fallbackOnly=0, unsolved=7
Wrote logs/family-census/solve-R00386-sym.json
Wrote logs/family-census/solve-R00386-sym-summary.md
[23:25:52] DONE R00386
[23:25:52] START R00556
Parent R00556: witness stressMeta.witnessSolution (len 105, 0 jump(s)), 52 movable object instance(s) under strict inventory.
  attempt 1: accepted F00556-lm-01 — moved lamppost (8,8) -> (0,6)
  attempt 2: accepted F00556-lm-02 — moved fountain (10,11) -> (0,3)
  attempt 3: accepted F00556-lm-03 — moved statue (4,7) -> (10,2)
  attempt 4: accepted F00556-lm-04 — moved library (7,0) -> (10,2)
  attempt 5: accepted F00556-lm-05 — moved blocks (10,4) -> (10,3)
  attempt 6: accepted F00556-lm-06 — moved blocks (1,6) -> (10,2)
  attempt 7: accepted F00556-lm-07 — moved mustCross (6,9) -> (2,4)
  attempt 8: accepted F00556-lm-08 — moved blocks (11,10) -> (0,3)
  attempt 9: accepted F00556-lm-09 — moved falseGoals (0,11) -> (2,1)
  attempt 10: accepted F00556-lm-10 — moved blocks (0,0) -> (1,9)
  attempt 11: accepted F00556-lm-11 — moved fountain (10,11) -> (2,10)
  attempt 12: accepted F00556-lm-12 — moved blocks (0,2) -> (1,9)
  attempt 13: accepted F00556-lm-13 — moved mustCross (9,5) -> (4,5)
  attempt 14: accepted F00556-lm-14 — moved library (6,5) -> (10,3)
  attempt 15: accepted F00556-lm-15 — moved park (0,5) -> (2,10)

15/15 new local-mutant sibling(s) generated for R00556 in 15 attempt(s) (budget 600); 15 total in data/families/family-R00556-lm.json.
Wrote 15 level(s) total to data/families/family-R00556-lm.json (changed=true), 15 hint file(s) written to data/families/hints/.
Wrote family manifest to data/families/family-R00556-lm-manifest.json (15 variant(s) total).
Parent R00556: witness stressMeta.witnessSolution (len 105, 0 jump(s)), 52 movable object instance(s) under strict inventory.
  variant 1 (rotation): accepted F00556-sym-01
  variant 2 (rotation): accepted F00556-sym-02
  variant 3 (rotation): accepted F00556-sym-03
  variant 4 (reflection): accepted F00556-sym-04
  variant 5 (reflection): accepted F00556-sym-05
  variant 6 (reflection): accepted F00556-sym-06
  variant 7 (reflection): accepted F00556-sym-07

7/7 new symmetry sibling(s) generated for R00556 in 7 attempt(s) (budget 7); 7 total in data/families/family-R00556-sym.json.
Wrote 7 level(s) total to data/families/family-R00556-sym.json (changed=true), 7 hint file(s) written to data/families/hints/.
Wrote family manifest to data/families/family-R00556-sym-manifest.json (7 variant(s) total).
portfolio-solve-sweep: corpus=data/families/family-R00556-lm.json levels=15 (15 to solve) scheduler-mode=legacy budget=8000ms node-budget=20000000 workers=4 save-hints=true
  [1/15] L3 (F00556-lm-03) ok=✓ legacy [hint saved]
  [2/15] L4 (F00556-lm-04) ok=✗
  [3/15] L1 (F00556-lm-01) ok=✓ legacy [hint saved]
  [4/15] L2 (F00556-lm-02) ok=✗
  [5/15] L5 (F00556-lm-05) ok=✗
  [6/15] L7 (F00556-lm-07) ok=✗
  [7/15] L6 (F00556-lm-06) ok=✗
  [8/15] L8 (F00556-lm-08) ok=✗
  [9/15] L9 (F00556-lm-09) ok=✗
  [10/15] L10 (F00556-lm-10) ok=✗
  [11/15] L11 (F00556-lm-11) ok=✗
  [12/15] L12 (F00556-lm-12) ok=✗
  [13/15] L13 (F00556-lm-13) ok=✗
  [14/15] L14 (F00556-lm-14) ok=✗
  [15/15] L15 (F00556-lm-15) ok=✗
Hints: appended to 2 level(s); 2 hint file(s) changed on disk.
Result: solved=2/15, solvedBeforeFallback=0, fallbackOnly=2, unsolved=13
Wrote logs/family-census/solve-R00556-lm.json
Wrote logs/family-census/solve-R00556-lm-summary.md
portfolio-solve-sweep: corpus=data/families/family-R00556-sym.json levels=7 (7 to solve) scheduler-mode=legacy budget=8000ms node-budget=20000000 workers=4 save-hints=true
  [1/7] L4 (F00556-sym-04) ok=✗
  [2/7] L2 (F00556-sym-02) ok=✗
  [3/7] L1 (F00556-sym-01) ok=✗
  [4/7] L3 (F00556-sym-03) ok=✗
  [5/7] L5 (F00556-sym-05) ok=✗
  [6/7] L6 (F00556-sym-06) ok=✗
  [7/7] L7 (F00556-sym-07) ok=✗
Hints: appended to 0 level(s); 0 hint file(s) changed on disk.
Result: solved=0/7, solvedBeforeFallback=0, fallbackOnly=0, unsolved=7
Wrote logs/family-census/solve-R00556-sym.json
Wrote logs/family-census/solve-R00556-sym-summary.md
[23:29:16] DONE R00556
[23:29:16] START R00702
Parent R00702: witness stressMeta.witnessSolution (len 80, 7 jump(s)), 50 movable object instance(s) under strict inventory.
  attempt 1: accepted F00702-lm-01 — moved blocks (4,3) -> (3,9)
  attempt 2: accepted F00702-lm-02 — moved blocks (1,8) -> (11,8)
  attempt 3: accepted F00702-lm-03 — moved flippingFilters (11,5) -> (1,6)
  attempt 4: accepted F00702-lm-04 — moved mustPass (3,7) -> (9,1)
  attempt 5: accepted F00702-lm-05 — moved mustPass (3,7) -> (5,1)
  attempt 6: accepted F00702-lm-06 — moved market (4,7) -> (7,5)
  attempt 7: accepted F00702-lm-07 — moved market (4,7) -> (2,7)
  attempt 8: accepted F00702-lm-08 — moved flippingFilters (11,4) -> (11,8)
  attempt 9: accepted F00702-lm-09 — moved flippingFilters (11,0) -> (9,2)
  attempt 10: accepted F00702-lm-10 — moved fountain (8,2) -> (11,2)
  attempt 11: accepted F00702-lm-11 — moved blocks (10,9) -> (2,7)
  attempt 12: accepted F00702-lm-12 — moved mustPass (8,0) -> (0,6)
  attempt 13: accepted F00702-lm-13 — moved market (9,9) -> (1,4)
  attempt 14: accepted F00702-lm-14 — moved falseGoals (6,11) -> (3,0)
  attempt 15: accepted F00702-lm-15 — moved blocks (10,1) -> (3,9)

15/15 new local-mutant sibling(s) generated for R00702 in 15 attempt(s) (budget 600); 15 total in data/families/family-R00702-lm.json.
Wrote 15 level(s) total to data/families/family-R00702-lm.json (changed=true), 15 hint file(s) written to data/families/hints/.
Wrote family manifest to data/families/family-R00702-lm-manifest.json (15 variant(s) total).
Parent R00702: witness stressMeta.witnessSolution (len 80, 7 jump(s)), 50 movable object instance(s) under strict inventory.
  variant 1 (rotation): accepted F00702-sym-01
  variant 2 (rotation): accepted F00702-sym-02
  variant 3 (rotation): accepted F00702-sym-03
  variant 4 (reflection): accepted F00702-sym-04
  variant 5 (reflection): accepted F00702-sym-05
  variant 6 (reflection): accepted F00702-sym-06
  variant 7 (reflection): accepted F00702-sym-07

7/7 new symmetry sibling(s) generated for R00702 in 7 attempt(s) (budget 7); 7 total in data/families/family-R00702-sym.json.
Wrote 7 level(s) total to data/families/family-R00702-sym.json (changed=true), 7 hint file(s) written to data/families/hints/.
Wrote family manifest to data/families/family-R00702-sym-manifest.json (7 variant(s) total).
portfolio-solve-sweep: corpus=data/families/family-R00702-lm.json levels=15 (15 to solve) scheduler-mode=legacy budget=8000ms node-budget=20000000 workers=4 save-hints=true
  [1/15] L2 (F00702-lm-02) ok=✗
  [2/15] L4 (F00702-lm-04) ok=✗
  [3/15] L1 (F00702-lm-01) ok=✗
  [4/15] L3 (F00702-lm-03) ok=✗
  [5/15] L7 (F00702-lm-07) ok=✗
  [6/15] L6 (F00702-lm-06) ok=✗
  [7/15] L5 (F00702-lm-05) ok=✗
  [8/15] L8 (F00702-lm-08) ok=✗
  [9/15] L10 (F00702-lm-10) ok=✓ legacy [hint saved]
  [10/15] L9 (F00702-lm-09) ok=✗
  [11/15] L11 (F00702-lm-11) ok=✗
  [12/15] L12 (F00702-lm-12) ok=✗
  [13/15] L13 (F00702-lm-13) ok=✗
  [14/15] L15 (F00702-lm-15) ok=✓ legacy [hint saved]
  [15/15] L14 (F00702-lm-14) ok=✗
Hints: appended to 2 level(s); 2 hint file(s) changed on disk.
Result: solved=2/15, solvedBeforeFallback=0, fallbackOnly=2, unsolved=13
Wrote logs/family-census/solve-R00702-lm.json
Wrote logs/family-census/solve-R00702-lm-summary.md
portfolio-solve-sweep: corpus=data/families/family-R00702-sym.json levels=7 (7 to solve) scheduler-mode=legacy budget=8000ms node-budget=20000000 workers=4 save-hints=true
  [1/7] L1 (F00702-sym-01) ok=✗
  [2/7] L3 (F00702-sym-03) ok=✗
  [3/7] L4 (F00702-sym-04) ok=✗
  [4/7] L2 (F00702-sym-02) ok=✗
  [5/7] L7 (F00702-sym-07) ok=✓ legacy [hint saved]
  [6/7] L6 (F00702-sym-06) ok=✗
  [7/7] L5 (F00702-sym-05) ok=✗
Hints: appended to 1 level(s); 1 hint file(s) changed on disk.
Result: solved=1/7, solvedBeforeFallback=0, fallbackOnly=1, unsolved=6
Wrote logs/family-census/solve-R00702-sym.json
Wrote logs/family-census/solve-R00702-sym-summary.md
[23:31:44] DONE R00702
[23:31:44] START R00886
Parent R00886: witness stressMeta.witnessSolution (len 77, 0 jump(s)), 46 movable object instance(s) under strict inventory.
  attempt 1: accepted F00886-lm-01 — moved flippingFilters (3,2) -> (8,11)
  attempt 2: accepted F00886-lm-02 — moved geese (11,11) -> (1,9)
  attempt 3: accepted F00886-lm-03 — moved falseGoals (10,11) -> (6,9)
  attempt 4: accepted F00886-lm-04 — moved mustPass (11,9) -> (9,8)
  attempt 5: accepted F00886-lm-05 — moved flippingFilters (3,2) -> (8,0)
  attempt 6: accepted F00886-lm-06 — moved falseGoals (10,0) -> (9,0)
  attempt 7: accepted F00886-lm-07 — moved geese (1,0) -> (7,9)
  attempt 8: accepted F00886-lm-08 — moved fountain (2,10) -> (4,4)
  attempt 9: accepted F00886-lm-09 — moved falseGoals (0,0) -> (8,11)
  attempt 10: accepted F00886-lm-10 — moved geese (7,0) -> (0,10)
  attempt 11: accepted F00886-lm-11 — moved geese (1,0) -> (0,11)
  attempt 12: accepted F00886-lm-12 — moved geese (2,8) -> (0,2)
  attempt 13: accepted F00886-lm-13 — moved library (8,6) -> (7,7)
  attempt 14: accepted F00886-lm-14 — moved lamppost (9,9) -> (3,4)
  attempt 15: accepted F00886-lm-15 — moved library (7,8) -> (3,7)

15/15 new local-mutant sibling(s) generated for R00886 in 15 attempt(s) (budget 600); 15 total in data/families/family-R00886-lm.json.
Wrote 15 level(s) total to data/families/family-R00886-lm.json (changed=true), 15 hint file(s) written to data/families/hints/.
Wrote family manifest to data/families/family-R00886-lm-manifest.json (15 variant(s) total).
Parent R00886: witness stressMeta.witnessSolution (len 77, 0 jump(s)), 46 movable object instance(s) under strict inventory.
  variant 1 (rotation): accepted F00886-sym-01
  variant 2 (rotation): accepted F00886-sym-02
  variant 3 (rotation): accepted F00886-sym-03
  variant 4 (reflection): accepted F00886-sym-04
  variant 5 (reflection): accepted F00886-sym-05
  variant 6 (reflection): accepted F00886-sym-06
  variant 7 (reflection): accepted F00886-sym-07

7/7 new symmetry sibling(s) generated for R00886 in 7 attempt(s) (budget 7); 7 total in data/families/family-R00886-sym.json.
Wrote 7 level(s) total to data/families/family-R00886-sym.json (changed=true), 7 hint file(s) written to data/families/hints/.
Wrote family manifest to data/families/family-R00886-sym-manifest.json (7 variant(s) total).
portfolio-solve-sweep: corpus=data/families/family-R00886-lm.json levels=15 (15 to solve) scheduler-mode=legacy budget=8000ms node-budget=20000000 workers=4 save-hints=true
  [1/15] L4 (F00886-lm-04) ok=✗
  [2/15] L2 (F00886-lm-02) ok=✗
  [3/15] L1 (F00886-lm-01) ok=✗
  [4/15] L3 (F00886-lm-03) ok=✗
  [5/15] L5 (F00886-lm-05) ok=✗
  [6/15] L6 (F00886-lm-06) ok=✗
  [7/15] L7 (F00886-lm-07) ok=✗
  [8/15] L8 (F00886-lm-08) ok=✗
  [9/15] L9 (F00886-lm-09) ok=✗
  [10/15] L10 (F00886-lm-10) ok=✗
  [11/15] L11 (F00886-lm-11) ok=✗
  [12/15] L12 (F00886-lm-12) ok=✗
  [13/15] L13 (F00886-lm-13) ok=✗
  [14/15] L15 (F00886-lm-15) ok=✗
  [15/15] L14 (F00886-lm-14) ok=✗
Hints: appended to 0 level(s); 0 hint file(s) changed on disk.
Result: solved=0/15, solvedBeforeFallback=0, fallbackOnly=0, unsolved=15
Wrote logs/family-census/solve-R00886-lm.json
Wrote logs/family-census/solve-R00886-lm-summary.md
portfolio-solve-sweep: corpus=data/families/family-R00886-sym.json levels=7 (7 to solve) scheduler-mode=legacy budget=8000ms node-budget=20000000 workers=4 save-hints=true
  [1/7] L3 (F00886-sym-03) ok=✗
  [2/7] L4 (F00886-sym-04) ok=✗
  [3/7] L2 (F00886-sym-02) ok=✗
  [4/7] L1 (F00886-sym-01) ok=✗
  [5/7] L6 (F00886-sym-06) ok=✗
  [6/7] L5 (F00886-sym-05) ok=✗
  [7/7] L7 (F00886-sym-07) ok=✗
Hints: appended to 0 level(s); 0 hint file(s) changed on disk.
Result: solved=0/7, solvedBeforeFallback=0, fallbackOnly=0, unsolved=7
Wrote logs/family-census/solve-R00886-sym.json
Wrote logs/family-census/solve-R00886-sym-summary.md
[23:36:46] DONE R00886
[23:36:46] START R01097
Parent R01097: witness stressMeta.witnessSolution (len 117, 4 jump(s)), 66 movable object instance(s) under strict inventory.
  attempt 1: accepted F01097-lm-01 — moved blocks (10,8) -> (4,0)
  attempt 2: accepted F01097-lm-02 — moved blocks (2,1) -> (12,9)
  attempt 3: accepted F01097-lm-03 — moved fountain (7,0) -> (0,5)
  attempt 4: accepted F01097-lm-04 — moved market (1,7) -> (7,11)
  attempt 5: accepted F01097-lm-05 — moved blocks (6,11) -> (2,13)
  attempt 6: accepted F01097-lm-06 — moved park (5,5) -> (2,5)
  attempt 7: accepted F01097-lm-07 — moved blocks (3,13) -> (5,10)
  attempt 8: accepted F01097-lm-08 — moved flippingFilters (7,2) -> (8,9)
  attempt 9: accepted F01097-lm-09 — moved blocks (0,13) -> (12,11)
  attempt 10: accepted F01097-lm-10 — moved blocks (10,8) -> (1,4)
  attempt 11: accepted F01097-lm-11 — moved statue (0,11) -> (5,9)
  attempt 12: accepted F01097-lm-12 — moved flippingFilters (0,6) -> (8,2)
  attempt 13: accepted F01097-lm-13 — moved blocks (4,12) -> (11,12)
  attempt 14: accepted F01097-lm-14 — moved park (10,10) -> (12,3)
  attempt 15: accepted F01097-lm-15 — moved blocks (7,12) -> (1,8)

15/15 new local-mutant sibling(s) generated for R01097 in 15 attempt(s) (budget 600); 15 total in data/families/family-R01097-lm.json.
Wrote 15 level(s) total to data/families/family-R01097-lm.json (changed=true), 15 hint file(s) written to data/families/hints/.
Wrote family manifest to data/families/family-R01097-lm-manifest.json (15 variant(s) total).
Parent R01097: witness stressMeta.witnessSolution (len 117, 4 jump(s)), 66 movable object instance(s) under strict inventory.
  variant 1 (rotation): accepted F01097-sym-01
  variant 2 (rotation): accepted F01097-sym-02
  variant 3 (rotation): accepted F01097-sym-03
  variant 4 (reflection): accepted F01097-sym-04
  variant 5 (reflection): accepted F01097-sym-05
  variant 6 (reflection): accepted F01097-sym-06
  variant 7 (reflection): accepted F01097-sym-07

7/7 new symmetry sibling(s) generated for R01097 in 7 attempt(s) (budget 7); 7 total in data/families/family-R01097-sym.json.
Wrote 7 level(s) total to data/families/family-R01097-sym.json (changed=true), 7 hint file(s) written to data/families/hints/.
Wrote family manifest to data/families/family-R01097-sym-manifest.json (7 variant(s) total).
portfolio-solve-sweep: corpus=data/families/family-R01097-lm.json levels=15 (15 to solve) scheduler-mode=legacy budget=8000ms node-budget=20000000 workers=4 save-hints=true
  [1/15] L1 (F01097-lm-01) ok=✗
  [2/15] L3 (F01097-lm-03) ok=✗
  [3/15] L4 (F01097-lm-04) ok=✗
  [4/15] L2 (F01097-lm-02) ok=✗
  [5/15] L5 (F01097-lm-05) ok=✗
  [6/15] L6 (F01097-lm-06) ok=✗
  [7/15] L7 (F01097-lm-07) ok=✗
  [8/15] L8 (F01097-lm-08) ok=✗
  [9/15] L9 (F01097-lm-09) ok=✗
  [10/15] L10 (F01097-lm-10) ok=✗
  [11/15] L12 (F01097-lm-12) ok=✗
  [12/15] L11 (F01097-lm-11) ok=✗
  [13/15] L15 (F01097-lm-15) ok=✗
  [14/15] L13 (F01097-lm-13) ok=✗
  [15/15] L14 (F01097-lm-14) ok=✗
Hints: appended to 0 level(s); 0 hint file(s) changed on disk.
Result: solved=0/15, solvedBeforeFallback=0, fallbackOnly=0, unsolved=15
Wrote logs/family-census/solve-R01097-lm.json
Wrote logs/family-census/solve-R01097-lm-summary.md
portfolio-solve-sweep: corpus=data/families/family-R01097-sym.json levels=7 (7 to solve) scheduler-mode=legacy budget=8000ms node-budget=20000000 workers=4 save-hints=true
  [1/7] L4 (F01097-sym-04) ok=✗
  [2/7] L2 (F01097-sym-02) ok=✗
  [3/7] L3 (F01097-sym-03) ok=✗
  [4/7] L1 (F01097-sym-01) ok=✗
  [5/7] L7 (F01097-sym-07) ok=✗
  [6/7] L6 (F01097-sym-06) ok=✗
  [7/7] L5 (F01097-sym-05) ok=✗
Hints: appended to 0 level(s); 0 hint file(s) changed on disk.
Result: solved=0/7, solvedBeforeFallback=0, fallbackOnly=0, unsolved=7
Wrote logs/family-census/solve-R01097-sym.json
Wrote logs/family-census/solve-R01097-sym-summary.md
[23:43:14] DONE R01097
[23:43:14] START R01325
Parent R01325: witness hint[0] (len 103, 6 jump(s)), 51 movable object instance(s) under strict inventory.
  attempt 1: accepted F01325-lm-01 — moved library (12,5) -> (0,6)
  attempt 2: accepted F01325-lm-02 — moved blocks (4,2) -> (8,4)
  attempt 3: accepted F01325-lm-03 — moved flippingFilters (0,0) -> (11,8)
  attempt 4: accepted F01325-lm-04 — moved blocks (3,3) -> (7,3)
  attempt 5: accepted F01325-lm-05 — moved lamppost (1,3) -> (9,3)
  attempt 6: accepted F01325-lm-06 — moved blocks (3,9) -> (0,2)
  attempt 7: accepted F01325-lm-07 — moved blocks (9,12) -> (9,3)
  attempt 8: accepted F01325-lm-08 — moved blocks (6,10) -> (8,3)
  attempt 9: accepted F01325-lm-09 — moved blocks (6,3) -> (5,1)
  attempt 10: accepted F01325-lm-10 — moved flippingFilters (12,7) -> (7,5)
  attempt 11: accepted F01325-lm-11 — moved blocks (8,11) -> (5,2)
  attempt 12: accepted F01325-lm-12 — moved blocks (10,12) -> (5,1)
  attempt 13: accepted F01325-lm-13 — moved blocks (0,5) -> (8,4)
  attempt 14: accepted F01325-lm-14 — moved blocks (5,4) -> (0,2)
  attempt 15: accepted F01325-lm-15 — moved blocks (2,4) -> (0,6)

15/15 new local-mutant sibling(s) generated for R01325 in 15 attempt(s) (budget 600); 15 total in data/families/family-R01325-lm.json.
Wrote 15 level(s) total to data/families/family-R01325-lm.json (changed=true), 15 hint file(s) written to data/families/hints/.
Wrote family manifest to data/families/family-R01325-lm-manifest.json (15 variant(s) total).
Parent R01325: witness hint[0] (len 103, 6 jump(s)), 51 movable object instance(s) under strict inventory.
  variant 1 (rotation): accepted F01325-sym-01
  variant 2 (rotation): accepted F01325-sym-02
  variant 3 (rotation): accepted F01325-sym-03
  variant 4 (reflection): accepted F01325-sym-04
  variant 5 (reflection): accepted F01325-sym-05
  variant 6 (reflection): accepted F01325-sym-06
  variant 7 (reflection): accepted F01325-sym-07

7/7 new symmetry sibling(s) generated for R01325 in 7 attempt(s) (budget 7); 7 total in data/families/family-R01325-sym.json.
Wrote 7 level(s) total to data/families/family-R01325-sym.json (changed=true), 7 hint file(s) written to data/families/hints/.
Wrote family manifest to data/families/family-R01325-sym-manifest.json (7 variant(s) total).
portfolio-solve-sweep: corpus=data/families/family-R01325-lm.json levels=15 (15 to solve) scheduler-mode=legacy budget=8000ms node-budget=20000000 workers=4 save-hints=true
  [1/15] L1 (F01325-lm-01) ok=✓ legacy [hint saved]
  [2/15] L3 (F01325-lm-03) ok=✗
  [3/15] L2 (F01325-lm-02) ok=✗
  [4/15] L4 (F01325-lm-04) ok=✗
  [5/15] L5 (F01325-lm-05) ok=✗
  [6/15] L8 (F01325-lm-08) ok=✓ legacy [hint saved]
  [7/15] L9 (F01325-lm-09) ok=✓ legacy [hint saved]
  [8/15] L6 (F01325-lm-06) ok=✗
  [9/15] L7 (F01325-lm-07) ok=✗
  [10/15] L10 (F01325-lm-10) ok=✗
  [11/15] L11 (F01325-lm-11) ok=✗
  [12/15] L12 (F01325-lm-12) ok=✗
  [13/15] L13 (F01325-lm-13) ok=✗
  [14/15] L14 (F01325-lm-14) ok=✗
  [15/15] L15 (F01325-lm-15) ok=✗
Hints: appended to 3 level(s); 3 hint file(s) changed on disk.
Result: solved=3/15, solvedBeforeFallback=0, fallbackOnly=3, unsolved=12
Wrote logs/family-census/solve-R01325-lm.json
Wrote logs/family-census/solve-R01325-lm-summary.md
portfolio-solve-sweep: corpus=data/families/family-R01325-sym.json levels=7 (7 to solve) scheduler-mode=legacy budget=8000ms node-budget=20000000 workers=4 save-hints=true
  [1/7] L4 (F01325-sym-04) ok=✗
  [2/7] L2 (F01325-sym-02) ok=✗
  [3/7] L1 (F01325-sym-01) ok=✗
  [4/7] L3 (F01325-sym-03) ok=✗
  [5/7] L7 (F01325-sym-07) ok=✗
  [6/7] L6 (F01325-sym-06) ok=✗
  [7/7] L5 (F01325-sym-05) ok=✗
Hints: appended to 0 level(s); 0 hint file(s) changed on disk.
Result: solved=0/7, solvedBeforeFallback=0, fallbackOnly=0, unsolved=7
Wrote logs/family-census/solve-R01325-sym.json
Wrote logs/family-census/solve-R01325-sym-summary.md
[23:45:02] DONE R01325
[23:45:02] START R01467
Parent R01467: witness stressMeta.witnessSolution (len 101, 0 jump(s)), 66 movable object instance(s) under strict inventory.
  attempt 1: accepted F01467-lm-01 — moved blocks (2,1) -> (1,13)
  attempt 2: accepted F01467-lm-02 — moved flippingFilters (10,13) -> (12,2)
  attempt 3: accepted F01467-lm-03 — moved blocks (2,4) -> (7,8)
  attempt 4: accepted F01467-lm-04 — moved falseGoals (12,1) -> (1,5)
  attempt 5: accepted F01467-lm-05 — moved blocks (6,8) -> (8,1)
  attempt 6: accepted F01467-lm-06 — moved mustCross (11,6) -> (6,12)
  attempt 7: accepted F01467-lm-07 — moved park (12,13) -> (13,12)
  attempt 8: accepted F01467-lm-08 — moved blocks (4,1) -> (12,0)
  attempt 9: accepted F01467-lm-09 — moved blocks (4,5) -> (0,2)
  attempt 10: accepted F01467-lm-10 — moved blocks (8,13) -> (12,9)
  attempt 11: accepted F01467-lm-11 — moved blocks (1,3) -> (0,6)
  attempt 12: accepted F01467-lm-12 — moved blocks (4,1) -> (7,3)
  attempt 13: accepted F01467-lm-13 — moved statue (13,3) -> (4,13)
  attempt 14: accepted F01467-lm-14 — moved blocks (7,9) -> (9,13)
  attempt 15: accepted F01467-lm-15 — moved mustCross (3,10) -> (5,11)

15/15 new local-mutant sibling(s) generated for R01467 in 15 attempt(s) (budget 600); 15 total in data/families/family-R01467-lm.json.
Wrote 15 level(s) total to data/families/family-R01467-lm.json (changed=true), 15 hint file(s) written to data/families/hints/.
Wrote family manifest to data/families/family-R01467-lm-manifest.json (15 variant(s) total).
Parent R01467: witness stressMeta.witnessSolution (len 101, 0 jump(s)), 66 movable object instance(s) under strict inventory.
  variant 1 (rotation): accepted F01467-sym-01
  variant 2 (rotation): accepted F01467-sym-02
  variant 3 (rotation): accepted F01467-sym-03
  variant 4 (reflection): accepted F01467-sym-04
  variant 5 (reflection): accepted F01467-sym-05
  variant 6 (reflection): accepted F01467-sym-06
  variant 7 (reflection): accepted F01467-sym-07

7/7 new symmetry sibling(s) generated for R01467 in 7 attempt(s) (budget 7); 7 total in data/families/family-R01467-sym.json.
Wrote 7 level(s) total to data/families/family-R01467-sym.json (changed=true), 7 hint file(s) written to data/families/hints/.
Wrote family manifest to data/families/family-R01467-sym-manifest.json (7 variant(s) total).
portfolio-solve-sweep: corpus=data/families/family-R01467-lm.json levels=15 (15 to solve) scheduler-mode=legacy budget=8000ms node-budget=20000000 workers=4 save-hints=true
  [1/15] L3 (F01467-lm-03) ok=✗
  [2/15] L1 (F01467-lm-01) ok=✗
  [3/15] L2 (F01467-lm-02) ok=✗
  [4/15] L4 (F01467-lm-04) ok=✗
  [5/15] L5 (F01467-lm-05) ok=✗
  [6/15] L7 (F01467-lm-07) ok=✗
  [7/15] L6 (F01467-lm-06) ok=✗
  [8/15] L8 (F01467-lm-08) ok=✗
  [9/15] L9 (F01467-lm-09) ok=✗
  [10/15] L11 (F01467-lm-11) ok=✗
  [11/15] L10 (F01467-lm-10) ok=✗
  [12/15] L12 (F01467-lm-12) ok=✗
  [13/15] L13 (F01467-lm-13) ok=✗
  [14/15] L15 (F01467-lm-15) ok=✗
  [15/15] L14 (F01467-lm-14) ok=✗
Hints: appended to 0 level(s); 0 hint file(s) changed on disk.
Result: solved=0/15, solvedBeforeFallback=0, fallbackOnly=0, unsolved=15
Wrote logs/family-census/solve-R01467-lm.json
Wrote logs/family-census/solve-R01467-lm-summary.md
portfolio-solve-sweep: corpus=data/families/family-R01467-sym.json levels=7 (7 to solve) scheduler-mode=legacy budget=8000ms node-budget=20000000 workers=4 save-hints=true
  [1/7] L1 (F01467-sym-01) ok=✓ legacy [hint saved]
  [2/7] L4 (F01467-sym-04) ok=✗
  [3/7] L3 (F01467-sym-03) ok=✗
  [4/7] L2 (F01467-sym-02) ok=✗
  [5/7] L5 (F01467-sym-05) ok=✗
  [6/7] L6 (F01467-sym-06) ok=✗
  [7/7] L7 (F01467-sym-07) ok=✗
Hints: appended to 1 level(s); 1 hint file(s) changed on disk.
Result: solved=1/7, solvedBeforeFallback=0, fallbackOnly=1, unsolved=6
Wrote logs/family-census/solve-R01467-sym.json
Wrote logs/family-census/solve-R01467-sym-summary.md
[23:49:47] DONE R01467
[23:49:47] START R01632
Parent R01632: witness stressMeta.witnessSolution (len 119, 7 jump(s)), 38 movable object instance(s) under strict inventory.
  attempt 1: accepted F01632-lm-01 — moved blocks (2,3) -> (10,8)
  attempt 2: accepted F01632-lm-02 — moved blocks (11,3) -> (12,4)
  attempt 3: accepted F01632-lm-03 — moved falseGoals (6,14) -> (10,5)
  attempt 4: accepted F01632-lm-04 — moved falseGoals (0,8) -> (0,14)
  attempt 5: accepted F01632-lm-05 — moved park (14,8) -> (10,6)
  attempt 6: accepted F01632-lm-06 — moved blocks (2,3) -> (14,2)
  attempt 7: accepted F01632-lm-07 — moved blocks (6,3) -> (12,5)
  attempt 8: accepted F01632-lm-08 — moved library (8,0) -> (2,14)
  attempt 9: accepted F01632-lm-09 — moved library (9,13) -> (9,3)
  attempt 10: accepted F01632-lm-10 — moved falseGoals (0,8) -> (7,14)
  attempt 11: accepted F01632-lm-11 — moved library (9,8) -> (13,4)
  attempt 12: accepted F01632-lm-12 — moved park (14,6) -> (4,10)
  attempt 13: accepted F01632-lm-13 — moved falseGoals (6,9) -> (7,1)
  attempt 14: accepted F01632-lm-14 — moved blocks (10,7) -> (0,5)
  attempt 15: accepted F01632-lm-15 — moved lamppost (5,0) -> (3,3)

15/15 new local-mutant sibling(s) generated for R01632 in 15 attempt(s) (budget 600); 15 total in data/families/family-R01632-lm.json.
Wrote 15 level(s) total to data/families/family-R01632-lm.json (changed=true), 15 hint file(s) written to data/families/hints/.
Wrote family manifest to data/families/family-R01632-lm-manifest.json (15 variant(s) total).
Parent R01632: witness stressMeta.witnessSolution (len 119, 7 jump(s)), 38 movable object instance(s) under strict inventory.
  variant 1 (rotation): accepted F01632-sym-01
  variant 2 (rotation): accepted F01632-sym-02
  variant 3 (rotation): accepted F01632-sym-03
  variant 4 (reflection): accepted F01632-sym-04
  variant 5 (reflection): accepted F01632-sym-05
  variant 6 (reflection): accepted F01632-sym-06
  variant 7 (reflection): accepted F01632-sym-07

7/7 new symmetry sibling(s) generated for R01632 in 7 attempt(s) (budget 7); 7 total in data/families/family-R01632-sym.json.
Wrote 7 level(s) total to data/families/family-R01632-sym.json (changed=true), 7 hint file(s) written to data/families/hints/.
Wrote family manifest to data/families/family-R01632-sym-manifest.json (7 variant(s) total).
portfolio-solve-sweep: corpus=data/families/family-R01632-lm.json levels=15 (15 to solve) scheduler-mode=legacy budget=8000ms node-budget=20000000 workers=4 save-hints=true
  [1/15] L1 (F01632-lm-01) ok=✗
  [2/15] L3 (F01632-lm-03) ok=✗
  [3/15] L2 (F01632-lm-02) ok=✗
  [4/15] L4 (F01632-lm-04) ok=✗
  [5/15] L7 (F01632-lm-07) ok=✓ legacy [hint saved]
  [6/15] L5 (F01632-lm-05) ok=✗
  [7/15] L6 (F01632-lm-06) ok=✗
  [8/15] L8 (F01632-lm-08) ok=✗
  [9/15] L9 (F01632-lm-09) ok=✓ legacy [hint saved]
  [10/15] L10 (F01632-lm-10) ok=✗
  [11/15] L11 (F01632-lm-11) ok=✗
  [12/15] L12 (F01632-lm-12) ok=✗
  [13/15] L13 (F01632-lm-13) ok=✗
  [14/15] L15 (F01632-lm-15) ok=✗
  [15/15] L14 (F01632-lm-14) ok=✗
Hints: appended to 2 level(s); 2 hint file(s) changed on disk.
Result: solved=2/15, solvedBeforeFallback=0, fallbackOnly=2, unsolved=13
Wrote logs/family-census/solve-R01632-lm.json
Wrote logs/family-census/solve-R01632-lm-summary.md
portfolio-solve-sweep: corpus=data/families/family-R01632-sym.json levels=7 (7 to solve) scheduler-mode=legacy budget=8000ms node-budget=20000000 workers=4 save-hints=true
  [1/7] L3 (F01632-sym-03) ok=✗
  [2/7] L4 (F01632-sym-04) ok=✗
  [3/7] L2 (F01632-sym-02) ok=✗
  [4/7] L1 (F01632-sym-01) ok=✗
  [5/7] L5 (F01632-sym-05) ok=✗
  [6/7] L7 (F01632-sym-07) ok=✗
  [7/7] L6 (F01632-sym-06) ok=✗
Hints: appended to 0 level(s); 0 hint file(s) changed on disk.
Result: solved=0/7, solvedBeforeFallback=0, fallbackOnly=0, unsolved=7
Wrote logs/family-census/solve-R01632-sym.json
Wrote logs/family-census/solve-R01632-sym-summary.md
[23:53:38] DONE R01632
[23:53:38] START R01769
Parent R01769: witness stressMeta.witnessSolution (len 82, 6 jump(s)), 57 movable object instance(s) under strict inventory.
  attempt 1: accepted F01769-lm-01 — moved geese (10,7) -> (6,8)
  attempt 2: accepted F01769-lm-02 — moved falseGoals (1,6) -> (6,9)
  attempt 3: accepted F01769-lm-03 — moved statue (11,9) -> (3,10)
  attempt 4: accepted F01769-lm-04 — moved park (10,5) -> (1,3)
  attempt 5: accepted F01769-lm-05 — moved mustPass (5,0) -> (5,3)
  attempt 6: accepted F01769-lm-06 — moved fountain (7,3) -> (6,9)
  attempt 7: accepted F01769-lm-07 — moved mustPass (4,1) -> (1,0)
  attempt 8: accepted F01769-lm-08 — moved library (9,3) -> (3,9)
  attempt 9: accepted F01769-lm-09 — moved mustPass (2,0) -> (6,3)
  attempt 10: accepted F01769-lm-10 — moved blocks (10,1) -> (6,8)
  attempt 11: accepted F01769-lm-11 — moved blocks (11,1) -> (1,3)
  attempt 12: accepted F01769-lm-12 — moved library (6,2) -> (7,1)
  attempt 13: accepted F01769-lm-13 — moved blocks (7,8) -> (8,4)
  attempt 14: accepted F01769-lm-14 — moved geese (10,7) -> (0,10)
  attempt 15: accepted F01769-lm-15 — moved falseGoals (10,11) -> (2,10)

15/15 new local-mutant sibling(s) generated for R01769 in 15 attempt(s) (budget 600); 15 total in data/families/family-R01769-lm.json.
Wrote 15 level(s) total to data/families/family-R01769-lm.json (changed=true), 15 hint file(s) written to data/families/hints/.
Wrote family manifest to data/families/family-R01769-lm-manifest.json (15 variant(s) total).
Parent R01769: witness stressMeta.witnessSolution (len 82, 6 jump(s)), 57 movable object instance(s) under strict inventory.
  variant 1 (rotation): accepted F01769-sym-01
  variant 2 (rotation): accepted F01769-sym-02
  variant 3 (rotation): accepted F01769-sym-03
  variant 4 (reflection): accepted F01769-sym-04
  variant 5 (reflection): accepted F01769-sym-05
  variant 6 (reflection): accepted F01769-sym-06
  variant 7 (reflection): accepted F01769-sym-07

7/7 new symmetry sibling(s) generated for R01769 in 7 attempt(s) (budget 7); 7 total in data/families/family-R01769-sym.json.
Wrote 7 level(s) total to data/families/family-R01769-sym.json (changed=true), 7 hint file(s) written to data/families/hints/.
Wrote family manifest to data/families/family-R01769-sym-manifest.json (7 variant(s) total).
portfolio-solve-sweep: corpus=data/families/family-R01769-lm.json levels=15 (15 to solve) scheduler-mode=legacy budget=8000ms node-budget=20000000 workers=4 save-hints=true
  [1/15] L4 (F01769-lm-04) ok=✗
  [2/15] L1 (F01769-lm-01) ok=✗
  [3/15] L3 (F01769-lm-03) ok=✗
  [4/15] L2 (F01769-lm-02) ok=✗
  [5/15] L5 (F01769-lm-05) ok=✗
  [6/15] L6 (F01769-lm-06) ok=✗
  [7/15] L7 (F01769-lm-07) ok=✗
  [8/15] L8 (F01769-lm-08) ok=✗
  [9/15] L9 (F01769-lm-09) ok=✗
  [10/15] L11 (F01769-lm-11) ok=✗
  [11/15] L10 (F01769-lm-10) ok=✗
  [12/15] L12 (F01769-lm-12) ok=✗
  [13/15] L14 (F01769-lm-14) ok=✗
  [14/15] L13 (F01769-lm-13) ok=✗
  [15/15] L15 (F01769-lm-15) ok=✗
Hints: appended to 0 level(s); 0 hint file(s) changed on disk.
Result: solved=0/15, solvedBeforeFallback=0, fallbackOnly=0, unsolved=15
Wrote logs/family-census/solve-R01769-lm.json
Wrote logs/family-census/solve-R01769-lm-summary.md
portfolio-solve-sweep: corpus=data/families/family-R01769-sym.json levels=7 (7 to solve) scheduler-mode=legacy budget=8000ms node-budget=20000000 workers=4 save-hints=true
  [1/7] L4 (F01769-sym-04) ok=✓ legacy [hint saved]
  [2/7] L3 (F01769-sym-03) ok=✗
  [3/7] L1 (F01769-sym-01) ok=✗
  [4/7] L2 (F01769-sym-02) ok=✗
  [5/7] L5 (F01769-sym-05) ok=✗
  [6/7] L6 (F01769-sym-06) ok=✗
  [7/7] L7 (F01769-sym-07) ok=✗
Hints: appended to 1 level(s); 1 hint file(s) changed on disk.
Result: solved=1/7, solvedBeforeFallback=0, fallbackOnly=1, unsolved=6
Wrote logs/family-census/solve-R01769-sym.json
Wrote logs/family-census/solve-R01769-sym-summary.md
[23:58:11] DONE R01769
[23:58:11] START R02000
Parent R02000: witness stressMeta.witnessSolution (len 86, 7 jump(s)), 50 movable object instance(s) under strict inventory.
  attempt 1: accepted F02000-lm-01 — moved blocks (8,3) -> (3,5)
  attempt 2: accepted F02000-lm-02 — moved park (5,0) -> (5,9)
  attempt 3: accepted F02000-lm-03 — moved falseGoals (9,5) -> (4,11)
  attempt 4: accepted F02000-lm-04 — moved flippingFilters (0,6) -> (10,6)
  attempt 5: accepted F02000-lm-05 — moved blocks (8,3) -> (7,10)
  attempt 6: accepted F02000-lm-06 — moved blocks (0,0) -> (4,11)
  attempt 7: accepted F02000-lm-07 — moved blocks (1,7) -> (4,11)
  attempt 8: accepted F02000-lm-08 — moved flippingFilters (7,6) -> (2,0)
  attempt 9: accepted F02000-lm-09 — moved blocks (6,10) -> (4,11)
  attempt 10: accepted F02000-lm-10 — moved blocks (7,7) -> (0,1)
  attempt 11: accepted F02000-lm-11 — moved flippingFilters (7,0) -> (1,11)
  attempt 12: accepted F02000-lm-12 — moved blocks (3,10) -> (4,11)
  attempt 13: accepted F02000-lm-13 — moved blocks (0,3) -> (3,5)
  attempt 14: accepted F02000-lm-14 — moved fountain (5,8) -> (3,5)
  attempt 15: accepted F02000-lm-15 — moved blocks (8,3) -> (2,0)

15/15 new local-mutant sibling(s) generated for R02000 in 15 attempt(s) (budget 600); 15 total in data/families/family-R02000-lm.json.
Wrote 15 level(s) total to data/families/family-R02000-lm.json (changed=true), 15 hint file(s) written to data/families/hints/.
Wrote family manifest to data/families/family-R02000-lm-manifest.json (15 variant(s) total).
Parent R02000: witness stressMeta.witnessSolution (len 86, 7 jump(s)), 50 movable object instance(s) under strict inventory.
  variant 1 (rotation): accepted F02000-sym-01
  variant 2 (rotation): accepted F02000-sym-02
  variant 3 (rotation): accepted F02000-sym-03
  variant 4 (reflection): accepted F02000-sym-04
  variant 5 (reflection): accepted F02000-sym-05
  variant 6 (reflection): accepted F02000-sym-06
  variant 7 (reflection): accepted F02000-sym-07

7/7 new symmetry sibling(s) generated for R02000 in 7 attempt(s) (budget 7); 7 total in data/families/family-R02000-sym.json.
Wrote 7 level(s) total to data/families/family-R02000-sym.json (changed=true), 7 hint file(s) written to data/families/hints/.
Wrote family manifest to data/families/family-R02000-sym-manifest.json (7 variant(s) total).
portfolio-solve-sweep: corpus=data/families/family-R02000-lm.json levels=15 (15 to solve) scheduler-mode=legacy budget=8000ms node-budget=20000000 workers=4 save-hints=true
  [1/15] L2 (F02000-lm-02) ok=✗
  [2/15] L3 (F02000-lm-03) ok=✗
  [3/15] L1 (F02000-lm-01) ok=✗
  [4/15] L4 (F02000-lm-04) ok=✗
  [5/15] L6 (F02000-lm-06) ok=✗
  [6/15] L5 (F02000-lm-05) ok=✗
  [7/15] L7 (F02000-lm-07) ok=✗
  [8/15] L8 (F02000-lm-08) ok=✗
  [9/15] L9 (F02000-lm-09) ok=✗
  [10/15] L10 (F02000-lm-10) ok=✗
  [11/15] L11 (F02000-lm-11) ok=✗
  [12/15] L12 (F02000-lm-12) ok=✗
  [13/15] L13 (F02000-lm-13) ok=✗
  [14/15] L14 (F02000-lm-14) ok=✗
  [15/15] L15 (F02000-lm-15) ok=✗
Hints: appended to 0 level(s); 0 hint file(s) changed on disk.
Result: solved=0/15, solvedBeforeFallback=0, fallbackOnly=0, unsolved=15
Wrote logs/family-census/solve-R02000-lm.json
Wrote logs/family-census/solve-R02000-lm-summary.md
portfolio-solve-sweep: corpus=data/families/family-R02000-sym.json levels=7 (7 to solve) scheduler-mode=legacy budget=8000ms node-budget=20000000 workers=4 save-hints=true
  [1/7] L3 (F02000-sym-03) ok=✗
  [2/7] L2 (F02000-sym-02) ok=✗
  [3/7] L1 (F02000-sym-01) ok=✗
  [4/7] L4 (F02000-sym-04) ok=✗
  [5/7] L6 (F02000-sym-06) ok=✗
  [6/7] L5 (F02000-sym-05) ok=✗
  [7/7] L7 (F02000-sym-07) ok=✗
Hints: appended to 0 level(s); 0 hint file(s) changed on disk.
Result: solved=0/7, solvedBeforeFallback=0, fallbackOnly=0, unsolved=7
Wrote logs/family-census/solve-R02000-sym.json
Wrote logs/family-census/solve-R02000-sym-summary.md
[23:59:25] DONE R02000
[23:59:25] START R02039
Parent R02039: witness stressMeta.witnessSolution (len 128, 4 jump(s)), 67 movable object instance(s) under strict inventory.
  attempt 1: accepted F02039-lm-01 — moved library (1,10) -> (5,14)
  attempt 2: accepted F02039-lm-02 — moved mustPass (8,9) -> (9,0)
  attempt 3: accepted F02039-lm-03 — moved mustCross (3,2) -> (1,12)
  attempt 4: accepted F02039-lm-04 — moved blocks (0,3) -> (1,2)
  attempt 5: accepted F02039-lm-05 — moved falseGoals (5,9) -> (5,4)
  attempt 6: accepted F02039-lm-06 — moved blocks (5,1) -> (10,8)
  attempt 7: accepted F02039-lm-07 — moved market (2,0) -> (11,10)
  attempt 8: accepted F02039-lm-08 — moved blocks (0,4) -> (0,5)
  attempt 9: accepted F02039-lm-09 — moved mustCross (12,6) -> (8,8)
  attempt 10: accepted F02039-lm-10 — moved blocks (1,5) -> (0,13)
  attempt 11: accepted F02039-lm-11 — moved blocks (6,14) -> (14,14)
  attempt 12: accepted F02039-lm-12 — moved blocks (11,11) -> (4,1)
  attempt 13: accepted F02039-lm-13 — moved mustCross (7,6) -> (7,7)
  attempt 14: accepted F02039-lm-14 — moved falseGoals (7,0) -> (8,3)
  attempt 15: accepted F02039-lm-15 — moved blocks (0,3) -> (9,4)

15/15 new local-mutant sibling(s) generated for R02039 in 15 attempt(s) (budget 600); 15 total in data/families/family-R02039-lm.json.
Wrote 15 level(s) total to data/families/family-R02039-lm.json (changed=true), 15 hint file(s) written to data/families/hints/.
Wrote family manifest to data/families/family-R02039-lm-manifest.json (15 variant(s) total).
Parent R02039: witness stressMeta.witnessSolution (len 128, 4 jump(s)), 67 movable object instance(s) under strict inventory.
  variant 1 (rotation): accepted F02039-sym-01
  variant 2 (rotation): accepted F02039-sym-02
  variant 3 (rotation): accepted F02039-sym-03
  variant 4 (reflection): accepted F02039-sym-04
  variant 5 (reflection): accepted F02039-sym-05
  variant 6 (reflection): accepted F02039-sym-06
  variant 7 (reflection): accepted F02039-sym-07

7/7 new symmetry sibling(s) generated for R02039 in 7 attempt(s) (budget 7); 7 total in data/families/family-R02039-sym.json.
Wrote 7 level(s) total to data/families/family-R02039-sym.json (changed=true), 7 hint file(s) written to data/families/hints/.
Wrote family manifest to data/families/family-R02039-sym-manifest.json (7 variant(s) total).
portfolio-solve-sweep: corpus=data/families/family-R02039-lm.json levels=15 (15 to solve) scheduler-mode=legacy budget=8000ms node-budget=20000000 workers=4 save-hints=true
  [1/15] L1 (F02039-lm-01) ok=✗
  [2/15] L3 (F02039-lm-03) ok=✗
  [3/15] L2 (F02039-lm-02) ok=✗
  [4/15] L4 (F02039-lm-04) ok=✗
  [5/15] L6 (F02039-lm-06) ok=✗
  [6/15] L5 (F02039-lm-05) ok=✗
  [7/15] L7 (F02039-lm-07) ok=✗
  [8/15] L8 (F02039-lm-08) ok=✗
  [9/15] L9 (F02039-lm-09) ok=✗
  [10/15] L10 (F02039-lm-10) ok=✗
  [11/15] L11 (F02039-lm-11) ok=✗
  [12/15] L12 (F02039-lm-12) ok=✗
  [13/15] L15 (F02039-lm-15) ok=✗
  [14/15] L13 (F02039-lm-13) ok=✗
  [15/15] L14 (F02039-lm-14) ok=✗
Hints: appended to 0 level(s); 0 hint file(s) changed on disk.
Result: solved=0/15, solvedBeforeFallback=0, fallbackOnly=0, unsolved=15
Wrote logs/family-census/solve-R02039-lm.json
Wrote logs/family-census/solve-R02039-lm-summary.md
portfolio-solve-sweep: corpus=data/families/family-R02039-sym.json levels=7 (7 to solve) scheduler-mode=legacy budget=8000ms node-budget=20000000 workers=4 save-hints=true
  [1/7] L1 (F02039-sym-01) ok=✓ legacy [hint saved]
  [2/7] L2 (F02039-sym-02) ok=✗
  [3/7] L4 (F02039-sym-04) ok=✗
  [4/7] L3 (F02039-sym-03) ok=✗
  [5/7] L5 (F02039-sym-05) ok=✗
  [6/7] L7 (F02039-sym-07) ok=✗
  [7/7] L6 (F02039-sym-06) ok=✗
Hints: appended to 1 level(s); 1 hint file(s) changed on disk.
Result: solved=1/7, solvedBeforeFallback=0, fallbackOnly=1, unsolved=6
Wrote logs/family-census/solve-R02039-sym.json
Wrote logs/family-census/solve-R02039-sym-summary.md
[00:03:47] DONE R02039
[00:03:47] START R02080
Parent R02080: witness hint[0] (len 121, 4 jump(s)), 46 movable object instance(s) under strict inventory.
  attempt 1: accepted F02080-lm-01 — moved mustPass (12,13) -> (13,12)
  attempt 2: accepted F02080-lm-02 — moved blocks (6,5) -> (13,4)
  attempt 3: accepted F02080-lm-03 — moved blocks (7,5) -> (4,1)
  attempt 4: accepted F02080-lm-04 — moved blocks (7,10) -> (0,13)
  attempt 5: accepted F02080-lm-05 — moved mustPass (4,6) -> (1,9)
  attempt 6: accepted F02080-lm-06 — moved statue (6,10) -> (12,2)
  attempt 7: accepted F02080-lm-07 — moved falseGoals (12,0) -> (9,9)
  attempt 8: accepted F02080-lm-08 — moved blocks (7,2) -> (8,10)
  attempt 9: accepted F02080-lm-09 — moved blocks (9,10) -> (9,3)
  attempt 10: accepted F02080-lm-10 — moved mustPass (4,10) -> (6,7)
  attempt 11: accepted F02080-lm-11 — moved blocks (5,1) -> (10,2)
  attempt 12: accepted F02080-lm-12 — moved blocks (6,5) -> (11,10)
  attempt 13: accepted F02080-lm-13 — moved blocks (7,2) -> (6,1)
  attempt 14: accepted F02080-lm-14 — moved blocks (7,1) -> (2,4)
  attempt 15: accepted F02080-lm-15 — moved blocks (0,6) -> (9,3)

15/15 new local-mutant sibling(s) generated for R02080 in 15 attempt(s) (budget 600); 15 total in data/families/family-R02080-lm.json.
Wrote 15 level(s) total to data/families/family-R02080-lm.json (changed=true), 15 hint file(s) written to data/families/hints/.
Wrote family manifest to data/families/family-R02080-lm-manifest.json (15 variant(s) total).
Parent R02080: witness hint[0] (len 121, 4 jump(s)), 46 movable object instance(s) under strict inventory.
  variant 1 (rotation): accepted F02080-sym-01
  variant 2 (rotation): accepted F02080-sym-02
  variant 3 (rotation): accepted F02080-sym-03
  variant 4 (reflection): accepted F02080-sym-04
  variant 5 (reflection): accepted F02080-sym-05
  variant 6 (reflection): accepted F02080-sym-06
  variant 7 (reflection): accepted F02080-sym-07

7/7 new symmetry sibling(s) generated for R02080 in 7 attempt(s) (budget 7); 7 total in data/families/family-R02080-sym.json.
Wrote 7 level(s) total to data/families/family-R02080-sym.json (changed=true), 7 hint file(s) written to data/families/hints/.
Wrote family manifest to data/families/family-R02080-sym-manifest.json (7 variant(s) total).
portfolio-solve-sweep: corpus=data/families/family-R02080-lm.json levels=15 (15 to solve) scheduler-mode=legacy budget=8000ms node-budget=20000000 workers=4 save-hints=true
  [1/15] L3 (F02080-lm-03) ok=✗
  [2/15] L4 (F02080-lm-04) ok=✗
  [3/15] L2 (F02080-lm-02) ok=✗
  [4/15] L1 (F02080-lm-01) ok=✗
  [5/15] L5 (F02080-lm-05) ok=✗
  [6/15] L6 (F02080-lm-06) ok=✗
  [7/15] L7 (F02080-lm-07) ok=✗
  [8/15] L8 (F02080-lm-08) ok=✗
  [9/15] L9 (F02080-lm-09) ok=✗
  [10/15] L10 (F02080-lm-10) ok=✗
  [11/15] L11 (F02080-lm-11) ok=✗
  [12/15] L12 (F02080-lm-12) ok=✗
  [13/15] L14 (F02080-lm-14) ok=✗
  [14/15] L13 (F02080-lm-13) ok=✗
  [15/15] L15 (F02080-lm-15) ok=✗
Hints: appended to 0 level(s); 0 hint file(s) changed on disk.
Result: solved=0/15, solvedBeforeFallback=0, fallbackOnly=0, unsolved=15
Wrote logs/family-census/solve-R02080-lm.json
Wrote logs/family-census/solve-R02080-lm-summary.md
portfolio-solve-sweep: corpus=data/families/family-R02080-sym.json levels=7 (7 to solve) scheduler-mode=legacy budget=8000ms node-budget=20000000 workers=4 save-hints=true
  [1/7] L4 (F02080-sym-04) ok=✗
  [2/7] L3 (F02080-sym-03) ok=✗
  [3/7] L2 (F02080-sym-02) ok=✗
  [4/7] L1 (F02080-sym-01) ok=✗
  [5/7] L5 (F02080-sym-05) ok=✗
  [6/7] L6 (F02080-sym-06) ok=✗
  [7/7] L7 (F02080-sym-07) ok=✗
Hints: appended to 0 level(s); 0 hint file(s) changed on disk.
Result: solved=0/7, solvedBeforeFallback=0, fallbackOnly=0, unsolved=7
Wrote logs/family-census/solve-R02080-sym.json
Wrote logs/family-census/solve-R02080-sym-summary.md
[00:06:33] DONE R02080
[00:06:33] START R02108
Parent R02108: witness stressMeta.witnessSolution (len 102, 0 jump(s)), 52 movable object instance(s) under strict inventory.
  attempt 1: accepted F02108-lm-01 — moved flippingFilters (5,7) -> (5,11)
  attempt 2: accepted F02108-lm-02 — moved mustPass (2,1) -> (2,2)
  attempt 3: accepted F02108-lm-03 — moved blocks (8,7) -> (9,12)
  attempt 4: accepted F02108-lm-04 — moved blocks (12,11) -> (10,10)
  attempt 5: accepted F02108-lm-05 — moved blocks (7,5) -> (5,11)
  attempt 6: accepted F02108-lm-06 — moved flippingFilters (5,7) -> (1,6)
  attempt 7: accepted F02108-lm-07 — moved mustPass (10,2) -> (2,0)
  attempt 8: accepted F02108-lm-08 — moved geese (12,10) -> (10,12)
  attempt 9: accepted F02108-lm-09 — moved statue (3,2) -> (6,9)
  attempt 10: accepted F02108-lm-10 — moved flippingFilters (12,12) -> (4,5)
  attempt 11: accepted F02108-lm-11 — moved blocks (9,11) -> (2,10)
  attempt 12: accepted F02108-lm-12 — moved blocks (11,11) -> (4,9)
  attempt 13: accepted F02108-lm-13 — moved flippingFilters (0,8) -> (1,10)
  attempt 14: accepted F02108-lm-14 — moved blocks (5,12) -> (1,9)
  attempt 15: accepted F02108-lm-15 — moved mustPass (6,6) -> (0,0)

15/15 new local-mutant sibling(s) generated for R02108 in 15 attempt(s) (budget 600); 15 total in data/families/family-R02108-lm.json.
Wrote 15 level(s) total to data/families/family-R02108-lm.json (changed=true), 15 hint file(s) written to data/families/hints/.
Wrote family manifest to data/families/family-R02108-lm-manifest.json (15 variant(s) total).
Parent R02108: witness stressMeta.witnessSolution (len 102, 0 jump(s)), 52 movable object instance(s) under strict inventory.
  variant 1 (rotation): accepted F02108-sym-01
  variant 2 (rotation): accepted F02108-sym-02
  variant 3 (rotation): accepted F02108-sym-03
  variant 4 (reflection): accepted F02108-sym-04
  variant 5 (reflection): accepted F02108-sym-05
  variant 6 (reflection): accepted F02108-sym-06
  variant 7 (reflection): accepted F02108-sym-07

7/7 new symmetry sibling(s) generated for R02108 in 7 attempt(s) (budget 7); 7 total in data/families/family-R02108-sym.json.
Wrote 7 level(s) total to data/families/family-R02108-sym.json (changed=true), 7 hint file(s) written to data/families/hints/.
Wrote family manifest to data/families/family-R02108-sym-manifest.json (7 variant(s) total).
portfolio-solve-sweep: corpus=data/families/family-R02108-lm.json levels=15 (15 to solve) scheduler-mode=legacy budget=8000ms node-budget=20000000 workers=4 save-hints=true
  [1/15] L3 (F02108-lm-03) ok=✗
  [2/15] L2 (F02108-lm-02) ok=✗
  [3/15] L1 (F02108-lm-01) ok=✗
  [4/15] L4 (F02108-lm-04) ok=✗
  [5/15] L5 (F02108-lm-05) ok=✗
  [6/15] L6 (F02108-lm-06) ok=✗
  [7/15] L7 (F02108-lm-07) ok=✗
  [8/15] L8 (F02108-lm-08) ok=✗
  [9/15] L9 (F02108-lm-09) ok=✗
  [10/15] L10 (F02108-lm-10) ok=✗
  [11/15] L11 (F02108-lm-11) ok=✗
  [12/15] L12 (F02108-lm-12) ok=✗
  [13/15] L13 (F02108-lm-13) ok=✗
  [14/15] L14 (F02108-lm-14) ok=✗
  [15/15] L15 (F02108-lm-15) ok=✗
Hints: appended to 0 level(s); 0 hint file(s) changed on disk.
Result: solved=0/15, solvedBeforeFallback=0, fallbackOnly=0, unsolved=15
Wrote logs/family-census/solve-R02108-lm.json
Wrote logs/family-census/solve-R02108-lm-summary.md
portfolio-solve-sweep: corpus=data/families/family-R02108-sym.json levels=7 (7 to solve) scheduler-mode=legacy budget=8000ms node-budget=20000000 workers=4 save-hints=true
  [1/7] L3 (F02108-sym-03) ok=✗
  [2/7] L2 (F02108-sym-02) ok=✗
  [3/7] L1 (F02108-sym-01) ok=✗
  [4/7] L4 (F02108-sym-04) ok=✗
  [5/7] L5 (F02108-sym-05) ok=✗
  [6/7] L6 (F02108-sym-06) ok=✗
  [7/7] L7 (F02108-sym-07) ok=✗
Hints: appended to 0 level(s); 0 hint file(s) changed on disk.
Result: solved=0/7, solvedBeforeFallback=0, fallbackOnly=0, unsolved=7
Wrote logs/family-census/solve-R02108-sym.json
Wrote logs/family-census/solve-R02108-sym-summary.md
[00:12:15] DONE R02108
[00:12:16] START R02150
Parent R02150: witness stressMeta.witnessSolution (len 82, 4 jump(s)), 87 movable object instance(s) under strict inventory.
  attempt 1: accepted F02150-lm-01 — moved geese (7,8) -> (11,6)
  attempt 2: accepted F02150-lm-02 — moved blocks (3,11) -> (6,3)
  attempt 3: accepted F02150-lm-03 — moved blocks (12,9) -> (12,0)
  attempt 4: accepted F02150-lm-04 — moved blocks (3,12) -> (8,8)
  attempt 5: accepted F02150-lm-05 — moved lamppost (10,6) -> (2,10)
  attempt 6: accepted F02150-lm-06 — moved blocks (5,7) -> (2,1)
  attempt 7: accepted F02150-lm-07 — moved blocks (4,6) -> (0,2)
  attempt 8: accepted F02150-lm-08 — moved falseGoals (2,3) -> (5,6)
  attempt 9: accepted F02150-lm-09 — moved blocks (3,11) -> (2,7)
  attempt 10: accepted F02150-lm-10 — moved library (0,8) -> (4,8)
  attempt 11: accepted F02150-lm-11 — moved falseGoals (12,6) -> (6,5)
  attempt 12: accepted F02150-lm-12 — moved mustPass (7,5) -> (6,12)
  attempt 13: accepted F02150-lm-13 — moved mustPass (9,8) -> (11,12)
  attempt 14: accepted F02150-lm-14 — moved park (4,7) -> (2,7)
  attempt 15: accepted F02150-lm-15 — moved geese (5,3) -> (4,12)

15/15 new local-mutant sibling(s) generated for R02150 in 15 attempt(s) (budget 600); 15 total in data/families/family-R02150-lm.json.
Wrote 15 level(s) total to data/families/family-R02150-lm.json (changed=true), 15 hint file(s) written to data/families/hints/.
Wrote family manifest to data/families/family-R02150-lm-manifest.json (15 variant(s) total).
Parent R02150: witness stressMeta.witnessSolution (len 82, 4 jump(s)), 87 movable object instance(s) under strict inventory.
  variant 1 (rotation): accepted F02150-sym-01
  variant 2 (rotation): accepted F02150-sym-02
  variant 3 (rotation): accepted F02150-sym-03
  variant 4 (reflection): accepted F02150-sym-04
  variant 5 (reflection): accepted F02150-sym-05
  variant 6 (reflection): accepted F02150-sym-06
  variant 7 (reflection): accepted F02150-sym-07

7/7 new symmetry sibling(s) generated for R02150 in 7 attempt(s) (budget 7); 7 total in data/families/family-R02150-sym.json.
Wrote 7 level(s) total to data/families/family-R02150-sym.json (changed=true), 7 hint file(s) written to data/families/hints/.
Wrote family manifest to data/families/family-R02150-sym-manifest.json (7 variant(s) total).
portfolio-solve-sweep: corpus=data/families/family-R02150-lm.json levels=15 (15 to solve) scheduler-mode=legacy budget=8000ms node-budget=20000000 workers=4 save-hints=true
  [1/15] L4 (F02150-lm-04) ok=✗
  [2/15] L3 (F02150-lm-03) ok=✗
  [3/15] L1 (F02150-lm-01) ok=✗
  [4/15] L2 (F02150-lm-02) ok=✗
  [5/15] L5 (F02150-lm-05) ok=✗
  [6/15] L7 (F02150-lm-07) ok=✗
  [7/15] L6 (F02150-lm-06) ok=✗
  [8/15] L8 (F02150-lm-08) ok=✗
  [9/15] L9 (F02150-lm-09) ok=✗
  [10/15] L10 (F02150-lm-10) ok=✗
  [11/15] L11 (F02150-lm-11) ok=✗
  [12/15] L12 (F02150-lm-12) ok=✗
  [13/15] L14 (F02150-lm-14) ok=✗
  [14/15] L13 (F02150-lm-13) ok=✗
  [15/15] L15 (F02150-lm-15) ok=✗
Hints: appended to 0 level(s); 0 hint file(s) changed on disk.
Result: solved=0/15, solvedBeforeFallback=0, fallbackOnly=0, unsolved=15
Wrote logs/family-census/solve-R02150-lm.json
Wrote logs/family-census/solve-R02150-lm-summary.md
portfolio-solve-sweep: corpus=data/families/family-R02150-sym.json levels=7 (7 to solve) scheduler-mode=legacy budget=8000ms node-budget=20000000 workers=4 save-hints=true
  [1/7] L1 (F02150-sym-01) ok=✗
  [2/7] L3 (F02150-sym-03) ok=✗
  [3/7] L4 (F02150-sym-04) ok=✗
  [4/7] L2 (F02150-sym-02) ok=✗
  [5/7] L7 (F02150-sym-07) ok=✗
  [6/7] L5 (F02150-sym-05) ok=✗
  [7/7] L6 (F02150-sym-06) ok=✗
Hints: appended to 0 level(s); 0 hint file(s) changed on disk.
Result: solved=0/7, solvedBeforeFallback=0, fallbackOnly=0, unsolved=7
Wrote logs/family-census/solve-R02150-sym.json
Wrote logs/family-census/solve-R02150-sym-summary.md
[00:17:48] DONE R02150
[00:17:48] START R02183
Parent R02183: witness stressMeta.witnessSolution (len 79, 0 jump(s)), 59 movable object instance(s) under strict inventory.
  attempt 1: accepted F02183-lm-01 — moved blocks (5,6) -> (1,7)
  attempt 2: accepted F02183-lm-02 — moved flippingFilters (10,3) -> (7,6)
  attempt 3: accepted F02183-lm-03 — moved fountain (8,3) -> (3,2)
  attempt 4: accepted F02183-lm-04 — moved mustPass (10,2) -> (1,4)
  attempt 5: accepted F02183-lm-05 — moved library (2,1) -> (1,7)
  attempt 6: accepted F02183-lm-06 — moved flippingFilters (10,0) -> (10,7)
  attempt 7: accepted F02183-lm-07 — moved geese (6,10) -> (4,0)
  attempt 8: accepted F02183-lm-08 — moved blocks (5,6) -> (4,0)
  attempt 9: accepted F02183-lm-09 — moved mustPass (10,2) -> (1,3)
  attempt 10: accepted F02183-lm-10 — moved geese (0,8) -> (4,0)
  attempt 11: accepted F02183-lm-11 — moved park (3,6) -> (1,7)
  attempt 12: accepted F02183-lm-12 — moved blocks (0,0) -> (4,0)
  attempt 13: accepted F02183-lm-13 — moved falseGoals (6,4) -> (1,7)
  attempt 14: accepted F02183-lm-14 — moved geese (7,9) -> (4,0)
  attempt 15: accepted F02183-lm-15 — moved flippingFilters (9,6) -> (10,5)

15/15 new local-mutant sibling(s) generated for R02183 in 15 attempt(s) (budget 600); 15 total in data/families/family-R02183-lm.json.
Wrote 15 level(s) total to data/families/family-R02183-lm.json (changed=true), 15 hint file(s) written to data/families/hints/.
Wrote family manifest to data/families/family-R02183-lm-manifest.json (15 variant(s) total).
Parent R02183: witness stressMeta.witnessSolution (len 79, 0 jump(s)), 59 movable object instance(s) under strict inventory.
  variant 1 (rotation): accepted F02183-sym-01
  variant 2 (rotation): accepted F02183-sym-02
  variant 3 (rotation): accepted F02183-sym-03
  variant 4 (reflection): accepted F02183-sym-04
  variant 5 (reflection): accepted F02183-sym-05
  variant 6 (reflection): accepted F02183-sym-06
  variant 7 (reflection): accepted F02183-sym-07

7/7 new symmetry sibling(s) generated for R02183 in 7 attempt(s) (budget 7); 7 total in data/families/family-R02183-sym.json.
Wrote 7 level(s) total to data/families/family-R02183-sym.json (changed=true), 7 hint file(s) written to data/families/hints/.
Wrote family manifest to data/families/family-R02183-sym-manifest.json (7 variant(s) total).
portfolio-solve-sweep: corpus=data/families/family-R02183-lm.json levels=15 (15 to solve) scheduler-mode=legacy budget=8000ms node-budget=20000000 workers=4 save-hints=true
  [1/15] L3 (F02183-lm-03) ok=✗
  [2/15] L4 (F02183-lm-04) ok=✗
  [3/15] L1 (F02183-lm-01) ok=✗
  [4/15] L2 (F02183-lm-02) ok=✗
  [5/15] L5 (F02183-lm-05) ok=✗
  [6/15] L6 (F02183-lm-06) ok=✗
  [7/15] L7 (F02183-lm-07) ok=✗
  [8/15] L8 (F02183-lm-08) ok=✗
  [9/15] L9 (F02183-lm-09) ok=✗
  [10/15] L10 (F02183-lm-10) ok=✗
  [11/15] L12 (F02183-lm-12) ok=✗
  [12/15] L11 (F02183-lm-11) ok=✗
  [13/15] L13 (F02183-lm-13) ok=✗
  [14/15] L15 (F02183-lm-15) ok=✗
  [15/15] L14 (F02183-lm-14) ok=✗
Hints: appended to 0 level(s); 0 hint file(s) changed on disk.
Result: solved=0/15, solvedBeforeFallback=0, fallbackOnly=0, unsolved=15
Wrote logs/family-census/solve-R02183-lm.json
Wrote logs/family-census/solve-R02183-lm-summary.md
portfolio-solve-sweep: corpus=data/families/family-R02183-sym.json levels=7 (7 to solve) scheduler-mode=legacy budget=8000ms node-budget=20000000 workers=4 save-hints=true
  [1/7] L1 (F02183-sym-01) ok=✗
  [2/7] L3 (F02183-sym-03) ok=✗
  [3/7] L2 (F02183-sym-02) ok=✗
  [4/7] L4 (F02183-sym-04) ok=✗
  [5/7] L7 (F02183-sym-07) ok=✗
  [6/7] L6 (F02183-sym-06) ok=✗
  [7/7] L5 (F02183-sym-05) ok=✗
Hints: appended to 0 level(s); 0 hint file(s) changed on disk.
Result: solved=0/7, solvedBeforeFallback=0, fallbackOnly=0, unsolved=7
Wrote logs/family-census/solve-R02183-sym.json
Wrote logs/family-census/solve-R02183-sym-summary.md
[00:18:40] DONE R02183
[00:18:40] START R02224
Parent R02224: witness stressMeta.witnessSolution (len 125, 0 jump(s)), 62 movable object instance(s) under strict inventory.
  attempt 1: accepted F02224-lm-01 — moved falseGoals (1,7) -> (2,0)
  attempt 2: accepted F02224-lm-02 — moved blocks (13,13) -> (9,13)
  attempt 3: accepted F02224-lm-03 — moved mustCross (4,7) -> (9,3)
  attempt 4: accepted F02224-lm-04 — moved fountain (0,12) -> (6,3)
  attempt 5: accepted F02224-lm-05 — moved blocks (11,9) -> (3,10)
  attempt 6: accepted F02224-lm-06 — moved mustCross (12,11) -> (9,3)
  attempt 7: accepted F02224-lm-07 — moved falseGoals (1,7) -> (2,10)
  attempt 8: accepted F02224-lm-08 — moved mustCross (9,2) -> (12,6)
  attempt 9: accepted F02224-lm-09 — moved fountain (0,12) -> (8,0)
  attempt 10: accepted F02224-lm-10 — moved lamppost (1,9) -> (1,10)
  attempt 11: accepted F02224-lm-11 — moved falseGoals (10,9) -> (6,1)
  attempt 12: accepted F02224-lm-12 — moved mustPass (7,4) -> (8,5)
  attempt 13: accepted F02224-lm-13 — moved falseGoals (0,10) -> (8,0)
  attempt 14: accepted F02224-lm-14 — moved falseGoals (3,4) -> (8,6)
  attempt 15: accepted F02224-lm-15 — moved blocks (2,2) -> (3,1)

15/15 new local-mutant sibling(s) generated for R02224 in 15 attempt(s) (budget 600); 15 total in data/families/family-R02224-lm.json.
Wrote 15 level(s) total to data/families/family-R02224-lm.json (changed=true), 15 hint file(s) written to data/families/hints/.
Wrote family manifest to data/families/family-R02224-lm-manifest.json (15 variant(s) total).
Parent R02224: witness stressMeta.witnessSolution (len 125, 0 jump(s)), 62 movable object instance(s) under strict inventory.
  variant 1 (rotation): accepted F02224-sym-01
  variant 2 (rotation): accepted F02224-sym-02
  variant 3 (rotation): accepted F02224-sym-03
  variant 4 (reflection): accepted F02224-sym-04
  variant 5 (reflection): accepted F02224-sym-05
  variant 6 (reflection): accepted F02224-sym-06
  variant 7 (reflection): accepted F02224-sym-07

7/7 new symmetry sibling(s) generated for R02224 in 7 attempt(s) (budget 7); 7 total in data/families/family-R02224-sym.json.
Wrote 7 level(s) total to data/families/family-R02224-sym.json (changed=true), 7 hint file(s) written to data/families/hints/.
Wrote family manifest to data/families/family-R02224-sym-manifest.json (7 variant(s) total).
portfolio-solve-sweep: corpus=data/families/family-R02224-lm.json levels=15 (15 to solve) scheduler-mode=legacy budget=8000ms node-budget=20000000 workers=4 save-hints=true
  [1/15] L1 (F02224-lm-01) ok=✓ legacy [hint saved]
  [2/15] L2 (F02224-lm-02) ok=✗
  [3/15] L3 (F02224-lm-03) ok=✗
  [4/15] L4 (F02224-lm-04) ok=✗
  [5/15] L5 (F02224-lm-05) ok=✗
  [6/15] L6 (F02224-lm-06) ok=✗
  [7/15] L8 (F02224-lm-08) ok=✗
  [8/15] L9 (F02224-lm-09) ok=✗
  [9/15] L7 (F02224-lm-07) ok=✗
  [10/15] L10 (F02224-lm-10) ok=✗
  [11/15] L11 (F02224-lm-11) ok=✗
  [12/15] L12 (F02224-lm-12) ok=✗
  [13/15] L13 (F02224-lm-13) ok=✗
  [14/15] L14 (F02224-lm-14) ok=✗
  [15/15] L15 (F02224-lm-15) ok=✗
Hints: appended to 1 level(s); 1 hint file(s) changed on disk.
Result: solved=1/15, solvedBeforeFallback=0, fallbackOnly=1, unsolved=14
Wrote logs/family-census/solve-R02224-lm.json
Wrote logs/family-census/solve-R02224-lm-summary.md
portfolio-solve-sweep: corpus=data/families/family-R02224-sym.json levels=7 (7 to solve) scheduler-mode=legacy budget=8000ms node-budget=20000000 workers=4 save-hints=true
  [1/7] L3 (F02224-sym-03) ok=✗
  [2/7] L2 (F02224-sym-02) ok=✗
  [3/7] L1 (F02224-sym-01) ok=✗
  [4/7] L4 (F02224-sym-04) ok=✗
  [5/7] L6 (F02224-sym-06) ok=✗
  [6/7] L5 (F02224-sym-05) ok=✗
  [7/7] L7 (F02224-sym-07) ok=✗
Hints: appended to 0 level(s); 0 hint file(s) changed on disk.
Result: solved=0/7, solvedBeforeFallback=0, fallbackOnly=0, unsolved=7
Wrote logs/family-census/solve-R02224-sym.json
Wrote logs/family-census/solve-R02224-sym-summary.md
[00:21:26] DONE R02224
[00:21:26] START R02270
Parent R02270: witness stressMeta.witnessSolution (len 100, 0 jump(s)), 42 movable object instance(s) under strict inventory.
  attempt 1: accepted F02270-lm-01 — moved blocks (1,0) -> (7,0)
  attempt 2: accepted F02270-lm-02 — moved mustCross (10,1) -> (1,9)
  attempt 3: accepted F02270-lm-03 — moved blocks (11,8) -> (5,2)
  attempt 4: accepted F02270-lm-04 — moved blocks (3,11) -> (5,3)
  attempt 5: accepted F02270-lm-05 — moved blocks (4,0) -> (5,2)
  attempt 6: accepted F02270-lm-06 — moved library (5,8) -> (10,6)
  attempt 7: accepted F02270-lm-07 — moved geese (11,11) -> (3,2)
  attempt 8: accepted F02270-lm-08 — moved flippingFilters (6,5) -> (8,0)
  attempt 9: accepted F02270-lm-09 — moved statue (6,9) -> (3,4)
  attempt 10: accepted F02270-lm-10 — moved geese (11,11) -> (3,7)
  attempt 11: accepted F02270-lm-11 — moved library (2,1) -> (2,2)
  attempt 12: rejected — degenerate duplicate of parent or another accepted variant
  attempt 13: accepted F02270-lm-12 — moved geese (0,0) -> (10,11)
  attempt 14: accepted F02270-lm-13 — moved blocks (4,5) -> (10,9)
  attempt 15: accepted F02270-lm-14 — moved flippingFilters (0,5) -> (3,0)
  attempt 16: accepted F02270-lm-15 — moved mustCross (1,4) -> (1,9)

15/15 new local-mutant sibling(s) generated for R02270 in 16 attempt(s) (budget 600); 15 total in data/families/family-R02270-lm.json.
Wrote 15 level(s) total to data/families/family-R02270-lm.json (changed=true), 15 hint file(s) written to data/families/hints/.
Wrote family manifest to data/families/family-R02270-lm-manifest.json (15 variant(s) total).
Parent R02270: witness stressMeta.witnessSolution (len 100, 0 jump(s)), 42 movable object instance(s) under strict inventory.
  variant 1 (rotation): accepted F02270-sym-01
  variant 2 (rotation): accepted F02270-sym-02
  variant 3 (rotation): accepted F02270-sym-03
  variant 4 (reflection): accepted F02270-sym-04
  variant 5 (reflection): accepted F02270-sym-05
  variant 6 (reflection): accepted F02270-sym-06
  variant 7 (reflection): accepted F02270-sym-07

7/7 new symmetry sibling(s) generated for R02270 in 7 attempt(s) (budget 7); 7 total in data/families/family-R02270-sym.json.
Wrote 7 level(s) total to data/families/family-R02270-sym.json (changed=true), 7 hint file(s) written to data/families/hints/.
Wrote family manifest to data/families/family-R02270-sym-manifest.json (7 variant(s) total).
portfolio-solve-sweep: corpus=data/families/family-R02270-lm.json levels=15 (15 to solve) scheduler-mode=legacy budget=8000ms node-budget=20000000 workers=4 save-hints=true
  [1/15] L2 (F02270-lm-02) ok=✗
  [2/15] L1 (F02270-lm-01) ok=✗
  [3/15] L3 (F02270-lm-03) ok=✗
  [4/15] L4 (F02270-lm-04) ok=✗
  [5/15] L5 (F02270-lm-05) ok=✗
  [6/15] L6 (F02270-lm-06) ok=✗
  [7/15] L7 (F02270-lm-07) ok=✗
  [8/15] L8 (F02270-lm-08) ok=✗
  [9/15] L9 (F02270-lm-09) ok=✗
  [10/15] L10 (F02270-lm-10) ok=✗
  [11/15] L11 (F02270-lm-11) ok=✗
  [12/15] L12 (F02270-lm-12) ok=✗
  [13/15] L15 (F02270-lm-15) ok=✗
  [14/15] L13 (F02270-lm-13) ok=✗
  [15/15] L14 (F02270-lm-14) ok=✗
Hints: appended to 0 level(s); 0 hint file(s) changed on disk.
Result: solved=0/15, solvedBeforeFallback=0, fallbackOnly=0, unsolved=15
Wrote logs/family-census/solve-R02270-lm.json
Wrote logs/family-census/solve-R02270-lm-summary.md
portfolio-solve-sweep: corpus=data/families/family-R02270-sym.json levels=7 (7 to solve) scheduler-mode=legacy budget=8000ms node-budget=20000000 workers=4 save-hints=true
  [1/7] L1 (F02270-sym-01) ok=✗
  [2/7] L2 (F02270-sym-02) ok=✗
  [3/7] L4 (F02270-sym-04) ok=✗
  [4/7] L3 (F02270-sym-03) ok=✗
  [5/7] L5 (F02270-sym-05) ok=✗
  [6/7] L6 (F02270-sym-06) ok=✗
  [7/7] L7 (F02270-sym-07) ok=✗
Hints: appended to 0 level(s); 0 hint file(s) changed on disk.
Result: solved=0/7, solvedBeforeFallback=0, fallbackOnly=0, unsolved=7
Wrote logs/family-census/solve-R02270-sym.json
Wrote logs/family-census/solve-R02270-sym-summary.md
[00:26:45] DONE R02270
[00:26:45] START R02300
Parent R02300: witness stressMeta.witnessSolution (len 124, 6 jump(s)), 54 movable object instance(s) under strict inventory.
  attempt 1: accepted F02300-lm-01 — moved geese (4,5) -> (2,10)
  attempt 2: accepted F02300-lm-02 — moved statue (4,12) -> (13,12)
  attempt 3: accepted F02300-lm-03 — moved blocks (6,3) -> (0,3)
  attempt 4: accepted F02300-lm-04 — moved mustPass (10,1) -> (0,7)
  attempt 5: accepted F02300-lm-05 — moved fountain (5,11) -> (7,4)
  attempt 6: accepted F02300-lm-06 — moved geese (4,5) -> (12,11)
  attempt 7: accepted F02300-lm-07 — moved geese (4,1) -> (0,8)
  attempt 8: accepted F02300-lm-08 — moved lamppost (11,7) -> (8,3)
  attempt 9: accepted F02300-lm-09 — moved falseGoals (14,1) -> (0,3)
  attempt 10: accepted F02300-lm-10 — moved blocks (7,3) -> (10,8)
  attempt 11: accepted F02300-lm-11 — moved falseGoals (9,0) -> (7,4)
  attempt 12: rejected — degenerate duplicate of parent or another accepted variant
  attempt 13: accepted F02300-lm-12 — moved lamppost (10,6) -> (0,7)
  attempt 14: accepted F02300-lm-13 — moved blocks (3,0) -> (1,1)
  attempt 15: accepted F02300-lm-14 — moved falseGoals (4,4) -> (7,6)
  attempt 16: accepted F02300-lm-15 — moved falseGoals (0,2) -> (12,11)

15/15 new local-mutant sibling(s) generated for R02300 in 16 attempt(s) (budget 600); 15 total in data/families/family-R02300-lm.json.
Wrote 15 level(s) total to data/families/family-R02300-lm.json (changed=true), 15 hint file(s) written to data/families/hints/.
Wrote family manifest to data/families/family-R02300-lm-manifest.json (15 variant(s) total).
Parent R02300: witness stressMeta.witnessSolution (len 124, 6 jump(s)), 54 movable object instance(s) under strict inventory.
  variant 1 (rotation): accepted F02300-sym-01
  variant 2 (rotation): accepted F02300-sym-02
  variant 3 (rotation): accepted F02300-sym-03
  variant 4 (reflection): accepted F02300-sym-04
  variant 5 (reflection): accepted F02300-sym-05
  variant 6 (reflection): accepted F02300-sym-06
  variant 7 (reflection): accepted F02300-sym-07

7/7 new symmetry sibling(s) generated for R02300 in 7 attempt(s) (budget 7); 7 total in data/families/family-R02300-sym.json.
Wrote 7 level(s) total to data/families/family-R02300-sym.json (changed=true), 7 hint file(s) written to data/families/hints/.
Wrote family manifest to data/families/family-R02300-sym-manifest.json (7 variant(s) total).
portfolio-solve-sweep: corpus=data/families/family-R02300-lm.json levels=15 (15 to solve) scheduler-mode=legacy budget=8000ms node-budget=20000000 workers=4 save-hints=true
  [1/15] L1 (F02300-lm-01) ok=✗
  [2/15] L4 (F02300-lm-04) ok=✗
  [3/15] L3 (F02300-lm-03) ok=✗
  [4/15] L2 (F02300-lm-02) ok=✗
  [5/15] L5 (F02300-lm-05) ok=✗
  [6/15] L6 (F02300-lm-06) ok=✗
  [7/15] L7 (F02300-lm-07) ok=✗
  [8/15] L8 (F02300-lm-08) ok=✗
  [9/15] L9 (F02300-lm-09) ok=✗
  [10/15] L10 (F02300-lm-10) ok=✗
  [11/15] L11 (F02300-lm-11) ok=✗
  [12/15] L12 (F02300-lm-12) ok=✗
  [13/15] L13 (F02300-lm-13) ok=✗
  [14/15] L14 (F02300-lm-14) ok=✗
  [15/15] L15 (F02300-lm-15) ok=✗
Hints: appended to 0 level(s); 0 hint file(s) changed on disk.
Result: solved=0/15, solvedBeforeFallback=0, fallbackOnly=0, unsolved=15
Wrote logs/family-census/solve-R02300-lm.json
Wrote logs/family-census/solve-R02300-lm-summary.md
portfolio-solve-sweep: corpus=data/families/family-R02300-sym.json levels=7 (7 to solve) scheduler-mode=legacy budget=8000ms node-budget=20000000 workers=4 save-hints=true
  [1/7] L2 (F02300-sym-02) ok=✗
  [2/7] L4 (F02300-sym-04) ok=✗
  [3/7] L3 (F02300-sym-03) ok=✗
  [4/7] L1 (F02300-sym-01) ok=✗
  [5/7] L5 (F02300-sym-05) ok=✗
  [6/7] L6 (F02300-sym-06) ok=✗
  [7/7] L7 (F02300-sym-07) ok=✗
Hints: appended to 0 level(s); 0 hint file(s) changed on disk.
Result: solved=0/7, solvedBeforeFallback=0, fallbackOnly=0, unsolved=7
Wrote logs/family-census/solve-R02300-sym.json
Wrote logs/family-census/solve-R02300-sym-summary.md
[00:33:28] DONE R02300
[00:33:28] START R02340
Parent R02340: witness stressMeta.witnessSolution (len 93, 6 jump(s)), 36 movable object instance(s) under strict inventory.
  attempt 1: accepted F02340-lm-01 — moved blocks (4,10) -> (10,10)
  attempt 2: accepted F02340-lm-02 — moved mustCross (4,2) -> (1,9)
  attempt 3: accepted F02340-lm-03 — moved mustCross (3,1) -> (1,9)
  attempt 4: accepted F02340-lm-04 — moved mustPass (8,5) -> (1,7)
  attempt 5: accepted F02340-lm-05 — moved market (8,9) -> (10,10)
  attempt 6: rejected — degenerate duplicate of parent or another accepted variant
  attempt 7: accepted F02340-lm-06 — moved mustCross (9,4) -> (1,9)
  attempt 8: accepted F02340-lm-07 — moved blocks (10,0) -> (8,8)
  attempt 9: accepted F02340-lm-08 — moved blocks (6,10) -> (10,10)
  attempt 10: accepted F02340-lm-09 — moved blocks (2,3) -> (10,10)
  attempt 11: rejected — degenerate duplicate of parent or another accepted variant
  attempt 12: accepted F02340-lm-10 — moved flippingFilters (1,3) -> (8,8)
  attempt 13: accepted F02340-lm-11 — moved flippingFilters (1,1) -> (5,0)
  attempt 14: accepted F02340-lm-12 — moved fountain (5,10) -> (10,10)
  attempt 15: accepted F02340-lm-13 — moved blocks (10,2) -> (8,10)
  attempt 16: rejected — degenerate duplicate of parent or another accepted variant
  attempt 17: accepted F02340-lm-14 — moved market (7,10) -> (8,10)
  attempt 18: accepted F02340-lm-15 — moved lamppost (5,5) -> (10,10)

15/15 new local-mutant sibling(s) generated for R02340 in 18 attempt(s) (budget 600); 15 total in data/families/family-R02340-lm.json.
Wrote 15 level(s) total to data/families/family-R02340-lm.json (changed=true), 15 hint file(s) written to data/families/hints/.
Wrote family manifest to data/families/family-R02340-lm-manifest.json (15 variant(s) total).
Parent R02340: witness stressMeta.witnessSolution (len 93, 6 jump(s)), 36 movable object instance(s) under strict inventory.
  variant 1 (rotation): accepted F02340-sym-01
  variant 2 (rotation): accepted F02340-sym-02
  variant 3 (rotation): accepted F02340-sym-03
  variant 4 (reflection): accepted F02340-sym-04
  variant 5 (reflection): accepted F02340-sym-05
  variant 6 (reflection): accepted F02340-sym-06
  variant 7 (reflection): accepted F02340-sym-07

7/7 new symmetry sibling(s) generated for R02340 in 7 attempt(s) (budget 7); 7 total in data/families/family-R02340-sym.json.
Wrote 7 level(s) total to data/families/family-R02340-sym.json (changed=true), 7 hint file(s) written to data/families/hints/.
Wrote family manifest to data/families/family-R02340-sym-manifest.json (7 variant(s) total).
portfolio-solve-sweep: corpus=data/families/family-R02340-lm.json levels=15 (15 to solve) scheduler-mode=legacy budget=8000ms node-budget=20000000 workers=4 save-hints=true
  [1/15] L3 (F02340-lm-03) ok=✓ legacy [hint saved]
  [2/15] L4 (F02340-lm-04) ok=✗
  [3/15] L1 (F02340-lm-01) ok=✗
  [4/15] L2 (F02340-lm-02) ok=✗
  [5/15] L5 (F02340-lm-05) ok=✗
  [6/15] L6 (F02340-lm-06) ok=✗
  [7/15] L7 (F02340-lm-07) ok=✗
  [8/15] L8 (F02340-lm-08) ok=✗
  [9/15] L10 (F02340-lm-10) ok=✗
  [10/15] L9 (F02340-lm-09) ok=✗
  [11/15] L11 (F02340-lm-11) ok=✗
  [12/15] L12 (F02340-lm-12) ok=✗
  [13/15] L13 (F02340-lm-13) ok=✗
  [14/15] L15 (F02340-lm-15) ok=✗
  [15/15] L14 (F02340-lm-14) ok=✗
Hints: appended to 1 level(s); 1 hint file(s) changed on disk.
Result: solved=1/15, solvedBeforeFallback=0, fallbackOnly=1, unsolved=14
Wrote logs/family-census/solve-R02340-lm.json
Wrote logs/family-census/solve-R02340-lm-summary.md
portfolio-solve-sweep: corpus=data/families/family-R02340-sym.json levels=7 (7 to solve) scheduler-mode=legacy budget=8000ms node-budget=20000000 workers=4 save-hints=true
  [1/7] L3 (F02340-sym-03) ok=✗
  [2/7] L1 (F02340-sym-01) ok=✗
  [3/7] L4 (F02340-sym-04) ok=✗
  [4/7] L2 (F02340-sym-02) ok=✗
  [5/7] L7 (F02340-sym-07) ok=✗
  [6/7] L5 (F02340-sym-05) ok=✗
  [7/7] L6 (F02340-sym-06) ok=✗
Hints: appended to 0 level(s); 0 hint file(s) changed on disk.
Result: solved=0/7, solvedBeforeFallback=0, fallbackOnly=0, unsolved=7
Wrote logs/family-census/solve-R02340-sym.json
Wrote logs/family-census/solve-R02340-sym-summary.md
[00:36:16] DONE R02340
[00:36:16] START R02382
Parent R02382: witness stressMeta.witnessSolution (len 99, 4 jump(s)), 34 movable object instance(s) under strict inventory.
  attempt 1: accepted F02382-lm-01 — moved falseGoals (3,11) -> (13,7)
  attempt 2: accepted F02382-lm-02 — moved market (12,0) -> (7,5)
  attempt 3: accepted F02382-lm-03 — moved flippingFilters (3,8) -> (2,6)
  attempt 4: accepted F02382-lm-04 — moved flippingFilters (2,9) -> (3,3)
  attempt 5: accepted F02382-lm-05 — moved market (11,7) -> (5,11)
  attempt 6: accepted F02382-lm-06 — moved mustPass (8,3) -> (6,3)
  attempt 7: accepted F02382-lm-07 — moved market (11,7) -> (2,11)
  attempt 8: accepted F02382-lm-08 — moved fountain (12,1) -> (12,9)
  attempt 9: accepted F02382-lm-09 — moved statue (5,10) -> (8,0)
  attempt 10: accepted F02382-lm-10 — moved mustPass (8,3) -> (5,6)
  attempt 11: accepted F02382-lm-11 — moved mustPass (8,3) -> (8,13)
  attempt 12: accepted F02382-lm-12 — moved mustPass (1,9) -> (1,5)
  attempt 13: accepted F02382-lm-13 — moved fountain (12,1) -> (2,11)
  attempt 14: accepted F02382-lm-14 — moved falseGoals (3,11) -> (2,5)
  attempt 15: accepted F02382-lm-15 — moved mustPass (6,7) -> (10,12)

15/15 new local-mutant sibling(s) generated for R02382 in 15 attempt(s) (budget 600); 15 total in data/families/family-R02382-lm.json.
Wrote 15 level(s) total to data/families/family-R02382-lm.json (changed=true), 15 hint file(s) written to data/families/hints/.
Wrote family manifest to data/families/family-R02382-lm-manifest.json (15 variant(s) total).
Parent R02382: witness stressMeta.witnessSolution (len 99, 4 jump(s)), 34 movable object instance(s) under strict inventory.
  variant 1 (rotation): accepted F02382-sym-01
  variant 2 (rotation): accepted F02382-sym-02
  variant 3 (rotation): accepted F02382-sym-03
  variant 4 (reflection): accepted F02382-sym-04
  variant 5 (reflection): accepted F02382-sym-05
  variant 6 (reflection): accepted F02382-sym-06
  variant 7 (reflection): accepted F02382-sym-07

7/7 new symmetry sibling(s) generated for R02382 in 7 attempt(s) (budget 7); 7 total in data/families/family-R02382-sym.json.
Wrote 7 level(s) total to data/families/family-R02382-sym.json (changed=true), 7 hint file(s) written to data/families/hints/.
Wrote family manifest to data/families/family-R02382-sym-manifest.json (7 variant(s) total).
portfolio-solve-sweep: corpus=data/families/family-R02382-lm.json levels=15 (15 to solve) scheduler-mode=legacy budget=8000ms node-budget=20000000 workers=4 save-hints=true
  [1/15] L2 (F02382-lm-02) ok=✗
  [2/15] L3 (F02382-lm-03) ok=✗
  [3/15] L4 (F02382-lm-04) ok=✗
  [4/15] L1 (F02382-lm-01) ok=✗
  [5/15] L5 (F02382-lm-05) ok=✗
  [6/15] L7 (F02382-lm-07) ok=✗
  [7/15] L6 (F02382-lm-06) ok=✗
  [8/15] L8 (F02382-lm-08) ok=✗
  [9/15] L9 (F02382-lm-09) ok=✗
  [10/15] L11 (F02382-lm-11) ok=✗
  [11/15] L10 (F02382-lm-10) ok=✗
  [12/15] L12 (F02382-lm-12) ok=✗
  [13/15] L13 (F02382-lm-13) ok=✗
  [14/15] L14 (F02382-lm-14) ok=✗
  [15/15] L15 (F02382-lm-15) ok=✗
Hints: appended to 0 level(s); 0 hint file(s) changed on disk.
Result: solved=0/15, solvedBeforeFallback=0, fallbackOnly=0, unsolved=15
Wrote logs/family-census/solve-R02382-lm.json
Wrote logs/family-census/solve-R02382-lm-summary.md
portfolio-solve-sweep: corpus=data/families/family-R02382-sym.json levels=7 (7 to solve) scheduler-mode=legacy budget=8000ms node-budget=20000000 workers=4 save-hints=true
  [1/7] L3 (F02382-sym-03) ok=✗
  [2/7] L1 (F02382-sym-01) ok=✗
  [3/7] L4 (F02382-sym-04) ok=✗
  [4/7] L2 (F02382-sym-02) ok=✗
  [5/7] L7 (F02382-sym-07) ok=✗
  [6/7] L6 (F02382-sym-06) ok=✗
  [7/7] L5 (F02382-sym-05) ok=✗
Hints: appended to 0 level(s); 0 hint file(s) changed on disk.
Result: solved=0/7, solvedBeforeFallback=0, fallbackOnly=0, unsolved=7
Wrote logs/family-census/solve-R02382-sym.json
Wrote logs/family-census/solve-R02382-sym-summary.md
[00:38:09] DONE R02382
[00:38:09] START R02419
Parent R02419: witness stressMeta.witnessSolution (len 97, 7 jump(s)), 57 movable object instance(s) under strict inventory.
  attempt 1: accepted F02419-lm-01 — moved geese (8,8) -> (7,6)
  attempt 2: accepted F02419-lm-02 — moved falseGoals (11,10) -> (7,6)
  attempt 3: accepted F02419-lm-03 — moved geese (3,4) -> (7,6)
  attempt 4: accepted F02419-lm-04 — moved flippingFilters (10,2) -> (7,11)
  attempt 5: accepted F02419-lm-05 — moved blocks (11,9) -> (7,6)
  attempt 6: accepted F02419-lm-06 — moved market (8,7) -> (7,6)
  attempt 7: accepted F02419-lm-07 — moved geese (0,6) -> (7,6)
  attempt 8: accepted F02419-lm-08 — moved blocks (9,10) -> (7,6)
  attempt 9: accepted F02419-lm-09 — moved blocks (10,10) -> (7,6)
  attempt 10: accepted F02419-lm-10 — moved geese (7,9) -> (7,6)
  attempt 11: accepted F02419-lm-11 — moved geese (9,5) -> (7,6)
  attempt 12: accepted F02419-lm-12 — moved blocks (11,0) -> (7,6)
  attempt 13: rejected — degenerate duplicate of parent or another accepted variant
  attempt 14: accepted F02419-lm-13 — moved statue (6,7) -> (7,6)
  attempt 15: rejected — degenerate duplicate of parent or another accepted variant
  attempt 16: rejected — degenerate duplicate of parent or another accepted variant
  attempt 17: accepted F02419-lm-14 — moved mustCross (4,10) -> (6,3)
  attempt 18: accepted F02419-lm-15 — moved mustCross (4,6) -> (2,1)

15/15 new local-mutant sibling(s) generated for R02419 in 18 attempt(s) (budget 600); 15 total in data/families/family-R02419-lm.json.
Wrote 15 level(s) total to data/families/family-R02419-lm.json (changed=true), 15 hint file(s) written to data/families/hints/.
Wrote family manifest to data/families/family-R02419-lm-manifest.json (15 variant(s) total).
Parent R02419: witness stressMeta.witnessSolution (len 97, 7 jump(s)), 57 movable object instance(s) under strict inventory.
  variant 1 (rotation): accepted F02419-sym-01
  variant 2 (rotation): accepted F02419-sym-02
  variant 3 (rotation): accepted F02419-sym-03
  variant 4 (reflection): accepted F02419-sym-04
  variant 5 (reflection): accepted F02419-sym-05
  variant 6 (reflection): accepted F02419-sym-06
  variant 7 (reflection): accepted F02419-sym-07

7/7 new symmetry sibling(s) generated for R02419 in 7 attempt(s) (budget 7); 7 total in data/families/family-R02419-sym.json.
Wrote 7 level(s) total to data/families/family-R02419-sym.json (changed=true), 7 hint file(s) written to data/families/hints/.
Wrote family manifest to data/families/family-R02419-sym-manifest.json (7 variant(s) total).
portfolio-solve-sweep: corpus=data/families/family-R02419-lm.json levels=15 (15 to solve) scheduler-mode=legacy budget=8000ms node-budget=20000000 workers=4 save-hints=true
  [1/15] L3 (F02419-lm-03) ok=✗
  [2/15] L4 (F02419-lm-04) ok=✗
  [3/15] L1 (F02419-lm-01) ok=✗
  [4/15] L2 (F02419-lm-02) ok=✗
  [5/15] L5 (F02419-lm-05) ok=✗
  [6/15] L6 (F02419-lm-06) ok=✗
  [7/15] L8 (F02419-lm-08) ok=✗
  [8/15] L7 (F02419-lm-07) ok=✗
  [9/15] L9 (F02419-lm-09) ok=✗
  [10/15] L10 (F02419-lm-10) ok=✗
  [11/15] L11 (F02419-lm-11) ok=✗
  [12/15] L12 (F02419-lm-12) ok=✗
  [13/15] L15 (F02419-lm-15) ok=✗
  [14/15] L14 (F02419-lm-14) ok=✗
  [15/15] L13 (F02419-lm-13) ok=✗
Hints: appended to 0 level(s); 0 hint file(s) changed on disk.
Result: solved=0/15, solvedBeforeFallback=0, fallbackOnly=0, unsolved=15
Wrote logs/family-census/solve-R02419-lm.json
Wrote logs/family-census/solve-R02419-lm-summary.md
portfolio-solve-sweep: corpus=data/families/family-R02419-sym.json levels=7 (7 to solve) scheduler-mode=legacy budget=8000ms node-budget=20000000 workers=4 save-hints=true
  [1/7] L1 (F02419-sym-01) ok=✗
  [2/7] L4 (F02419-sym-04) ok=✗
  [3/7] L2 (F02419-sym-02) ok=✗
  [4/7] L3 (F02419-sym-03) ok=✗
  [5/7] L5 (F02419-sym-05) ok=✗
  [6/7] L6 (F02419-sym-06) ok=✗
  [7/7] L7 (F02419-sym-07) ok=✗
Hints: appended to 0 level(s); 0 hint file(s) changed on disk.
Result: solved=0/7, solvedBeforeFallback=0, fallbackOnly=0, unsolved=7
Wrote logs/family-census/solve-R02419-sym.json
Wrote logs/family-census/solve-R02419-sym-summary.md
[00:42:15] DONE R02419
[00:42:15] START R02458
Parent R02458: witness stressMeta.witnessSolution (len 80, 5 jump(s)), 60 movable object instance(s) under strict inventory.
  attempt 1: accepted F02458-lm-01 — moved blocks (0,0) -> (2,7)
  attempt 2: accepted F02458-lm-02 — moved falseGoals (0,11) -> (3,8)
  attempt 3: accepted F02458-lm-03 — moved statue (1,10) -> (9,1)
  attempt 4: accepted F02458-lm-04 — moved blocks (3,11) -> (2,2)
  attempt 5: accepted F02458-lm-05 — moved market (1,7) -> (9,1)
  attempt 6: accepted F02458-lm-06 — moved geese (8,7) -> (10,10)
  attempt 7: accepted F02458-lm-07 — moved falseGoals (10,8) -> (7,4)
  attempt 8: accepted F02458-lm-08 — moved park (7,1) -> (7,10)
  attempt 9: accepted F02458-lm-09 — moved blocks (0,0) -> (0,3)
  attempt 10: accepted F02458-lm-10 — moved blocks (8,5) -> (10,10)
  attempt 11: accepted F02458-lm-11 — moved blocks (11,7) -> (3,8)
  attempt 12: accepted F02458-lm-12 — moved blocks (9,5) -> (2,2)
  attempt 13: accepted F02458-lm-13 — moved falseGoals (7,8) -> (10,11)
  attempt 14: accepted F02458-lm-14 — moved library (8,4) -> (9,1)
  attempt 15: accepted F02458-lm-15 — moved blocks (0,1) -> (10,10)

15/15 new local-mutant sibling(s) generated for R02458 in 15 attempt(s) (budget 600); 15 total in data/families/family-R02458-lm.json.
Wrote 15 level(s) total to data/families/family-R02458-lm.json (changed=true), 15 hint file(s) written to data/families/hints/.
Wrote family manifest to data/families/family-R02458-lm-manifest.json (15 variant(s) total).
Parent R02458: witness stressMeta.witnessSolution (len 80, 5 jump(s)), 60 movable object instance(s) under strict inventory.
  variant 1 (rotation): accepted F02458-sym-01
  variant 2 (rotation): accepted F02458-sym-02
  variant 3 (rotation): accepted F02458-sym-03
  variant 4 (reflection): accepted F02458-sym-04
  variant 5 (reflection): accepted F02458-sym-05
  variant 6 (reflection): accepted F02458-sym-06
  variant 7 (reflection): accepted F02458-sym-07

7/7 new symmetry sibling(s) generated for R02458 in 7 attempt(s) (budget 7); 7 total in data/families/family-R02458-sym.json.
Wrote 7 level(s) total to data/families/family-R02458-sym.json (changed=true), 7 hint file(s) written to data/families/hints/.
Wrote family manifest to data/families/family-R02458-sym-manifest.json (7 variant(s) total).
portfolio-solve-sweep: corpus=data/families/family-R02458-lm.json levels=15 (15 to solve) scheduler-mode=legacy budget=8000ms node-budget=20000000 workers=4 save-hints=true
  [1/15] L1 (F02458-lm-01) ok=✗
  [2/15] L3 (F02458-lm-03) ok=✗
  [3/15] L4 (F02458-lm-04) ok=✗
  [4/15] L2 (F02458-lm-02) ok=✗
  [5/15] L5 (F02458-lm-05) ok=✗
  [6/15] L7 (F02458-lm-07) ok=✗
  [7/15] L6 (F02458-lm-06) ok=✗
  [8/15] L8 (F02458-lm-08) ok=✗
  [9/15] L12 (F02458-lm-12) ok=✓ legacy [hint saved]
  [10/15] L9 (F02458-lm-09) ok=✗
  [11/15] L11 (F02458-lm-11) ok=✗
  [12/15] L10 (F02458-lm-10) ok=✗
  [13/15] L13 (F02458-lm-13) ok=✗
  [14/15] L15 (F02458-lm-15) ok=✗
  [15/15] L14 (F02458-lm-14) ok=✗
Hints: appended to 1 level(s); 1 hint file(s) changed on disk.
Result: solved=1/15, solvedBeforeFallback=0, fallbackOnly=1, unsolved=14
Wrote logs/family-census/solve-R02458-lm.json
Wrote logs/family-census/solve-R02458-lm-summary.md
portfolio-solve-sweep: corpus=data/families/family-R02458-sym.json levels=7 (7 to solve) scheduler-mode=legacy budget=8000ms node-budget=20000000 workers=4 save-hints=true
  [1/7] L3 (F02458-sym-03) ok=✗
  [2/7] L2 (F02458-sym-02) ok=✗
  [3/7] L4 (F02458-sym-04) ok=✗
  [4/7] L1 (F02458-sym-01) ok=✗
  [5/7] L5 (F02458-sym-05) ok=✗
  [6/7] L7 (F02458-sym-07) ok=✗
  [7/7] L6 (F02458-sym-06) ok=✗
Hints: appended to 0 level(s); 0 hint file(s) changed on disk.
Result: solved=0/7, solvedBeforeFallback=0, fallbackOnly=0, unsolved=7
Wrote logs/family-census/solve-R02458-sym.json
Wrote logs/family-census/solve-R02458-sym-summary.md
[00:46:53] DONE R02458
[00:46:53] START R02499
Parent R02499: witness stressMeta.witnessSolution (len 139, 7 jump(s)), 57 movable object instance(s) under strict inventory.
  attempt 1: accepted F02499-lm-01 — moved geese (11,0) -> (4,7)
  attempt 2: accepted F02499-lm-02 — moved blocks (0,10) -> (3,13)
  attempt 3: accepted F02499-lm-03 — moved statue (3,8) -> (4,4)
  attempt 4: accepted F02499-lm-04 — moved geese (5,5) -> (3,13)
  attempt 5: accepted F02499-lm-05 — moved blocks (13,3) -> (12,12)
  attempt 6: accepted F02499-lm-06 — moved blocks (1,12) -> (4,7)
  attempt 7: accepted F02499-lm-07 — moved falseGoals (2,13) -> (10,0)
  attempt 8: accepted F02499-lm-08 — moved lamppost (12,8) -> (1,10)
  attempt 9: accepted F02499-lm-09 — moved flippingFilters (4,5) -> (3,13)
  attempt 10: accepted F02499-lm-10 — moved flippingFilters (10,7) -> (11,12)
  attempt 11: accepted F02499-lm-11 — moved geese (11,0) -> (12,4)
  attempt 12: accepted F02499-lm-12 — moved flippingFilters (4,8) -> (3,12)
  attempt 13: accepted F02499-lm-13 — moved flippingFilters (2,9) -> (4,6)
  attempt 14: accepted F02499-lm-14 — moved geese (0,13) -> (12,4)
  attempt 15: accepted F02499-lm-15 — moved flippingFilters (13,12) -> (3,12)

15/15 new local-mutant sibling(s) generated for R02499 in 15 attempt(s) (budget 600); 15 total in data/families/family-R02499-lm.json.
Wrote 15 level(s) total to data/families/family-R02499-lm.json (changed=true), 15 hint file(s) written to data/families/hints/.
Wrote family manifest to data/families/family-R02499-lm-manifest.json (15 variant(s) total).
Parent R02499: witness stressMeta.witnessSolution (len 139, 7 jump(s)), 57 movable object instance(s) under strict inventory.
  variant 1 (rotation): accepted F02499-sym-01
  variant 2 (rotation): accepted F02499-sym-02
  variant 3 (rotation): accepted F02499-sym-03
  variant 4 (reflection): accepted F02499-sym-04
  variant 5 (reflection): accepted F02499-sym-05
  variant 6 (reflection): accepted F02499-sym-06
  variant 7 (reflection): accepted F02499-sym-07

7/7 new symmetry sibling(s) generated for R02499 in 7 attempt(s) (budget 7); 7 total in data/families/family-R02499-sym.json.
Wrote 7 level(s) total to data/families/family-R02499-sym.json (changed=true), 7 hint file(s) written to data/families/hints/.
Wrote family manifest to data/families/family-R02499-sym-manifest.json (7 variant(s) total).
portfolio-solve-sweep: corpus=data/families/family-R02499-lm.json levels=15 (15 to solve) scheduler-mode=legacy budget=8000ms node-budget=20000000 workers=4 save-hints=true
  [1/15] L4 (F02499-lm-04) ok=✗
  [2/15] L1 (F02499-lm-01) ok=✗
  [3/15] L2 (F02499-lm-02) ok=✗
  [4/15] L3 (F02499-lm-03) ok=✗
  [5/15] L5 (F02499-lm-05) ok=✗
  [6/15] L6 (F02499-lm-06) ok=✗
  [7/15] L7 (F02499-lm-07) ok=✗
  [8/15] L8 (F02499-lm-08) ok=✗
  [9/15] L10 (F02499-lm-10) ok=✗
  [10/15] L9 (F02499-lm-09) ok=✗
  [11/15] L11 (F02499-lm-11) ok=✗
  [12/15] L12 (F02499-lm-12) ok=✗
  [13/15] L15 (F02499-lm-15) ok=✗
  [14/15] L13 (F02499-lm-13) ok=✗
  [15/15] L14 (F02499-lm-14) ok=✗
Hints: appended to 0 level(s); 0 hint file(s) changed on disk.
Result: solved=0/15, solvedBeforeFallback=0, fallbackOnly=0, unsolved=15
Wrote logs/family-census/solve-R02499-lm.json
Wrote logs/family-census/solve-R02499-lm-summary.md
portfolio-solve-sweep: corpus=data/families/family-R02499-sym.json levels=7 (7 to solve) scheduler-mode=legacy budget=8000ms node-budget=20000000 workers=4 save-hints=true
  [1/7] L1 (F02499-sym-01) ok=✗
  [2/7] L3 (F02499-sym-03) ok=✗
  [3/7] L2 (F02499-sym-02) ok=✗
  [4/7] L4 (F02499-sym-04) ok=✗
  [5/7] L7 (F02499-sym-07) ok=✗
  [6/7] L6 (F02499-sym-06) ok=✗
  [7/7] L5 (F02499-sym-05) ok=✗
Hints: appended to 0 level(s); 0 hint file(s) changed on disk.
Result: solved=0/7, solvedBeforeFallback=0, fallbackOnly=0, unsolved=7
Wrote logs/family-census/solve-R02499-sym.json
Wrote logs/family-census/solve-R02499-sym-summary.md
[00:51:39] DONE R02499
[00:51:39] START R02535
Parent R02535: witness stressMeta.witnessSolution (len 122, 5 jump(s)), 33 movable object instance(s) under strict inventory.
  attempt 1: accepted F02535-lm-01 — moved geese (5,8) -> (6,10)
  attempt 2: accepted F02535-lm-02 — moved park (10,8) -> (5,1)
  attempt 3: accepted F02535-lm-03 — moved blocks (13,0) -> (10,0)
  attempt 4: accepted F02535-lm-04 — moved blocks (11,8) -> (3,13)
  attempt 5: accepted F02535-lm-05 — moved blocks (13,4) -> (1,0)
  attempt 6: accepted F02535-lm-06 — moved blocks (11,0) -> (1,6)
  attempt 7: accepted F02535-lm-07 — moved geese (5,9) -> (2,8)
  attempt 8: accepted F02535-lm-08 — moved blocks (4,6) -> (3,8)
  attempt 9: accepted F02535-lm-09 — moved market (8,5) -> (1,10)
  attempt 10: accepted F02535-lm-10 — moved blocks (5,4) -> (3,13)
  attempt 11: accepted F02535-lm-11 — moved geese (3,0) -> (11,10)
  attempt 12: accepted F02535-lm-12 — moved geese (6,7) -> (11,10)
  attempt 13: accepted F02535-lm-13 — moved blocks (11,0) -> (6,10)
  attempt 14: accepted F02535-lm-14 — moved blocks (10,5) -> (11,9)
  attempt 15: accepted F02535-lm-15 — moved blocks (4,6) -> (3,9)

15/15 new local-mutant sibling(s) generated for R02535 in 15 attempt(s) (budget 600); 15 total in data/families/family-R02535-lm.json.
Wrote 15 level(s) total to data/families/family-R02535-lm.json (changed=true), 15 hint file(s) written to data/families/hints/.
Wrote family manifest to data/families/family-R02535-lm-manifest.json (15 variant(s) total).
Parent R02535: witness stressMeta.witnessSolution (len 122, 5 jump(s)), 33 movable object instance(s) under strict inventory.
  variant 1 (rotation): accepted F02535-sym-01
  variant 2 (rotation): accepted F02535-sym-02
  variant 3 (rotation): accepted F02535-sym-03
  variant 4 (reflection): accepted F02535-sym-04
  variant 5 (reflection): accepted F02535-sym-05
  variant 6 (reflection): accepted F02535-sym-06
  variant 7 (reflection): accepted F02535-sym-07

7/7 new symmetry sibling(s) generated for R02535 in 7 attempt(s) (budget 7); 7 total in data/families/family-R02535-sym.json.
Wrote 7 level(s) total to data/families/family-R02535-sym.json (changed=true), 7 hint file(s) written to data/families/hints/.
Wrote family manifest to data/families/family-R02535-sym-manifest.json (7 variant(s) total).
portfolio-solve-sweep: corpus=data/families/family-R02535-lm.json levels=15 (15 to solve) scheduler-mode=legacy budget=8000ms node-budget=20000000 workers=4 save-hints=true
  [1/15] L2 (F02535-lm-02) ok=✓ legacy [hint saved]
  [2/15] L3 (F02535-lm-03) ok=✗
  [3/15] L4 (F02535-lm-04) ok=✗
  [4/15] L1 (F02535-lm-01) ok=✗
  [5/15] L5 (F02535-lm-05) ok=✗
  [6/15] L9 (F02535-lm-09) ok=✓ legacy [hint saved]
  [7/15] L8 (F02535-lm-08) ok=✓ legacy [hint saved]
  [8/15] L6 (F02535-lm-06) ok=✗
  [9/15] L7 (F02535-lm-07) ok=✗
  [10/15] L10 (F02535-lm-10) ok=✗
  [11/15] L11 (F02535-lm-11) ok=✗
  [12/15] L14 (F02535-lm-14) ok=✓ legacy [hint saved]
  [13/15] L12 (F02535-lm-12) ok=✗
  [14/15] L13 (F02535-lm-13) ok=✗
  [15/15] L15 (F02535-lm-15) ok=✗
Hints: appended to 4 level(s); 4 hint file(s) changed on disk.
Result: solved=4/15, solvedBeforeFallback=0, fallbackOnly=4, unsolved=11
Wrote logs/family-census/solve-R02535-lm.json
Wrote logs/family-census/solve-R02535-lm-summary.md
portfolio-solve-sweep: corpus=data/families/family-R02535-sym.json levels=7 (7 to solve) scheduler-mode=legacy budget=8000ms node-budget=20000000 workers=4 save-hints=true
  [1/7] L4 (F02535-sym-04) ok=✓ legacy [hint saved]
  [2/7] L5 (F02535-sym-05) ok=✓ legacy [hint saved]
  [3/7] L2 (F02535-sym-02) ok=✗
  [4/7] L3 (F02535-sym-03) ok=✗
  [5/7] L1 (F02535-sym-01) ok=✗
  [6/7] L6 (F02535-sym-06) ok=✗
  [7/7] L7 (F02535-sym-07) ok=✗
Hints: appended to 2 level(s); 2 hint file(s) changed on disk.
Result: solved=2/7, solvedBeforeFallback=0, fallbackOnly=2, unsolved=5
Wrote logs/family-census/solve-R02535-sym.json
Wrote logs/family-census/solve-R02535-sym-summary.md
[00:55:04] DONE R02535
[00:55:04] START R02570
Parent R02570: witness hint[0] (len 61, 6 jump(s)), 39 movable object instance(s) under strict inventory.
  attempt 1: accepted F02570-lm-01 — moved falseGoals (7,6) -> (10,1)
  attempt 2: accepted F02570-lm-02 — moved falseGoals (10,5) -> (0,2)
  attempt 3: accepted F02570-lm-03 — moved mustPass (8,7) -> (5,2)
  attempt 4: accepted F02570-lm-04 — moved geese (1,6) -> (4,10)
  attempt 5: accepted F02570-lm-05 — moved mustPass (8,8) -> (1,5)
  attempt 6: accepted F02570-lm-06 — moved library (4,9) -> (9,2)
  attempt 7: accepted F02570-lm-07 — moved geese (1,10) -> (0,10)
  attempt 8: accepted F02570-lm-08 — moved falseGoals (8,6) -> (10,0)
  attempt 9: accepted F02570-lm-09 — moved mustPass (6,0) -> (0,4)
  attempt 10: accepted F02570-lm-10 — moved mustPass (9,9) -> (6,5)
  attempt 11: accepted F02570-lm-11 — moved mustPass (7,0) -> (9,10)
  attempt 12: accepted F02570-lm-12 — moved falseGoals (5,9) -> (9,6)
  attempt 13: accepted F02570-lm-13 — moved lamppost (6,7) -> (6,10)
  attempt 14: accepted F02570-lm-14 — moved flippingFilters (6,4) -> (0,8)
  attempt 15: accepted F02570-lm-15 — moved mustPass (3,4) -> (0,4)

15/15 new local-mutant sibling(s) generated for R02570 in 15 attempt(s) (budget 600); 15 total in data/families/family-R02570-lm.json.
Wrote 15 level(s) total to data/families/family-R02570-lm.json (changed=true), 15 hint file(s) written to data/families/hints/.
Wrote family manifest to data/families/family-R02570-lm-manifest.json (15 variant(s) total).
Parent R02570: witness hint[0] (len 61, 6 jump(s)), 39 movable object instance(s) under strict inventory.
  variant 1 (rotation): accepted F02570-sym-01
  variant 2 (rotation): accepted F02570-sym-02
  variant 3 (rotation): accepted F02570-sym-03
  variant 4 (reflection): accepted F02570-sym-04
  variant 5 (reflection): accepted F02570-sym-05
  variant 6 (reflection): accepted F02570-sym-06
  variant 7 (reflection): accepted F02570-sym-07

7/7 new symmetry sibling(s) generated for R02570 in 7 attempt(s) (budget 7); 7 total in data/families/family-R02570-sym.json.
Wrote 7 level(s) total to data/families/family-R02570-sym.json (changed=true), 7 hint file(s) written to data/families/hints/.
Wrote family manifest to data/families/family-R02570-sym-manifest.json (7 variant(s) total).
portfolio-solve-sweep: corpus=data/families/family-R02570-lm.json levels=15 (15 to solve) scheduler-mode=legacy budget=8000ms node-budget=20000000 workers=4 save-hints=true
  [1/15] L2 (F02570-lm-02) ok=✗
  [2/15] L1 (F02570-lm-01) ok=✗
  [3/15] L3 (F02570-lm-03) ok=✗
  [4/15] L4 (F02570-lm-04) ok=✗
  [5/15] L6 (F02570-lm-06) ok=✗
  [6/15] L7 (F02570-lm-07) ok=✗
  [7/15] L5 (F02570-lm-05) ok=✗
  [8/15] L8 (F02570-lm-08) ok=✗
  [9/15] L9 (F02570-lm-09) ok=✗
  [10/15] L10 (F02570-lm-10) ok=✗
  [11/15] L12 (F02570-lm-12) ok=✗
  [12/15] L11 (F02570-lm-11) ok=✗
  [13/15] L13 (F02570-lm-13) ok=✗
  [14/15] L14 (F02570-lm-14) ok=✗
  [15/15] L15 (F02570-lm-15) ok=✗
Hints: appended to 0 level(s); 0 hint file(s) changed on disk.
Result: solved=0/15, solvedBeforeFallback=0, fallbackOnly=0, unsolved=15
Wrote logs/family-census/solve-R02570-lm.json
Wrote logs/family-census/solve-R02570-lm-summary.md
portfolio-solve-sweep: corpus=data/families/family-R02570-sym.json levels=7 (7 to solve) scheduler-mode=legacy budget=8000ms node-budget=20000000 workers=4 save-hints=true
  [1/7] L4 (F02570-sym-04) ok=✗
  [2/7] L1 (F02570-sym-01) ok=✗
  [3/7] L2 (F02570-sym-02) ok=✗
  [4/7] L3 (F02570-sym-03) ok=✗
  [5/7] L7 (F02570-sym-07) ok=✗
  [6/7] L6 (F02570-sym-06) ok=✗
  [7/7] L5 (F02570-sym-05) ok=✗
Hints: appended to 0 level(s); 0 hint file(s) changed on disk.
Result: solved=0/7, solvedBeforeFallback=0, fallbackOnly=0, unsolved=7
Wrote logs/family-census/solve-R02570-sym.json
Wrote logs/family-census/solve-R02570-sym-summary.md
[00:56:23] DONE R02570
[00:56:23] START R02610
Parent R02610: witness stressMeta.witnessSolution (len 94, 7 jump(s)), 38 movable object instance(s) under strict inventory.
  attempt 1: accepted F02610-lm-01 — moved blocks (4,1) -> (1,2)
  attempt 2: accepted F02610-lm-02 — moved blocks (5,4) -> (5,6)
  attempt 3: accepted F02610-lm-03 — moved blocks (11,3) -> (2,0)
  attempt 4: accepted F02610-lm-04 — moved geese (10,5) -> (4,5)
  attempt 5: accepted F02610-lm-05 — moved blocks (0,5) -> (1,8)
  attempt 6: accepted F02610-lm-06 — moved blocks (0,4) -> (11,6)
  attempt 7: accepted F02610-lm-07 — moved blocks (0,5) -> (5,8)
  attempt 8: accepted F02610-lm-08 — moved flippingFilters (5,3) -> (11,5)
  attempt 9: accepted F02610-lm-09 — moved flippingFilters (2,4) -> (0,0)
  attempt 10: accepted F02610-lm-10 — moved geese (6,5) -> (1,1)
  attempt 11: accepted F02610-lm-11 — moved geese (1,0) -> (5,8)
  attempt 12: accepted F02610-lm-12 — moved geese (1,0) -> (0,0)
  attempt 13: accepted F02610-lm-13 — moved mustPass (8,4) -> (11,1)
  attempt 14: accepted F02610-lm-14 — moved flippingFilters (6,11) -> (8,3)
  attempt 15: accepted F02610-lm-15 — moved blocks (0,4) -> (5,6)

15/15 new local-mutant sibling(s) generated for R02610 in 15 attempt(s) (budget 600); 15 total in data/families/family-R02610-lm.json.
Wrote 15 level(s) total to data/families/family-R02610-lm.json (changed=true), 15 hint file(s) written to data/families/hints/.
Wrote family manifest to data/families/family-R02610-lm-manifest.json (15 variant(s) total).
Parent R02610: witness stressMeta.witnessSolution (len 94, 7 jump(s)), 38 movable object instance(s) under strict inventory.
  variant 1 (rotation): accepted F02610-sym-01
  variant 2 (rotation): accepted F02610-sym-02
  variant 3 (rotation): accepted F02610-sym-03
  variant 4 (reflection): accepted F02610-sym-04
  variant 5 (reflection): accepted F02610-sym-05
  variant 6 (reflection): accepted F02610-sym-06
  variant 7 (reflection): accepted F02610-sym-07

7/7 new symmetry sibling(s) generated for R02610 in 7 attempt(s) (budget 7); 7 total in data/families/family-R02610-sym.json.
Wrote 7 level(s) total to data/families/family-R02610-sym.json (changed=true), 7 hint file(s) written to data/families/hints/.
Wrote family manifest to data/families/family-R02610-sym-manifest.json (7 variant(s) total).
portfolio-solve-sweep: corpus=data/families/family-R02610-lm.json levels=15 (15 to solve) scheduler-mode=legacy budget=8000ms node-budget=20000000 workers=4 save-hints=true
  [1/15] L3 (F02610-lm-03) ok=✗
  [2/15] L1 (F02610-lm-01) ok=✗
  [3/15] L2 (F02610-lm-02) ok=✗
  [4/15] L4 (F02610-lm-04) ok=✗
  [5/15] L7 (F02610-lm-07) ok=✗
  [6/15] L5 (F02610-lm-05) ok=✗
  [7/15] L6 (F02610-lm-06) ok=✗
  [8/15] L8 (F02610-lm-08) ok=✗
  [9/15] L10 (F02610-lm-10) ok=✗
  [10/15] L9 (F02610-lm-09) ok=✗
  [11/15] L11 (F02610-lm-11) ok=✗
  [12/15] L12 (F02610-lm-12) ok=✗
  [13/15] L13 (F02610-lm-13) ok=✗
  [14/15] L15 (F02610-lm-15) ok=✗
  [15/15] L14 (F02610-lm-14) ok=✗
Hints: appended to 0 level(s); 0 hint file(s) changed on disk.
Result: solved=0/15, solvedBeforeFallback=0, fallbackOnly=0, unsolved=15
Wrote logs/family-census/solve-R02610-lm.json
Wrote logs/family-census/solve-R02610-lm-summary.md
portfolio-solve-sweep: corpus=data/families/family-R02610-sym.json levels=7 (7 to solve) scheduler-mode=legacy budget=8000ms node-budget=20000000 workers=4 save-hints=true
  [1/7] L1 (F02610-sym-01) ok=✗
  [2/7] L4 (F02610-sym-04) ok=✗
  [3/7] L3 (F02610-sym-03) ok=✗
  [4/7] L2 (F02610-sym-02) ok=✗
  [5/7] L6 (F02610-sym-06) ok=✗
  [6/7] L7 (F02610-sym-07) ok=✗
  [7/7] L5 (F02610-sym-05) ok=✗
Hints: appended to 0 level(s); 0 hint file(s) changed on disk.
Result: solved=0/7, solvedBeforeFallback=0, fallbackOnly=0, unsolved=7
Wrote logs/family-census/solve-R02610-sym.json
Wrote logs/family-census/solve-R02610-sym-summary.md
[00:58:52] DONE R02610
[00:58:52] START R02643
Parent R02643: witness stressMeta.witnessSolution (len 115, 0 jump(s)), 45 movable object instance(s) under strict inventory.
  attempt 1: accepted F02643-lm-01 — moved blocks (10,2) -> (10,11)
  attempt 2: accepted F02643-lm-02 — moved blocks (4,2) -> (9,4)
  attempt 3: accepted F02643-lm-03 — moved blocks (3,5) -> (6,2)
  attempt 4: accepted F02643-lm-04 — moved blocks (10,1) -> (7,3)
  attempt 5: accepted F02643-lm-05 — moved blocks (4,6) -> (0,12)
  attempt 6: accepted F02643-lm-06 — moved blocks (7,2) -> (7,3)
  attempt 7: accepted F02643-lm-07 — moved blocks (10,4) -> (5,12)
  attempt 8: accepted F02643-lm-08 — moved lamppost (0,11) -> (6,4)
  attempt 9: accepted F02643-lm-09 — moved blocks (3,6) -> (8,4)
  attempt 10: accepted F02643-lm-10 — moved blocks (1,5) -> (2,11)
  attempt 11: accepted F02643-lm-11 — moved blocks (9,2) -> (5,5)
  attempt 12: accepted F02643-lm-12 — moved market (2,5) -> (2,4)
  attempt 13: accepted F02643-lm-13 — moved blocks (7,4) -> (5,12)
  attempt 14: accepted F02643-lm-14 — moved market (5,4) -> (4,7)
  attempt 15: accepted F02643-lm-15 — moved library (4,8) -> (9,8)

15/15 new local-mutant sibling(s) generated for R02643 in 15 attempt(s) (budget 600); 15 total in data/families/family-R02643-lm.json.
Wrote 15 level(s) total to data/families/family-R02643-lm.json (changed=true), 15 hint file(s) written to data/families/hints/.
Wrote family manifest to data/families/family-R02643-lm-manifest.json (15 variant(s) total).
Parent R02643: witness stressMeta.witnessSolution (len 115, 0 jump(s)), 45 movable object instance(s) under strict inventory.
  variant 1 (rotation): accepted F02643-sym-01
  variant 2 (rotation): accepted F02643-sym-02
  variant 3 (rotation): accepted F02643-sym-03
  variant 4 (reflection): accepted F02643-sym-04
  variant 5 (reflection): accepted F02643-sym-05
  variant 6 (reflection): accepted F02643-sym-06
  variant 7 (reflection): accepted F02643-sym-07

7/7 new symmetry sibling(s) generated for R02643 in 7 attempt(s) (budget 7); 7 total in data/families/family-R02643-sym.json.
Wrote 7 level(s) total to data/families/family-R02643-sym.json (changed=true), 7 hint file(s) written to data/families/hints/.
Wrote family manifest to data/families/family-R02643-sym-manifest.json (7 variant(s) total).
portfolio-solve-sweep: corpus=data/families/family-R02643-lm.json levels=15 (15 to solve) scheduler-mode=legacy budget=8000ms node-budget=20000000 workers=4 save-hints=true
  [1/15] L4 (F02643-lm-04) ok=✗
  [2/15] L1 (F02643-lm-01) ok=✗
  [3/15] L3 (F02643-lm-03) ok=✗
  [4/15] L2 (F02643-lm-02) ok=✗
  [5/15] L7 (F02643-lm-07) ok=✗
  [6/15] L5 (F02643-lm-05) ok=✗
  [7/15] L6 (F02643-lm-06) ok=✗
  [8/15] L8 (F02643-lm-08) ok=✗
  [9/15] L9 (F02643-lm-09) ok=✗
  [10/15] L10 (F02643-lm-10) ok=✗
  [11/15] L11 (F02643-lm-11) ok=✗
  [12/15] L12 (F02643-lm-12) ok=✗
  [13/15] L14 (F02643-lm-14) ok=✗
  [14/15] L13 (F02643-lm-13) ok=✗
  [15/15] L15 (F02643-lm-15) ok=✗
Hints: appended to 0 level(s); 0 hint file(s) changed on disk.
Result: solved=0/15, solvedBeforeFallback=0, fallbackOnly=0, unsolved=15
Wrote logs/family-census/solve-R02643-lm.json
Wrote logs/family-census/solve-R02643-lm-summary.md
portfolio-solve-sweep: corpus=data/families/family-R02643-sym.json levels=7 (7 to solve) scheduler-mode=legacy budget=8000ms node-budget=20000000 workers=4 save-hints=true
  [1/7] L2 (F02643-sym-02) ok=✗
  [2/7] L3 (F02643-sym-03) ok=✗
  [3/7] L1 (F02643-sym-01) ok=✗
  [4/7] L4 (F02643-sym-04) ok=✗
  [5/7] L5 (F02643-sym-05) ok=✗
  [6/7] L7 (F02643-sym-07) ok=✗
  [7/7] L6 (F02643-sym-06) ok=✗
Hints: appended to 0 level(s); 0 hint file(s) changed on disk.
Result: solved=0/7, solvedBeforeFallback=0, fallbackOnly=0, unsolved=7
Wrote logs/family-census/solve-R02643-sym.json
Wrote logs/family-census/solve-R02643-sym-summary.md
[01:02:31] DONE R02643
[01:02:31] START R02690
Parent R02690: witness stressMeta.witnessSolution (len 135, 4 jump(s)), 38 movable object instance(s) under strict inventory.
  attempt 1: accepted F02690-lm-01 — moved blocks (11,9) -> (10,3)
  attempt 2: accepted F02690-lm-02 — moved blocks (4,0) -> (5,6)
  attempt 3: accepted F02690-lm-03 — moved fountain (2,1) -> (3,9)
  attempt 4: accepted F02690-lm-04 — moved blocks (4,7) -> (12,2)
  attempt 5: accepted F02690-lm-05 — moved blocks (1,2) -> (12,13)
  attempt 6: accepted F02690-lm-06 — moved blocks (2,7) -> (4,6)
  attempt 7: accepted F02690-lm-07 — moved market (1,1) -> (4,4)
  attempt 8: accepted F02690-lm-08 — moved mustCross (1,9) -> (10,5)
  attempt 9: accepted F02690-lm-09 — moved mustPass (10,10) -> (4,4)
  attempt 10: accepted F02690-lm-10 — moved blocks (11,4) -> (11,11)
  attempt 11: accepted F02690-lm-11 — moved blocks (7,1) -> (6,5)
  attempt 12: accepted F02690-lm-12 — moved blocks (2,13) -> (9,1)
  attempt 13: accepted F02690-lm-13 — moved mustCross (7,8) -> (10,5)
  attempt 14: accepted F02690-lm-14 — moved blocks (7,1) -> (8,1)
  attempt 15: accepted F02690-lm-15 — moved market (1,1) -> (1,3)

15/15 new local-mutant sibling(s) generated for R02690 in 15 attempt(s) (budget 600); 15 total in data/families/family-R02690-lm.json.
Wrote 15 level(s) total to data/families/family-R02690-lm.json (changed=true), 15 hint file(s) written to data/families/hints/.
Wrote family manifest to data/families/family-R02690-lm-manifest.json (15 variant(s) total).
Parent R02690: witness stressMeta.witnessSolution (len 135, 4 jump(s)), 38 movable object instance(s) under strict inventory.
  variant 1 (rotation): accepted F02690-sym-01
  variant 2 (rotation): accepted F02690-sym-02
  variant 3 (rotation): accepted F02690-sym-03
  variant 4 (reflection): accepted F02690-sym-04
  variant 5 (reflection): accepted F02690-sym-05
  variant 6 (reflection): accepted F02690-sym-06
  variant 7 (reflection): accepted F02690-sym-07

7/7 new symmetry sibling(s) generated for R02690 in 7 attempt(s) (budget 7); 7 total in data/families/family-R02690-sym.json.
Wrote 7 level(s) total to data/families/family-R02690-sym.json (changed=true), 7 hint file(s) written to data/families/hints/.
Wrote family manifest to data/families/family-R02690-sym-manifest.json (7 variant(s) total).
portfolio-solve-sweep: corpus=data/families/family-R02690-lm.json levels=15 (15 to solve) scheduler-mode=legacy budget=8000ms node-budget=20000000 workers=4 save-hints=true
  [1/15] L2 (F02690-lm-02) ok=✗
  [2/15] L1 (F02690-lm-01) ok=✗
  [3/15] L4 (F02690-lm-04) ok=✗
  [4/15] L3 (F02690-lm-03) ok=✗
  [5/15] L8 (F02690-lm-08) ok=✗
  [6/15] L5 (F02690-lm-05) ok=✗
  [7/15] L6 (F02690-lm-06) ok=✗
  [8/15] L7 (F02690-lm-07) ok=✗
  [9/15] L9 (F02690-lm-09) ok=✗
  [10/15] L12 (F02690-lm-12) ok=✗
  [11/15] L10 (F02690-lm-10) ok=✗
  [12/15] L11 (F02690-lm-11) ok=✗
  [13/15] L15 (F02690-lm-15) ok=✗
  [14/15] L14 (F02690-lm-14) ok=✗
  [15/15] L13 (F02690-lm-13) ok=✗
Hints: appended to 0 level(s); 0 hint file(s) changed on disk.
Result: solved=0/15, solvedBeforeFallback=0, fallbackOnly=0, unsolved=15
Wrote logs/family-census/solve-R02690-lm.json
Wrote logs/family-census/solve-R02690-lm-summary.md
portfolio-solve-sweep: corpus=data/families/family-R02690-sym.json levels=7 (7 to solve) scheduler-mode=legacy budget=8000ms node-budget=20000000 workers=4 save-hints=true
  [1/7] L4 (F02690-sym-04) ok=✗
  [2/7] L3 (F02690-sym-03) ok=✗
  [3/7] L1 (F02690-sym-01) ok=✗
  [4/7] L2 (F02690-sym-02) ok=✗
  [5/7] L5 (F02690-sym-05) ok=✗
  [6/7] L6 (F02690-sym-06) ok=✗
  [7/7] L7 (F02690-sym-07) ok=✗
Hints: appended to 0 level(s); 0 hint file(s) changed on disk.
Result: solved=0/7, solvedBeforeFallback=0, fallbackOnly=0, unsolved=7
Wrote logs/family-census/solve-R02690-sym.json
Wrote logs/family-census/solve-R02690-sym-summary.md
[01:06:27] DONE R02690
[01:06:27] START R02735
Parent R02735: witness hint[0] (len 70, 0 jump(s)), 44 movable object instance(s) under strict inventory.
  attempt 1: accepted F02735-lm-01 — moved falseGoals (7,0) -> (1,2)
  attempt 2: accepted F02735-lm-02 — moved blocks (0,3) -> (8,10)
  attempt 3: accepted F02735-lm-03 — moved blocks (10,10) -> (0,9)
  attempt 4: accepted F02735-lm-04 — moved statue (9,10) -> (6,4)
  attempt 5: accepted F02735-lm-05 — moved blocks (2,7) -> (7,10)
  attempt 6: accepted F02735-lm-06 — moved blocks (1,5) -> (2,2)
  attempt 7: accepted F02735-lm-07 — moved blocks (8,6) -> (8,0)
  attempt 8: accepted F02735-lm-08 — moved blocks (10,4) -> (0,9)
  attempt 9: accepted F02735-lm-09 — moved statue (2,6) -> (8,0)
  attempt 10: accepted F02735-lm-10 — moved blocks (2,1) -> (6,4)
  attempt 11: accepted F02735-lm-11 — moved falseGoals (1,0) -> (1,1)
  attempt 12: accepted F02735-lm-12 — moved blocks (5,8) -> (7,10)
  attempt 13: accepted F02735-lm-13 — moved blocks (10,4) -> (8,10)
  attempt 14: accepted F02735-lm-14 — moved flippingFilters (3,0) -> (9,1)
  attempt 15: accepted F02735-lm-15 — moved library (9,3) -> (10,8)

15/15 new local-mutant sibling(s) generated for R02735 in 15 attempt(s) (budget 600); 15 total in data/families/family-R02735-lm.json.
Wrote 15 level(s) total to data/families/family-R02735-lm.json (changed=true), 15 hint file(s) written to data/families/hints/.
Wrote family manifest to data/families/family-R02735-lm-manifest.json (15 variant(s) total).
Parent R02735: witness hint[0] (len 70, 0 jump(s)), 44 movable object instance(s) under strict inventory.
  variant 1 (rotation): accepted F02735-sym-01
  variant 2 (rotation): accepted F02735-sym-02
  variant 3 (rotation): accepted F02735-sym-03
  variant 4 (reflection): accepted F02735-sym-04
  variant 5 (reflection): accepted F02735-sym-05
  variant 6 (reflection): accepted F02735-sym-06
  variant 7 (reflection): accepted F02735-sym-07

7/7 new symmetry sibling(s) generated for R02735 in 7 attempt(s) (budget 7); 7 total in data/families/family-R02735-sym.json.
Wrote 7 level(s) total to data/families/family-R02735-sym.json (changed=true), 7 hint file(s) written to data/families/hints/.
Wrote family manifest to data/families/family-R02735-sym-manifest.json (7 variant(s) total).
portfolio-solve-sweep: corpus=data/families/family-R02735-lm.json levels=15 (15 to solve) scheduler-mode=legacy budget=8000ms node-budget=20000000 workers=4 save-hints=true
  [1/15] L3 (F02735-lm-03) ok=✗
  [2/15] L2 (F02735-lm-02) ok=✗
  [3/15] L4 (F02735-lm-04) ok=✗
  [4/15] L1 (F02735-lm-01) ok=✗
  [5/15] L7 (F02735-lm-07) ok=✗
  [6/15] L6 (F02735-lm-06) ok=✗
  [7/15] L5 (F02735-lm-05) ok=✗
  [8/15] L8 (F02735-lm-08) ok=✗
  [9/15] L9 (F02735-lm-09) ok=✗
  [10/15] L11 (F02735-lm-11) ok=✗
  [11/15] L10 (F02735-lm-10) ok=✗
  [12/15] L12 (F02735-lm-12) ok=✗
  [13/15] L14 (F02735-lm-14) ok=✗
  [14/15] L13 (F02735-lm-13) ok=✗
  [15/15] L15 (F02735-lm-15) ok=✗
Hints: appended to 0 level(s); 0 hint file(s) changed on disk.
Result: solved=0/15, solvedBeforeFallback=0, fallbackOnly=0, unsolved=15
Wrote logs/family-census/solve-R02735-lm.json
Wrote logs/family-census/solve-R02735-lm-summary.md
portfolio-solve-sweep: corpus=data/families/family-R02735-sym.json levels=7 (7 to solve) scheduler-mode=legacy budget=8000ms node-budget=20000000 workers=4 save-hints=true
  [1/7] L1 (F02735-sym-01) ok=✗
  [2/7] L2 (F02735-sym-02) ok=✗
  [3/7] L4 (F02735-sym-04) ok=✗
  [4/7] L3 (F02735-sym-03) ok=✗
  [5/7] L5 (F02735-sym-05) ok=✗
  [6/7] L7 (F02735-sym-07) ok=✗
  [7/7] L6 (F02735-sym-06) ok=✗
Hints: appended to 0 level(s); 0 hint file(s) changed on disk.
Result: solved=0/7, solvedBeforeFallback=0, fallbackOnly=0, unsolved=7
Wrote logs/family-census/solve-R02735-sym.json
Wrote logs/family-census/solve-R02735-sym-summary.md
[01:07:48] DONE R02735
[01:07:48] START R02769
Parent R02769: witness stressMeta.witnessSolution (len 138, 6 jump(s)), 46 movable object instance(s) under strict inventory.
  attempt 1: accepted F02769-lm-01 — moved geese (8,3) -> (14,2)
  attempt 2: accepted F02769-lm-02 — moved market (7,9) -> (8,12)
  attempt 3: accepted F02769-lm-03 — moved lamppost (5,7) -> (13,2)
  attempt 4: accepted F02769-lm-04 — moved mustPass (1,14) -> (12,8)
  attempt 5: accepted F02769-lm-05 — moved lamppost (2,12) -> (10,9)
  attempt 6: accepted F02769-lm-06 — moved statue (0,6) -> (12,2)
  attempt 7: accepted F02769-lm-07 — moved mustPass (1,14) -> (12,6)
  attempt 8: accepted F02769-lm-08 — moved lamppost (3,1) -> (10,9)
  attempt 9: accepted F02769-lm-09 — moved blocks (2,4) -> (10,14)
  attempt 10: accepted F02769-lm-10 — moved blocks (0,0) -> (9,1)
  attempt 11: accepted F02769-lm-11 — moved fountain (6,2) -> (14,7)
  attempt 12: accepted F02769-lm-12 — moved statue (0,11) -> (1,6)
  attempt 13: accepted F02769-lm-13 — moved blocks (14,12) -> (5,4)
  attempt 14: accepted F02769-lm-14 — moved statue (8,10) -> (14,7)
  attempt 15: accepted F02769-lm-15 — moved blocks (1,3) -> (13,14)

15/15 new local-mutant sibling(s) generated for R02769 in 15 attempt(s) (budget 600); 15 total in data/families/family-R02769-lm.json.
Wrote 15 level(s) total to data/families/family-R02769-lm.json (changed=true), 15 hint file(s) written to data/families/hints/.
Wrote family manifest to data/families/family-R02769-lm-manifest.json (15 variant(s) total).
Parent R02769: witness stressMeta.witnessSolution (len 138, 6 jump(s)), 46 movable object instance(s) under strict inventory.
  variant 1 (rotation): accepted F02769-sym-01
  variant 2 (rotation): accepted F02769-sym-02
  variant 3 (rotation): accepted F02769-sym-03
  variant 4 (reflection): accepted F02769-sym-04
  variant 5 (reflection): accepted F02769-sym-05
  variant 6 (reflection): accepted F02769-sym-06
  variant 7 (reflection): accepted F02769-sym-07

7/7 new symmetry sibling(s) generated for R02769 in 7 attempt(s) (budget 7); 7 total in data/families/family-R02769-sym.json.
Wrote 7 level(s) total to data/families/family-R02769-sym.json (changed=true), 7 hint file(s) written to data/families/hints/.
Wrote family manifest to data/families/family-R02769-sym-manifest.json (7 variant(s) total).
portfolio-solve-sweep: corpus=data/families/family-R02769-lm.json levels=15 (15 to solve) scheduler-mode=legacy budget=8000ms node-budget=20000000 workers=4 save-hints=true
  [1/15] L2 (F02769-lm-02) ok=✗
  [2/15] L4 (F02769-lm-04) ok=✗
  [3/15] L3 (F02769-lm-03) ok=✗
  [4/15] L1 (F02769-lm-01) ok=✗
  [5/15] L5 (F02769-lm-05) ok=✗
  [6/15] L6 (F02769-lm-06) ok=✗
  [7/15] L8 (F02769-lm-08) ok=✗
  [8/15] L7 (F02769-lm-07) ok=✗
  [9/15] L12 (F02769-lm-12) ok=✗
  [10/15] L10 (F02769-lm-10) ok=✗
  [11/15] L9 (F02769-lm-09) ok=✗
  [12/15] L11 (F02769-lm-11) ok=✗
  [13/15] L15 (F02769-lm-15) ok=✗
  [14/15] L13 (F02769-lm-13) ok=✗
  [15/15] L14 (F02769-lm-14) ok=✗
Hints: appended to 0 level(s); 0 hint file(s) changed on disk.
Result: solved=0/15, solvedBeforeFallback=0, fallbackOnly=0, unsolved=15
Wrote logs/family-census/solve-R02769-lm.json
Wrote logs/family-census/solve-R02769-lm-summary.md
portfolio-solve-sweep: corpus=data/families/family-R02769-sym.json levels=7 (7 to solve) scheduler-mode=legacy budget=8000ms node-budget=20000000 workers=4 save-hints=true
  [1/7] L1 (F02769-sym-01) ok=✗
  [2/7] L4 (F02769-sym-04) ok=✗
  [3/7] L2 (F02769-sym-02) ok=✗
  [4/7] L3 (F02769-sym-03) ok=✗
  [5/7] L5 (F02769-sym-05) ok=✗
  [6/7] L7 (F02769-sym-07) ok=✗
  [7/7] L6 (F02769-sym-06) ok=✗
Hints: appended to 0 level(s); 0 hint file(s) changed on disk.
Result: solved=0/7, solvedBeforeFallback=0, fallbackOnly=0, unsolved=7
Wrote logs/family-census/solve-R02769-sym.json
Wrote logs/family-census/solve-R02769-sym-summary.md
[01:13:07] DONE R02769
[01:13:07] START R02799
Parent R02799: witness stressMeta.witnessSolution (len 87, 0 jump(s)), 49 movable object instance(s) under strict inventory.
  attempt 1: accepted F02799-lm-01 — moved flippingFilters (6,9) -> (2,5)
  attempt 2: accepted F02799-lm-02 — moved library (6,0) -> (4,2)
  attempt 3: accepted F02799-lm-03 — moved flippingFilters (4,10) -> (2,10)
  attempt 4: accepted F02799-lm-04 — moved library (6,0) -> (1,1)
  attempt 5: accepted F02799-lm-05 — moved lamppost (5,8) -> (10,3)
  attempt 6: accepted F02799-lm-06 — moved flippingFilters (4,10) -> (0,5)
  attempt 7: accepted F02799-lm-07 — moved flippingFilters (4,10) -> (2,5)
  attempt 8: rejected — degenerate duplicate of parent or another accepted variant
  attempt 9: accepted F02799-lm-08 — moved flippingFilters (6,9) -> (2,7)
  attempt 10: accepted F02799-lm-09 — moved flippingFilters (7,8) -> (0,4)
  attempt 11: accepted F02799-lm-10 — moved park (6,5) -> (1,7)
  attempt 12: accepted F02799-lm-11 — moved market (4,6) -> (1,0)
  attempt 13: accepted F02799-lm-12 — moved lamppost (5,8) -> (9,0)
  attempt 14: accepted F02799-lm-13 — moved lamppost (5,8) -> (8,1)
  attempt 15: accepted F02799-lm-14 — moved flippingFilters (9,2) -> (1,9)
  attempt 16: accepted F02799-lm-15 — moved flippingFilters (5,0) -> (2,10)

15/15 new local-mutant sibling(s) generated for R02799 in 16 attempt(s) (budget 600); 15 total in data/families/family-R02799-lm.json.
Wrote 15 level(s) total to data/families/family-R02799-lm.json (changed=true), 15 hint file(s) written to data/families/hints/.
Wrote family manifest to data/families/family-R02799-lm-manifest.json (15 variant(s) total).
Parent R02799: witness stressMeta.witnessSolution (len 87, 0 jump(s)), 49 movable object instance(s) under strict inventory.
  variant 1 (rotation): accepted F02799-sym-01
  variant 2 (rotation): accepted F02799-sym-02
  variant 3 (rotation): accepted F02799-sym-03
  variant 4 (reflection): accepted F02799-sym-04
  variant 5 (reflection): accepted F02799-sym-05
  variant 6 (reflection): accepted F02799-sym-06
  variant 7 (reflection): accepted F02799-sym-07

7/7 new symmetry sibling(s) generated for R02799 in 7 attempt(s) (budget 7); 7 total in data/families/family-R02799-sym.json.
Wrote 7 level(s) total to data/families/family-R02799-sym.json (changed=true), 7 hint file(s) written to data/families/hints/.
Wrote family manifest to data/families/family-R02799-sym-manifest.json (7 variant(s) total).
portfolio-solve-sweep: corpus=data/families/family-R02799-lm.json levels=15 (15 to solve) scheduler-mode=legacy budget=8000ms node-budget=20000000 workers=4 save-hints=true
  [1/15] L3 (F02799-lm-03) ok=✗
  [2/15] L4 (F02799-lm-04) ok=✗
  [3/15] L2 (F02799-lm-02) ok=✗
  [4/15] L1 (F02799-lm-01) ok=✗
  [5/15] L6 (F02799-lm-06) ok=✗
  [6/15] L5 (F02799-lm-05) ok=✗
  [7/15] L7 (F02799-lm-07) ok=✗
  [8/15] L8 (F02799-lm-08) ok=✗
  [9/15] L9 (F02799-lm-09) ok=✗
  [10/15] L10 (F02799-lm-10) ok=✗
  [11/15] L11 (F02799-lm-11) ok=✗
  [12/15] L12 (F02799-lm-12) ok=✗
  [13/15] L13 (F02799-lm-13) ok=✗
  [14/15] L15 (F02799-lm-15) ok=✗
  [15/15] L14 (F02799-lm-14) ok=✗
Hints: appended to 0 level(s); 0 hint file(s) changed on disk.
Result: solved=0/15, solvedBeforeFallback=0, fallbackOnly=0, unsolved=15
Wrote logs/family-census/solve-R02799-lm.json
Wrote logs/family-census/solve-R02799-lm-summary.md
portfolio-solve-sweep: corpus=data/families/family-R02799-sym.json levels=7 (7 to solve) scheduler-mode=legacy budget=8000ms node-budget=20000000 workers=4 save-hints=true
  [1/7] L3 (F02799-sym-03) ok=✗
  [2/7] L4 (F02799-sym-04) ok=✗
  [3/7] L2 (F02799-sym-02) ok=✗
  [4/7] L1 (F02799-sym-01) ok=✗
  [5/7] L5 (F02799-sym-05) ok=✗
  [6/7] L6 (F02799-sym-06) ok=✗
  [7/7] L7 (F02799-sym-07) ok=✗
Hints: appended to 0 level(s); 0 hint file(s) changed on disk.
Result: solved=0/7, solvedBeforeFallback=0, fallbackOnly=0, unsolved=7
Wrote logs/family-census/solve-R02799-sym.json
Wrote logs/family-census/solve-R02799-sym-summary.md
[01:15:15] DONE R02799
[01:15:15] START R02839
Parent R02839: witness stressMeta.witnessSolution (len 79, 3 jump(s)), 44 movable object instance(s) under strict inventory.
  attempt 1: accepted F02839-lm-01 — moved flippingFilters (10,1) -> (0,1)
  attempt 2: accepted F02839-lm-02 — moved flippingFilters (6,8) -> (3,0)
  attempt 3: accepted F02839-lm-03 — moved flippingFilters (5,3) -> (1,0)
  attempt 4: accepted F02839-lm-04 — moved flippingFilters (9,0) -> (6,1)
  attempt 5: accepted F02839-lm-05 — moved flippingFilters (10,5) -> (3,0)
  attempt 6: accepted F02839-lm-06 — moved flippingFilters (10,1) -> (3,0)
  attempt 7: rejected — degenerate duplicate of parent or another accepted variant
  attempt 8: rejected — degenerate duplicate of parent or another accepted variant
  attempt 9: accepted F02839-lm-07 — moved flippingFilters (2,7) -> (4,0)
  attempt 10: accepted F02839-lm-08 — moved flippingFilters (2,10) -> (1,8)
  attempt 11: accepted F02839-lm-09 — moved flippingFilters (2,10) -> (0,1)
  attempt 12: accepted F02839-lm-10 — moved flippingFilters (5,3) -> (6,1)
  attempt 13: rejected — degenerate duplicate of parent or another accepted variant
  attempt 14: accepted F02839-lm-11 — moved flippingFilters (9,0) -> (0,1)
  attempt 15: rejected — degenerate duplicate of parent or another accepted variant
  attempt 16: rejected — degenerate duplicate of parent or another accepted variant
  attempt 17: accepted F02839-lm-12 — moved flippingFilters (5,7) -> (3,0)
  attempt 18: accepted F02839-lm-13 — moved flippingFilters (9,0) -> (3,0)
  attempt 19: accepted F02839-lm-14 — moved flippingFilters (2,7) -> (1,0)
  attempt 20: accepted F02839-lm-15 — moved flippingFilters (2,10) -> (4,7)

15/15 new local-mutant sibling(s) generated for R02839 in 20 attempt(s) (budget 600); 15 total in data/families/family-R02839-lm.json.
Wrote 15 level(s) total to data/families/family-R02839-lm.json (changed=true), 15 hint file(s) written to data/families/hints/.
Wrote family manifest to data/families/family-R02839-lm-manifest.json (15 variant(s) total).
Parent R02839: witness stressMeta.witnessSolution (len 79, 3 jump(s)), 44 movable object instance(s) under strict inventory.
  variant 1 (rotation): accepted F02839-sym-01
  variant 2 (rotation): accepted F02839-sym-02
  variant 3 (rotation): accepted F02839-sym-03
  variant 4 (reflection): accepted F02839-sym-04
  variant 5 (reflection): accepted F02839-sym-05
  variant 6 (reflection): accepted F02839-sym-06
  variant 7 (reflection): accepted F02839-sym-07

7/7 new symmetry sibling(s) generated for R02839 in 7 attempt(s) (budget 7); 7 total in data/families/family-R02839-sym.json.
Wrote 7 level(s) total to data/families/family-R02839-sym.json (changed=true), 7 hint file(s) written to data/families/hints/.
Wrote family manifest to data/families/family-R02839-sym-manifest.json (7 variant(s) total).
portfolio-solve-sweep: corpus=data/families/family-R02839-lm.json levels=15 (15 to solve) scheduler-mode=legacy budget=8000ms node-budget=20000000 workers=4 save-hints=true
  [1/15] L3 (F02839-lm-03) ok=✗
  [2/15] L1 (F02839-lm-01) ok=✗
  [3/15] L2 (F02839-lm-02) ok=✗
  [4/15] L4 (F02839-lm-04) ok=✗
  [5/15] L5 (F02839-lm-05) ok=✗
  [6/15] L6 (F02839-lm-06) ok=✗
  [7/15] L7 (F02839-lm-07) ok=✗
  [8/15] L8 (F02839-lm-08) ok=✗
  [9/15] L10 (F02839-lm-10) ok=✗
  [10/15] L9 (F02839-lm-09) ok=✗
  [11/15] L11 (F02839-lm-11) ok=✗
  [12/15] L12 (F02839-lm-12) ok=✗
  [13/15] L13 (F02839-lm-13) ok=✗
  [14/15] L14 (F02839-lm-14) ok=✗
  [15/15] L15 (F02839-lm-15) ok=✗
Hints: appended to 0 level(s); 0 hint file(s) changed on disk.
Result: solved=0/15, solvedBeforeFallback=0, fallbackOnly=0, unsolved=15
Wrote logs/family-census/solve-R02839-lm.json
Wrote logs/family-census/solve-R02839-lm-summary.md
portfolio-solve-sweep: corpus=data/families/family-R02839-sym.json levels=7 (7 to solve) scheduler-mode=legacy budget=8000ms node-budget=20000000 workers=4 save-hints=true
  [1/7] L2 (F02839-sym-02) ok=✗
  [2/7] L4 (F02839-sym-04) ok=✗
  [3/7] L3 (F02839-sym-03) ok=✗
  [4/7] L1 (F02839-sym-01) ok=✗
  [5/7] L5 (F02839-sym-05) ok=✗
  [6/7] L6 (F02839-sym-06) ok=✗
  [7/7] L7 (F02839-sym-07) ok=✗
Hints: appended to 0 level(s); 0 hint file(s) changed on disk.
Result: solved=0/7, solvedBeforeFallback=0, fallbackOnly=0, unsolved=7
Wrote logs/family-census/solve-R02839-sym.json
Wrote logs/family-census/solve-R02839-sym-summary.md
[01:16:17] DONE R02839
[01:16:17] START R02876
Parent R02876: witness hint[0] (len 96, 0 jump(s)), 45 movable object instance(s) under strict inventory.
  attempt 1: accepted F02876-lm-01 — moved blocks (9,12) -> (7,2)
  attempt 2: accepted F02876-lm-02 — moved park (8,7) -> (11,7)
  attempt 3: accepted F02876-lm-03 — moved blocks (2,2) -> (7,2)
  attempt 4: accepted F02876-lm-04 — moved falseGoals (9,6) -> (0,6)
  attempt 5: accepted F02876-lm-05 — moved falseGoals (9,6) -> (2,8)
  attempt 6: accepted F02876-lm-06 — moved flippingFilters (1,10) -> (10,8)
  attempt 7: accepted F02876-lm-07 — moved mustPass (8,5) -> (2,3)
  attempt 8: accepted F02876-lm-08 — moved blocks (6,5) -> (8,10)
  attempt 9: accepted F02876-lm-09 — moved blocks (3,0) -> (12,12)
  attempt 10: accepted F02876-lm-10 — moved blocks (1,0) -> (4,5)
  attempt 11: accepted F02876-lm-11 — moved park (8,7) -> (4,6)
  attempt 12: accepted F02876-lm-12 — moved library (9,0) -> (4,3)
  attempt 13: accepted F02876-lm-13 — moved blocks (2,5) -> (8,3)
  attempt 14: accepted F02876-lm-14 — moved flippingFilters (1,1) -> (10,6)
  attempt 15: accepted F02876-lm-15 — moved falseGoals (8,11) -> (7,10)

15/15 new local-mutant sibling(s) generated for R02876 in 15 attempt(s) (budget 600); 15 total in data/families/family-R02876-lm.json.
Wrote 15 level(s) total to data/families/family-R02876-lm.json (changed=true), 15 hint file(s) written to data/families/hints/.
Wrote family manifest to data/families/family-R02876-lm-manifest.json (15 variant(s) total).
Parent R02876: witness hint[0] (len 96, 0 jump(s)), 45 movable object instance(s) under strict inventory.
  variant 1 (rotation): accepted F02876-sym-01
  variant 2 (rotation): accepted F02876-sym-02
  variant 3 (rotation): accepted F02876-sym-03
  variant 4 (reflection): accepted F02876-sym-04
  variant 5 (reflection): accepted F02876-sym-05
  variant 6 (reflection): accepted F02876-sym-06
  variant 7 (reflection): accepted F02876-sym-07

7/7 new symmetry sibling(s) generated for R02876 in 7 attempt(s) (budget 7); 7 total in data/families/family-R02876-sym.json.
Wrote 7 level(s) total to data/families/family-R02876-sym.json (changed=true), 7 hint file(s) written to data/families/hints/.
Wrote family manifest to data/families/family-R02876-sym-manifest.json (7 variant(s) total).
portfolio-solve-sweep: corpus=data/families/family-R02876-lm.json levels=15 (15 to solve) scheduler-mode=legacy budget=8000ms node-budget=20000000 workers=4 save-hints=true
  [1/15] L2 (F02876-lm-02) ok=✓ legacy [hint saved]
  [2/15] L4 (F02876-lm-04) ok=✓ legacy [hint saved]
  [3/15] L6 (F02876-lm-06) ok=✓ legacy [hint saved]
  [4/15] L5 (F02876-lm-05) ok=✓ legacy [hint saved]
  [5/15] L8 (F02876-lm-08) ok=✓ legacy [hint saved]
  [6/15] L1 (F02876-lm-01) ok=✗
  [7/15] L3 (F02876-lm-03) ok=✗
  [8/15] L10 (F02876-lm-10) ok=✓ legacy [hint saved]
  [9/15] L12 (F02876-lm-12) ok=✓ legacy [hint saved]
  [10/15] L11 (F02876-lm-11) ok=✓ legacy [hint saved]
  [11/15] L7 (F02876-lm-07) ok=✗
  [12/15] L14 (F02876-lm-14) ok=✓ legacy [hint saved]
  [13/15] L9 (F02876-lm-09) ok=✗
  [14/15] L13 (F02876-lm-13) ok=✗
  [15/15] L15 (F02876-lm-15) ok=✗
Hints: appended to 9 level(s); 9 hint file(s) changed on disk.
Result: solved=9/15, solvedBeforeFallback=0, fallbackOnly=9, unsolved=6
Wrote logs/family-census/solve-R02876-lm.json
Wrote logs/family-census/solve-R02876-lm-summary.md
portfolio-solve-sweep: corpus=data/families/family-R02876-sym.json levels=7 (7 to solve) scheduler-mode=legacy budget=8000ms node-budget=20000000 workers=4 save-hints=true
  [1/7] L3 (F02876-sym-03) ok=✓ legacy [hint saved]
  [2/7] L1 (F02876-sym-01) ok=✓ legacy [hint saved]
  [3/7] L6 (F02876-sym-06) ok=✓ legacy [hint saved]
  [4/7] L4 (F02876-sym-04) ok=✗
  [5/7] L2 (F02876-sym-02) ok=✗
  [6/7] L5 (F02876-sym-05) ok=✗
  [7/7] L7 (F02876-sym-07) ok=✗
Hints: appended to 3 level(s); 3 hint file(s) changed on disk.
Result: solved=3/7, solvedBeforeFallback=0, fallbackOnly=3, unsolved=4
Wrote logs/family-census/solve-R02876-sym.json
Wrote logs/family-census/solve-R02876-sym-summary.md
[01:18:02] DONE R02876
[01:18:02] START R02919
Parent R02919: witness stressMeta.witnessSolution (len 93, 0 jump(s)), 19 movable object instance(s) under strict inventory.
  attempt 1: accepted F02919-lm-01 — moved geese (9,10) -> (5,12)
  attempt 2: accepted F02919-lm-02 — moved geese (11,12) -> (12,10)
  attempt 3: accepted F02919-lm-03 — moved statue (12,6) -> (12,5)
  attempt 4: accepted F02919-lm-04 — moved geese (10,11) -> (8,9)
  attempt 5: accepted F02919-lm-05 — moved statue (11,2) -> (3,8)
  attempt 6: accepted F02919-lm-06 — moved statue (12,6) -> (10,8)
  attempt 7: accepted F02919-lm-07 — moved library (4,12) -> (1,4)
  attempt 8: accepted F02919-lm-08 — moved geese (2,0) -> (2,12)
  attempt 9: accepted F02919-lm-09 — moved geese (2,0) -> (11,5)
  attempt 10: accepted F02919-lm-10 — moved fountain (10,6) -> (11,3)
  attempt 11: accepted F02919-lm-11 — moved statue (0,4) -> (3,10)
  attempt 12: accepted F02919-lm-12 — moved statue (11,2) -> (7,9)
  attempt 13: accepted F02919-lm-13 — moved statue (0,4) -> (7,9)
  attempt 14: accepted F02919-lm-14 — moved geese (10,11) -> (7,2)
  attempt 15: accepted F02919-lm-15 — moved statue (0,4) -> (9,8)

15/15 new local-mutant sibling(s) generated for R02919 in 15 attempt(s) (budget 600); 15 total in data/families/family-R02919-lm.json.
Wrote 15 level(s) total to data/families/family-R02919-lm.json (changed=true), 15 hint file(s) written to data/families/hints/.
Wrote family manifest to data/families/family-R02919-lm-manifest.json (15 variant(s) total).
Parent R02919: witness stressMeta.witnessSolution (len 93, 0 jump(s)), 19 movable object instance(s) under strict inventory.
  variant 1 (rotation): accepted F02919-sym-01
  variant 2 (rotation): accepted F02919-sym-02
  variant 3 (rotation): accepted F02919-sym-03
  variant 4 (reflection): accepted F02919-sym-04
  variant 5 (reflection): accepted F02919-sym-05
  variant 6 (reflection): accepted F02919-sym-06
  variant 7 (reflection): accepted F02919-sym-07

7/7 new symmetry sibling(s) generated for R02919 in 7 attempt(s) (budget 7); 7 total in data/families/family-R02919-sym.json.
Wrote 7 level(s) total to data/families/family-R02919-sym.json (changed=true), 7 hint file(s) written to data/families/hints/.
Wrote family manifest to data/families/family-R02919-sym-manifest.json (7 variant(s) total).
portfolio-solve-sweep: corpus=data/families/family-R02919-lm.json levels=15 (15 to solve) scheduler-mode=legacy budget=8000ms node-budget=20000000 workers=4 save-hints=true
  [1/15] L1 (F02919-lm-01) ok=✗
  [2/15] L2 (F02919-lm-02) ok=✗
  [3/15] L4 (F02919-lm-04) ok=✗
  [4/15] L3 (F02919-lm-03) ok=✗
  [5/15] L6 (F02919-lm-06) ok=✗
  [6/15] L5 (F02919-lm-05) ok=✗
  [7/15] L8 (F02919-lm-08) ok=✗
  [8/15] L7 (F02919-lm-07) ok=✗
  [9/15] L9 (F02919-lm-09) ok=✗
  [10/15] L11 (F02919-lm-11) ok=✗
  [11/15] L10 (F02919-lm-10) ok=✗
  [12/15] L12 (F02919-lm-12) ok=✗
  [13/15] L13 (F02919-lm-13) ok=✗
  [14/15] L15 (F02919-lm-15) ok=✗
  [15/15] L14 (F02919-lm-14) ok=✗
Hints: appended to 0 level(s); 0 hint file(s) changed on disk.
Result: solved=0/15, solvedBeforeFallback=0, fallbackOnly=0, unsolved=15
Wrote logs/family-census/solve-R02919-lm.json
Wrote logs/family-census/solve-R02919-lm-summary.md
portfolio-solve-sweep: corpus=data/families/family-R02919-sym.json levels=7 (7 to solve) scheduler-mode=legacy budget=8000ms node-budget=20000000 workers=4 save-hints=true
  [1/7] L3 (F02919-sym-03) ok=✗
  [2/7] L1 (F02919-sym-01) ok=✗
  [3/7] L4 (F02919-sym-04) ok=✗
  [4/7] L2 (F02919-sym-02) ok=✗
  [5/7] L5 (F02919-sym-05) ok=✗
  [6/7] L6 (F02919-sym-06) ok=✗
  [7/7] L7 (F02919-sym-07) ok=✗
Hints: appended to 0 level(s); 0 hint file(s) changed on disk.
Result: solved=0/7, solvedBeforeFallback=0, fallbackOnly=0, unsolved=7
Wrote logs/family-census/solve-R02919-sym.json
Wrote logs/family-census/solve-R02919-sym-summary.md
[01:18:53] DONE R02919
[01:18:53] START R02954
Parent R02954: witness stressMeta.witnessSolution (len 114, 0 jump(s)), 78 movable object instance(s) under strict inventory.
  attempt 1: accepted F02954-lm-01 — moved blocks (12,13) -> (13,4)
  attempt 2: accepted F02954-lm-02 — moved flippingFilters (9,3) -> (6,12)
  attempt 3: accepted F02954-lm-03 — moved mustPass (4,8) -> (10,3)
  attempt 4: accepted F02954-lm-04 — moved mustCross (4,4) -> (7,1)
  attempt 5: accepted F02954-lm-05 — moved blocks (12,13) -> (10,2)
  attempt 6: accepted F02954-lm-06 — moved market (8,4) -> (8,0)
  attempt 7: accepted F02954-lm-07 — moved fountain (3,12) -> (9,11)
  attempt 8: accepted F02954-lm-08 — moved blocks (0,12) -> (0,0)
  attempt 9: accepted F02954-lm-09 — moved blocks (10,6) -> (8,8)
  attempt 10: accepted F02954-lm-10 — moved blocks (13,6) -> (10,7)
  attempt 11: accepted F02954-lm-11 — moved mustPass (0,9) -> (0,3)
  attempt 12: accepted F02954-lm-12 — moved flippingFilters (0,8) -> (3,13)
  attempt 13: accepted F02954-lm-13 — moved mustPass (4,8) -> (3,4)
  attempt 14: accepted F02954-lm-14 — moved blocks (12,6) -> (13,8)
  attempt 15: accepted F02954-lm-15 — moved blocks (11,10) -> (9,9)

15/15 new local-mutant sibling(s) generated for R02954 in 15 attempt(s) (budget 600); 15 total in data/families/family-R02954-lm.json.
Wrote 15 level(s) total to data/families/family-R02954-lm.json (changed=true), 15 hint file(s) written to data/families/hints/.
Wrote family manifest to data/families/family-R02954-lm-manifest.json (15 variant(s) total).
Parent R02954: witness stressMeta.witnessSolution (len 114, 0 jump(s)), 78 movable object instance(s) under strict inventory.
  variant 1 (rotation): accepted F02954-sym-01
  variant 2 (rotation): accepted F02954-sym-02
  variant 3 (rotation): accepted F02954-sym-03
  variant 4 (reflection): accepted F02954-sym-04
  variant 5 (reflection): accepted F02954-sym-05
  variant 6 (reflection): accepted F02954-sym-06
  variant 7 (reflection): accepted F02954-sym-07

7/7 new symmetry sibling(s) generated for R02954 in 7 attempt(s) (budget 7); 7 total in data/families/family-R02954-sym.json.
Wrote 7 level(s) total to data/families/family-R02954-sym.json (changed=true), 7 hint file(s) written to data/families/hints/.
Wrote family manifest to data/families/family-R02954-sym-manifest.json (7 variant(s) total).
portfolio-solve-sweep: corpus=data/families/family-R02954-lm.json levels=15 (15 to solve) scheduler-mode=legacy budget=8000ms node-budget=20000000 workers=4 save-hints=true
  [1/15] L4 (F02954-lm-04) ok=✗
  [2/15] L1 (F02954-lm-01) ok=✗
  [3/15] L3 (F02954-lm-03) ok=✗
  [4/15] L2 (F02954-lm-02) ok=✗
  [5/15] L6 (F02954-lm-06) ok=✗
  [6/15] L5 (F02954-lm-05) ok=✗
  [7/15] L7 (F02954-lm-07) ok=✗
  [8/15] L8 (F02954-lm-08) ok=✗
  [9/15] L9 (F02954-lm-09) ok=✗
  [10/15] L11 (F02954-lm-11) ok=✗
  [11/15] L10 (F02954-lm-10) ok=✗
  [12/15] L12 (F02954-lm-12) ok=✗
  [13/15] L14 (F02954-lm-14) ok=✗
  [14/15] L13 (F02954-lm-13) ok=✗
  [15/15] L15 (F02954-lm-15) ok=✗
Hints: appended to 0 level(s); 0 hint file(s) changed on disk.
Result: solved=0/15, solvedBeforeFallback=0, fallbackOnly=0, unsolved=15
Wrote logs/family-census/solve-R02954-lm.json
Wrote logs/family-census/solve-R02954-lm-summary.md
portfolio-solve-sweep: corpus=data/families/family-R02954-sym.json levels=7 (7 to solve) scheduler-mode=legacy budget=8000ms node-budget=20000000 workers=4 save-hints=true
  [1/7] L1 (F02954-sym-01) ok=✗
  [2/7] L2 (F02954-sym-02) ok=✗
  [3/7] L3 (F02954-sym-03) ok=✗
  [4/7] L4 (F02954-sym-04) ok=✗
  [5/7] L7 (F02954-sym-07) ok=✗
  [6/7] L6 (F02954-sym-06) ok=✗
  [7/7] L5 (F02954-sym-05) ok=✗
Hints: appended to 0 level(s); 0 hint file(s) changed on disk.
Result: solved=0/7, solvedBeforeFallback=0, fallbackOnly=0, unsolved=7
Wrote logs/family-census/solve-R02954-sym.json
Wrote logs/family-census/solve-R02954-sym-summary.md
[01:25:23] DONE R02954
[01:25:23] START R03003
Parent R03003: witness stressMeta.witnessSolution (len 128, 7 jump(s)), 32 movable object instance(s) under strict inventory.
  attempt 1: accepted F03003-lm-01 — moved mustCross (9,3) -> (9,4)
  attempt 2: accepted F03003-lm-02 — moved mustPass (1,5) -> (13,12)
  attempt 3: accepted F03003-lm-03 — moved mustCross (13,9) -> (9,4)
  attempt 4: accepted F03003-lm-04 — moved market (7,5) -> (8,8)
  attempt 5: accepted F03003-lm-05 — moved library (12,10) -> (11,6)
  attempt 6: accepted F03003-lm-06 — moved mustPass (0,9) -> (7,11)
  attempt 7: accepted F03003-lm-07 — moved library (1,4) -> (5,7)
  attempt 8: accepted F03003-lm-08 — moved park (1,12) -> (8,9)
  attempt 9: accepted F03003-lm-09 — moved library (1,4) -> (1,11)
  attempt 10: accepted F03003-lm-10 — moved mustPass (14,12) -> (7,3)
  attempt 11: accepted F03003-lm-11 — moved mustPass (14,9) -> (13,10)
  attempt 12: accepted F03003-lm-12 — moved mustCross (11,10) -> (9,4)
  attempt 13: accepted F03003-lm-13 — moved mustCross (10,2) -> (9,4)
  attempt 14: accepted F03003-lm-14 — moved mustPass (14,9) -> (8,5)
  attempt 15: accepted F03003-lm-15 — moved mustPass (1,6) -> (11,8)

15/15 new local-mutant sibling(s) generated for R03003 in 15 attempt(s) (budget 600); 15 total in data/families/family-R03003-lm.json.
Wrote 15 level(s) total to data/families/family-R03003-lm.json (changed=true), 15 hint file(s) written to data/families/hints/.
Wrote family manifest to data/families/family-R03003-lm-manifest.json (15 variant(s) total).
Parent R03003: witness stressMeta.witnessSolution (len 128, 7 jump(s)), 32 movable object instance(s) under strict inventory.
  variant 1 (rotation): accepted F03003-sym-01
  variant 2 (rotation): accepted F03003-sym-02
  variant 3 (rotation): accepted F03003-sym-03
  variant 4 (reflection): accepted F03003-sym-04
  variant 5 (reflection): accepted F03003-sym-05
  variant 6 (reflection): accepted F03003-sym-06
  variant 7 (reflection): accepted F03003-sym-07

7/7 new symmetry sibling(s) generated for R03003 in 7 attempt(s) (budget 7); 7 total in data/families/family-R03003-sym.json.
Wrote 7 level(s) total to data/families/family-R03003-sym.json (changed=true), 7 hint file(s) written to data/families/hints/.
Wrote family manifest to data/families/family-R03003-sym-manifest.json (7 variant(s) total).
portfolio-solve-sweep: corpus=data/families/family-R03003-lm.json levels=15 (15 to solve) scheduler-mode=legacy budget=8000ms node-budget=20000000 workers=4 save-hints=true
  [1/15] L2 (F03003-lm-02) ok=✗
  [2/15] L4 (F03003-lm-04) ok=✗
  [3/15] L3 (F03003-lm-03) ok=✗
  [4/15] L1 (F03003-lm-01) ok=✗
  [5/15] L6 (F03003-lm-06) ok=✗
  [6/15] L5 (F03003-lm-05) ok=✗
  [7/15] L7 (F03003-lm-07) ok=✗
  [8/15] L8 (F03003-lm-08) ok=✗
  [9/15] L9 (F03003-lm-09) ok=✗
  [10/15] L10 (F03003-lm-10) ok=✗
  [11/15] L11 (F03003-lm-11) ok=✗
  [12/15] L12 (F03003-lm-12) ok=✗
  [13/15] L13 (F03003-lm-13) ok=✗
  [14/15] L14 (F03003-lm-14) ok=✗
  [15/15] L15 (F03003-lm-15) ok=✗
Hints: appended to 0 level(s); 0 hint file(s) changed on disk.
Result: solved=0/15, solvedBeforeFallback=0, fallbackOnly=0, unsolved=15
Wrote logs/family-census/solve-R03003-lm.json
Wrote logs/family-census/solve-R03003-lm-summary.md
portfolio-solve-sweep: corpus=data/families/family-R03003-sym.json levels=7 (7 to solve) scheduler-mode=legacy budget=8000ms node-budget=20000000 workers=4 save-hints=true
  [1/7] L3 (F03003-sym-03) ok=✗
  [2/7] L2 (F03003-sym-02) ok=✗
  [3/7] L1 (F03003-sym-01) ok=✗
  [4/7] L4 (F03003-sym-04) ok=✗
  [5/7] L5 (F03003-sym-05) ok=✗
  [6/7] L6 (F03003-sym-06) ok=✗
  [7/7] L7 (F03003-sym-07) ok=✗
Hints: appended to 0 level(s); 0 hint file(s) changed on disk.
Result: solved=0/7, solvedBeforeFallback=0, fallbackOnly=0, unsolved=7
Wrote logs/family-census/solve-R03003-sym.json
Wrote logs/family-census/solve-R03003-sym-summary.md
[01:32:57] DONE R03003
[01:32:57] START R03037
Parent R03037: witness stressMeta.witnessSolution (len 89, 7 jump(s)), 51 movable object instance(s) under strict inventory.
  attempt 1: accepted F03037-lm-01 — moved flippingFilters (12,3) -> (0,6)
  attempt 2: accepted F03037-lm-02 — moved mustPass (9,3) -> (9,5)
  attempt 3: accepted F03037-lm-03 — moved blocks (11,5) -> (6,9)
  attempt 4: accepted F03037-lm-04 — moved blocks (6,1) -> (10,0)
  attempt 5: accepted F03037-lm-05 — moved blocks (8,8) -> (2,12)
  attempt 6: accepted F03037-lm-06 — moved flippingFilters (4,9) -> (11,4)
  attempt 7: accepted F03037-lm-07 — moved blocks (7,1) -> (7,8)
  attempt 8: accepted F03037-lm-08 — moved blocks (4,6) -> (12,8)
  attempt 9: accepted F03037-lm-09 — moved flippingFilters (4,4) -> (11,1)
  attempt 10: accepted F03037-lm-10 — moved falseGoals (12,2) -> (7,0)
  attempt 11: accepted F03037-lm-11 — moved market (1,10) -> (8,4)
  attempt 12: accepted F03037-lm-12 — moved mustPass (8,6) -> (3,4)
  attempt 13: accepted F03037-lm-13 — moved mustPass (8,6) -> (11,11)
  attempt 14: accepted F03037-lm-14 — moved blocks (4,5) -> (12,1)
  attempt 15: accepted F03037-lm-15 — moved mustPass (9,3) -> (7,2)

15/15 new local-mutant sibling(s) generated for R03037 in 15 attempt(s) (budget 600); 15 total in data/families/family-R03037-lm.json.
Wrote 15 level(s) total to data/families/family-R03037-lm.json (changed=true), 15 hint file(s) written to data/families/hints/.
Wrote family manifest to data/families/family-R03037-lm-manifest.json (15 variant(s) total).
Parent R03037: witness stressMeta.witnessSolution (len 89, 7 jump(s)), 51 movable object instance(s) under strict inventory.
  variant 1 (rotation): accepted F03037-sym-01
  variant 2 (rotation): accepted F03037-sym-02
  variant 3 (rotation): accepted F03037-sym-03
  variant 4 (reflection): accepted F03037-sym-04
  variant 5 (reflection): accepted F03037-sym-05
  variant 6 (reflection): accepted F03037-sym-06
  variant 7 (reflection): accepted F03037-sym-07

7/7 new symmetry sibling(s) generated for R03037 in 7 attempt(s) (budget 7); 7 total in data/families/family-R03037-sym.json.
Wrote 7 level(s) total to data/families/family-R03037-sym.json (changed=true), 7 hint file(s) written to data/families/hints/.
Wrote family manifest to data/families/family-R03037-sym-manifest.json (7 variant(s) total).
portfolio-solve-sweep: corpus=data/families/family-R03037-lm.json levels=15 (15 to solve) scheduler-mode=legacy budget=8000ms node-budget=20000000 workers=4 save-hints=true
  [1/15] L2 (F03037-lm-02) ok=✗
  [2/15] L1 (F03037-lm-01) ok=✗
  [3/15] L4 (F03037-lm-04) ok=✗
  [4/15] L3 (F03037-lm-03) ok=✗
  [5/15] L8 (F03037-lm-08) ok=✗
  [6/15] L5 (F03037-lm-05) ok=✗
  [7/15] L6 (F03037-lm-06) ok=✗
  [8/15] L7 (F03037-lm-07) ok=✗
  [9/15] L10 (F03037-lm-10) ok=✗
  [10/15] L9 (F03037-lm-09) ok=✗
  [11/15] L11 (F03037-lm-11) ok=✗
  [12/15] L12 (F03037-lm-12) ok=✗
  [13/15] L15 (F03037-lm-15) ok=✗
  [14/15] L13 (F03037-lm-13) ok=✗
  [15/15] L14 (F03037-lm-14) ok=✗
Hints: appended to 0 level(s); 0 hint file(s) changed on disk.
Result: solved=0/15, solvedBeforeFallback=0, fallbackOnly=0, unsolved=15
Wrote logs/family-census/solve-R03037-lm.json
Wrote logs/family-census/solve-R03037-lm-summary.md
portfolio-solve-sweep: corpus=data/families/family-R03037-sym.json levels=7 (7 to solve) scheduler-mode=legacy budget=8000ms node-budget=20000000 workers=4 save-hints=true
  [1/7] L4 (F03037-sym-04) ok=✗
  [2/7] L1 (F03037-sym-01) ok=✗
  [3/7] L3 (F03037-sym-03) ok=✗
  [4/7] L2 (F03037-sym-02) ok=✗
  [5/7] L6 (F03037-sym-06) ok=✗
  [6/7] L5 (F03037-sym-05) ok=✗
  [7/7] L7 (F03037-sym-07) ok=✗
Hints: appended to 0 level(s); 0 hint file(s) changed on disk.
Result: solved=0/7, solvedBeforeFallback=0, fallbackOnly=0, unsolved=7
Wrote logs/family-census/solve-R03037-sym.json
Wrote logs/family-census/solve-R03037-sym-summary.md
[01:35:00] DONE R03037
[01:35:00] START R03061
Parent R03061: witness stressMeta.witnessSolution (len 111, 4 jump(s)), 36 movable object instance(s) under strict inventory.
  attempt 1: accepted F03061-lm-01 — moved geese (4,5) -> (0,13)
  attempt 2: accepted F03061-lm-02 — moved geese (11,8) -> (6,12)
  attempt 3: accepted F03061-lm-03 — moved flippingFilters (11,0) -> (10,2)
  attempt 4: accepted F03061-lm-04 — moved market (8,3) -> (9,10)
  attempt 5: accepted F03061-lm-05 — moved park (2,13) -> (0,8)
  attempt 6: accepted F03061-lm-06 — moved library (7,2) -> (0,10)
  attempt 7: accepted F03061-lm-07 — moved lamppost (4,1) -> (13,5)
  attempt 8: accepted F03061-lm-08 — moved flippingFilters (3,11) -> (10,0)
  attempt 9: accepted F03061-lm-09 — moved library (7,2) -> (9,2)
  attempt 10: accepted F03061-lm-10 — moved statue (11,13) -> (9,0)
  attempt 11: accepted F03061-lm-11 — moved geese (4,4) -> (4,0)
  attempt 12: accepted F03061-lm-12 — moved lamppost (4,1) -> (7,1)
  attempt 13: accepted F03061-lm-13 — moved statue (7,13) -> (11,4)
  attempt 14: accepted F03061-lm-14 — moved geese (3,9) -> (0,12)
  attempt 15: accepted F03061-lm-15 — moved market (8,3) -> (9,1)

15/15 new local-mutant sibling(s) generated for R03061 in 15 attempt(s) (budget 600); 15 total in data/families/family-R03061-lm.json.
Wrote 15 level(s) total to data/families/family-R03061-lm.json (changed=true), 15 hint file(s) written to data/families/hints/.
Wrote family manifest to data/families/family-R03061-lm-manifest.json (15 variant(s) total).
Parent R03061: witness stressMeta.witnessSolution (len 111, 4 jump(s)), 36 movable object instance(s) under strict inventory.
  variant 1 (rotation): accepted F03061-sym-01
  variant 2 (rotation): accepted F03061-sym-02
  variant 3 (rotation): accepted F03061-sym-03
  variant 4 (reflection): accepted F03061-sym-04
  variant 5 (reflection): accepted F03061-sym-05
  variant 6 (reflection): accepted F03061-sym-06
  variant 7 (reflection): accepted F03061-sym-07

7/7 new symmetry sibling(s) generated for R03061 in 7 attempt(s) (budget 7); 7 total in data/families/family-R03061-sym.json.
Wrote 7 level(s) total to data/families/family-R03061-sym.json (changed=true), 7 hint file(s) written to data/families/hints/.
Wrote family manifest to data/families/family-R03061-sym-manifest.json (7 variant(s) total).
portfolio-solve-sweep: corpus=data/families/family-R03061-lm.json levels=15 (15 to solve) scheduler-mode=legacy budget=8000ms node-budget=20000000 workers=4 save-hints=true
  [1/15] L4 (F03061-lm-04) ok=✗
  [2/15] L3 (F03061-lm-03) ok=✗
  [3/15] L1 (F03061-lm-01) ok=✗
  [4/15] L2 (F03061-lm-02) ok=✗
  [5/15] L5 (F03061-lm-05) ok=✗
  [6/15] L6 (F03061-lm-06) ok=✗
  [7/15] L8 (F03061-lm-08) ok=✗
  [8/15] L7 (F03061-lm-07) ok=✗
  [9/15] L9 (F03061-lm-09) ok=✗
  [10/15] L10 (F03061-lm-10) ok=✗
  [11/15] L12 (F03061-lm-12) ok=✗
  [12/15] L11 (F03061-lm-11) ok=✗
  [13/15] L14 (F03061-lm-14) ok=✗
  [14/15] L13 (F03061-lm-13) ok=✗
  [15/15] L15 (F03061-lm-15) ok=✗
Hints: appended to 0 level(s); 0 hint file(s) changed on disk.
Result: solved=0/15, solvedBeforeFallback=0, fallbackOnly=0, unsolved=15
Wrote logs/family-census/solve-R03061-lm.json
Wrote logs/family-census/solve-R03061-lm-summary.md
portfolio-solve-sweep: corpus=data/families/family-R03061-sym.json levels=7 (7 to solve) scheduler-mode=legacy budget=8000ms node-budget=20000000 workers=4 save-hints=true
  [1/7] L2 (F03061-sym-02) ok=✗
  [2/7] L4 (F03061-sym-04) ok=✗
  [3/7] L3 (F03061-sym-03) ok=✗
  [4/7] L1 (F03061-sym-01) ok=✗
  [5/7] L6 (F03061-sym-06) ok=✗
  [6/7] L5 (F03061-sym-05) ok=✗
  [7/7] L7 (F03061-sym-07) ok=✗
Hints: appended to 0 level(s); 0 hint file(s) changed on disk.
Result: solved=0/7, solvedBeforeFallback=0, fallbackOnly=0, unsolved=7
Wrote logs/family-census/solve-R03061-sym.json
Wrote logs/family-census/solve-R03061-sym-summary.md
[01:41:11] DONE R03061
[01:41:11] START R03092
Parent R03092: witness hint[0] (len 74, 5 jump(s)), 37 movable object instance(s) under strict inventory.
  attempt 1: accepted F03092-lm-01 — moved blocks (3,3) -> (8,6)
  attempt 2: accepted F03092-lm-02 — moved geese (10,5) -> (0,10)
  attempt 3: accepted F03092-lm-03 — moved statue (7,0) -> (2,5)
  attempt 4: accepted F03092-lm-04 — moved blocks (0,3) -> (0,8)
  attempt 5: accepted F03092-lm-05 — moved statue (10,8) -> (2,4)
  attempt 6: accepted F03092-lm-06 — moved blocks (6,5) -> (5,2)
  attempt 7: accepted F03092-lm-07 — moved geese (10,5) -> (9,7)
  attempt 8: accepted F03092-lm-08 — moved mustPass (5,0) -> (3,1)
  attempt 9: accepted F03092-lm-09 — moved geese (8,9) -> (0,1)
  attempt 10: accepted F03092-lm-10 — moved geese (10,6) -> (5,4)
  attempt 11: accepted F03092-lm-11 — moved blocks (7,8) -> (9,7)
  attempt 12: accepted F03092-lm-12 — moved geese (10,5) -> (8,6)
  attempt 13: accepted F03092-lm-13 — moved blocks (3,3) -> (2,0)
  attempt 14: accepted F03092-lm-14 — moved blocks (4,8) -> (5,4)
  attempt 15: accepted F03092-lm-15 — moved blocks (7,8) -> (7,7)

15/15 new local-mutant sibling(s) generated for R03092 in 15 attempt(s) (budget 600); 15 total in data/families/family-R03092-lm.json.
Wrote 15 level(s) total to data/families/family-R03092-lm.json (changed=true), 15 hint file(s) written to data/families/hints/.
Wrote family manifest to data/families/family-R03092-lm-manifest.json (15 variant(s) total).
Parent R03092: witness hint[0] (len 74, 5 jump(s)), 37 movable object instance(s) under strict inventory.
  variant 1 (rotation): accepted F03092-sym-01
  variant 2 (rotation): accepted F03092-sym-02
  variant 3 (rotation): accepted F03092-sym-03
  variant 4 (reflection): accepted F03092-sym-04
  variant 5 (reflection): accepted F03092-sym-05
  variant 6 (reflection): accepted F03092-sym-06
  variant 7 (reflection): accepted F03092-sym-07

7/7 new symmetry sibling(s) generated for R03092 in 7 attempt(s) (budget 7); 7 total in data/families/family-R03092-sym.json.
Wrote 7 level(s) total to data/families/family-R03092-sym.json (changed=true), 7 hint file(s) written to data/families/hints/.
Wrote family manifest to data/families/family-R03092-sym-manifest.json (7 variant(s) total).
portfolio-solve-sweep: corpus=data/families/family-R03092-lm.json levels=15 (15 to solve) scheduler-mode=legacy budget=8000ms node-budget=20000000 workers=4 save-hints=true
  [1/15] L3 (F03092-lm-03) ok=✗
  [2/15] L2 (F03092-lm-02) ok=✗
  [3/15] L4 (F03092-lm-04) ok=✗
  [4/15] L1 (F03092-lm-01) ok=✗
  [5/15] L5 (F03092-lm-05) ok=✗
  [6/15] L7 (F03092-lm-07) ok=✗
  [7/15] L6 (F03092-lm-06) ok=✗
  [8/15] L8 (F03092-lm-08) ok=✗
  [9/15] L9 (F03092-lm-09) ok=✗
  [10/15] L11 (F03092-lm-11) ok=✗
  [11/15] L10 (F03092-lm-10) ok=✗
  [12/15] L12 (F03092-lm-12) ok=✗
  [13/15] L13 (F03092-lm-13) ok=✗
  [14/15] L14 (F03092-lm-14) ok=✗
  [15/15] L15 (F03092-lm-15) ok=✗
Hints: appended to 0 level(s); 0 hint file(s) changed on disk.
Result: solved=0/15, solvedBeforeFallback=0, fallbackOnly=0, unsolved=15
Wrote logs/family-census/solve-R03092-lm.json
Wrote logs/family-census/solve-R03092-lm-summary.md
portfolio-solve-sweep: corpus=data/families/family-R03092-sym.json levels=7 (7 to solve) scheduler-mode=legacy budget=8000ms node-budget=20000000 workers=4 save-hints=true
  [1/7] L4 (F03092-sym-04) ok=✗
  [2/7] L2 (F03092-sym-02) ok=✗
  [3/7] L3 (F03092-sym-03) ok=✗
  [4/7] L1 (F03092-sym-01) ok=✗
  [5/7] L5 (F03092-sym-05) ok=✗
  [6/7] L7 (F03092-sym-07) ok=✗
  [7/7] L6 (F03092-sym-06) ok=✗
Hints: appended to 0 level(s); 0 hint file(s) changed on disk.
Result: solved=0/7, solvedBeforeFallback=0, fallbackOnly=0, unsolved=7
Wrote logs/family-census/solve-R03092-sym.json
Wrote logs/family-census/solve-R03092-sym-summary.md
[01:41:58] DONE R03092
[01:41:58] START R03124
Parent R03124: witness stressMeta.witnessSolution (len 112, 0 jump(s)), 31 movable object instance(s) under strict inventory.
  attempt 1: accepted F03124-lm-01 — moved blocks (5,4) -> (2,10)
  attempt 2: accepted F03124-lm-02 — moved blocks (0,10) -> (0,11)
  attempt 3: accepted F03124-lm-03 — moved flippingFilters (3,10) -> (3,11)
  attempt 4: accepted F03124-lm-04 — moved mustCross (8,1) -> (2,1)
  attempt 5: accepted F03124-lm-05 — moved lamppost (5,11) -> (9,0)
  attempt 6: accepted F03124-lm-06 — moved blocks (5,4) -> (11,6)
  attempt 7: accepted F03124-lm-07 — moved blocks (5,6) -> (8,10)
  attempt 8: accepted F03124-lm-08 — moved mustCross (1,1) -> (5,9)
  attempt 9: accepted F03124-lm-09 — moved blocks (6,5) -> (4,11)
  attempt 10: accepted F03124-lm-10 — moved blocks (1,11) -> (4,10)
  attempt 11: accepted F03124-lm-11 — moved flippingFilters (5,7) -> (9,0)
  attempt 12: accepted F03124-lm-12 — moved blocks (5,4) -> (7,10)
  attempt 13: accepted F03124-lm-13 — moved mustCross (9,2) -> (7,7)
  attempt 14: accepted F03124-lm-14 — moved lamppost (0,9) -> (4,10)
  attempt 15: accepted F03124-lm-15 — moved blocks (10,6) -> (4,6)

15/15 new local-mutant sibling(s) generated for R03124 in 15 attempt(s) (budget 600); 15 total in data/families/family-R03124-lm.json.
Wrote 15 level(s) total to data/families/family-R03124-lm.json (changed=true), 15 hint file(s) written to data/families/hints/.
Wrote family manifest to data/families/family-R03124-lm-manifest.json (15 variant(s) total).
Parent R03124: witness stressMeta.witnessSolution (len 112, 0 jump(s)), 31 movable object instance(s) under strict inventory.
  variant 1 (rotation): accepted F03124-sym-01
  variant 2 (rotation): accepted F03124-sym-02
  variant 3 (rotation): accepted F03124-sym-03
  variant 4 (reflection): accepted F03124-sym-04
  variant 5 (reflection): accepted F03124-sym-05
  variant 6 (reflection): accepted F03124-sym-06
  variant 7 (reflection): accepted F03124-sym-07

7/7 new symmetry sibling(s) generated for R03124 in 7 attempt(s) (budget 7); 7 total in data/families/family-R03124-sym.json.
Wrote 7 level(s) total to data/families/family-R03124-sym.json (changed=true), 7 hint file(s) written to data/families/hints/.
Wrote family manifest to data/families/family-R03124-sym-manifest.json (7 variant(s) total).
portfolio-solve-sweep: corpus=data/families/family-R03124-lm.json levels=15 (15 to solve) scheduler-mode=legacy budget=8000ms node-budget=20000000 workers=4 save-hints=true
  [1/15] L1 (F03124-lm-01) ok=✓ legacy [hint saved]
  [2/15] L3 (F03124-lm-03) ok=✓ legacy [hint saved]
  [3/15] L4 (F03124-lm-04) ok=✓ legacy [hint saved]
  [4/15] L7 (F03124-lm-07) ok=✓ legacy [hint saved]
  [5/15] L5 (F03124-lm-05) ok=✓ legacy [hint saved]
  [6/15] L2 (F03124-lm-02) ok=✗
  [7/15] L9 (F03124-lm-09) ok=✓ legacy [hint saved]
  [8/15] L6 (F03124-lm-06) ok=✗
  [9/15] L8 (F03124-lm-08) ok=✗
  [10/15] L11 (F03124-lm-11) ok=✓ legacy [hint saved]
  [11/15] L10 (F03124-lm-10) ok=✗
  [12/15] L12 (F03124-lm-12) ok=✗
  [13/15] L14 (F03124-lm-14) ok=✗
  [14/15] L13 (F03124-lm-13) ok=✗
  [15/15] L15 (F03124-lm-15) ok=✗
Hints: appended to 7 level(s); 7 hint file(s) changed on disk.
Result: solved=7/15, solvedBeforeFallback=0, fallbackOnly=7, unsolved=8
Wrote logs/family-census/solve-R03124-lm.json
Wrote logs/family-census/solve-R03124-lm-summary.md
portfolio-solve-sweep: corpus=data/families/family-R03124-sym.json levels=7 (7 to solve) scheduler-mode=legacy budget=8000ms node-budget=20000000 workers=4 save-hints=true
  [1/7] L2 (F03124-sym-02) ok=✓ legacy [hint saved]
  [2/7] L3 (F03124-sym-03) ok=✓ legacy [hint saved]
  [3/7] L1 (F03124-sym-01) ok=✗
  [4/7] L5 (F03124-sym-05) ok=✗
  [5/7] L4 (F03124-sym-04) ok=✗
  [6/7] L6 (F03124-sym-06) ok=✗
  [7/7] L7 (F03124-sym-07) ok=✗
Hints: appended to 2 level(s); 2 hint file(s) changed on disk.
Result: solved=2/7, solvedBeforeFallback=0, fallbackOnly=2, unsolved=5
Wrote logs/family-census/solve-R03124-sym.json
Wrote logs/family-census/solve-R03124-sym-summary.md
[01:44:00] DONE R03124
[01:44:00] START R03157
Parent R03157: witness stressMeta.witnessSolution (len 130, 6 jump(s)), 32 movable object instance(s) under strict inventory.
  attempt 1: accepted F03157-lm-01 — moved blocks (6,12) -> (3,8)
  attempt 2: accepted F03157-lm-02 — moved lamppost (2,0) -> (6,0)
  attempt 3: accepted F03157-lm-03 — moved mustCross (1,2) -> (4,6)
  attempt 4: accepted F03157-lm-04 — moved blocks (5,0) -> (12,11)
  attempt 5: accepted F03157-lm-05 — moved mustPass (11,1) -> (4,1)
  attempt 6: accepted F03157-lm-06 — moved market (0,7) -> (6,0)
  attempt 7: accepted F03157-lm-07 — moved falseGoals (12,2) -> (9,6)
  attempt 8: accepted F03157-lm-08 — moved blocks (7,8) -> (6,9)
  attempt 9: accepted F03157-lm-09 — moved library (8,10) -> (6,0)
  attempt 10: accepted F03157-lm-10 — moved fountain (9,1) -> (6,0)
  attempt 11: accepted F03157-lm-11 — moved falseGoals (5,10) -> (3,8)
  attempt 12: accepted F03157-lm-12 — moved blocks (7,8) -> (5,4)
  attempt 13: accepted F03157-lm-13 — moved market (2,3) -> (6,0)
  attempt 14: accepted F03157-lm-14 — moved falseGoals (5,10) -> (5,4)
  attempt 15: accepted F03157-lm-15 — moved falseGoals (12,2) -> (12,11)

15/15 new local-mutant sibling(s) generated for R03157 in 15 attempt(s) (budget 600); 15 total in data/families/family-R03157-lm.json.
Wrote 15 level(s) total to data/families/family-R03157-lm.json (changed=true), 15 hint file(s) written to data/families/hints/.
Wrote family manifest to data/families/family-R03157-lm-manifest.json (15 variant(s) total).
Parent R03157: witness stressMeta.witnessSolution (len 130, 6 jump(s)), 32 movable object instance(s) under strict inventory.
  variant 1 (rotation): accepted F03157-sym-01
  variant 2 (rotation): accepted F03157-sym-02
  variant 3 (rotation): accepted F03157-sym-03
  variant 4 (reflection): accepted F03157-sym-04
  variant 5 (reflection): accepted F03157-sym-05
  variant 6 (reflection): accepted F03157-sym-06
  variant 7 (reflection): accepted F03157-sym-07

7/7 new symmetry sibling(s) generated for R03157 in 7 attempt(s) (budget 7); 7 total in data/families/family-R03157-sym.json.
Wrote 7 level(s) total to data/families/family-R03157-sym.json (changed=true), 7 hint file(s) written to data/families/hints/.
Wrote family manifest to data/families/family-R03157-sym-manifest.json (7 variant(s) total).
portfolio-solve-sweep: corpus=data/families/family-R03157-lm.json levels=15 (15 to solve) scheduler-mode=legacy budget=8000ms node-budget=20000000 workers=4 save-hints=true
  [1/15] L3 (F03157-lm-03) ok=✗
  [2/15] L2 (F03157-lm-02) ok=✗
  [3/15] L1 (F03157-lm-01) ok=✗
  [4/15] L4 (F03157-lm-04) ok=✗
  [5/15] L6 (F03157-lm-06) ok=✗
  [6/15] L7 (F03157-lm-07) ok=✗
  [7/15] L5 (F03157-lm-05) ok=✗
  [8/15] L8 (F03157-lm-08) ok=✗
  [9/15] L9 (F03157-lm-09) ok=✗
  [10/15] L10 (F03157-lm-10) ok=✗
  [11/15] L11 (F03157-lm-11) ok=✗
  [12/15] L12 (F03157-lm-12) ok=✗
  [13/15] L13 (F03157-lm-13) ok=✗
  [14/15] L15 (F03157-lm-15) ok=✗
  [15/15] L14 (F03157-lm-14) ok=✗
Hints: appended to 0 level(s); 0 hint file(s) changed on disk.
Result: solved=0/15, solvedBeforeFallback=0, fallbackOnly=0, unsolved=15
Wrote logs/family-census/solve-R03157-lm.json
Wrote logs/family-census/solve-R03157-lm-summary.md
portfolio-solve-sweep: corpus=data/families/family-R03157-sym.json levels=7 (7 to solve) scheduler-mode=legacy budget=8000ms node-budget=20000000 workers=4 save-hints=true
  [1/7] L1 (F03157-sym-01) ok=✗
  [2/7] L3 (F03157-sym-03) ok=✗
  [3/7] L4 (F03157-sym-04) ok=✗
  [4/7] L2 (F03157-sym-02) ok=✗
  [5/7] L6 (F03157-sym-06) ok=✗
  [6/7] L7 (F03157-sym-07) ok=✗
  [7/7] L5 (F03157-sym-05) ok=✗
Hints: appended to 0 level(s); 0 hint file(s) changed on disk.
Result: solved=0/7, solvedBeforeFallback=0, fallbackOnly=0, unsolved=7
Wrote logs/family-census/solve-R03157-sym.json
Wrote logs/family-census/solve-R03157-sym-summary.md
[01:48:04] DONE R03157
[01:48:04] START R03189
Parent R03189: witness stressMeta.witnessSolution (len 93, 0 jump(s)), 40 movable object instance(s) under strict inventory.
  attempt 1: accepted F03189-lm-01 — moved library (7,3) -> (10,6)
  attempt 2: accepted F03189-lm-02 — moved flippingFilters (1,9) -> (3,5)
  attempt 3: accepted F03189-lm-03 — moved flippingFilters (5,1) -> (5,5)
  attempt 4: accepted F03189-lm-04 — moved lamppost (7,9) -> (10,6)
  attempt 5: accepted F03189-lm-05 — moved blocks (10,9) -> (3,4)
  attempt 6: accepted F03189-lm-06 — moved blocks (1,7) -> (3,4)
  attempt 7: accepted F03189-lm-07 — moved blocks (4,1) -> (3,4)
  attempt 8: accepted F03189-lm-08 — moved blocks (8,0) -> (10,6)
  attempt 9: accepted F03189-lm-09 — moved fountain (9,3) -> (1,0)
  attempt 10: accepted F03189-lm-10 — moved blocks (5,2) -> (10,6)
  attempt 11: accepted F03189-lm-11 — moved blocks (9,4) -> (3,4)
  attempt 12: accepted F03189-lm-12 — moved flippingFilters (10,4) -> (8,1)
  attempt 13: rejected — degenerate duplicate of parent or another accepted variant
  attempt 14: accepted F03189-lm-13 — moved flippingFilters (9,8) -> (3,4)
  attempt 15: accepted F03189-lm-14 — moved flippingFilters (0,6) -> (3,10)
  attempt 16: accepted F03189-lm-15 — moved blocks (6,2) -> (3,4)

15/15 new local-mutant sibling(s) generated for R03189 in 16 attempt(s) (budget 600); 15 total in data/families/family-R03189-lm.json.
Wrote 15 level(s) total to data/families/family-R03189-lm.json (changed=true), 15 hint file(s) written to data/families/hints/.
Wrote family manifest to data/families/family-R03189-lm-manifest.json (15 variant(s) total).
Parent R03189: witness stressMeta.witnessSolution (len 93, 0 jump(s)), 40 movable object instance(s) under strict inventory.
  variant 1 (rotation): accepted F03189-sym-01
  variant 2 (rotation): accepted F03189-sym-02
  variant 3 (rotation): accepted F03189-sym-03
  variant 4 (reflection): accepted F03189-sym-04
  variant 5 (reflection): accepted F03189-sym-05
  variant 6 (reflection): accepted F03189-sym-06
  variant 7 (reflection): accepted F03189-sym-07

7/7 new symmetry sibling(s) generated for R03189 in 7 attempt(s) (budget 7); 7 total in data/families/family-R03189-sym.json.
Wrote 7 level(s) total to data/families/family-R03189-sym.json (changed=true), 7 hint file(s) written to data/families/hints/.
Wrote family manifest to data/families/family-R03189-sym-manifest.json (7 variant(s) total).
portfolio-solve-sweep: corpus=data/families/family-R03189-lm.json levels=15 (15 to solve) scheduler-mode=legacy budget=8000ms node-budget=20000000 workers=4 save-hints=true
  [1/15] L2 (F03189-lm-02) ok=✗
  [2/15] L4 (F03189-lm-04) ok=✗
  [3/15] L3 (F03189-lm-03) ok=✗
  [4/15] L1 (F03189-lm-01) ok=✗
  [5/15] L5 (F03189-lm-05) ok=✗
  [6/15] L6 (F03189-lm-06) ok=✗
  [7/15] L7 (F03189-lm-07) ok=✗
  [8/15] L8 (F03189-lm-08) ok=✗
  [9/15] L11 (F03189-lm-11) ok=✗
  [10/15] L10 (F03189-lm-10) ok=✗
  [11/15] L9 (F03189-lm-09) ok=✗
  [12/15] L12 (F03189-lm-12) ok=✗
  [13/15] L14 (F03189-lm-14) ok=✗
  [14/15] L13 (F03189-lm-13) ok=✗
  [15/15] L15 (F03189-lm-15) ok=✗
Hints: appended to 0 level(s); 0 hint file(s) changed on disk.
Result: solved=0/15, solvedBeforeFallback=0, fallbackOnly=0, unsolved=15
Wrote logs/family-census/solve-R03189-lm.json
Wrote logs/family-census/solve-R03189-lm-summary.md
portfolio-solve-sweep: corpus=data/families/family-R03189-sym.json levels=7 (7 to solve) scheduler-mode=legacy budget=8000ms node-budget=20000000 workers=4 save-hints=true
  [1/7] L1 (F03189-sym-01) ok=✗
  [2/7] L3 (F03189-sym-03) ok=✗
  [3/7] L4 (F03189-sym-04) ok=✗
  [4/7] L2 (F03189-sym-02) ok=✗
  [5/7] L7 (F03189-sym-07) ok=✗
  [6/7] L5 (F03189-sym-05) ok=✗
  [7/7] L6 (F03189-sym-06) ok=✗
Hints: appended to 0 level(s); 0 hint file(s) changed on disk.
Result: solved=0/7, solvedBeforeFallback=0, fallbackOnly=0, unsolved=7
Wrote logs/family-census/solve-R03189-sym.json
Wrote logs/family-census/solve-R03189-sym-summary.md
[01:48:59] DONE R03189
[01:48:59] START R03220
Parent R03220: witness stressMeta.witnessSolution (len 139, 0 jump(s)), 58 movable object instance(s) under strict inventory.
  attempt 1: accepted F03220-lm-01 — moved flippingFilters (2,9) -> (12,4)
  attempt 2: accepted F03220-lm-02 — moved market (6,6) -> (11,12)
  attempt 3: accepted F03220-lm-03 — moved geese (3,4) -> (11,3)
  attempt 4: accepted F03220-lm-04 — moved blocks (9,13) -> (10,9)
  attempt 5: accepted F03220-lm-05 — moved library (1,3) -> (8,1)
  attempt 6: accepted F03220-lm-06 — moved library (12,2) -> (5,0)
  attempt 7: accepted F03220-lm-07 — moved flippingFilters (11,2) -> (11,10)
  attempt 8: accepted F03220-lm-08 — moved mustPass (13,9) -> (12,1)
  attempt 9: accepted F03220-lm-09 — moved blocks (7,8) -> (4,9)
  attempt 10: accepted F03220-lm-10 — moved market (0,3) -> (13,7)
  attempt 11: accepted F03220-lm-11 — moved blocks (1,8) -> (11,3)
  attempt 12: accepted F03220-lm-12 — moved fountain (2,4) -> (5,13)
  attempt 13: accepted F03220-lm-13 — moved lamppost (7,9) -> (11,12)
  attempt 14: accepted F03220-lm-14 — moved flippingFilters (6,8) -> (5,7)
  attempt 15: accepted F03220-lm-15 — moved mustPass (13,9) -> (0,5)

15/15 new local-mutant sibling(s) generated for R03220 in 15 attempt(s) (budget 600); 15 total in data/families/family-R03220-lm.json.
Wrote 15 level(s) total to data/families/family-R03220-lm.json (changed=true), 15 hint file(s) written to data/families/hints/.
Wrote family manifest to data/families/family-R03220-lm-manifest.json (15 variant(s) total).
Parent R03220: witness stressMeta.witnessSolution (len 139, 0 jump(s)), 58 movable object instance(s) under strict inventory.
  variant 1 (rotation): accepted F03220-sym-01
  variant 2 (rotation): accepted F03220-sym-02
  variant 3 (rotation): accepted F03220-sym-03
  variant 4 (reflection): accepted F03220-sym-04
  variant 5 (reflection): accepted F03220-sym-05
  variant 6 (reflection): accepted F03220-sym-06
  variant 7 (reflection): accepted F03220-sym-07

7/7 new symmetry sibling(s) generated for R03220 in 7 attempt(s) (budget 7); 7 total in data/families/family-R03220-sym.json.
Wrote 7 level(s) total to data/families/family-R03220-sym.json (changed=true), 7 hint file(s) written to data/families/hints/.
Wrote family manifest to data/families/family-R03220-sym-manifest.json (7 variant(s) total).
portfolio-solve-sweep: corpus=data/families/family-R03220-lm.json levels=15 (15 to solve) scheduler-mode=legacy budget=8000ms node-budget=20000000 workers=4 save-hints=true
  [1/15] L1 (F03220-lm-01) ok=✗
  [2/15] L2 (F03220-lm-02) ok=✗
  [3/15] L3 (F03220-lm-03) ok=✗
  [4/15] L4 (F03220-lm-04) ok=✗
  [5/15] L6 (F03220-lm-06) ok=✗
  [6/15] L5 (F03220-lm-05) ok=✗
  [7/15] L7 (F03220-lm-07) ok=✗
  [8/15] L8 (F03220-lm-08) ok=✗
  [9/15] L9 (F03220-lm-09) ok=✗
  [10/15] L10 (F03220-lm-10) ok=✗
  [11/15] L11 (F03220-lm-11) ok=✗
  [12/15] L12 (F03220-lm-12) ok=✗
  [13/15] L14 (F03220-lm-14) ok=✗
  [14/15] L13 (F03220-lm-13) ok=✗
  [15/15] L15 (F03220-lm-15) ok=✗
Hints: appended to 0 level(s); 0 hint file(s) changed on disk.
Result: solved=0/15, solvedBeforeFallback=0, fallbackOnly=0, unsolved=15
Wrote logs/family-census/solve-R03220-lm.json
Wrote logs/family-census/solve-R03220-lm-summary.md
portfolio-solve-sweep: corpus=data/families/family-R03220-sym.json levels=7 (7 to solve) scheduler-mode=legacy budget=8000ms node-budget=20000000 workers=4 save-hints=true
  [1/7] L1 (F03220-sym-01) ok=✗
  [2/7] L4 (F03220-sym-04) ok=✗
  [3/7] L2 (F03220-sym-02) ok=✗
  [4/7] L3 (F03220-sym-03) ok=✗
  [5/7] L6 (F03220-sym-06) ok=✗
  [6/7] L5 (F03220-sym-05) ok=✗
  [7/7] L7 (F03220-sym-07) ok=✗
Hints: appended to 0 level(s); 0 hint file(s) changed on disk.
Result: solved=0/7, solvedBeforeFallback=0, fallbackOnly=0, unsolved=7
Wrote logs/family-census/solve-R03220-sym.json
Wrote logs/family-census/solve-R03220-sym-summary.md
[01:55:25] DONE R03220
[01:55:25] START R03268
Parent R03268: witness stressMeta.witnessSolution (len 134, 5 jump(s)), 57 movable object instance(s) under strict inventory.
  attempt 1: accepted F03268-lm-01 — moved blocks (2,2) -> (10,14)
  attempt 2: accepted F03268-lm-02 — moved blocks (6,7) -> (8,12)
  attempt 3: accepted F03268-lm-03 — moved blocks (13,1) -> (7,10)
  attempt 4: accepted F03268-lm-04 — moved blocks (2,2) -> (1,6)
  attempt 5: accepted F03268-lm-05 — moved falseGoals (10,1) -> (0,9)
  attempt 6: accepted F03268-lm-06 — moved mustPass (12,12) -> (12,4)
  attempt 7: accepted F03268-lm-07 — moved blocks (10,7) -> (1,14)
  attempt 8: accepted F03268-lm-08 — moved blocks (6,7) -> (1,0)
  attempt 9: accepted F03268-lm-09 — moved blocks (10,13) -> (10,8)
  attempt 10: accepted F03268-lm-10 — moved blocks (8,11) -> (1,6)
  attempt 11: accepted F03268-lm-11 — moved statue (3,13) -> (12,5)
  attempt 12: accepted F03268-lm-12 — moved blocks (8,11) -> (2,0)
  attempt 13: accepted F03268-lm-13 — moved park (1,9) -> (11,9)
  attempt 14: accepted F03268-lm-14 — moved blocks (2,4) -> (7,13)
  attempt 15: accepted F03268-lm-15 — moved falseGoals (12,3) -> (7,10)

15/15 new local-mutant sibling(s) generated for R03268 in 15 attempt(s) (budget 600); 15 total in data/families/family-R03268-lm.json.
Wrote 15 level(s) total to data/families/family-R03268-lm.json (changed=true), 15 hint file(s) written to data/families/hints/.
Wrote family manifest to data/families/family-R03268-lm-manifest.json (15 variant(s) total).
Parent R03268: witness stressMeta.witnessSolution (len 134, 5 jump(s)), 57 movable object instance(s) under strict inventory.
  variant 1 (rotation): accepted F03268-sym-01
  variant 2 (rotation): accepted F03268-sym-02
  variant 3 (rotation): accepted F03268-sym-03
  variant 4 (reflection): accepted F03268-sym-04
  variant 5 (reflection): accepted F03268-sym-05
  variant 6 (reflection): accepted F03268-sym-06
  variant 7 (reflection): accepted F03268-sym-07

7/7 new symmetry sibling(s) generated for R03268 in 7 attempt(s) (budget 7); 7 total in data/families/family-R03268-sym.json.
Wrote 7 level(s) total to data/families/family-R03268-sym.json (changed=true), 7 hint file(s) written to data/families/hints/.
Wrote family manifest to data/families/family-R03268-sym-manifest.json (7 variant(s) total).
portfolio-solve-sweep: corpus=data/families/family-R03268-lm.json levels=15 (15 to solve) scheduler-mode=legacy budget=8000ms node-budget=20000000 workers=4 save-hints=true
  [1/15] L2 (F03268-lm-02) ok=✗
  [2/15] L4 (F03268-lm-04) ok=✗
  [3/15] L3 (F03268-lm-03) ok=✗
  [4/15] L1 (F03268-lm-01) ok=✗
  [5/15] L8 (F03268-lm-08) ok=✗
  [6/15] L5 (F03268-lm-05) ok=✗
  [7/15] L6 (F03268-lm-06) ok=✗
  [8/15] L7 (F03268-lm-07) ok=✗
  [9/15] L9 (F03268-lm-09) ok=✗
  [10/15] L10 (F03268-lm-10) ok=✗
  [11/15] L12 (F03268-lm-12) ok=✗
  [12/15] L11 (F03268-lm-11) ok=✗
  [13/15] L15 (F03268-lm-15) ok=✗
  [14/15] L13 (F03268-lm-13) ok=✗
  [15/15] L14 (F03268-lm-14) ok=✗
Hints: appended to 0 level(s); 0 hint file(s) changed on disk.
Result: solved=0/15, solvedBeforeFallback=0, fallbackOnly=0, unsolved=15
Wrote logs/family-census/solve-R03268-lm.json
Wrote logs/family-census/solve-R03268-lm-summary.md
portfolio-solve-sweep: corpus=data/families/family-R03268-sym.json levels=7 (7 to solve) scheduler-mode=legacy budget=8000ms node-budget=20000000 workers=4 save-hints=true
  [1/7] L4 (F03268-sym-04) ok=✗
  [2/7] L2 (F03268-sym-02) ok=✗
  [3/7] L3 (F03268-sym-03) ok=✗
  [4/7] L1 (F03268-sym-01) ok=✗
  [5/7] L6 (F03268-sym-06) ok=✗
  [6/7] L7 (F03268-sym-07) ok=✗
  [7/7] L5 (F03268-sym-05) ok=✗
Hints: appended to 0 level(s); 0 hint file(s) changed on disk.
Result: solved=0/7, solvedBeforeFallback=0, fallbackOnly=0, unsolved=7
Wrote logs/family-census/solve-R03268-sym.json
Wrote logs/family-census/solve-R03268-sym-summary.md
[01:58:53] DONE R03268
[01:58:53] START R03296
Parent R03296: witness hint[0] (len 137, 4 jump(s)), 57 movable object instance(s) under strict inventory.
  attempt 1: accepted F03296-lm-01 — moved geese (13,11) -> (13,4)
  attempt 2: accepted F03296-lm-02 — moved statue (6,0) -> (8,0)
  attempt 3: accepted F03296-lm-03 — moved blocks (12,5) -> (7,9)
  attempt 4: accepted F03296-lm-04 — moved blocks (14,9) -> (1,4)
  attempt 5: accepted F03296-lm-05 — moved fountain (5,7) -> (0,3)
  attempt 6: accepted F03296-lm-06 — moved blocks (14,9) -> (12,8)
  attempt 7: accepted F03296-lm-07 — moved geese (13,11) -> (0,6)
  attempt 8: accepted F03296-lm-08 — moved statue (6,2) -> (3,6)
  attempt 9: accepted F03296-lm-09 — moved blocks (0,7) -> (6,9)
  attempt 10: accepted F03296-lm-10 — moved blocks (14,9) -> (2,10)
  attempt 11: accepted F03296-lm-11 — moved geese (8,8) -> (12,8)
  attempt 12: accepted F03296-lm-12 — moved blocks (12,3) -> (4,13)
  attempt 13: accepted F03296-lm-13 — moved geese (4,14) -> (13,0)
  attempt 14: rejected — degenerate duplicate of parent or another accepted variant
  attempt 15: accepted F03296-lm-14 — moved blocks (14,1) -> (7,9)
  attempt 16: accepted F03296-lm-15 — moved market (2,12) -> (1,3)

15/15 new local-mutant sibling(s) generated for R03296 in 16 attempt(s) (budget 600); 15 total in data/families/family-R03296-lm.json.
Wrote 15 level(s) total to data/families/family-R03296-lm.json (changed=true), 15 hint file(s) written to data/families/hints/.
Wrote family manifest to data/families/family-R03296-lm-manifest.json (15 variant(s) total).
Parent R03296: witness hint[0] (len 137, 4 jump(s)), 57 movable object instance(s) under strict inventory.
  variant 1 (rotation): accepted F03296-sym-01
  variant 2 (rotation): accepted F03296-sym-02
  variant 3 (rotation): accepted F03296-sym-03
  variant 4 (reflection): accepted F03296-sym-04
  variant 5 (reflection): accepted F03296-sym-05
  variant 6 (reflection): accepted F03296-sym-06
  variant 7 (reflection): accepted F03296-sym-07

7/7 new symmetry sibling(s) generated for R03296 in 7 attempt(s) (budget 7); 7 total in data/families/family-R03296-sym.json.
Wrote 7 level(s) total to data/families/family-R03296-sym.json (changed=true), 7 hint file(s) written to data/families/hints/.
Wrote family manifest to data/families/family-R03296-sym-manifest.json (7 variant(s) total).
portfolio-solve-sweep: corpus=data/families/family-R03296-lm.json levels=15 (15 to solve) scheduler-mode=legacy budget=8000ms node-budget=20000000 workers=4 save-hints=true
  [1/15] L2 (F03296-lm-02) ok=✗
  [2/15] L4 (F03296-lm-04) ok=✗
  [3/15] L3 (F03296-lm-03) ok=✗
  [4/15] L1 (F03296-lm-01) ok=✗
  [5/15] L6 (F03296-lm-06) ok=✗
  [6/15] L5 (F03296-lm-05) ok=✗
  [7/15] L8 (F03296-lm-08) ok=✗
  [8/15] L7 (F03296-lm-07) ok=✗
  [9/15] L9 (F03296-lm-09) ok=✗
  [10/15] L10 (F03296-lm-10) ok=✗
  [11/15] L11 (F03296-lm-11) ok=✗
  [12/15] L12 (F03296-lm-12) ok=✗
  [13/15] L15 (F03296-lm-15) ok=✗
  [14/15] L13 (F03296-lm-13) ok=✗
  [15/15] L14 (F03296-lm-14) ok=✗
Hints: appended to 0 level(s); 0 hint file(s) changed on disk.
Result: solved=0/15, solvedBeforeFallback=0, fallbackOnly=0, unsolved=15
Wrote logs/family-census/solve-R03296-lm.json
Wrote logs/family-census/solve-R03296-lm-summary.md
portfolio-solve-sweep: corpus=data/families/family-R03296-sym.json levels=7 (7 to solve) scheduler-mode=legacy budget=8000ms node-budget=20000000 workers=4 save-hints=true
  [1/7] L2 (F03296-sym-02) ok=✗
  [2/7] L4 (F03296-sym-04) ok=✗
  [3/7] L1 (F03296-sym-01) ok=✗
  [4/7] L3 (F03296-sym-03) ok=✗
  [5/7] L6 (F03296-sym-06) ok=✗
  [6/7] L5 (F03296-sym-05) ok=✗
  [7/7] L7 (F03296-sym-07) ok=✗
Hints: appended to 0 level(s); 0 hint file(s) changed on disk.
Result: solved=0/7, solvedBeforeFallback=0, fallbackOnly=0, unsolved=7
Wrote logs/family-census/solve-R03296-sym.json
Wrote logs/family-census/solve-R03296-sym-summary.md
[02:03:04] DONE R03296
[02:03:04] START R03325
Parent R03325: witness hint[0] (len 122, 4 jump(s)), 24 movable object instance(s) under strict inventory.
  attempt 1: accepted F03325-lm-01 — moved park (4,6) -> (3,5)
  attempt 2: accepted F03325-lm-02 — moved mustPass (7,1) -> (10,3)
  attempt 3: accepted F03325-lm-03 — moved mustPass (10,5) -> (12,8)
  attempt 4: accepted F03325-lm-04 — moved geese (12,2) -> (0,1)
  attempt 5: accepted F03325-lm-05 — moved falseGoals (5,9) -> (4,12)
  attempt 6: accepted F03325-lm-06 — moved mustPass (10,7) -> (12,8)
  attempt 7: accepted F03325-lm-07 — moved mustPass (10,7) -> (7,5)
  attempt 8: accepted F03325-lm-08 — moved library (8,4) -> (8,2)
  attempt 9: accepted F03325-lm-09 — moved falseGoals (4,7) -> (7,9)
  attempt 10: accepted F03325-lm-10 — moved geese (11,13) -> (6,9)
  attempt 11: accepted F03325-lm-11 — moved library (8,4) -> (2,4)
  attempt 12: accepted F03325-lm-12 — moved mustPass (10,7) -> (2,11)
  attempt 13: accepted F03325-lm-13 — moved mustPass (10,5) -> (9,9)
  attempt 14: accepted F03325-lm-14 — moved library (8,4) -> (3,0)
  attempt 15: accepted F03325-lm-15 — moved falseGoals (5,9) -> (12,1)

15/15 new local-mutant sibling(s) generated for R03325 in 15 attempt(s) (budget 600); 15 total in data/families/family-R03325-lm.json.
Wrote 15 level(s) total to data/families/family-R03325-lm.json (changed=true), 15 hint file(s) written to data/families/hints/.
Wrote family manifest to data/families/family-R03325-lm-manifest.json (15 variant(s) total).
Parent R03325: witness hint[0] (len 122, 4 jump(s)), 24 movable object instance(s) under strict inventory.
  variant 1 (rotation): accepted F03325-sym-01
  variant 2 (rotation): accepted F03325-sym-02
  variant 3 (rotation): accepted F03325-sym-03
  variant 4 (reflection): accepted F03325-sym-04
  variant 5 (reflection): accepted F03325-sym-05
  variant 6 (reflection): accepted F03325-sym-06
  variant 7 (reflection): accepted F03325-sym-07

7/7 new symmetry sibling(s) generated for R03325 in 7 attempt(s) (budget 7); 7 total in data/families/family-R03325-sym.json.
Wrote 7 level(s) total to data/families/family-R03325-sym.json (changed=true), 7 hint file(s) written to data/families/hints/.
Wrote family manifest to data/families/family-R03325-sym-manifest.json (7 variant(s) total).
portfolio-solve-sweep: corpus=data/families/family-R03325-lm.json levels=15 (15 to solve) scheduler-mode=legacy budget=8000ms node-budget=20000000 workers=4 save-hints=true
  [1/15] L1 (F03325-lm-01) ok=✓ legacy [hint saved]
  [2/15] L3 (F03325-lm-03) ok=✓ legacy [hint saved]
  [3/15] L6 (F03325-lm-06) ok=✓ legacy [hint saved]
  [4/15] L7 (F03325-lm-07) ok=✓ legacy [hint saved]
  [5/15] L2 (F03325-lm-02) ok=✗
  [6/15] L5 (F03325-lm-05) ok=✗
  [7/15] L4 (F03325-lm-04) ok=✗
  [8/15] L8 (F03325-lm-08) ok=✗
  [9/15] L9 (F03325-lm-09) ok=✗
  [10/15] L11 (F03325-lm-11) ok=✗
  [11/15] L10 (F03325-lm-10) ok=✗
  [12/15] L15 (F03325-lm-15) ok=✓ legacy [hint saved]
  [13/15] L12 (F03325-lm-12) ok=✗
  [14/15] L14 (F03325-lm-14) ok=✗
  [15/15] L13 (F03325-lm-13) ok=✗
Hints: appended to 5 level(s); 5 hint file(s) changed on disk.
Result: solved=5/15, solvedBeforeFallback=0, fallbackOnly=5, unsolved=10
Wrote logs/family-census/solve-R03325-lm.json
Wrote logs/family-census/solve-R03325-lm-summary.md
portfolio-solve-sweep: corpus=data/families/family-R03325-sym.json levels=7 (7 to solve) scheduler-mode=legacy budget=8000ms node-budget=20000000 workers=4 save-hints=true
  [1/7] L2 (F03325-sym-02) ok=✗
  [2/7] L4 (F03325-sym-04) ok=✗
  [3/7] L1 (F03325-sym-01) ok=✗
  [4/7] L3 (F03325-sym-03) ok=✗
  [5/7] L7 (F03325-sym-07) ok=✓ legacy [hint saved]
  [6/7] L6 (F03325-sym-06) ok=✗
  [7/7] L5 (F03325-sym-05) ok=✗
Hints: appended to 1 level(s); 1 hint file(s) changed on disk.
Result: solved=1/7, solvedBeforeFallback=0, fallbackOnly=1, unsolved=6
Wrote logs/family-census/solve-R03325-sym.json
Wrote logs/family-census/solve-R03325-sym-summary.md
[02:04:33] DONE R03325
[02:04:33] START R03361
Parent R03361: witness stressMeta.witnessSolution (len 103, 0 jump(s)), 56 movable object instance(s) under strict inventory.
  attempt 1: accepted F03361-lm-01 — moved library (10,12) -> (10,13)
  attempt 2: accepted F03361-lm-02 — moved blocks (6,12) -> (12,9)
  attempt 3: accepted F03361-lm-03 — moved geese (8,11) -> (8,12)
  attempt 4: accepted F03361-lm-04 — moved blocks (2,9) -> (12,8)
  attempt 5: accepted F03361-lm-05 — moved blocks (4,10) -> (13,13)
  attempt 6: accepted F03361-lm-06 — moved fountain (4,8) -> (2,3)
  attempt 7: accepted F03361-lm-07 — moved flippingFilters (7,10) -> (1,8)
  attempt 8: accepted F03361-lm-08 — moved market (4,4) -> (4,6)
  attempt 9: accepted F03361-lm-09 — moved blocks (8,13) -> (5,10)
  attempt 10: accepted F03361-lm-10 — moved fountain (4,8) -> (9,1)
  attempt 11: accepted F03361-lm-11 — moved blocks (9,11) -> (13,6)
  attempt 12: accepted F03361-lm-12 — moved geese (10,11) -> (12,13)
  attempt 13: accepted F03361-lm-13 — moved blocks (13,7) -> (6,5)
  attempt 14: accepted F03361-lm-14 — moved statue (10,7) -> (1,8)
  attempt 15: accepted F03361-lm-15 — moved geese (11,10) -> (13,13)

15/15 new local-mutant sibling(s) generated for R03361 in 15 attempt(s) (budget 600); 15 total in data/families/family-R03361-lm.json.
Wrote 15 level(s) total to data/families/family-R03361-lm.json (changed=true), 15 hint file(s) written to data/families/hints/.
Wrote family manifest to data/families/family-R03361-lm-manifest.json (15 variant(s) total).
Parent R03361: witness stressMeta.witnessSolution (len 103, 0 jump(s)), 56 movable object instance(s) under strict inventory.
  variant 1 (rotation): accepted F03361-sym-01
  variant 2 (rotation): accepted F03361-sym-02
  variant 3 (rotation): accepted F03361-sym-03
  variant 4 (reflection): accepted F03361-sym-04
  variant 5 (reflection): accepted F03361-sym-05
  variant 6 (reflection): accepted F03361-sym-06
  variant 7 (reflection): accepted F03361-sym-07

7/7 new symmetry sibling(s) generated for R03361 in 7 attempt(s) (budget 7); 7 total in data/families/family-R03361-sym.json.
Wrote 7 level(s) total to data/families/family-R03361-sym.json (changed=true), 7 hint file(s) written to data/families/hints/.
Wrote family manifest to data/families/family-R03361-sym-manifest.json (7 variant(s) total).
portfolio-solve-sweep: corpus=data/families/family-R03361-lm.json levels=15 (15 to solve) scheduler-mode=legacy budget=8000ms node-budget=20000000 workers=4 save-hints=true
  [1/15] L1 (F03361-lm-01) ok=✗
  [2/15] L2 (F03361-lm-02) ok=✗
  [3/15] L3 (F03361-lm-03) ok=✗
  [4/15] L4 (F03361-lm-04) ok=✗
  [5/15] L5 (F03361-lm-05) ok=✗
  [6/15] L6 (F03361-lm-06) ok=✗
  [7/15] L7 (F03361-lm-07) ok=✗
  [8/15] L8 (F03361-lm-08) ok=✗
  [9/15] L9 (F03361-lm-09) ok=✗
  [10/15] L10 (F03361-lm-10) ok=✗
  [11/15] L11 (F03361-lm-11) ok=✗
  [12/15] L12 (F03361-lm-12) ok=✗
  [13/15] L13 (F03361-lm-13) ok=✗
  [14/15] L15 (F03361-lm-15) ok=✗
  [15/15] L14 (F03361-lm-14) ok=✗
Hints: appended to 0 level(s); 0 hint file(s) changed on disk.
Result: solved=0/15, solvedBeforeFallback=0, fallbackOnly=0, unsolved=15
Wrote logs/family-census/solve-R03361-lm.json
Wrote logs/family-census/solve-R03361-lm-summary.md
portfolio-solve-sweep: corpus=data/families/family-R03361-sym.json levels=7 (7 to solve) scheduler-mode=legacy budget=8000ms node-budget=20000000 workers=4 save-hints=true
  [1/7] L1 (F03361-sym-01) ok=✗
  [2/7] L3 (F03361-sym-03) ok=✗
  [3/7] L4 (F03361-sym-04) ok=✗
  [4/7] L2 (F03361-sym-02) ok=✗
  [5/7] L5 (F03361-sym-05) ok=✗
  [6/7] L7 (F03361-sym-07) ok=✗
  [7/7] L6 (F03361-sym-06) ok=✗
Hints: appended to 0 level(s); 0 hint file(s) changed on disk.
Result: solved=0/7, solvedBeforeFallback=0, fallbackOnly=0, unsolved=7
Wrote logs/family-census/solve-R03361-sym.json
Wrote logs/family-census/solve-R03361-sym-summary.md
[02:08:42] DONE R03361
