[23:10:32] START R00059
Parent R00059: witness hint[0] (len 83, 6 jump(s)), 29 movable object instance(s) under strict inventory.
  attempt 1: accepted F00059-lm-01 — moved blocks (3,11) -> (1,11)
  attempt 2: accepted F00059-lm-02 — moved blocks (2,4) -> (0,1)
  attempt 3: accepted F00059-lm-03 — moved market (1,0) -> (10,11)
  attempt 4: accepted F00059-lm-04 — moved market (9,8) -> (2,11)
  attempt 5: accepted F00059-lm-05 — moved blocks (3,11) -> (3,8)
  attempt 6: accepted F00059-lm-06 — moved market (9,8) -> (3,8)
  attempt 7: accepted F00059-lm-07 — moved blocks (4,3) -> (3,7)
  attempt 8: accepted F00059-lm-08 — moved blocks (9,10) -> (11,11)
  attempt 9: accepted F00059-lm-09 — moved blocks (11,8) -> (11,1)
  attempt 10: accepted F00059-lm-10 — moved market (6,3) -> (11,1)
  attempt 11: accepted F00059-lm-11 — moved market (2,9) -> (3,8)
  attempt 12: accepted F00059-lm-12 — moved blocks (11,0) -> (1,11)
  attempt 13: accepted F00059-lm-13 — moved blocks (7,5) -> (7,4)
  attempt 14: accepted F00059-lm-14 — moved blocks (10,8) -> (7,4)
  attempt 15: accepted F00059-lm-15 — moved blocks (9,7) -> (1,11)

15/15 new local-mutant sibling(s) generated for R00059 in 15 attempt(s) (budget 600); 15 total in data/families/family-R00059-lm.json.
Wrote 15 level(s) total to data/families/family-R00059-lm.json (changed=true), 15 hint file(s) written to data/families/hints/.
Wrote family manifest to data/families/family-R00059-lm-manifest.json (15 variant(s) total).
Parent R00059: witness hint[0] (len 83, 6 jump(s)), 29 movable object instance(s) under strict inventory.
  variant 1 (rotation): accepted F00059-sym-01
  variant 2 (rotation): accepted F00059-sym-02
  variant 3 (rotation): accepted F00059-sym-03
  variant 4 (reflection): accepted F00059-sym-04
  variant 5 (reflection): accepted F00059-sym-05
  variant 6 (reflection): accepted F00059-sym-06
  variant 7 (reflection): accepted F00059-sym-07

7/7 new symmetry sibling(s) generated for R00059 in 7 attempt(s) (budget 7); 7 total in data/families/family-R00059-sym.json.
Wrote 7 level(s) total to data/families/family-R00059-sym.json (changed=true), 7 hint file(s) written to data/families/hints/.
Wrote family manifest to data/families/family-R00059-sym-manifest.json (7 variant(s) total).
portfolio-solve-sweep: corpus=data/families/family-R00059-lm.json levels=15 (15 to solve) scheduler-mode=legacy budget=8000ms node-budget=20000000 workers=4 save-hints=true
  [1/15] L3 (F00059-lm-03) ok=✓ legacy [hint saved]
  [2/15] L1 (F00059-lm-01) ok=✗
  [3/15] L2 (F00059-lm-02) ok=✗
  [4/15] L4 (F00059-lm-04) ok=✗
  [5/15] L5 (F00059-lm-05) ok=✓ legacy [hint saved]
  [6/15] L6 (F00059-lm-06) ok=✓ legacy [hint saved]
  [7/15] L7 (F00059-lm-07) ok=✓ legacy [hint saved]
  [8/15] L9 (F00059-lm-09) ok=✗
  [9/15] L8 (F00059-lm-08) ok=✓ legacy [hint saved]
  [10/15] L10 (F00059-lm-10) ok=✗
  [11/15] L11 (F00059-lm-11) ok=✗
  [12/15] L12 (F00059-lm-12) ok=✗
  [13/15] L13 (F00059-lm-13) ok=✗
  [14/15] L14 (F00059-lm-14) ok=✗
  [15/15] L15 (F00059-lm-15) ok=✗
Hints: appended to 5 level(s); 5 hint file(s) changed on disk.
Result: solved=5/15, solvedBeforeFallback=0, fallbackOnly=5, unsolved=10
Wrote logs/family-census/solve-R00059-lm.json
Wrote logs/family-census/solve-R00059-lm-summary.md
portfolio-solve-sweep: corpus=data/families/family-R00059-sym.json levels=7 (7 to solve) scheduler-mode=legacy budget=8000ms node-budget=20000000 workers=4 save-hints=true
  [1/7] L1 (F00059-sym-01) ok=✗
  [2/7] L4 (F00059-sym-04) ok=✗
  [3/7] L2 (F00059-sym-02) ok=✗
  [4/7] L3 (F00059-sym-03) ok=✗
  [5/7] L6 (F00059-sym-06) ok=✗
  [6/7] L5 (F00059-sym-05) ok=✗
  [7/7] L7 (F00059-sym-07) ok=✗
Hints: appended to 0 level(s); 0 hint file(s) changed on disk.
Result: solved=0/7, solvedBeforeFallback=0, fallbackOnly=0, unsolved=7
Wrote logs/family-census/solve-R00059-sym.json
Wrote logs/family-census/solve-R00059-sym-summary.md
[23:11:44] DONE R00059
[23:11:44] START R00312
Parent R00312: witness hint[0] (len 133, 4 jump(s)), 47 movable object instance(s) under strict inventory.
  attempt 1: accepted F00312-lm-01 — moved blocks (2,1) -> (7,2)
  attempt 2: accepted F00312-lm-02 — moved flippingFilters (4,4) -> (7,1)
  attempt 3: accepted F00312-lm-03 — moved flippingFilters (4,14) -> (0,14)
  attempt 4: accepted F00312-lm-04 — moved falseGoals (8,11) -> (4,3)
  attempt 5: accepted F00312-lm-05 — moved lamppost (2,2) -> (14,4)
  attempt 6: accepted F00312-lm-06 — moved blocks (6,13) -> (2,6)
  attempt 7: accepted F00312-lm-07 — moved flippingFilters (12,0) -> (8,0)
  attempt 8: accepted F00312-lm-08 — moved flippingFilters (12,0) -> (5,5)
  attempt 9: accepted F00312-lm-09 — moved falseGoals (8,11) -> (1,12)
  attempt 10: accepted F00312-lm-10 — moved park (0,0) -> (2,13)
  attempt 11: accepted F00312-lm-11 — moved flippingFilters (10,3) -> (5,5)
  attempt 12: accepted F00312-lm-12 — moved falseGoals (4,1) -> (7,3)
  attempt 13: accepted F00312-lm-13 — moved flippingFilters (4,14) -> (1,12)
  attempt 14: accepted F00312-lm-14 — moved geese (3,13) -> (7,2)
  attempt 15: accepted F00312-lm-15 — moved geese (1,13) -> (2,6)

15/15 new local-mutant sibling(s) generated for R00312 in 15 attempt(s) (budget 600); 15 total in data/families/family-R00312-lm.json.
Wrote 15 level(s) total to data/families/family-R00312-lm.json (changed=true), 15 hint file(s) written to data/families/hints/.
Wrote family manifest to data/families/family-R00312-lm-manifest.json (15 variant(s) total).
Parent R00312: witness hint[0] (len 133, 4 jump(s)), 47 movable object instance(s) under strict inventory.
  variant 1 (rotation): accepted F00312-sym-01
  variant 2 (rotation): accepted F00312-sym-02
  variant 3 (rotation): accepted F00312-sym-03
  variant 4 (reflection): accepted F00312-sym-04
  variant 5 (reflection): accepted F00312-sym-05
  variant 6 (reflection): accepted F00312-sym-06
  variant 7 (reflection): accepted F00312-sym-07

7/7 new symmetry sibling(s) generated for R00312 in 7 attempt(s) (budget 7); 7 total in data/families/family-R00312-sym.json.
Wrote 7 level(s) total to data/families/family-R00312-sym.json (changed=true), 7 hint file(s) written to data/families/hints/.
Wrote family manifest to data/families/family-R00312-sym-manifest.json (7 variant(s) total).
portfolio-solve-sweep: corpus=data/families/family-R00312-lm.json levels=15 (15 to solve) scheduler-mode=legacy budget=8000ms node-budget=20000000 workers=4 save-hints=true
  [1/15] L3 (F00312-lm-03) ok=✗
  [2/15] L4 (F00312-lm-04) ok=✗
  [3/15] L1 (F00312-lm-01) ok=✗
  [4/15] L2 (F00312-lm-02) ok=✗
  [5/15] L5 (F00312-lm-05) ok=✗
  [6/15] L8 (F00312-lm-08) ok=✗
  [7/15] L7 (F00312-lm-07) ok=✗
  [8/15] L6 (F00312-lm-06) ok=✗
  [9/15] L9 (F00312-lm-09) ok=✓ legacy [hint saved]
  [10/15] L10 (F00312-lm-10) ok=✗
  [11/15] L11 (F00312-lm-11) ok=✗
  [12/15] L12 (F00312-lm-12) ok=✗
  [13/15] L13 (F00312-lm-13) ok=✗
  [14/15] L15 (F00312-lm-15) ok=✗
  [15/15] L14 (F00312-lm-14) ok=✗
Hints: appended to 1 level(s); 1 hint file(s) changed on disk.
Result: solved=1/15, solvedBeforeFallback=0, fallbackOnly=1, unsolved=14
Wrote logs/family-census/solve-R00312-lm.json
Wrote logs/family-census/solve-R00312-lm-summary.md
portfolio-solve-sweep: corpus=data/families/family-R00312-sym.json levels=7 (7 to solve) scheduler-mode=legacy budget=8000ms node-budget=20000000 workers=4 save-hints=true
  [1/7] L2 (F00312-sym-02) ok=✗
  [2/7] L1 (F00312-sym-01) ok=✗
  [3/7] L4 (F00312-sym-04) ok=✗
  [4/7] L3 (F00312-sym-03) ok=✗
  [5/7] L7 (F00312-sym-07) ok=✓ legacy [hint saved]
  [6/7] L5 (F00312-sym-05) ok=✗
  [7/7] L6 (F00312-sym-06) ok=✗
Hints: appended to 1 level(s); 1 hint file(s) changed on disk.
Result: solved=1/7, solvedBeforeFallback=0, fallbackOnly=1, unsolved=6
Wrote logs/family-census/solve-R00312-sym.json
Wrote logs/family-census/solve-R00312-sym-summary.md
[23:14:05] DONE R00312
[23:14:05] START R00506
Parent R00506: witness stressMeta.witnessSolution (len 145, 6 jump(s)), 44 movable object instance(s) under strict inventory.
  attempt 1: accepted F00506-lm-01 — moved mustPass (6,7) -> (10,11)
  attempt 2: accepted F00506-lm-02 — moved blocks (12,9) -> (5,7)
  attempt 3: accepted F00506-lm-03 — moved blocks (5,9) -> (9,6)
  attempt 4: accepted F00506-lm-04 — moved mustPass (7,1) -> (11,1)
  attempt 5: accepted F00506-lm-05 — moved mustPass (7,1) -> (12,2)
  attempt 6: accepted F00506-lm-06 — moved lamppost (7,10) -> (5,0)
  attempt 7: accepted F00506-lm-07 — moved library (2,7) -> (6,13)
  attempt 8: accepted F00506-lm-08 — moved blocks (12,9) -> (10,8)
  attempt 9: accepted F00506-lm-09 — moved lamppost (7,10) -> (5,6)
  attempt 10: accepted F00506-lm-10 — moved library (2,7) -> (9,5)
  attempt 11: accepted F00506-lm-11 — moved blocks (4,11) -> (5,6)
  attempt 12: accepted F00506-lm-12 — moved mustPass (9,2) -> (12,0)
  attempt 13: accepted F00506-lm-13 — moved mustPass (3,2) -> (7,8)
  attempt 14: accepted F00506-lm-14 — moved blocks (12,12) -> (6,13)
  attempt 15: accepted F00506-lm-15 — moved blocks (6,2) -> (12,6)

15/15 new local-mutant sibling(s) generated for R00506 in 15 attempt(s) (budget 600); 15 total in data/families/family-R00506-lm.json.
Wrote 15 level(s) total to data/families/family-R00506-lm.json (changed=true), 15 hint file(s) written to data/families/hints/.
Wrote family manifest to data/families/family-R00506-lm-manifest.json (15 variant(s) total).
Parent R00506: witness stressMeta.witnessSolution (len 145, 6 jump(s)), 44 movable object instance(s) under strict inventory.
  variant 1 (rotation): accepted F00506-sym-01
  variant 2 (rotation): accepted F00506-sym-02
  variant 3 (rotation): accepted F00506-sym-03
  variant 4 (reflection): accepted F00506-sym-04
  variant 5 (reflection): accepted F00506-sym-05
  variant 6 (reflection): accepted F00506-sym-06
  variant 7 (reflection): accepted F00506-sym-07

7/7 new symmetry sibling(s) generated for R00506 in 7 attempt(s) (budget 7); 7 total in data/families/family-R00506-sym.json.
Wrote 7 level(s) total to data/families/family-R00506-sym.json (changed=true), 7 hint file(s) written to data/families/hints/.
Wrote family manifest to data/families/family-R00506-sym-manifest.json (7 variant(s) total).
portfolio-solve-sweep: corpus=data/families/family-R00506-lm.json levels=15 (15 to solve) scheduler-mode=legacy budget=8000ms node-budget=20000000 workers=4 save-hints=true
  [1/15] L1 (F00506-lm-01) ok=✗
  [2/15] L2 (F00506-lm-02) ok=✗
  [3/15] L3 (F00506-lm-03) ok=✗
  [4/15] L4 (F00506-lm-04) ok=✗
  [5/15] L5 (F00506-lm-05) ok=✗
  [6/15] L8 (F00506-lm-08) ok=✗
  [7/15] L7 (F00506-lm-07) ok=✗
  [8/15] L6 (F00506-lm-06) ok=✗
  [9/15] L10 (F00506-lm-10) ok=✗
  [10/15] L9 (F00506-lm-09) ok=✗
  [11/15] L11 (F00506-lm-11) ok=✗
  [12/15] L12 (F00506-lm-12) ok=✗
  [13/15] L13 (F00506-lm-13) ok=✗
  [14/15] L15 (F00506-lm-15) ok=✗
  [15/15] L14 (F00506-lm-14) ok=✗
Hints: appended to 0 level(s); 0 hint file(s) changed on disk.
Result: solved=0/15, solvedBeforeFallback=0, fallbackOnly=0, unsolved=15
Wrote logs/family-census/solve-R00506-lm.json
Wrote logs/family-census/solve-R00506-lm-summary.md
portfolio-solve-sweep: corpus=data/families/family-R00506-sym.json levels=7 (7 to solve) scheduler-mode=legacy budget=8000ms node-budget=20000000 workers=4 save-hints=true
  [1/7] L2 (F00506-sym-02) ok=✗
  [2/7] L1 (F00506-sym-01) ok=✗
  [3/7] L4 (F00506-sym-04) ok=✗
  [4/7] L3 (F00506-sym-03) ok=✗
  [5/7] L5 (F00506-sym-05) ok=✗
  [6/7] L7 (F00506-sym-07) ok=✗
  [7/7] L6 (F00506-sym-06) ok=✗
Hints: appended to 0 level(s); 0 hint file(s) changed on disk.
Result: solved=0/7, solvedBeforeFallback=0, fallbackOnly=0, unsolved=7
Wrote logs/family-census/solve-R00506-sym.json
Wrote logs/family-census/solve-R00506-sym-summary.md
[23:21:01] DONE R00506
[23:21:01] START R00632
Parent R00632: witness hint[0] (len 100, 4 jump(s)), 53 movable object instance(s) under strict inventory.
  attempt 1: accepted F00632-lm-01 — moved market (2,9) -> (5,3)
  attempt 2: accepted F00632-lm-02 — moved market (2,9) -> (12,9)
  attempt 3: accepted F00632-lm-03 — moved blocks (0,4) -> (1,10)
  attempt 4: accepted F00632-lm-04 — moved blocks (11,11) -> (13,12)
  attempt 5: accepted F00632-lm-05 — moved blocks (12,4) -> (7,9)
  attempt 6: accepted F00632-lm-06 — moved park (4,4) -> (12,9)
  attempt 7: accepted F00632-lm-07 — moved blocks (0,3) -> (4,1)
  attempt 8: accepted F00632-lm-08 — moved geese (12,6) -> (11,9)
  attempt 9: accepted F00632-lm-09 — moved geese (2,13) -> (5,1)
  attempt 10: accepted F00632-lm-10 — moved statue (1,11) -> (13,9)
  attempt 11: accepted F00632-lm-11 — moved blocks (11,11) -> (5,2)
  attempt 12: accepted F00632-lm-12 — moved geese (8,11) -> (7,4)
  attempt 13: accepted F00632-lm-13 — moved blocks (12,8) -> (4,1)
  attempt 14: accepted F00632-lm-14 — moved fountain (5,13) -> (6,6)
  attempt 15: accepted F00632-lm-15 — moved geese (8,11) -> (8,0)

15/15 new local-mutant sibling(s) generated for R00632 in 15 attempt(s) (budget 600); 15 total in data/families/family-R00632-lm.json.
Wrote 15 level(s) total to data/families/family-R00632-lm.json (changed=true), 15 hint file(s) written to data/families/hints/.
Wrote family manifest to data/families/family-R00632-lm-manifest.json (15 variant(s) total).
Parent R00632: witness hint[0] (len 100, 4 jump(s)), 53 movable object instance(s) under strict inventory.
  variant 1 (rotation): accepted F00632-sym-01
  variant 2 (rotation): accepted F00632-sym-02
  variant 3 (rotation): accepted F00632-sym-03
  variant 4 (reflection): accepted F00632-sym-04
  variant 5 (reflection): accepted F00632-sym-05
  variant 6 (reflection): accepted F00632-sym-06
  variant 7 (reflection): accepted F00632-sym-07

7/7 new symmetry sibling(s) generated for R00632 in 7 attempt(s) (budget 7); 7 total in data/families/family-R00632-sym.json.
Wrote 7 level(s) total to data/families/family-R00632-sym.json (changed=true), 7 hint file(s) written to data/families/hints/.
Wrote family manifest to data/families/family-R00632-sym-manifest.json (7 variant(s) total).
portfolio-solve-sweep: corpus=data/families/family-R00632-lm.json levels=15 (15 to solve) scheduler-mode=legacy budget=8000ms node-budget=20000000 workers=4 save-hints=true
  [1/15] L2 (F00632-lm-02) ok=✗
  [2/15] L4 (F00632-lm-04) ok=✗
  [3/15] L1 (F00632-lm-01) ok=✗
  [4/15] L3 (F00632-lm-03) ok=✗
  [5/15] L5 (F00632-lm-05) ok=✗
  [6/15] L7 (F00632-lm-07) ok=✗
  [7/15] L6 (F00632-lm-06) ok=✗
  [8/15] L8 (F00632-lm-08) ok=✗
  [9/15] L11 (F00632-lm-11) ok=✗
  [10/15] L10 (F00632-lm-10) ok=✗
  [11/15] L9 (F00632-lm-09) ok=✗
  [12/15] L12 (F00632-lm-12) ok=✗
  [13/15] L14 (F00632-lm-14) ok=✗
  [14/15] L15 (F00632-lm-15) ok=✗
  [15/15] L13 (F00632-lm-13) ok=✗
Hints: appended to 0 level(s); 0 hint file(s) changed on disk.
Result: solved=0/15, solvedBeforeFallback=0, fallbackOnly=0, unsolved=15
Wrote logs/family-census/solve-R00632-lm.json
Wrote logs/family-census/solve-R00632-lm-summary.md
portfolio-solve-sweep: corpus=data/families/family-R00632-sym.json levels=7 (7 to solve) scheduler-mode=legacy budget=8000ms node-budget=20000000 workers=4 save-hints=true
  [1/7] L2 (F00632-sym-02) ok=✗
  [2/7] L4 (F00632-sym-04) ok=✗
  [3/7] L3 (F00632-sym-03) ok=✗
  [4/7] L1 (F00632-sym-01) ok=✗
  [5/7] L5 (F00632-sym-05) ok=✗
  [6/7] L7 (F00632-sym-07) ok=✗
  [7/7] L6 (F00632-sym-06) ok=✗
Hints: appended to 0 level(s); 0 hint file(s) changed on disk.
Result: solved=0/7, solvedBeforeFallback=0, fallbackOnly=0, unsolved=7
Wrote logs/family-census/solve-R00632-sym.json
Wrote logs/family-census/solve-R00632-sym-summary.md
[23:27:12] DONE R00632
[23:27:12] START R00765
Parent R00765: witness stressMeta.witnessSolution (len 105, 0 jump(s)), 50 movable object instance(s) under strict inventory.
  attempt 1: accepted F00765-lm-01 — moved blocks (8,3) -> (0,11)
  attempt 2: accepted F00765-lm-02 — moved fountain (10,10) -> (0,11)
  attempt 3: accepted F00765-lm-03 — moved blocks (9,11) -> (10,11)
  attempt 4: accepted F00765-lm-04 — moved statue (11,3) -> (0,11)
  attempt 5: accepted F00765-lm-05 — moved flippingFilters (4,11) -> (0,6)
  attempt 6: accepted F00765-lm-06 — moved flippingFilters (4,11) -> (3,0)
  attempt 7: accepted F00765-lm-07 — moved mustCross (8,1) -> (4,2)
  attempt 8: accepted F00765-lm-08 — moved geese (5,4) -> (10,11)
  attempt 9: accepted F00765-lm-09 — moved statue (5,1) -> (11,4)
  attempt 10: accepted F00765-lm-10 — moved blocks (5,5) -> (3,6)
  attempt 11: accepted F00765-lm-11 — moved blocks (2,6) -> (3,6)
  attempt 12: accepted F00765-lm-12 — moved lamppost (1,7) -> (1,8)
  attempt 13: accepted F00765-lm-13 — moved blocks (2,5) -> (10,8)
  attempt 14: accepted F00765-lm-14 — moved statue (10,1) -> (3,6)
  attempt 15: accepted F00765-lm-15 — moved blocks (0,0) -> (10,8)

15/15 new local-mutant sibling(s) generated for R00765 in 15 attempt(s) (budget 600); 15 total in data/families/family-R00765-lm.json.
Wrote 15 level(s) total to data/families/family-R00765-lm.json (changed=true), 15 hint file(s) written to data/families/hints/.
Wrote family manifest to data/families/family-R00765-lm-manifest.json (15 variant(s) total).
Parent R00765: witness stressMeta.witnessSolution (len 105, 0 jump(s)), 50 movable object instance(s) under strict inventory.
  variant 1 (rotation): accepted F00765-sym-01
  variant 2 (rotation): accepted F00765-sym-02
  variant 3 (rotation): accepted F00765-sym-03
  variant 4 (reflection): accepted F00765-sym-04
  variant 5 (reflection): accepted F00765-sym-05
  variant 6 (reflection): accepted F00765-sym-06
  variant 7 (reflection): accepted F00765-sym-07

7/7 new symmetry sibling(s) generated for R00765 in 7 attempt(s) (budget 7); 7 total in data/families/family-R00765-sym.json.
Wrote 7 level(s) total to data/families/family-R00765-sym.json (changed=true), 7 hint file(s) written to data/families/hints/.
Wrote family manifest to data/families/family-R00765-sym-manifest.json (7 variant(s) total).
portfolio-solve-sweep: corpus=data/families/family-R00765-lm.json levels=15 (15 to solve) scheduler-mode=legacy budget=8000ms node-budget=20000000 workers=4 save-hints=true
  [1/15] L3 (F00765-lm-03) ok=✗
  [2/15] L2 (F00765-lm-02) ok=✗
  [3/15] L4 (F00765-lm-04) ok=✗
  [4/15] L1 (F00765-lm-01) ok=✗
  [5/15] L6 (F00765-lm-06) ok=✗
  [6/15] L7 (F00765-lm-07) ok=✗
  [7/15] L5 (F00765-lm-05) ok=✗
  [8/15] L8 (F00765-lm-08) ok=✗
  [9/15] L9 (F00765-lm-09) ok=✗
  [10/15] L11 (F00765-lm-11) ok=✗
  [11/15] L10 (F00765-lm-10) ok=✗
  [12/15] L12 (F00765-lm-12) ok=✗
  [13/15] L15 (F00765-lm-15) ok=✗
  [14/15] L14 (F00765-lm-14) ok=✗
  [15/15] L13 (F00765-lm-13) ok=✗
Hints: appended to 0 level(s); 0 hint file(s) changed on disk.
Result: solved=0/15, solvedBeforeFallback=0, fallbackOnly=0, unsolved=15
Wrote logs/family-census/solve-R00765-lm.json
Wrote logs/family-census/solve-R00765-lm-summary.md
portfolio-solve-sweep: corpus=data/families/family-R00765-sym.json levels=7 (7 to solve) scheduler-mode=legacy budget=8000ms node-budget=20000000 workers=4 save-hints=true
  [1/7] L1 (F00765-sym-01) ok=✗
  [2/7] L3 (F00765-sym-03) ok=✗
  [3/7] L4 (F00765-sym-04) ok=✗
  [4/7] L2 (F00765-sym-02) ok=✗
  [5/7] L6 (F00765-sym-06) ok=✗
  [6/7] L5 (F00765-sym-05) ok=✗
  [7/7] L7 (F00765-sym-07) ok=✗
Hints: appended to 0 level(s); 0 hint file(s) changed on disk.
Result: solved=0/7, solvedBeforeFallback=0, fallbackOnly=0, unsolved=7
Wrote logs/family-census/solve-R00765-sym.json
Wrote logs/family-census/solve-R00765-sym-summary.md
[23:34:33] DONE R00765
[23:34:33] START R01011
Parent R01011: witness stressMeta.witnessSolution (len 85, 3 jump(s)), 42 movable object instance(s) under strict inventory.
  attempt 1: accepted F01011-lm-01 — moved blocks (4,10) -> (4,8)
  attempt 2: accepted F01011-lm-02 — moved mustPass (7,2) -> (2,6)
  attempt 3: accepted F01011-lm-03 — moved fountain (0,4) -> (4,8)
  attempt 4: accepted F01011-lm-04 — moved blocks (0,5) -> (0,7)
  attempt 5: accepted F01011-lm-05 — moved mustPass (7,2) -> (10,3)
  attempt 6: accepted F01011-lm-06 — moved blocks (9,5) -> (4,8)
  attempt 7: accepted F01011-lm-07 — moved flippingFilters (7,3) -> (10,6)
  attempt 8: accepted F01011-lm-08 — moved park (7,7) -> (4,8)
  attempt 9: accepted F01011-lm-09 — moved blocks (5,6) -> (0,7)
  attempt 10: accepted F01011-lm-10 — moved park (6,9) -> (0,7)
  attempt 11: accepted F01011-lm-11 — moved blocks (6,10) -> (0,7)
  attempt 12: accepted F01011-lm-12 — moved blocks (1,6) -> (4,8)
  attempt 13: accepted F01011-lm-13 — moved park (7,7) -> (0,7)
  attempt 14: rejected — degenerate duplicate of parent or another accepted variant
  attempt 15: accepted F01011-lm-14 — moved library (0,6) -> (4,8)
  attempt 16: accepted F01011-lm-15 — moved blocks (2,2) -> (0,7)

15/15 new local-mutant sibling(s) generated for R01011 in 16 attempt(s) (budget 600); 15 total in data/families/family-R01011-lm.json.
Wrote 15 level(s) total to data/families/family-R01011-lm.json (changed=true), 15 hint file(s) written to data/families/hints/.
Wrote family manifest to data/families/family-R01011-lm-manifest.json (15 variant(s) total).
Parent R01011: witness stressMeta.witnessSolution (len 85, 3 jump(s)), 42 movable object instance(s) under strict inventory.
  variant 1 (rotation): accepted F01011-sym-01
  variant 2 (rotation): accepted F01011-sym-02
  variant 3 (rotation): accepted F01011-sym-03
  variant 4 (reflection): accepted F01011-sym-04
  variant 5 (reflection): accepted F01011-sym-05
  variant 6 (reflection): accepted F01011-sym-06
  variant 7 (reflection): accepted F01011-sym-07

7/7 new symmetry sibling(s) generated for R01011 in 7 attempt(s) (budget 7); 7 total in data/families/family-R01011-sym.json.
Wrote 7 level(s) total to data/families/family-R01011-sym.json (changed=true), 7 hint file(s) written to data/families/hints/.
Wrote family manifest to data/families/family-R01011-sym-manifest.json (7 variant(s) total).
portfolio-solve-sweep: corpus=data/families/family-R01011-lm.json levels=15 (15 to solve) scheduler-mode=legacy budget=8000ms node-budget=20000000 workers=4 save-hints=true
  [1/15] L3 (F01011-lm-03) ok=✗
  [2/15] L4 (F01011-lm-04) ok=✗
  [3/15] L2 (F01011-lm-02) ok=✗
  [4/15] L1 (F01011-lm-01) ok=✗
  [5/15] L6 (F01011-lm-06) ok=✗
  [6/15] L5 (F01011-lm-05) ok=✗
  [7/15] L8 (F01011-lm-08) ok=✗
  [8/15] L7 (F01011-lm-07) ok=✗
  [9/15] L9 (F01011-lm-09) ok=✗
  [10/15] L12 (F01011-lm-12) ok=✗
  [11/15] L11 (F01011-lm-11) ok=✗
  [12/15] L10 (F01011-lm-10) ok=✗
  [13/15] L15 (F01011-lm-15) ok=✗
  [14/15] L13 (F01011-lm-13) ok=✗
  [15/15] L14 (F01011-lm-14) ok=✗
Hints: appended to 0 level(s); 0 hint file(s) changed on disk.
Result: solved=0/15, solvedBeforeFallback=0, fallbackOnly=0, unsolved=15
Wrote logs/family-census/solve-R01011-lm.json
Wrote logs/family-census/solve-R01011-lm-summary.md
portfolio-solve-sweep: corpus=data/families/family-R01011-sym.json levels=7 (7 to solve) scheduler-mode=legacy budget=8000ms node-budget=20000000 workers=4 save-hints=true
  [1/7] L4 (F01011-sym-04) ok=✗
  [2/7] L2 (F01011-sym-02) ok=✗
  [3/7] L1 (F01011-sym-01) ok=✗
  [4/7] L3 (F01011-sym-03) ok=✗
  [5/7] L6 (F01011-sym-06) ok=✗
  [6/7] L5 (F01011-sym-05) ok=✗
  [7/7] L7 (F01011-sym-07) ok=✗
Hints: appended to 0 level(s); 0 hint file(s) changed on disk.
Result: solved=0/7, solvedBeforeFallback=0, fallbackOnly=0, unsolved=7
Wrote logs/family-census/solve-R01011-sym.json
Wrote logs/family-census/solve-R01011-sym-summary.md
[23:36:15] DONE R01011
[23:36:15] START R01190
Parent R01190: witness stressMeta.witnessSolution (len 98, 4 jump(s)), 45 movable object instance(s) under strict inventory.
  attempt 1: accepted F01190-lm-01 — moved blocks (7,1) -> (9,5)
  attempt 2: accepted F01190-lm-02 — moved falseGoals (6,8) -> (9,11)
  attempt 3: accepted F01190-lm-03 — moved blocks (5,11) -> (0,4)
  attempt 4: rejected — degenerate duplicate of parent or another accepted variant
  attempt 5: accepted F01190-lm-04 — moved blocks (8,6) -> (7,11)
  attempt 6: accepted F01190-lm-05 — moved blocks (9,6) -> (7,7)
  attempt 7: accepted F01190-lm-06 — moved library (7,8) -> (6,10)
  attempt 8: accepted F01190-lm-07 — moved blocks (6,11) -> (2,5)
  attempt 9: rejected — degenerate duplicate of parent or another accepted variant
  attempt 10: accepted F01190-lm-08 — moved blocks (2,3) -> (2,5)
  attempt 11: accepted F01190-lm-09 — moved mustPass (4,10) -> (11,6)
  attempt 12: accepted F01190-lm-10 — moved fountain (7,5) -> (1,8)
  attempt 13: accepted F01190-lm-11 — moved blocks (1,5) -> (1,8)
  attempt 14: accepted F01190-lm-12 — moved blocks (1,5) -> (6,10)
  attempt 15: accepted F01190-lm-13 — moved statue (7,4) -> (6,10)
  attempt 16: accepted F01190-lm-14 — moved statue (7,4) -> (9,5)
  attempt 17: accepted F01190-lm-15 — moved blocks (7,9) -> (8,7)

15/15 new local-mutant sibling(s) generated for R01190 in 17 attempt(s) (budget 600); 15 total in data/families/family-R01190-lm.json.
Wrote 15 level(s) total to data/families/family-R01190-lm.json (changed=true), 15 hint file(s) written to data/families/hints/.
Wrote family manifest to data/families/family-R01190-lm-manifest.json (15 variant(s) total).
Parent R01190: witness stressMeta.witnessSolution (len 98, 4 jump(s)), 45 movable object instance(s) under strict inventory.
  variant 1 (rotation): accepted F01190-sym-01
  variant 2 (rotation): accepted F01190-sym-02
  variant 3 (rotation): accepted F01190-sym-03
  variant 4 (reflection): accepted F01190-sym-04
  variant 5 (reflection): accepted F01190-sym-05
  variant 6 (reflection): accepted F01190-sym-06
  variant 7 (reflection): accepted F01190-sym-07

7/7 new symmetry sibling(s) generated for R01190 in 7 attempt(s) (budget 7); 7 total in data/families/family-R01190-sym.json.
Wrote 7 level(s) total to data/families/family-R01190-sym.json (changed=true), 7 hint file(s) written to data/families/hints/.
Wrote family manifest to data/families/family-R01190-sym-manifest.json (7 variant(s) total).
portfolio-solve-sweep: corpus=data/families/family-R01190-lm.json levels=15 (15 to solve) scheduler-mode=legacy budget=8000ms node-budget=20000000 workers=4 save-hints=true
  [1/15] L3 (F01190-lm-03) ok=✗
  [2/15] L4 (F01190-lm-04) ok=✗
  [3/15] L1 (F01190-lm-01) ok=✗
  [4/15] L2 (F01190-lm-02) ok=✗
  [5/15] L5 (F01190-lm-05) ok=✗
  [6/15] L6 (F01190-lm-06) ok=✗
  [7/15] L7 (F01190-lm-07) ok=✗
  [8/15] L8 (F01190-lm-08) ok=✗
  [9/15] L9 (F01190-lm-09) ok=✗
  [10/15] L10 (F01190-lm-10) ok=✗
  [11/15] L12 (F01190-lm-12) ok=✗
  [12/15] L11 (F01190-lm-11) ok=✗
  [13/15] L13 (F01190-lm-13) ok=✗
  [14/15] L14 (F01190-lm-14) ok=✗
  [15/15] L15 (F01190-lm-15) ok=✗
Hints: appended to 0 level(s); 0 hint file(s) changed on disk.
Result: solved=0/15, solvedBeforeFallback=0, fallbackOnly=0, unsolved=15
Wrote logs/family-census/solve-R01190-lm.json
Wrote logs/family-census/solve-R01190-lm-summary.md
portfolio-solve-sweep: corpus=data/families/family-R01190-sym.json levels=7 (7 to solve) scheduler-mode=legacy budget=8000ms node-budget=20000000 workers=4 save-hints=true
  [1/7] L4 (F01190-sym-04) ok=✗
  [2/7] L1 (F01190-sym-01) ok=✗
  [3/7] L2 (F01190-sym-02) ok=✗
  [4/7] L3 (F01190-sym-03) ok=✗
  [5/7] L5 (F01190-sym-05) ok=✗
  [6/7] L6 (F01190-sym-06) ok=✗
  [7/7] L7 (F01190-sym-07) ok=✗
Hints: appended to 0 level(s); 0 hint file(s) changed on disk.
Result: solved=0/7, solvedBeforeFallback=0, fallbackOnly=0, unsolved=7
Wrote logs/family-census/solve-R01190-sym.json
Wrote logs/family-census/solve-R01190-sym-summary.md
[23:38:35] DONE R01190
[23:38:35] START R01382
Parent R01382: witness stressMeta.witnessSolution (len 118, 7 jump(s)), 62 movable object instance(s) under strict inventory.
  attempt 1: accepted F01382-lm-01 — moved mustCross (4,7) -> (9,8)
  attempt 2: accepted F01382-lm-02 — moved blocks (3,14) -> (4,13)
  attempt 3: accepted F01382-lm-03 — moved lamppost (3,2) -> (11,9)
  attempt 4: accepted F01382-lm-04 — moved blocks (14,11) -> (12,10)
  attempt 5: accepted F01382-lm-05 — moved blocks (14,4) -> (5,2)
  attempt 6: accepted F01382-lm-06 — moved blocks (11,2) -> (13,4)
  attempt 7: accepted F01382-lm-07 — moved park (4,11) -> (7,9)
  attempt 8: accepted F01382-lm-08 — moved blocks (1,10) -> (7,0)
  attempt 9: accepted F01382-lm-09 — moved blocks (2,11) -> (12,14)
  attempt 10: accepted F01382-lm-10 — moved blocks (1,3) -> (6,2)
  attempt 11: accepted F01382-lm-11 — moved blocks (7,14) -> (9,12)
  attempt 12: accepted F01382-lm-12 — moved blocks (1,3) -> (6,1)
  attempt 13: accepted F01382-lm-13 — moved blocks (5,0) -> (13,10)
  attempt 14: accepted F01382-lm-14 — moved fountain (8,4) -> (9,11)
  attempt 15: accepted F01382-lm-15 — moved statue (14,10) -> (2,10)

15/15 new local-mutant sibling(s) generated for R01382 in 15 attempt(s) (budget 600); 15 total in data/families/family-R01382-lm.json.
Wrote 15 level(s) total to data/families/family-R01382-lm.json (changed=true), 15 hint file(s) written to data/families/hints/.
Wrote family manifest to data/families/family-R01382-lm-manifest.json (15 variant(s) total).
Parent R01382: witness stressMeta.witnessSolution (len 118, 7 jump(s)), 62 movable object instance(s) under strict inventory.
  variant 1 (rotation): accepted F01382-sym-01
  variant 2 (rotation): accepted F01382-sym-02
  variant 3 (rotation): accepted F01382-sym-03
  variant 4 (reflection): accepted F01382-sym-04
  variant 5 (reflection): accepted F01382-sym-05
  variant 6 (reflection): accepted F01382-sym-06
  variant 7 (reflection): accepted F01382-sym-07

7/7 new symmetry sibling(s) generated for R01382 in 7 attempt(s) (budget 7); 7 total in data/families/family-R01382-sym.json.
Wrote 7 level(s) total to data/families/family-R01382-sym.json (changed=true), 7 hint file(s) written to data/families/hints/.
Wrote family manifest to data/families/family-R01382-sym-manifest.json (7 variant(s) total).
portfolio-solve-sweep: corpus=data/families/family-R01382-lm.json levels=15 (15 to solve) scheduler-mode=legacy budget=8000ms node-budget=20000000 workers=4 save-hints=true
  [1/15] L3 (F01382-lm-03) ok=✗
  [2/15] L1 (F01382-lm-01) ok=✗
  [3/15] L2 (F01382-lm-02) ok=✗
  [4/15] L4 (F01382-lm-04) ok=✗
  [5/15] L6 (F01382-lm-06) ok=✗
  [6/15] L5 (F01382-lm-05) ok=✗
  [7/15] L7 (F01382-lm-07) ok=✗
  [8/15] L8 (F01382-lm-08) ok=✗
  [9/15] L9 (F01382-lm-09) ok=✗
  [10/15] L11 (F01382-lm-11) ok=✗
  [11/15] L10 (F01382-lm-10) ok=✗
  [12/15] L12 (F01382-lm-12) ok=✗
  [13/15] L15 (F01382-lm-15) ok=✗
  [14/15] L13 (F01382-lm-13) ok=✗
  [15/15] L14 (F01382-lm-14) ok=✗
Hints: appended to 0 level(s); 0 hint file(s) changed on disk.
Result: solved=0/15, solvedBeforeFallback=0, fallbackOnly=0, unsolved=15
Wrote logs/family-census/solve-R01382-lm.json
Wrote logs/family-census/solve-R01382-lm-summary.md
portfolio-solve-sweep: corpus=data/families/family-R01382-sym.json levels=7 (7 to solve) scheduler-mode=legacy budget=8000ms node-budget=20000000 workers=4 save-hints=true
  [1/7] L3 (F01382-sym-03) ok=✗
  [2/7] L2 (F01382-sym-02) ok=✗
  [3/7] L1 (F01382-sym-01) ok=✗
  [4/7] L4 (F01382-sym-04) ok=✗
  [5/7] L6 (F01382-sym-06) ok=✗
  [6/7] L7 (F01382-sym-07) ok=✗
  [7/7] L5 (F01382-sym-05) ok=✗
Hints: appended to 0 level(s); 0 hint file(s) changed on disk.
Result: solved=0/7, solvedBeforeFallback=0, fallbackOnly=0, unsolved=7
Wrote logs/family-census/solve-R01382-sym.json
Wrote logs/family-census/solve-R01382-sym-summary.md
[23:45:13] DONE R01382
[23:45:13] START R01568
Parent R01568: witness stressMeta.witnessSolution (len 103, 4 jump(s)), 48 movable object instance(s) under strict inventory.
  attempt 1: accepted F01568-lm-01 — moved blocks (10,1) -> (0,7)
  attempt 2: accepted F01568-lm-02 — moved lamppost (9,0) -> (10,2)
  attempt 3: rejected — degenerate duplicate of parent or another accepted variant
  attempt 4: accepted F01568-lm-03 — moved mustPass (1,5) -> (9,2)
  attempt 5: accepted F01568-lm-04 — moved blocks (1,6) -> (11,0)
  attempt 6: accepted F01568-lm-05 — moved statue (7,0) -> (11,0)
  attempt 7: accepted F01568-lm-06 — moved flippingFilters (0,2) -> (4,3)
  attempt 8: accepted F01568-lm-07 — moved blocks (2,1) -> (11,11)
  attempt 9: accepted F01568-lm-08 — moved blocks (10,4) -> (0,7)
  attempt 10: accepted F01568-lm-09 — moved flippingFilters (4,10) -> (5,0)
  attempt 11: accepted F01568-lm-10 — moved falseGoals (7,8) -> (11,8)
  attempt 12: accepted F01568-lm-11 — moved market (0,4) -> (5,8)
  attempt 13: accepted F01568-lm-12 — moved park (1,4) -> (10,11)
  attempt 14: accepted F01568-lm-13 — moved mustPass (1,11) -> (0,10)
  attempt 15: accepted F01568-lm-14 — moved flippingFilters (10,9) -> (11,8)
  attempt 16: accepted F01568-lm-15 — moved blocks (2,1) -> (11,0)

15/15 new local-mutant sibling(s) generated for R01568 in 16 attempt(s) (budget 600); 15 total in data/families/family-R01568-lm.json.
Wrote 15 level(s) total to data/families/family-R01568-lm.json (changed=true), 15 hint file(s) written to data/families/hints/.
Wrote family manifest to data/families/family-R01568-lm-manifest.json (15 variant(s) total).
Parent R01568: witness stressMeta.witnessSolution (len 103, 4 jump(s)), 48 movable object instance(s) under strict inventory.
  variant 1 (rotation): accepted F01568-sym-01
  variant 2 (rotation): accepted F01568-sym-02
  variant 3 (rotation): accepted F01568-sym-03
  variant 4 (reflection): accepted F01568-sym-04
  variant 5 (reflection): accepted F01568-sym-05
  variant 6 (reflection): accepted F01568-sym-06
  variant 7 (reflection): accepted F01568-sym-07

7/7 new symmetry sibling(s) generated for R01568 in 7 attempt(s) (budget 7); 7 total in data/families/family-R01568-sym.json.
Wrote 7 level(s) total to data/families/family-R01568-sym.json (changed=true), 7 hint file(s) written to data/families/hints/.
Wrote family manifest to data/families/family-R01568-sym-manifest.json (7 variant(s) total).
portfolio-solve-sweep: corpus=data/families/family-R01568-lm.json levels=15 (15 to solve) scheduler-mode=legacy budget=8000ms node-budget=20000000 workers=4 save-hints=true
  [1/15] L1 (F01568-lm-01) ok=✗
  [2/15] L2 (F01568-lm-02) ok=✗
  [3/15] L3 (F01568-lm-03) ok=✗
  [4/15] L4 (F01568-lm-04) ok=✗
  [5/15] L5 (F01568-lm-05) ok=✗
  [6/15] L8 (F01568-lm-08) ok=✗
  [7/15] L6 (F01568-lm-06) ok=✗
  [8/15] L7 (F01568-lm-07) ok=✗
  [9/15] L9 (F01568-lm-09) ok=✗
  [10/15] L10 (F01568-lm-10) ok=✗
  [11/15] L11 (F01568-lm-11) ok=✗
  [12/15] L12 (F01568-lm-12) ok=✗
  [13/15] L14 (F01568-lm-14) ok=✗
  [14/15] L13 (F01568-lm-13) ok=✗
  [15/15] L15 (F01568-lm-15) ok=✗
Hints: appended to 0 level(s); 0 hint file(s) changed on disk.
Result: solved=0/15, solvedBeforeFallback=0, fallbackOnly=0, unsolved=15
Wrote logs/family-census/solve-R01568-lm.json
Wrote logs/family-census/solve-R01568-lm-summary.md
portfolio-solve-sweep: corpus=data/families/family-R01568-sym.json levels=7 (7 to solve) scheduler-mode=legacy budget=8000ms node-budget=20000000 workers=4 save-hints=true
  [1/7] L1 (F01568-sym-01) ok=✗
  [2/7] L3 (F01568-sym-03) ok=✗
  [3/7] L2 (F01568-sym-02) ok=✗
  [4/7] L4 (F01568-sym-04) ok=✗
  [5/7] L7 (F01568-sym-07) ok=✗
  [6/7] L6 (F01568-sym-06) ok=✗
  [7/7] L5 (F01568-sym-05) ok=✗
Hints: appended to 0 level(s); 0 hint file(s) changed on disk.
Result: solved=0/7, solvedBeforeFallback=0, fallbackOnly=0, unsolved=7
Wrote logs/family-census/solve-R01568-sym.json
Wrote logs/family-census/solve-R01568-sym-summary.md
[23:47:34] DONE R01568
[23:47:34] START R01718
Parent R01718: witness stressMeta.witnessSolution (len 79, 5 jump(s)), 43 movable object instance(s) under strict inventory.
  attempt 1: accepted F01718-lm-01 — moved blocks (6,3) -> (10,8)
  attempt 2: accepted F01718-lm-02 — moved fountain (1,5) -> (10,8)
  attempt 3: accepted F01718-lm-03 — moved library (3,6) -> (8,1)
  attempt 4: accepted F01718-lm-04 — moved library (6,0) -> (2,6)
  attempt 5: accepted F01718-lm-05 — moved falseGoals (0,6) -> (8,8)
  attempt 6: accepted F01718-lm-06 — moved blocks (10,9) -> (10,8)
  attempt 7: accepted F01718-lm-07 — moved library (5,7) -> (0,3)
  attempt 8: accepted F01718-lm-08 — moved blocks (1,4) -> (10,7)
  attempt 9: accepted F01718-lm-09 — moved falseGoals (0,6) -> (9,9)
  attempt 10: accepted F01718-lm-10 — moved lamppost (7,0) -> (0,3)
  attempt 11: accepted F01718-lm-11 — moved blocks (7,10) -> (8,8)
  attempt 12: accepted F01718-lm-12 — moved falseGoals (8,7) -> (10,8)
  attempt 13: accepted F01718-lm-13 — moved lamppost (4,10) -> (7,3)
  attempt 14: accepted F01718-lm-14 — moved market (2,1) -> (10,8)
  attempt 15: accepted F01718-lm-15 — moved blocks (10,6) -> (10,8)

15/15 new local-mutant sibling(s) generated for R01718 in 15 attempt(s) (budget 600); 15 total in data/families/family-R01718-lm.json.
Wrote 15 level(s) total to data/families/family-R01718-lm.json (changed=true), 15 hint file(s) written to data/families/hints/.
Wrote family manifest to data/families/family-R01718-lm-manifest.json (15 variant(s) total).
Parent R01718: witness stressMeta.witnessSolution (len 79, 5 jump(s)), 43 movable object instance(s) under strict inventory.
  variant 1 (rotation): accepted F01718-sym-01
  variant 2 (rotation): accepted F01718-sym-02
  variant 3 (rotation): accepted F01718-sym-03
  variant 4 (reflection): accepted F01718-sym-04
  variant 5 (reflection): accepted F01718-sym-05
  variant 6 (reflection): accepted F01718-sym-06
  variant 7 (reflection): accepted F01718-sym-07

7/7 new symmetry sibling(s) generated for R01718 in 7 attempt(s) (budget 7); 7 total in data/families/family-R01718-sym.json.
Wrote 7 level(s) total to data/families/family-R01718-sym.json (changed=true), 7 hint file(s) written to data/families/hints/.
Wrote family manifest to data/families/family-R01718-sym-manifest.json (7 variant(s) total).
portfolio-solve-sweep: corpus=data/families/family-R01718-lm.json levels=15 (15 to solve) scheduler-mode=legacy budget=8000ms node-budget=20000000 workers=4 save-hints=true
  [1/15] L1 (F01718-lm-01) ok=✗
  [2/15] L2 (F01718-lm-02) ok=✗
  [3/15] L3 (F01718-lm-03) ok=✗
  [4/15] L4 (F01718-lm-04) ok=✗
  [5/15] L7 (F01718-lm-07) ok=✗
  [6/15] L5 (F01718-lm-05) ok=✗
  [7/15] L6 (F01718-lm-06) ok=✗
  [8/15] L8 (F01718-lm-08) ok=✗
  [9/15] L9 (F01718-lm-09) ok=✗
  [10/15] L10 (F01718-lm-10) ok=✗
  [11/15] L11 (F01718-lm-11) ok=✗
  [12/15] L12 (F01718-lm-12) ok=✗
  [13/15] L13 (F01718-lm-13) ok=✗
  [14/15] L14 (F01718-lm-14) ok=✗
  [15/15] L15 (F01718-lm-15) ok=✗
Hints: appended to 0 level(s); 0 hint file(s) changed on disk.
Result: solved=0/15, solvedBeforeFallback=0, fallbackOnly=0, unsolved=15
Wrote logs/family-census/solve-R01718-lm.json
Wrote logs/family-census/solve-R01718-lm-summary.md
portfolio-solve-sweep: corpus=data/families/family-R01718-sym.json levels=7 (7 to solve) scheduler-mode=legacy budget=8000ms node-budget=20000000 workers=4 save-hints=true
  [1/7] L2 (F01718-sym-02) ok=✗
  [2/7] L1 (F01718-sym-01) ok=✗
  [3/7] L4 (F01718-sym-04) ok=✗
  [4/7] L3 (F01718-sym-03) ok=✗
  [5/7] L5 (F01718-sym-05) ok=✗
  [6/7] L7 (F01718-sym-07) ok=✗
  [7/7] L6 (F01718-sym-06) ok=✗
Hints: appended to 0 level(s); 0 hint file(s) changed on disk.
Result: solved=0/7, solvedBeforeFallback=0, fallbackOnly=0, unsolved=7
Wrote logs/family-census/solve-R01718-sym.json
Wrote logs/family-census/solve-R01718-sym-summary.md
[23:49:50] DONE R01718
[23:49:50] START R01882
Parent R01882: witness stressMeta.witnessSolution (len 107, 7 jump(s)), 55 movable object instance(s) under strict inventory.
  attempt 1: accepted F01882-lm-01 — moved fountain (1,7) -> (12,0)
  attempt 2: accepted F01882-lm-02 — moved market (10,7) -> (4,12)
  attempt 3: accepted F01882-lm-03 — moved fountain (2,5) -> (12,8)
  attempt 4: accepted F01882-lm-04 — moved flippingFilters (8,6) -> (9,10)
  attempt 5: accepted F01882-lm-05 — moved fountain (1,7) -> (1,5)
  attempt 6: accepted F01882-lm-06 — moved fountain (1,7) -> (0,5)
  attempt 7: accepted F01882-lm-07 — moved blocks (1,12) -> (6,5)
  attempt 8: accepted F01882-lm-08 — moved blocks (2,9) -> (1,5)
  attempt 9: accepted F01882-lm-09 — moved park (3,10) -> (3,2)
  attempt 10: accepted F01882-lm-10 — moved mustCross (3,6) -> (5,3)
  attempt 11: accepted F01882-lm-11 — moved library (11,3) -> (4,5)
  attempt 12: accepted F01882-lm-12 — moved blocks (2,11) -> (11,6)
  attempt 13: accepted F01882-lm-13 — moved mustCross (3,6) -> (6,3)
  attempt 14: accepted F01882-lm-14 — moved flippingFilters (1,4) -> (11,10)
  attempt 15: accepted F01882-lm-15 — moved library (2,7) -> (11,1)

15/15 new local-mutant sibling(s) generated for R01882 in 15 attempt(s) (budget 600); 15 total in data/families/family-R01882-lm.json.
Wrote 15 level(s) total to data/families/family-R01882-lm.json (changed=true), 15 hint file(s) written to data/families/hints/.
Wrote family manifest to data/families/family-R01882-lm-manifest.json (15 variant(s) total).
Parent R01882: witness stressMeta.witnessSolution (len 107, 7 jump(s)), 55 movable object instance(s) under strict inventory.
  variant 1 (rotation): accepted F01882-sym-01
  variant 2 (rotation): accepted F01882-sym-02
  variant 3 (rotation): accepted F01882-sym-03
  variant 4 (reflection): accepted F01882-sym-04
  variant 5 (reflection): accepted F01882-sym-05
  variant 6 (reflection): accepted F01882-sym-06
  variant 7 (reflection): accepted F01882-sym-07

7/7 new symmetry sibling(s) generated for R01882 in 7 attempt(s) (budget 7); 7 total in data/families/family-R01882-sym.json.
Wrote 7 level(s) total to data/families/family-R01882-sym.json (changed=true), 7 hint file(s) written to data/families/hints/.
Wrote family manifest to data/families/family-R01882-sym-manifest.json (7 variant(s) total).
portfolio-solve-sweep: corpus=data/families/family-R01882-lm.json levels=15 (15 to solve) scheduler-mode=legacy budget=8000ms node-budget=20000000 workers=4 save-hints=true
  [1/15] L1 (F01882-lm-01) ok=✗
  [2/15] L2 (F01882-lm-02) ok=✗
  [3/15] L4 (F01882-lm-04) ok=✗
  [4/15] L3 (F01882-lm-03) ok=✗
  [5/15] L5 (F01882-lm-05) ok=✗
  [6/15] L6 (F01882-lm-06) ok=✗
  [7/15] L7 (F01882-lm-07) ok=✗
  [8/15] L8 (F01882-lm-08) ok=✗
  [9/15] L9 (F01882-lm-09) ok=✗
  [10/15] L10 (F01882-lm-10) ok=✗
  [11/15] L11 (F01882-lm-11) ok=✗
  [12/15] L12 (F01882-lm-12) ok=✗
  [13/15] L14 (F01882-lm-14) ok=✗
  [14/15] L13 (F01882-lm-13) ok=✗
  [15/15] L15 (F01882-lm-15) ok=✗
Hints: appended to 0 level(s); 0 hint file(s) changed on disk.
Result: solved=0/15, solvedBeforeFallback=0, fallbackOnly=0, unsolved=15
Wrote logs/family-census/solve-R01882-lm.json
Wrote logs/family-census/solve-R01882-lm-summary.md
portfolio-solve-sweep: corpus=data/families/family-R01882-sym.json levels=7 (7 to solve) scheduler-mode=legacy budget=8000ms node-budget=20000000 workers=4 save-hints=true
  [1/7] L4 (F01882-sym-04) ok=✗
  [2/7] L2 (F01882-sym-02) ok=✗
  [3/7] L3 (F01882-sym-03) ok=✗
  [4/7] L1 (F01882-sym-01) ok=✗
  [5/7] L5 (F01882-sym-05) ok=✗
  [6/7] L7 (F01882-sym-07) ok=✗
  [7/7] L6 (F01882-sym-06) ok=✗
Hints: appended to 0 level(s); 0 hint file(s) changed on disk.
Result: solved=0/7, solvedBeforeFallback=0, fallbackOnly=0, unsolved=7
Wrote logs/family-census/solve-R01882-sym.json
Wrote logs/family-census/solve-R01882-sym-summary.md
[23:55:30] DONE R01882
[23:55:30] START R02025
Parent R02025: witness stressMeta.witnessSolution (len 83, 7 jump(s)), 36 movable object instance(s) under strict inventory.
  attempt 1: accepted F02025-lm-01 — moved blocks (6,5) -> (2,5)
  attempt 2: accepted F02025-lm-02 — moved park (10,8) -> (2,5)
  attempt 3: accepted F02025-lm-03 — moved geese (0,1) -> (7,6)
  attempt 4: accepted F02025-lm-04 — moved mustPass (9,5) -> (6,1)
  attempt 5: accepted F02025-lm-05 — moved geese (6,6) -> (4,8)
  attempt 6: accepted F02025-lm-06 — moved blocks (6,5) -> (6,7)
  attempt 7: accepted F02025-lm-07 — moved lamppost (6,10) -> (7,6)
  attempt 8: accepted F02025-lm-08 — moved lamppost (6,10) -> (5,6)
  attempt 9: rejected — degenerate duplicate of parent or another accepted variant
  attempt 10: accepted F02025-lm-09 — moved blocks (1,0) -> (2,5)
  attempt 11: accepted F02025-lm-10 — moved blocks (5,7) -> (7,6)
  attempt 12: accepted F02025-lm-11 — moved blocks (0,8) -> (7,6)
  attempt 13: accepted F02025-lm-12 — moved blocks (1,1) -> (1,10)
  attempt 14: accepted F02025-lm-13 — moved mustPass (9,5) -> (1,8)
  attempt 15: accepted F02025-lm-14 — moved mustPass (9,0) -> (10,0)
  attempt 16: accepted F02025-lm-15 — moved blocks (0,8) -> (6,7)

15/15 new local-mutant sibling(s) generated for R02025 in 16 attempt(s) (budget 600); 15 total in data/families/family-R02025-lm.json.
Wrote 15 level(s) total to data/families/family-R02025-lm.json (changed=true), 15 hint file(s) written to data/families/hints/.
Wrote family manifest to data/families/family-R02025-lm-manifest.json (15 variant(s) total).
Parent R02025: witness stressMeta.witnessSolution (len 83, 7 jump(s)), 36 movable object instance(s) under strict inventory.
  variant 1 (rotation): accepted F02025-sym-01
  variant 2 (rotation): accepted F02025-sym-02
  variant 3 (rotation): accepted F02025-sym-03
  variant 4 (reflection): accepted F02025-sym-04
  variant 5 (reflection): accepted F02025-sym-05
  variant 6 (reflection): accepted F02025-sym-06
  variant 7 (reflection): accepted F02025-sym-07

7/7 new symmetry sibling(s) generated for R02025 in 7 attempt(s) (budget 7); 7 total in data/families/family-R02025-sym.json.
Wrote 7 level(s) total to data/families/family-R02025-sym.json (changed=true), 7 hint file(s) written to data/families/hints/.
Wrote family manifest to data/families/family-R02025-sym-manifest.json (7 variant(s) total).
portfolio-solve-sweep: corpus=data/families/family-R02025-lm.json levels=15 (15 to solve) scheduler-mode=legacy budget=8000ms node-budget=20000000 workers=4 save-hints=true
  [1/15] L4 (F02025-lm-04) ok=✗
  [2/15] L3 (F02025-lm-03) ok=✗
  [3/15] L1 (F02025-lm-01) ok=✗
  [4/15] L2 (F02025-lm-02) ok=✗
  [5/15] L5 (F02025-lm-05) ok=✗
  [6/15] L6 (F02025-lm-06) ok=✗
  [7/15] L7 (F02025-lm-07) ok=✗
  [8/15] L8 (F02025-lm-08) ok=✗
  [9/15] L9 (F02025-lm-09) ok=✗
  [10/15] L10 (F02025-lm-10) ok=✗
  [11/15] L11 (F02025-lm-11) ok=✗
  [12/15] L12 (F02025-lm-12) ok=✗
  [13/15] L15 (F02025-lm-15) ok=✗
  [14/15] L13 (F02025-lm-13) ok=✗
  [15/15] L14 (F02025-lm-14) ok=✗
Hints: appended to 0 level(s); 0 hint file(s) changed on disk.
Result: solved=0/15, solvedBeforeFallback=0, fallbackOnly=0, unsolved=15
Wrote logs/family-census/solve-R02025-lm.json
Wrote logs/family-census/solve-R02025-lm-summary.md
portfolio-solve-sweep: corpus=data/families/family-R02025-sym.json levels=7 (7 to solve) scheduler-mode=legacy budget=8000ms node-budget=20000000 workers=4 save-hints=true
  [1/7] L1 (F02025-sym-01) ok=✗
  [2/7] L3 (F02025-sym-03) ok=✗
  [3/7] L2 (F02025-sym-02) ok=✗
  [4/7] L4 (F02025-sym-04) ok=✗
  [5/7] L7 (F02025-sym-07) ok=✓ legacy [hint saved]
  [6/7] L5 (F02025-sym-05) ok=✗
  [7/7] L6 (F02025-sym-06) ok=✗
Hints: appended to 1 level(s); 1 hint file(s) changed on disk.
Result: solved=1/7, solvedBeforeFallback=0, fallbackOnly=1, unsolved=6
Wrote logs/family-census/solve-R02025-sym.json
Wrote logs/family-census/solve-R02025-sym-summary.md
[23:59:34] DONE R02025
[23:59:34] START R02060
Parent R02060: witness stressMeta.witnessSolution (len 116, 7 jump(s)), 63 movable object instance(s) under strict inventory.
  attempt 1: accepted F02060-lm-01 — moved blocks (12,2) -> (2,7)
  attempt 2: accepted F02060-lm-02 — moved statue (9,7) -> (11,0)
  attempt 3: accepted F02060-lm-03 — moved lamppost (0,1) -> (3,7)
  attempt 4: accepted F02060-lm-04 — moved blocks (3,6) -> (0,8)
  attempt 5: accepted F02060-lm-05 — moved blocks (2,13) -> (6,0)
  attempt 6: accepted F02060-lm-06 — moved blocks (14,4) -> (1,14)
  attempt 7: accepted F02060-lm-07 — moved flippingFilters (12,14) -> (0,13)
  attempt 8: accepted F02060-lm-08 — moved statue (5,4) -> (14,0)
  attempt 9: accepted F02060-lm-09 — moved lamppost (2,0) -> (14,7)
  attempt 10: accepted F02060-lm-10 — moved blocks (14,4) -> (12,12)
  attempt 11: accepted F02060-lm-11 — moved blocks (8,12) -> (2,14)
  attempt 12: accepted F02060-lm-12 — moved statue (0,4) -> (4,2)
  attempt 13: accepted F02060-lm-13 — moved market (12,7) -> (1,12)
  attempt 14: accepted F02060-lm-14 — moved fountain (6,9) -> (4,14)
  attempt 15: accepted F02060-lm-15 — moved fountain (6,9) -> (11,7)

15/15 new local-mutant sibling(s) generated for R02060 in 15 attempt(s) (budget 600); 15 total in data/families/family-R02060-lm.json.
Wrote 15 level(s) total to data/families/family-R02060-lm.json (changed=true), 15 hint file(s) written to data/families/hints/.
Wrote family manifest to data/families/family-R02060-lm-manifest.json (15 variant(s) total).
Parent R02060: witness stressMeta.witnessSolution (len 116, 7 jump(s)), 63 movable object instance(s) under strict inventory.
  variant 1 (rotation): accepted F02060-sym-01
  variant 2 (rotation): accepted F02060-sym-02
  variant 3 (rotation): accepted F02060-sym-03
  variant 4 (reflection): accepted F02060-sym-04
  variant 5 (reflection): accepted F02060-sym-05
  variant 6 (reflection): accepted F02060-sym-06
  variant 7 (reflection): accepted F02060-sym-07

7/7 new symmetry sibling(s) generated for R02060 in 7 attempt(s) (budget 7); 7 total in data/families/family-R02060-sym.json.
Wrote 7 level(s) total to data/families/family-R02060-sym.json (changed=true), 7 hint file(s) written to data/families/hints/.
Wrote family manifest to data/families/family-R02060-sym-manifest.json (7 variant(s) total).
portfolio-solve-sweep: corpus=data/families/family-R02060-lm.json levels=15 (15 to solve) scheduler-mode=legacy budget=8000ms node-budget=20000000 workers=4 save-hints=true
  [1/15] L3 (F02060-lm-03) ok=✓ legacy [hint saved]
  [2/15] L4 (F02060-lm-04) ok=✓ legacy [hint saved]
  [3/15] L1 (F02060-lm-01) ok=✗
  [4/15] L2 (F02060-lm-02) ok=✗
  [5/15] L7 (F02060-lm-07) ok=✗
  [6/15] L6 (F02060-lm-06) ok=✗
  [7/15] L5 (F02060-lm-05) ok=✗
  [8/15] L8 (F02060-lm-08) ok=✗
  [9/15] L9 (F02060-lm-09) ok=✗
  [10/15] L10 (F02060-lm-10) ok=✗
  [11/15] L12 (F02060-lm-12) ok=✗
  [12/15] L11 (F02060-lm-11) ok=✗
  [13/15] L13 (F02060-lm-13) ok=✗
  [14/15] L14 (F02060-lm-14) ok=✓ legacy [hint saved]
  [15/15] L15 (F02060-lm-15) ok=✗
Hints: appended to 3 level(s); 3 hint file(s) changed on disk.
Result: solved=3/15, solvedBeforeFallback=0, fallbackOnly=3, unsolved=12
Wrote logs/family-census/solve-R02060-lm.json
Wrote logs/family-census/solve-R02060-lm-summary.md
portfolio-solve-sweep: corpus=data/families/family-R02060-sym.json levels=7 (7 to solve) scheduler-mode=legacy budget=8000ms node-budget=20000000 workers=4 save-hints=true
  [1/7] L1 (F02060-sym-01) ok=✓ legacy [hint saved]
  [2/7] L4 (F02060-sym-04) ok=✗
  [3/7] L3 (F02060-sym-03) ok=✗
  [4/7] L2 (F02060-sym-02) ok=✗
  [5/7] L5 (F02060-sym-05) ok=✗
  [6/7] L6 (F02060-sym-06) ok=✗
  [7/7] L7 (F02060-sym-07) ok=✗
Hints: appended to 1 level(s); 1 hint file(s) changed on disk.
Result: solved=1/7, solvedBeforeFallback=0, fallbackOnly=1, unsolved=6
Wrote logs/family-census/solve-R02060-sym.json
Wrote logs/family-census/solve-R02060-sym-summary.md
[00:05:05] DONE R02060
[00:05:05] START R02095
Parent R02095: witness stressMeta.witnessSolution (len 78, 5 jump(s)), 39 movable object instance(s) under strict inventory.
  attempt 1: accepted F02095-lm-01 — moved falseGoals (10,7) -> (4,0)
  attempt 2: accepted F02095-lm-02 — moved falseGoals (7,6) -> (5,3)
  attempt 3: accepted F02095-lm-03 — moved falseGoals (7,6) -> (7,0)
  attempt 4: accepted F02095-lm-04 — moved falseGoals (5,4) -> (8,6)
  attempt 5: accepted F02095-lm-05 — moved blocks (6,5) -> (6,1)
  attempt 6: accepted F02095-lm-06 — moved park (1,2) -> (8,5)
  attempt 7: accepted F02095-lm-07 — moved lamppost (9,0) -> (7,4)
  attempt 8: accepted F02095-lm-08 — moved falseGoals (7,6) -> (8,5)
  attempt 9: accepted F02095-lm-09 — moved mustPass (9,5) -> (3,9)
  attempt 10: accepted F02095-lm-10 — moved falseGoals (7,6) -> (6,1)
  attempt 11: accepted F02095-lm-11 — moved blocks (3,6) -> (0,0)
  attempt 12: accepted F02095-lm-12 — moved blocks (3,6) -> (10,2)
  attempt 13: accepted F02095-lm-13 — moved library (0,1) -> (10,2)
  attempt 14: accepted F02095-lm-14 — moved market (0,8) -> (0,0)
  attempt 15: accepted F02095-lm-15 — moved falseGoals (10,7) -> (3,1)

15/15 new local-mutant sibling(s) generated for R02095 in 15 attempt(s) (budget 600); 15 total in data/families/family-R02095-lm.json.
Wrote 15 level(s) total to data/families/family-R02095-lm.json (changed=true), 15 hint file(s) written to data/families/hints/.
Wrote family manifest to data/families/family-R02095-lm-manifest.json (15 variant(s) total).
Parent R02095: witness stressMeta.witnessSolution (len 78, 5 jump(s)), 39 movable object instance(s) under strict inventory.
  variant 1 (rotation): accepted F02095-sym-01
  variant 2 (rotation): accepted F02095-sym-02
  variant 3 (rotation): accepted F02095-sym-03
  variant 4 (reflection): accepted F02095-sym-04
  variant 5 (reflection): accepted F02095-sym-05
  variant 6 (reflection): accepted F02095-sym-06
  variant 7 (reflection): accepted F02095-sym-07

7/7 new symmetry sibling(s) generated for R02095 in 7 attempt(s) (budget 7); 7 total in data/families/family-R02095-sym.json.
Wrote 7 level(s) total to data/families/family-R02095-sym.json (changed=true), 7 hint file(s) written to data/families/hints/.
Wrote family manifest to data/families/family-R02095-sym-manifest.json (7 variant(s) total).
portfolio-solve-sweep: corpus=data/families/family-R02095-lm.json levels=15 (15 to solve) scheduler-mode=legacy budget=8000ms node-budget=20000000 workers=4 save-hints=true
  [1/15] L4 (F02095-lm-04) ok=✗
  [2/15] L2 (F02095-lm-02) ok=✗
  [3/15] L3 (F02095-lm-03) ok=✗
  [4/15] L1 (F02095-lm-01) ok=✗
  [5/15] L6 (F02095-lm-06) ok=✗
  [6/15] L5 (F02095-lm-05) ok=✗
  [7/15] L7 (F02095-lm-07) ok=✗
  [8/15] L8 (F02095-lm-08) ok=✗
  [9/15] L9 (F02095-lm-09) ok=✗
  [10/15] L10 (F02095-lm-10) ok=✗
  [11/15] L11 (F02095-lm-11) ok=✗
  [12/15] L12 (F02095-lm-12) ok=✗
  [13/15] L15 (F02095-lm-15) ok=✗
  [14/15] L13 (F02095-lm-13) ok=✗
  [15/15] L14 (F02095-lm-14) ok=✗
Hints: appended to 0 level(s); 0 hint file(s) changed on disk.
Result: solved=0/15, solvedBeforeFallback=0, fallbackOnly=0, unsolved=15
Wrote logs/family-census/solve-R02095-lm.json
Wrote logs/family-census/solve-R02095-lm-summary.md
portfolio-solve-sweep: corpus=data/families/family-R02095-sym.json levels=7 (7 to solve) scheduler-mode=legacy budget=8000ms node-budget=20000000 workers=4 save-hints=true
  [1/7] L1 (F02095-sym-01) ok=✗
  [2/7] L4 (F02095-sym-04) ok=✗
  [3/7] L3 (F02095-sym-03) ok=✗
  [4/7] L2 (F02095-sym-02) ok=✗
  [5/7] L5 (F02095-sym-05) ok=✗
  [6/7] L7 (F02095-sym-07) ok=✗
  [7/7] L6 (F02095-sym-06) ok=✗
Hints: appended to 0 level(s); 0 hint file(s) changed on disk.
Result: solved=0/7, solvedBeforeFallback=0, fallbackOnly=0, unsolved=7
Wrote logs/family-census/solve-R02095-sym.json
Wrote logs/family-census/solve-R02095-sym-summary.md
[00:06:21] DONE R02095
[00:06:21] START R02131
Parent R02131: witness stressMeta.witnessSolution (len 69, 6 jump(s)), 31 movable object instance(s) under strict inventory.
  attempt 1: accepted F02131-lm-01 — moved market (9,8) -> (7,5)
  attempt 2: accepted F02131-lm-02 — moved market (6,9) -> (2,7)
  attempt 3: accepted F02131-lm-03 — moved market (9,8) -> (5,10)
  attempt 4: accepted F02131-lm-04 — moved geese (2,0) -> (5,1)
  attempt 5: accepted F02131-lm-05 — moved blocks (7,0) -> (0,7)
  attempt 6: accepted F02131-lm-06 — moved blocks (7,0) -> (5,7)
  attempt 7: accepted F02131-lm-07 — moved blocks (6,0) -> (4,1)
  attempt 8: accepted F02131-lm-08 — moved park (3,8) -> (7,5)
  attempt 9: accepted F02131-lm-09 — moved geese (5,9) -> (5,7)
  attempt 10: accepted F02131-lm-10 — moved blocks (6,0) -> (8,4)
  attempt 11: accepted F02131-lm-11 — moved geese (3,7) -> (5,7)
  attempt 12: accepted F02131-lm-12 — moved fountain (9,0) -> (4,3)
  attempt 13: accepted F02131-lm-13 — moved blocks (6,0) -> (10,6)
  attempt 14: accepted F02131-lm-14 — moved blocks (7,0) -> (5,10)
  attempt 15: accepted F02131-lm-15 — moved geese (9,5) -> (10,0)

15/15 new local-mutant sibling(s) generated for R02131 in 15 attempt(s) (budget 600); 15 total in data/families/family-R02131-lm.json.
Wrote 15 level(s) total to data/families/family-R02131-lm.json (changed=true), 15 hint file(s) written to data/families/hints/.
Wrote family manifest to data/families/family-R02131-lm-manifest.json (15 variant(s) total).
Parent R02131: witness stressMeta.witnessSolution (len 69, 6 jump(s)), 31 movable object instance(s) under strict inventory.
  variant 1 (rotation): accepted F02131-sym-01
  variant 2 (rotation): accepted F02131-sym-02
  variant 3 (rotation): accepted F02131-sym-03
  variant 4 (reflection): accepted F02131-sym-04
  variant 5 (reflection): accepted F02131-sym-05
  variant 6 (reflection): accepted F02131-sym-06
  variant 7 (reflection): accepted F02131-sym-07

7/7 new symmetry sibling(s) generated for R02131 in 7 attempt(s) (budget 7); 7 total in data/families/family-R02131-sym.json.
Wrote 7 level(s) total to data/families/family-R02131-sym.json (changed=true), 7 hint file(s) written to data/families/hints/.
Wrote family manifest to data/families/family-R02131-sym-manifest.json (7 variant(s) total).
portfolio-solve-sweep: corpus=data/families/family-R02131-lm.json levels=15 (15 to solve) scheduler-mode=legacy budget=8000ms node-budget=20000000 workers=4 save-hints=true
  [1/15] L3 (F02131-lm-03) ok=✗
  [2/15] L1 (F02131-lm-01) ok=✗
  [3/15] L2 (F02131-lm-02) ok=✗
  [4/15] L4 (F02131-lm-04) ok=✗
  [5/15] L7 (F02131-lm-07) ok=✓ legacy [hint saved]
  [6/15] L6 (F02131-lm-06) ok=✗
  [7/15] L5 (F02131-lm-05) ok=✗
  [8/15] L8 (F02131-lm-08) ok=✗
  [9/15] L10 (F02131-lm-10) ok=✓ legacy [hint saved]
  [10/15] L9 (F02131-lm-09) ok=✗
  [11/15] L13 (F02131-lm-13) ok=✓ legacy [hint saved]
  [12/15] L12 (F02131-lm-12) ok=✓ legacy [hint saved]
  [13/15] L11 (F02131-lm-11) ok=✗
  [14/15] L15 (F02131-lm-15) ok=✗
  [15/15] L14 (F02131-lm-14) ok=✗
Hints: appended to 4 level(s); 4 hint file(s) changed on disk.
Result: solved=4/15, solvedBeforeFallback=0, fallbackOnly=4, unsolved=11
Wrote logs/family-census/solve-R02131-lm.json
Wrote logs/family-census/solve-R02131-lm-summary.md
portfolio-solve-sweep: corpus=data/families/family-R02131-sym.json levels=7 (7 to solve) scheduler-mode=legacy budget=8000ms node-budget=20000000 workers=4 save-hints=true
  [1/7] L1 (F02131-sym-01) ok=✗
  [2/7] L3 (F02131-sym-03) ok=✗
  [3/7] L2 (F02131-sym-02) ok=✗
  [4/7] L4 (F02131-sym-04) ok=✗
  [5/7] L6 (F02131-sym-06) ok=✗
  [6/7] L7 (F02131-sym-07) ok=✗
  [7/7] L5 (F02131-sym-05) ok=✗
Hints: appended to 0 level(s); 0 hint file(s) changed on disk.
Result: solved=0/7, solvedBeforeFallback=0, fallbackOnly=0, unsolved=7
Wrote logs/family-census/solve-R02131-sym.json
Wrote logs/family-census/solve-R02131-sym-summary.md
[00:08:03] DONE R02131
[00:08:03] START R02170
Parent R02170: witness stressMeta.witnessSolution (len 94, 5 jump(s)), 56 movable object instance(s) under strict inventory.
  attempt 1: accepted F02170-lm-01 — moved market (4,4) -> (12,6)
  attempt 2: accepted F02170-lm-02 — moved statue (4,1) -> (9,3)
  attempt 3: accepted F02170-lm-03 — moved blocks (0,6) -> (10,10)
  attempt 4: accepted F02170-lm-04 — moved blocks (6,11) -> (8,5)
  attempt 5: accepted F02170-lm-05 — moved blocks (6,11) -> (0,4)
  attempt 6: accepted F02170-lm-06 — moved geese (0,2) -> (3,9)
  attempt 7: accepted F02170-lm-07 — moved blocks (10,7) -> (1,10)
  attempt 8: accepted F02170-lm-08 — moved blocks (6,7) -> (1,5)
  attempt 9: accepted F02170-lm-09 — moved blocks (3,7) -> (7,10)
  attempt 10: accepted F02170-lm-10 — moved blocks (6,11) -> (0,11)
  attempt 11: accepted F02170-lm-11 — moved geese (8,9) -> (1,6)
  attempt 12: accepted F02170-lm-12 — moved blocks (6,4) -> (2,8)
  attempt 13: accepted F02170-lm-13 — moved falseGoals (0,12) -> (3,6)
  attempt 14: accepted F02170-lm-14 — moved geese (1,12) -> (3,6)
  attempt 15: accepted F02170-lm-15 — moved blocks (7,9) -> (0,5)

15/15 new local-mutant sibling(s) generated for R02170 in 15 attempt(s) (budget 600); 15 total in data/families/family-R02170-lm.json.
Wrote 15 level(s) total to data/families/family-R02170-lm.json (changed=true), 15 hint file(s) written to data/families/hints/.
Wrote family manifest to data/families/family-R02170-lm-manifest.json (15 variant(s) total).
Parent R02170: witness stressMeta.witnessSolution (len 94, 5 jump(s)), 56 movable object instance(s) under strict inventory.
  variant 1 (rotation): accepted F02170-sym-01
  variant 2 (rotation): accepted F02170-sym-02
  variant 3 (rotation): accepted F02170-sym-03
  variant 4 (reflection): accepted F02170-sym-04
  variant 5 (reflection): accepted F02170-sym-05
  variant 6 (reflection): accepted F02170-sym-06
  variant 7 (reflection): accepted F02170-sym-07

7/7 new symmetry sibling(s) generated for R02170 in 7 attempt(s) (budget 7); 7 total in data/families/family-R02170-sym.json.
Wrote 7 level(s) total to data/families/family-R02170-sym.json (changed=true), 7 hint file(s) written to data/families/hints/.
Wrote family manifest to data/families/family-R02170-sym-manifest.json (7 variant(s) total).
portfolio-solve-sweep: corpus=data/families/family-R02170-lm.json levels=15 (15 to solve) scheduler-mode=legacy budget=8000ms node-budget=20000000 workers=4 save-hints=true
  [1/15] L1 (F02170-lm-01) ok=✓ legacy [hint saved]
  [2/15] L4 (F02170-lm-04) ok=✗
  [3/15] L3 (F02170-lm-03) ok=✗
  [4/15] L2 (F02170-lm-02) ok=✗
  [5/15] L5 (F02170-lm-05) ok=✗
  [6/15] L8 (F02170-lm-08) ok=✗
  [7/15] L6 (F02170-lm-06) ok=✗
  [8/15] L7 (F02170-lm-07) ok=✗
  [9/15] L9 (F02170-lm-09) ok=✗
  [10/15] L10 (F02170-lm-10) ok=✗
  [11/15] L11 (F02170-lm-11) ok=✗
  [12/15] L12 (F02170-lm-12) ok=✗
  [13/15] L13 (F02170-lm-13) ok=✗
  [14/15] L15 (F02170-lm-15) ok=✗
  [15/15] L14 (F02170-lm-14) ok=✗
Hints: appended to 1 level(s); 1 hint file(s) changed on disk.
Result: solved=1/15, solvedBeforeFallback=0, fallbackOnly=1, unsolved=14
Wrote logs/family-census/solve-R02170-lm.json
Wrote logs/family-census/solve-R02170-lm-summary.md
portfolio-solve-sweep: corpus=data/families/family-R02170-sym.json levels=7 (7 to solve) scheduler-mode=legacy budget=8000ms node-budget=20000000 workers=4 save-hints=true
  [1/7] L1 (F02170-sym-01) ok=✗
  [2/7] L4 (F02170-sym-04) ok=✗
  [3/7] L2 (F02170-sym-02) ok=✗
  [4/7] L3 (F02170-sym-03) ok=✗
  [5/7] L6 (F02170-sym-06) ok=✗
  [6/7] L7 (F02170-sym-07) ok=✗
  [7/7] L5 (F02170-sym-05) ok=✗
Hints: appended to 0 level(s); 0 hint file(s) changed on disk.
Result: solved=0/7, solvedBeforeFallback=0, fallbackOnly=0, unsolved=7
Wrote logs/family-census/solve-R02170-sym.json
Wrote logs/family-census/solve-R02170-sym-summary.md
[00:13:40] DONE R02170
[00:13:40] START R02202
Parent R02202: witness stressMeta.witnessSolution (len 142, 4 jump(s)), 42 movable object instance(s) under strict inventory.
  attempt 1: accepted F02202-lm-01 — moved blocks (0,10) -> (0,11)
  attempt 2: accepted F02202-lm-02 — moved falseGoals (1,2) -> (11,9)
  attempt 3: accepted F02202-lm-03 — moved blocks (7,12) -> (9,9)
  attempt 4: accepted F02202-lm-04 — moved mustPass (6,3) -> (8,1)
  attempt 5: accepted F02202-lm-05 — moved fountain (10,13) -> (5,6)
  attempt 6: accepted F02202-lm-06 — moved blocks (1,9) -> (0,6)
  attempt 7: accepted F02202-lm-07 — moved mustPass (3,13) -> (5,8)
  attempt 8: accepted F02202-lm-08 — moved park (12,4) -> (5,6)
  attempt 9: accepted F02202-lm-09 — moved falseGoals (3,9) -> (14,13)
  attempt 10: accepted F02202-lm-10 — moved geese (6,14) -> (0,5)
  attempt 11: accepted F02202-lm-11 — moved mustPass (3,13) -> (14,1)
  attempt 12: accepted F02202-lm-12 — moved mustPass (7,2) -> (13,9)
  attempt 13: accepted F02202-lm-13 — moved blocks (4,8) -> (7,13)
  attempt 14: accepted F02202-lm-14 — moved falseGoals (4,1) -> (5,2)
  attempt 15: accepted F02202-lm-15 — moved blocks (7,12) -> (1,3)

15/15 new local-mutant sibling(s) generated for R02202 in 15 attempt(s) (budget 600); 15 total in data/families/family-R02202-lm.json.
Wrote 15 level(s) total to data/families/family-R02202-lm.json (changed=true), 15 hint file(s) written to data/families/hints/.
Wrote family manifest to data/families/family-R02202-lm-manifest.json (15 variant(s) total).
Parent R02202: witness stressMeta.witnessSolution (len 142, 4 jump(s)), 42 movable object instance(s) under strict inventory.
  variant 1 (rotation): accepted F02202-sym-01
  variant 2 (rotation): accepted F02202-sym-02
  variant 3 (rotation): accepted F02202-sym-03
  variant 4 (reflection): accepted F02202-sym-04
  variant 5 (reflection): accepted F02202-sym-05
  variant 6 (reflection): accepted F02202-sym-06
  variant 7 (reflection): accepted F02202-sym-07

7/7 new symmetry sibling(s) generated for R02202 in 7 attempt(s) (budget 7); 7 total in data/families/family-R02202-sym.json.
Wrote 7 level(s) total to data/families/family-R02202-sym.json (changed=true), 7 hint file(s) written to data/families/hints/.
Wrote family manifest to data/families/family-R02202-sym-manifest.json (7 variant(s) total).
portfolio-solve-sweep: corpus=data/families/family-R02202-lm.json levels=15 (15 to solve) scheduler-mode=legacy budget=8000ms node-budget=20000000 workers=4 save-hints=true
  [1/15] L4 (F02202-lm-04) ok=✗
  [2/15] L1 (F02202-lm-01) ok=✗
  [3/15] L2 (F02202-lm-02) ok=✗
  [4/15] L3 (F02202-lm-03) ok=✗
  [5/15] L6 (F02202-lm-06) ok=✗
  [6/15] L5 (F02202-lm-05) ok=✗
  [7/15] L7 (F02202-lm-07) ok=✗
  [8/15] L8 (F02202-lm-08) ok=✓ legacy [hint saved]
  [9/15] L12 (F02202-lm-12) ok=✗
  [10/15] L9 (F02202-lm-09) ok=✗
  [11/15] L10 (F02202-lm-10) ok=✗
  [12/15] L11 (F02202-lm-11) ok=✗
  [13/15] L13 (F02202-lm-13) ok=✗
  [14/15] L15 (F02202-lm-15) ok=✗
  [15/15] L14 (F02202-lm-14) ok=✗
Hints: appended to 1 level(s); 1 hint file(s) changed on disk.
Result: solved=1/15, solvedBeforeFallback=0, fallbackOnly=1, unsolved=14
Wrote logs/family-census/solve-R02202-lm.json
Wrote logs/family-census/solve-R02202-lm-summary.md
portfolio-solve-sweep: corpus=data/families/family-R02202-sym.json levels=7 (7 to solve) scheduler-mode=legacy budget=8000ms node-budget=20000000 workers=4 save-hints=true
  [1/7] L3 (F02202-sym-03) ok=✓ legacy [hint saved]
  [2/7] L1 (F02202-sym-01) ok=✗
  [3/7] L4 (F02202-sym-04) ok=✗
  [4/7] L2 (F02202-sym-02) ok=✗
  [5/7] L5 (F02202-sym-05) ok=✗
  [6/7] L7 (F02202-sym-07) ok=✗
  [7/7] L6 (F02202-sym-06) ok=✗
Hints: appended to 1 level(s); 1 hint file(s) changed on disk.
Result: solved=1/7, solvedBeforeFallback=0, fallbackOnly=1, unsolved=6
Wrote logs/family-census/solve-R02202-sym.json
Wrote logs/family-census/solve-R02202-sym-summary.md
[00:16:33] DONE R02202
[00:16:33] START R02248
Parent R02248: witness hint[0] (len 102, 0 jump(s)), 29 movable object instance(s) under strict inventory.
  attempt 1: accepted F02248-lm-01 — moved blocks (11,9) -> (5,1)
  attempt 2: accepted F02248-lm-02 — moved geese (10,0) -> (0,2)
  attempt 3: accepted F02248-lm-03 — moved blocks (0,3) -> (10,1)
  attempt 4: accepted F02248-lm-04 — moved statue (1,9) -> (8,2)
  attempt 5: accepted F02248-lm-05 — moved blocks (0,6) -> (1,3)
  attempt 6: accepted F02248-lm-06 — moved blocks (11,11) -> (1,3)
  attempt 7: accepted F02248-lm-07 — moved library (4,2) -> (4,1)
  attempt 8: accepted F02248-lm-08 — moved blocks (3,2) -> (9,11)
  attempt 9: accepted F02248-lm-09 — moved blocks (11,9) -> (10,11)
  attempt 10: rejected — degenerate duplicate of parent or another accepted variant
  attempt 11: accepted F02248-lm-10 — moved geese (0,4) -> (5,2)
  attempt 12: accepted F02248-lm-11 — moved blocks (0,6) -> (11,0)
  attempt 13: accepted F02248-lm-12 — moved blocks (0,1) -> (10,1)
  attempt 14: accepted F02248-lm-13 — moved blocks (0,6) -> (10,9)
  attempt 15: accepted F02248-lm-14 — moved lamppost (7,4) -> (4,1)
  attempt 16: accepted F02248-lm-15 — moved blocks (0,3) -> (1,3)

15/15 new local-mutant sibling(s) generated for R02248 in 16 attempt(s) (budget 600); 15 total in data/families/family-R02248-lm.json.
Wrote 15 level(s) total to data/families/family-R02248-lm.json (changed=true), 15 hint file(s) written to data/families/hints/.
Wrote family manifest to data/families/family-R02248-lm-manifest.json (15 variant(s) total).
Parent R02248: witness hint[0] (len 102, 0 jump(s)), 29 movable object instance(s) under strict inventory.
  variant 1 (rotation): accepted F02248-sym-08
  variant 2 (rotation): accepted F02248-sym-09
  variant 3 (rotation): accepted F02248-sym-10
  variant 4 (reflection): accepted F02248-sym-11
  variant 5 (reflection): accepted F02248-sym-12
  variant 6 (reflection): accepted F02248-sym-13
  variant 7 (reflection): accepted F02248-sym-14

7/7 new symmetry sibling(s) generated for R02248 in 7 attempt(s) (budget 7); 7 total in data/families/family-R02248-sym.json.
Wrote 7 level(s) total to data/families/family-R02248-sym.json (changed=true), 7 hint file(s) written to data/families/hints/.
Wrote family manifest to data/families/family-R02248-sym-manifest.json (7 variant(s) total).
portfolio-solve-sweep: corpus=data/families/family-R02248-lm.json levels=15 (15 to solve) scheduler-mode=legacy budget=8000ms node-budget=20000000 workers=4 save-hints=true
  [1/15] L2 (F02248-lm-02) ok=✓ legacy [hint saved]
  [2/15] L4 (F02248-lm-04) ok=✓ legacy [hint saved]
  [3/15] L3 (F02248-lm-03) ok=✓ legacy [hint saved]
  [4/15] L5 (F02248-lm-05) ok=✓ legacy [hint saved]
  [5/15] L7 (F02248-lm-07) ok=✓ legacy [hint saved]
  [6/15] L6 (F02248-lm-06) ok=✓ legacy [hint saved]
  [7/15] L10 (F02248-lm-10) ok=✓ legacy [hint saved]
  [8/15] L1 (F02248-lm-01) ok=✓ legacy [hint saved]
  [9/15] L9 (F02248-lm-09) ok=✓ legacy [hint saved]
  [10/15] L11 (F02248-lm-11) ok=✓ legacy [hint saved]
  [11/15] L13 (F02248-lm-13) ok=✓ legacy [hint saved]
  [12/15] L12 (F02248-lm-12) ok=✓ legacy [hint saved]
  [13/15] L14 (F02248-lm-14) ok=✓ legacy [hint saved]
  [14/15] L8 (F02248-lm-08) ok=✗
  [15/15] L15 (F02248-lm-15) ok=✗
Hints: appended to 13 level(s); 13 hint file(s) changed on disk.
Result: solved=13/15, solvedBeforeFallback=0, fallbackOnly=13, unsolved=2
Wrote logs/family-census/solve-R02248-lm.json
Wrote logs/family-census/solve-R02248-lm-summary.md
portfolio-solve-sweep: corpus=data/families/family-R02248-sym.json levels=7 (7 to solve) scheduler-mode=legacy budget=8000ms node-budget=20000000 workers=4 save-hints=true
  [1/7] L1 (F02248-sym-08) ok=✓ legacy [hint saved]
  [2/7] L3 (F02248-sym-10) ok=✓ legacy [hint saved]
  [3/7] L4 (F02248-sym-11) ok=✓ legacy [hint saved]
  [4/7] L2 (F02248-sym-09) ok=✓ legacy [hint saved]
  [5/7] L7 (F02248-sym-14) ok=✓ legacy [hint saved]
  [6/7] L6 (F02248-sym-13) ok=✓ legacy [hint saved]
  [7/7] L5 (F02248-sym-12) ok=✓ legacy [hint saved]
Hints: appended to 7 level(s); 7 hint file(s) changed on disk.
Result: solved=7/7, solvedBeforeFallback=0, fallbackOnly=7, unsolved=0
Wrote logs/family-census/solve-R02248-sym.json
Wrote logs/family-census/solve-R02248-sym-summary.md
[00:17:07] DONE R02248
[00:17:07] START R02282
Parent R02282: witness stressMeta.witnessSolution (len 132, 6 jump(s)), 59 movable object instance(s) under strict inventory.
  attempt 1: accepted F02282-lm-01 — moved blocks (8,0) -> (4,6)
  attempt 2: accepted F02282-lm-02 — moved market (9,12) -> (6,7)
  attempt 3: accepted F02282-lm-03 — moved mustPass (11,11) -> (11,8)
  attempt 4: accepted F02282-lm-04 — moved geese (2,9) -> (6,6)
  attempt 5: accepted F02282-lm-05 — moved fountain (12,11) -> (11,1)
  attempt 6: accepted F02282-lm-06 — moved blocks (8,11) -> (7,10)
  attempt 7: accepted F02282-lm-07 — moved falseGoals (9,6) -> (4,6)
  attempt 8: accepted F02282-lm-08 — moved geese (13,5) -> (7,11)
  attempt 9: accepted F02282-lm-09 — moved market (13,6) -> (5,5)
  attempt 10: accepted F02282-lm-10 — moved geese (5,13) -> (4,2)
  attempt 11: accepted F02282-lm-11 — moved flippingFilters (4,5) -> (2,6)
  attempt 12: accepted F02282-lm-12 — moved lamppost (6,10) -> (1,7)
  attempt 13: accepted F02282-lm-13 — moved mustPass (3,0) -> (2,8)
  attempt 14: accepted F02282-lm-14 — moved geese (13,5) -> (7,10)
  attempt 15: accepted F02282-lm-15 — moved blocks (13,7) -> (3,7)

15/15 new local-mutant sibling(s) generated for R02282 in 15 attempt(s) (budget 600); 15 total in data/families/family-R02282-lm.json.
Wrote 15 level(s) total to data/families/family-R02282-lm.json (changed=true), 15 hint file(s) written to data/families/hints/.
Wrote family manifest to data/families/family-R02282-lm-manifest.json (15 variant(s) total).
Parent R02282: witness stressMeta.witnessSolution (len 132, 6 jump(s)), 59 movable object instance(s) under strict inventory.
  variant 1 (rotation): accepted F02282-sym-01
  variant 2 (rotation): accepted F02282-sym-02
  variant 3 (rotation): accepted F02282-sym-03
  variant 4 (reflection): accepted F02282-sym-04
  variant 5 (reflection): accepted F02282-sym-05
  variant 6 (reflection): accepted F02282-sym-06
  variant 7 (reflection): accepted F02282-sym-07

7/7 new symmetry sibling(s) generated for R02282 in 7 attempt(s) (budget 7); 7 total in data/families/family-R02282-sym.json.
Wrote 7 level(s) total to data/families/family-R02282-sym.json (changed=true), 7 hint file(s) written to data/families/hints/.
Wrote family manifest to data/families/family-R02282-sym-manifest.json (7 variant(s) total).
portfolio-solve-sweep: corpus=data/families/family-R02282-lm.json levels=15 (15 to solve) scheduler-mode=legacy budget=8000ms node-budget=20000000 workers=4 save-hints=true
  [1/15] L1 (F02282-lm-01) ok=✗
  [2/15] L4 (F02282-lm-04) ok=✗
  [3/15] L2 (F02282-lm-02) ok=✗
  [4/15] L3 (F02282-lm-03) ok=✗
  [5/15] L5 (F02282-lm-05) ok=✗
  [6/15] L8 (F02282-lm-08) ok=✗
  [7/15] L6 (F02282-lm-06) ok=✗
  [8/15] L7 (F02282-lm-07) ok=✗
  [9/15] L9 (F02282-lm-09) ok=✗
  [10/15] L11 (F02282-lm-11) ok=✗
  [11/15] L12 (F02282-lm-12) ok=✗
  [12/15] L10 (F02282-lm-10) ok=✗
  [13/15] L14 (F02282-lm-14) ok=✗
  [14/15] L15 (F02282-lm-15) ok=✗
  [15/15] L13 (F02282-lm-13) ok=✗
Hints: appended to 0 level(s); 0 hint file(s) changed on disk.
Result: solved=0/15, solvedBeforeFallback=0, fallbackOnly=0, unsolved=15
Wrote logs/family-census/solve-R02282-lm.json
Wrote logs/family-census/solve-R02282-lm-summary.md
portfolio-solve-sweep: corpus=data/families/family-R02282-sym.json levels=7 (7 to solve) scheduler-mode=legacy budget=8000ms node-budget=20000000 workers=4 save-hints=true
  [1/7] L3 (F02282-sym-03) ok=✗
  [2/7] L2 (F02282-sym-02) ok=✗
  [3/7] L1 (F02282-sym-01) ok=✗
  [4/7] L4 (F02282-sym-04) ok=✗
  [5/7] L7 (F02282-sym-07) ok=✗
  [6/7] L5 (F02282-sym-05) ok=✗
  [7/7] L6 (F02282-sym-06) ok=✗
Hints: appended to 0 level(s); 0 hint file(s) changed on disk.
Result: solved=0/7, solvedBeforeFallback=0, fallbackOnly=0, unsolved=7
Wrote logs/family-census/solve-R02282-sym.json
Wrote logs/family-census/solve-R02282-sym-summary.md
[00:18:44] DONE R02282
[00:18:44] START R02323
Parent R02323: witness stressMeta.witnessSolution (len 82, 6 jump(s)), 39 movable object instance(s) under strict inventory.
  attempt 1: accepted F02323-lm-01 — moved geese (0,8) -> (5,0)
  attempt 2: accepted F02323-lm-02 — moved geese (4,7) -> (2,6)
  attempt 3: accepted F02323-lm-03 — moved geese (4,7) -> (2,1)
  attempt 4: accepted F02323-lm-04 — moved mustPass (2,9) -> (8,1)
  attempt 5: accepted F02323-lm-05 — moved blocks (6,4) -> (4,6)
  attempt 6: accepted F02323-lm-06 — moved blocks (7,4) -> (4,5)
  attempt 7: accepted F02323-lm-07 — moved falseGoals (7,5) -> (2,1)
  attempt 8: accepted F02323-lm-08 — moved blocks (3,10) -> (4,6)
  attempt 9: accepted F02323-lm-09 — moved mustPass (10,6) -> (3,3)
  attempt 10: accepted F02323-lm-10 — moved mustPass (8,8) -> (0,7)
  attempt 11: accepted F02323-lm-11 — moved blocks (0,9) -> (2,1)
  attempt 12: accepted F02323-lm-12 — moved geese (2,0) -> (6,3)
  attempt 13: accepted F02323-lm-13 — moved mustPass (10,6) -> (4,9)
  attempt 14: accepted F02323-lm-14 — moved mustPass (8,8) -> (2,7)
  attempt 15: accepted F02323-lm-15 — moved blocks (3,6) -> (2,1)

15/15 new local-mutant sibling(s) generated for R02323 in 15 attempt(s) (budget 600); 15 total in data/families/family-R02323-lm.json.
Wrote 15 level(s) total to data/families/family-R02323-lm.json (changed=true), 15 hint file(s) written to data/families/hints/.
Wrote family manifest to data/families/family-R02323-lm-manifest.json (15 variant(s) total).
Parent R02323: witness stressMeta.witnessSolution (len 82, 6 jump(s)), 39 movable object instance(s) under strict inventory.
  variant 1 (rotation): accepted F02323-sym-01
  variant 2 (rotation): accepted F02323-sym-02
  variant 3 (rotation): accepted F02323-sym-03
  variant 4 (reflection): accepted F02323-sym-04
  variant 5 (reflection): accepted F02323-sym-05
  variant 6 (reflection): accepted F02323-sym-06
  variant 7 (reflection): accepted F02323-sym-07

7/7 new symmetry sibling(s) generated for R02323 in 7 attempt(s) (budget 7); 7 total in data/families/family-R02323-sym.json.
Wrote 7 level(s) total to data/families/family-R02323-sym.json (changed=true), 7 hint file(s) written to data/families/hints/.
Wrote family manifest to data/families/family-R02323-sym-manifest.json (7 variant(s) total).
portfolio-solve-sweep: corpus=data/families/family-R02323-lm.json levels=15 (15 to solve) scheduler-mode=legacy budget=8000ms node-budget=20000000 workers=4 save-hints=true
  [1/15] L2 (F02323-lm-02) ok=✗
  [2/15] L1 (F02323-lm-01) ok=✗
  [3/15] L3 (F02323-lm-03) ok=✗
  [4/15] L4 (F02323-lm-04) ok=✗
  [5/15] L6 (F02323-lm-06) ok=✗
  [6/15] L5 (F02323-lm-05) ok=✗
  [7/15] L8 (F02323-lm-08) ok=✗
  [8/15] L7 (F02323-lm-07) ok=✗
  [9/15] L9 (F02323-lm-09) ok=✗
  [10/15] L10 (F02323-lm-10) ok=✗
  [11/15] L11 (F02323-lm-11) ok=✗
  [12/15] L12 (F02323-lm-12) ok=✗
  [13/15] L13 (F02323-lm-13) ok=✗
  [14/15] L14 (F02323-lm-14) ok=✗
  [15/15] L15 (F02323-lm-15) ok=✗
Hints: appended to 0 level(s); 0 hint file(s) changed on disk.
Result: solved=0/15, solvedBeforeFallback=0, fallbackOnly=0, unsolved=15
Wrote logs/family-census/solve-R02323-lm.json
Wrote logs/family-census/solve-R02323-lm-summary.md
portfolio-solve-sweep: corpus=data/families/family-R02323-sym.json levels=7 (7 to solve) scheduler-mode=legacy budget=8000ms node-budget=20000000 workers=4 save-hints=true
  [1/7] L3 (F02323-sym-03) ok=✗
  [2/7] L4 (F02323-sym-04) ok=✗
  [3/7] L2 (F02323-sym-02) ok=✗
  [4/7] L1 (F02323-sym-01) ok=✗
  [5/7] L5 (F02323-sym-05) ok=✗
  [6/7] L6 (F02323-sym-06) ok=✗
  [7/7] L7 (F02323-sym-07) ok=✗
Hints: appended to 0 level(s); 0 hint file(s) changed on disk.
Result: solved=0/7, solvedBeforeFallback=0, fallbackOnly=0, unsolved=7
Wrote logs/family-census/solve-R02323-sym.json
Wrote logs/family-census/solve-R02323-sym-summary.md
[00:19:44] DONE R02323
[00:19:44] START R02363
Parent R02363: witness stressMeta.witnessSolution (len 99, 0 jump(s)), 43 movable object instance(s) under strict inventory.
  attempt 1: accepted F02363-lm-01 — moved blocks (6,4) -> (7,4)
  attempt 2: accepted F02363-lm-02 — moved market (5,8) -> (7,1)
  attempt 3: accepted F02363-lm-03 — moved blocks (12,10) -> (6,1)
  attempt 4: accepted F02363-lm-04 — moved flippingFilters (0,0) -> (12,0)
  attempt 5: accepted F02363-lm-05 — moved fountain (12,9) -> (12,7)
  attempt 6: accepted F02363-lm-06 — moved blocks (9,10) -> (2,12)
  attempt 7: accepted F02363-lm-07 — moved lamppost (9,12) -> (6,5)
  attempt 8: accepted F02363-lm-08 — moved fountain (12,9) -> (4,3)
  attempt 9: accepted F02363-lm-09 — moved park (4,12) -> (5,6)
  attempt 10: accepted F02363-lm-10 — moved fountain (12,9) -> (4,2)
  attempt 11: accepted F02363-lm-11 — moved flippingFilters (0,0) -> (4,9)
  attempt 12: accepted F02363-lm-12 — moved flippingFilters (0,9) -> (2,4)
  attempt 13: accepted F02363-lm-13 — moved park (12,5) -> (8,8)
  attempt 14: accepted F02363-lm-14 — moved blocks (7,10) -> (10,12)
  attempt 15: accepted F02363-lm-15 — moved blocks (9,10) -> (3,10)

15/15 new local-mutant sibling(s) generated for R02363 in 15 attempt(s) (budget 600); 15 total in data/families/family-R02363-lm.json.
Wrote 15 level(s) total to data/families/family-R02363-lm.json (changed=true), 15 hint file(s) written to data/families/hints/.
Wrote family manifest to data/families/family-R02363-lm-manifest.json (15 variant(s) total).
Parent R02363: witness stressMeta.witnessSolution (len 99, 0 jump(s)), 43 movable object instance(s) under strict inventory.
  variant 1 (rotation): accepted F02363-sym-01
  variant 2 (rotation): accepted F02363-sym-02
  variant 3 (rotation): accepted F02363-sym-03
  variant 4 (reflection): accepted F02363-sym-04
  variant 5 (reflection): accepted F02363-sym-05
  variant 6 (reflection): accepted F02363-sym-06
  variant 7 (reflection): accepted F02363-sym-07

7/7 new symmetry sibling(s) generated for R02363 in 7 attempt(s) (budget 7); 7 total in data/families/family-R02363-sym.json.
Wrote 7 level(s) total to data/families/family-R02363-sym.json (changed=true), 7 hint file(s) written to data/families/hints/.
Wrote family manifest to data/families/family-R02363-sym-manifest.json (7 variant(s) total).
portfolio-solve-sweep: corpus=data/families/family-R02363-lm.json levels=15 (15 to solve) scheduler-mode=legacy budget=8000ms node-budget=20000000 workers=4 save-hints=true
  [1/15] L1 (F02363-lm-01) ok=✗
  [2/15] L3 (F02363-lm-03) ok=✗
  [3/15] L4 (F02363-lm-04) ok=✗
  [4/15] L2 (F02363-lm-02) ok=✗
  [5/15] L8 (F02363-lm-08) ok=✗
  [6/15] L6 (F02363-lm-06) ok=✗
  [7/15] L5 (F02363-lm-05) ok=✗
  [8/15] L7 (F02363-lm-07) ok=✗
  [9/15] L9 (F02363-lm-09) ok=✗
  [10/15] L10 (F02363-lm-10) ok=✗
  [11/15] L11 (F02363-lm-11) ok=✗
  [12/15] L12 (F02363-lm-12) ok=✗
  [13/15] L14 (F02363-lm-14) ok=✗
  [14/15] L15 (F02363-lm-15) ok=✗
  [15/15] L13 (F02363-lm-13) ok=✗
Hints: appended to 0 level(s); 0 hint file(s) changed on disk.
Result: solved=0/15, solvedBeforeFallback=0, fallbackOnly=0, unsolved=15
Wrote logs/family-census/solve-R02363-lm.json
Wrote logs/family-census/solve-R02363-lm-summary.md
portfolio-solve-sweep: corpus=data/families/family-R02363-sym.json levels=7 (7 to solve) scheduler-mode=legacy budget=8000ms node-budget=20000000 workers=4 save-hints=true
  [1/7] L3 (F02363-sym-03) ok=✗
  [2/7] L1 (F02363-sym-01) ok=✗
  [3/7] L4 (F02363-sym-04) ok=✗
  [4/7] L2 (F02363-sym-02) ok=✗
  [5/7] L5 (F02363-sym-05) ok=✗
  [6/7] L6 (F02363-sym-06) ok=✗
  [7/7] L7 (F02363-sym-07) ok=✗
Hints: appended to 0 level(s); 0 hint file(s) changed on disk.
Result: solved=0/7, solvedBeforeFallback=0, fallbackOnly=0, unsolved=7
Wrote logs/family-census/solve-R02363-sym.json
Wrote logs/family-census/solve-R02363-sym-summary.md
[00:25:39] DONE R02363
[00:25:39] START R02398
Parent R02398: witness stressMeta.witnessSolution (len 100, 6 jump(s)), 71 movable object instance(s) under strict inventory.
  attempt 1: accepted F02398-lm-01 — moved blocks (6,7) -> (2,1)
  attempt 2: accepted F02398-lm-02 — moved blocks (7,9) -> (4,2)
  attempt 3: accepted F02398-lm-03 — moved blocks (9,12) -> (5,10)
  attempt 4: accepted F02398-lm-04 — moved blocks (8,8) -> (4,6)
  attempt 5: accepted F02398-lm-05 — moved mustPass (2,6) -> (4,13)
  attempt 6: accepted F02398-lm-06 — moved blocks (4,0) -> (5,12)
  attempt 7: accepted F02398-lm-07 — moved blocks (4,3) -> (5,7)
  attempt 8: accepted F02398-lm-08 — moved mustPass (10,4) -> (3,10)
  attempt 9: accepted F02398-lm-09 — moved flippingFilters (1,11) -> (4,10)
  attempt 10: accepted F02398-lm-10 — moved market (8,4) -> (3,6)
  attempt 11: accepted F02398-lm-11 — moved blocks (9,11) -> (4,11)
  attempt 12: accepted F02398-lm-12 — moved blocks (7,9) -> (3,4)
  attempt 13: accepted F02398-lm-13 — moved statue (1,5) -> (11,7)
  attempt 14: accepted F02398-lm-14 — moved geese (6,11) -> (11,10)
  attempt 15: accepted F02398-lm-15 — moved flippingFilters (1,11) -> (3,4)

15/15 new local-mutant sibling(s) generated for R02398 in 15 attempt(s) (budget 600); 15 total in data/families/family-R02398-lm.json.
Wrote 15 level(s) total to data/families/family-R02398-lm.json (changed=true), 15 hint file(s) written to data/families/hints/.
Wrote family manifest to data/families/family-R02398-lm-manifest.json (15 variant(s) total).
Parent R02398: witness stressMeta.witnessSolution (len 100, 6 jump(s)), 71 movable object instance(s) under strict inventory.
  variant 1 (rotation): accepted F02398-sym-01
  variant 2 (rotation): accepted F02398-sym-02
  variant 3 (rotation): accepted F02398-sym-03
  variant 4 (reflection): accepted F02398-sym-04
  variant 5 (reflection): accepted F02398-sym-05
  variant 6 (reflection): accepted F02398-sym-06
  variant 7 (reflection): accepted F02398-sym-07

7/7 new symmetry sibling(s) generated for R02398 in 7 attempt(s) (budget 7); 7 total in data/families/family-R02398-sym.json.
Wrote 7 level(s) total to data/families/family-R02398-sym.json (changed=true), 7 hint file(s) written to data/families/hints/.
Wrote family manifest to data/families/family-R02398-sym-manifest.json (7 variant(s) total).
portfolio-solve-sweep: corpus=data/families/family-R02398-lm.json levels=15 (15 to solve) scheduler-mode=legacy budget=8000ms node-budget=20000000 workers=4 save-hints=true
  [1/15] L1 (F02398-lm-01) ok=✗
  [2/15] L4 (F02398-lm-04) ok=✗
  [3/15] L2 (F02398-lm-02) ok=✗
  [4/15] L3 (F02398-lm-03) ok=✗
  [5/15] L5 (F02398-lm-05) ok=✗
  [6/15] L8 (F02398-lm-08) ok=✗
  [7/15] L6 (F02398-lm-06) ok=✗
  [8/15] L7 (F02398-lm-07) ok=✗
  [9/15] L9 (F02398-lm-09) ok=✗
  [10/15] L10 (F02398-lm-10) ok=✗
  [11/15] L11 (F02398-lm-11) ok=✗
  [12/15] L12 (F02398-lm-12) ok=✗
  [13/15] L13 (F02398-lm-13) ok=✗
  [14/15] L15 (F02398-lm-15) ok=✗
  [15/15] L14 (F02398-lm-14) ok=✗
Hints: appended to 0 level(s); 0 hint file(s) changed on disk.
Result: solved=0/15, solvedBeforeFallback=0, fallbackOnly=0, unsolved=15
Wrote logs/family-census/solve-R02398-lm.json
Wrote logs/family-census/solve-R02398-lm-summary.md
portfolio-solve-sweep: corpus=data/families/family-R02398-sym.json levels=7 (7 to solve) scheduler-mode=legacy budget=8000ms node-budget=20000000 workers=4 save-hints=true
  [1/7] L4 (F02398-sym-04) ok=✗
  [2/7] L2 (F02398-sym-02) ok=✗
  [3/7] L1 (F02398-sym-01) ok=✗
  [4/7] L3 (F02398-sym-03) ok=✗
  [5/7] L6 (F02398-sym-06) ok=✗
  [6/7] L7 (F02398-sym-07) ok=✗
  [7/7] L5 (F02398-sym-05) ok=✗
Hints: appended to 0 level(s); 0 hint file(s) changed on disk.
Result: solved=0/7, solvedBeforeFallback=0, fallbackOnly=0, unsolved=7
Wrote logs/family-census/solve-R02398-sym.json
Wrote logs/family-census/solve-R02398-sym-summary.md
[00:27:13] DONE R02398
[00:27:13] START R02443
Parent R02443: witness stressMeta.witnessSolution (len 125, 0 jump(s)), 51 movable object instance(s) under strict inventory.
  attempt 1: accepted F02443-lm-01 — moved fountain (9,9) -> (5,3)
  attempt 2: accepted F02443-lm-02 — moved mustPass (4,7) -> (1,2)
  attempt 3: accepted F02443-lm-03 — moved blocks (1,3) -> (11,14)
  attempt 4: accepted F02443-lm-04 — moved library (2,10) -> (8,12)
  attempt 5: accepted F02443-lm-05 — moved blocks (7,14) -> (8,1)
  attempt 6: accepted F02443-lm-06 — moved blocks (11,11) -> (5,8)
  attempt 7: accepted F02443-lm-07 — moved blocks (7,8) -> (11,6)
  attempt 8: accepted F02443-lm-08 — moved market (5,13) -> (5,3)
  attempt 9: accepted F02443-lm-09 — moved blocks (0,7) -> (7,13)
  attempt 10: accepted F02443-lm-10 — moved library (0,8) -> (4,5)
  attempt 11: accepted F02443-lm-11 — moved blocks (1,3) -> (6,11)
  attempt 12: accepted F02443-lm-12 — moved blocks (2,12) -> (7,3)
  attempt 13: accepted F02443-lm-13 — moved mustPass (0,4) -> (10,7)
  attempt 14: accepted F02443-lm-14 — moved mustPass (3,4) -> (10,9)
  attempt 15: accepted F02443-lm-15 — moved blocks (14,12) -> (7,6)

15/15 new local-mutant sibling(s) generated for R02443 in 15 attempt(s) (budget 600); 15 total in data/families/family-R02443-lm.json.
Wrote 15 level(s) total to data/families/family-R02443-lm.json (changed=true), 15 hint file(s) written to data/families/hints/.
Wrote family manifest to data/families/family-R02443-lm-manifest.json (15 variant(s) total).
Parent R02443: witness stressMeta.witnessSolution (len 125, 0 jump(s)), 51 movable object instance(s) under strict inventory.
  variant 1 (rotation): accepted F02443-sym-01
  variant 2 (rotation): accepted F02443-sym-02
  variant 3 (rotation): accepted F02443-sym-03
  variant 4 (reflection): accepted F02443-sym-04
  variant 5 (reflection): accepted F02443-sym-05
  variant 6 (reflection): accepted F02443-sym-06
  variant 7 (reflection): accepted F02443-sym-07

7/7 new symmetry sibling(s) generated for R02443 in 7 attempt(s) (budget 7); 7 total in data/families/family-R02443-sym.json.
Wrote 7 level(s) total to data/families/family-R02443-sym.json (changed=true), 7 hint file(s) written to data/families/hints/.
Wrote family manifest to data/families/family-R02443-sym-manifest.json (7 variant(s) total).
portfolio-solve-sweep: corpus=data/families/family-R02443-lm.json levels=15 (15 to solve) scheduler-mode=legacy budget=8000ms node-budget=20000000 workers=4 save-hints=true
  [1/15] L1 (F02443-lm-01) ok=✗
  [2/15] L2 (F02443-lm-02) ok=✗
  [3/15] L4 (F02443-lm-04) ok=✗
  [4/15] L3 (F02443-lm-03) ok=✗
  [5/15] L5 (F02443-lm-05) ok=✗
  [6/15] L8 (F02443-lm-08) ok=✗
  [7/15] L7 (F02443-lm-07) ok=✗
  [8/15] L6 (F02443-lm-06) ok=✗
  [9/15] L9 (F02443-lm-09) ok=✗
  [10/15] L10 (F02443-lm-10) ok=✗
  [11/15] L11 (F02443-lm-11) ok=✗
  [12/15] L12 (F02443-lm-12) ok=✗
  [13/15] L14 (F02443-lm-14) ok=✗
  [14/15] L13 (F02443-lm-13) ok=✗
  [15/15] L15 (F02443-lm-15) ok=✗
Hints: appended to 0 level(s); 0 hint file(s) changed on disk.
Result: solved=0/15, solvedBeforeFallback=0, fallbackOnly=0, unsolved=15
Wrote logs/family-census/solve-R02443-lm.json
Wrote logs/family-census/solve-R02443-lm-summary.md
portfolio-solve-sweep: corpus=data/families/family-R02443-sym.json levels=7 (7 to solve) scheduler-mode=legacy budget=8000ms node-budget=20000000 workers=4 save-hints=true
  [1/7] L2 (F02443-sym-02) ok=✗
  [2/7] L3 (F02443-sym-03) ok=✗
  [3/7] L4 (F02443-sym-04) ok=✗
  [4/7] L1 (F02443-sym-01) ok=✗
  [5/7] L5 (F02443-sym-05) ok=✗
  [6/7] L7 (F02443-sym-07) ok=✗
  [7/7] L6 (F02443-sym-06) ok=✗
Hints: appended to 0 level(s); 0 hint file(s) changed on disk.
Result: solved=0/7, solvedBeforeFallback=0, fallbackOnly=0, unsolved=7
Wrote logs/family-census/solve-R02443-sym.json
Wrote logs/family-census/solve-R02443-sym-summary.md
[00:29:20] DONE R02443
[00:29:20] START R02472
Parent R02472: witness stressMeta.witnessSolution (len 153, 0 jump(s)), 66 movable object instance(s) under strict inventory.
  attempt 1: accepted F02472-lm-01 — moved blocks (14,8) -> (13,1)
  attempt 2: accepted F02472-lm-02 — moved blocks (14,2) -> (14,5)
  attempt 3: accepted F02472-lm-03 — moved blocks (9,14) -> (7,5)
  attempt 4: accepted F02472-lm-04 — moved blocks (8,2) -> (12,11)
  attempt 5: accepted F02472-lm-05 — moved mustCross (6,10) -> (3,1)
  attempt 6: accepted F02472-lm-06 — moved mustCross (7,12) -> (3,1)
  attempt 7: accepted F02472-lm-07 — moved lamppost (10,14) -> (12,0)
  attempt 8: accepted F02472-lm-08 — moved blocks (11,0) -> (14,0)
  attempt 9: accepted F02472-lm-09 — moved geese (11,4) -> (8,4)
  attempt 10: accepted F02472-lm-10 — moved flippingFilters (10,4) -> (12,0)
  attempt 11: accepted F02472-lm-11 — moved blocks (14,8) -> (13,9)
  attempt 12: accepted F02472-lm-12 — moved market (7,4) -> (11,5)
  attempt 13: accepted F02472-lm-13 — moved blocks (8,11) -> (14,6)
  attempt 14: accepted F02472-lm-14 — moved blocks (6,14) -> (14,0)
  attempt 15: accepted F02472-lm-15 — moved blocks (11,0) -> (2,11)

15/15 new local-mutant sibling(s) generated for R02472 in 15 attempt(s) (budget 600); 15 total in data/families/family-R02472-lm.json.
Wrote 15 level(s) total to data/families/family-R02472-lm.json (changed=true), 15 hint file(s) written to data/families/hints/.
Wrote family manifest to data/families/family-R02472-lm-manifest.json (15 variant(s) total).
Parent R02472: witness stressMeta.witnessSolution (len 153, 0 jump(s)), 66 movable object instance(s) under strict inventory.
  variant 1 (rotation): accepted F02472-sym-08
  variant 2 (rotation): accepted F02472-sym-09
  variant 3 (rotation): accepted F02472-sym-10
  variant 4 (reflection): accepted F02472-sym-11
  variant 5 (reflection): accepted F02472-sym-12
  variant 6 (reflection): accepted F02472-sym-13
  variant 7 (reflection): accepted F02472-sym-14

7/7 new symmetry sibling(s) generated for R02472 in 7 attempt(s) (budget 7); 7 total in data/families/family-R02472-sym.json.
Wrote 7 level(s) total to data/families/family-R02472-sym.json (changed=true), 7 hint file(s) written to data/families/hints/.
Wrote family manifest to data/families/family-R02472-sym-manifest.json (7 variant(s) total).
portfolio-solve-sweep: corpus=data/families/family-R02472-lm.json levels=15 (15 to solve) scheduler-mode=legacy budget=8000ms node-budget=20000000 workers=4 save-hints=true
  [1/15] L2 (F02472-lm-02) ok=✗
  [2/15] L1 (F02472-lm-01) ok=✗
  [3/15] L3 (F02472-lm-03) ok=✗
  [4/15] L4 (F02472-lm-04) ok=✗
  [5/15] L5 (F02472-lm-05) ok=✗
  [6/15] L8 (F02472-lm-08) ok=✗
  [7/15] L7 (F02472-lm-07) ok=✗
  [8/15] L6 (F02472-lm-06) ok=✗
  [9/15] L10 (F02472-lm-10) ok=✗
  [10/15] L12 (F02472-lm-12) ok=✗
  [11/15] L9 (F02472-lm-09) ok=✗
  [12/15] L11 (F02472-lm-11) ok=✗
  [13/15] L15 (F02472-lm-15) ok=✗
  [14/15] L14 (F02472-lm-14) ok=✗
  [15/15] L13 (F02472-lm-13) ok=✗
Hints: appended to 0 level(s); 0 hint file(s) changed on disk.
Result: solved=0/15, solvedBeforeFallback=0, fallbackOnly=0, unsolved=15
Wrote logs/family-census/solve-R02472-lm.json
Wrote logs/family-census/solve-R02472-lm-summary.md
portfolio-solve-sweep: corpus=data/families/family-R02472-sym.json levels=7 (7 to solve) scheduler-mode=legacy budget=8000ms node-budget=20000000 workers=4 save-hints=true
  [1/7] L1 (F02472-sym-08) ok=✗
  [2/7] L4 (F02472-sym-11) ok=✗
  [3/7] L3 (F02472-sym-10) ok=✗
  [4/7] L2 (F02472-sym-09) ok=✗
  [5/7] L5 (F02472-sym-12) ok=✗
  [6/7] L7 (F02472-sym-14) ok=✗
  [7/7] L6 (F02472-sym-13) ok=✗
Hints: appended to 0 level(s); 0 hint file(s) changed on disk.
Result: solved=0/7, solvedBeforeFallback=0, fallbackOnly=0, unsolved=7
Wrote logs/family-census/solve-R02472-sym.json
Wrote logs/family-census/solve-R02472-sym-summary.md
[00:33:50] DONE R02472
[00:33:50] START R02518
Parent R02518: witness stressMeta.witnessSolution (len 90, 0 jump(s)), 51 movable object instance(s) under strict inventory.
  attempt 1: accepted F02518-lm-16 — moved fountain (8,6) -> (8,4)
  attempt 2: accepted F02518-lm-17 — moved flippingFilters (6,9) -> (12,12)
  attempt 3: accepted F02518-lm-18 — moved blocks (10,8) -> (1,7)
  attempt 4: accepted F02518-lm-19 — moved blocks (1,2) -> (9,0)
  attempt 5: accepted F02518-lm-20 — moved mustCross (10,6) -> (3,7)
  attempt 6: accepted F02518-lm-21 — moved flippingFilters (6,6) -> (9,9)
  attempt 7: accepted F02518-lm-22 — moved statue (8,7) -> (12,6)
  attempt 8: accepted F02518-lm-23 — moved lamppost (7,4) -> (7,6)
  attempt 9: accepted F02518-lm-24 — moved mustPass (7,2) -> (5,10)
  attempt 10: accepted F02518-lm-25 — moved flippingFilters (12,0) -> (3,3)
  attempt 11: accepted F02518-lm-26 — moved falseGoals (0,2) -> (0,10)
  attempt 12: accepted F02518-lm-27 — moved flippingFilters (5,3) -> (0,5)
  attempt 13: accepted F02518-lm-28 — moved falseGoals (6,3) -> (7,12)
  attempt 14: accepted F02518-lm-29 — moved statue (9,5) -> (8,8)
  attempt 15: accepted F02518-lm-30 — moved falseGoals (1,0) -> (0,1)

15/15 new local-mutant sibling(s) generated for R02518 in 15 attempt(s) (budget 600); 15 total in data/families/family-R02518-lm.json.
Wrote 15 level(s) total to data/families/family-R02518-lm.json (changed=true), 15 hint file(s) written to data/families/hints/.
Wrote family manifest to data/families/family-R02518-lm-manifest.json (15 variant(s) total).
Parent R02518: witness stressMeta.witnessSolution (len 90, 0 jump(s)), 51 movable object instance(s) under strict inventory.
  variant 1 (rotation): accepted F02518-sym-08
  variant 2 (rotation): accepted F02518-sym-09
  variant 3 (rotation): accepted F02518-sym-10
  variant 4 (reflection): accepted F02518-sym-11
  variant 5 (reflection): accepted F02518-sym-12
  variant 6 (reflection): accepted F02518-sym-13
  variant 7 (reflection): accepted F02518-sym-14

7/7 new symmetry sibling(s) generated for R02518 in 7 attempt(s) (budget 7); 7 total in data/families/family-R02518-sym.json.
Wrote 7 level(s) total to data/families/family-R02518-sym.json (changed=true), 7 hint file(s) written to data/families/hints/.
Wrote family manifest to data/families/family-R02518-sym-manifest.json (7 variant(s) total).
portfolio-solve-sweep: corpus=data/families/family-R02518-lm.json levels=15 (15 to solve) scheduler-mode=legacy budget=8000ms node-budget=20000000 workers=4 save-hints=true
  [1/15] L1 (F02518-lm-16) ok=✗
  [2/15] L4 (F02518-lm-19) ok=✗
  [3/15] L2 (F02518-lm-17) ok=✗
  [4/15] L3 (F02518-lm-18) ok=✗
  [5/15] L5 (F02518-lm-20) ok=✗
  [6/15] L8 (F02518-lm-23) ok=✗
  [7/15] L6 (F02518-lm-21) ok=✗
  [8/15] L7 (F02518-lm-22) ok=✗
  [9/15] L9 (F02518-lm-24) ok=✗
  [10/15] L11 (F02518-lm-26) ok=✗
  [11/15] L12 (F02518-lm-27) ok=✗
  [12/15] L10 (F02518-lm-25) ok=✗
  [13/15] L15 (F02518-lm-30) ok=✗
  [14/15] L13 (F02518-lm-28) ok=✗
  [15/15] L14 (F02518-lm-29) ok=✗
Hints: appended to 0 level(s); 0 hint file(s) changed on disk.
Result: solved=0/15, solvedBeforeFallback=0, fallbackOnly=0, unsolved=15
Wrote logs/family-census/solve-R02518-lm.json
Wrote logs/family-census/solve-R02518-lm-summary.md
portfolio-solve-sweep: corpus=data/families/family-R02518-sym.json levels=7 (7 to solve) scheduler-mode=legacy budget=8000ms node-budget=20000000 workers=4 save-hints=true
  [1/7] L4 (F02518-sym-11) ok=✗
  [2/7] L3 (F02518-sym-10) ok=✗
  [3/7] L2 (F02518-sym-09) ok=✗
  [4/7] L1 (F02518-sym-08) ok=✗
  [5/7] L7 (F02518-sym-14) ok=✗
  [6/7] L5 (F02518-sym-12) ok=✗
  [7/7] L6 (F02518-sym-13) ok=✗
Hints: appended to 0 level(s); 0 hint file(s) changed on disk.
Result: solved=0/7, solvedBeforeFallback=0, fallbackOnly=0, unsolved=7
Wrote logs/family-census/solve-R02518-sym.json
Wrote logs/family-census/solve-R02518-sym-summary.md
[00:41:49] DONE R02518
[00:41:49] START R02551
Parent R02551: witness stressMeta.witnessSolution (len 113, 0 jump(s)), 65 movable object instance(s) under strict inventory.
  attempt 1: accepted F02551-lm-01 — moved statue (6,2) -> (12,3)
  attempt 2: accepted F02551-lm-02 — moved park (0,9) -> (3,12)
  attempt 3: accepted F02551-lm-03 — moved blocks (9,12) -> (3,5)
  attempt 4: accepted F02551-lm-04 — moved park (5,10) -> (11,9)
  attempt 5: accepted F02551-lm-05 — moved blocks (12,9) -> (7,4)
  attempt 6: accepted F02551-lm-06 — moved mustCross (7,11) -> (7,9)
  attempt 7: accepted F02551-lm-07 — moved blocks (11,12) -> (4,7)
  attempt 8: accepted F02551-lm-08 — moved blocks (6,6) -> (4,7)
  attempt 9: accepted F02551-lm-09 — moved geese (3,8) -> (3,9)
  attempt 10: accepted F02551-lm-10 — moved fountain (7,12) -> (3,10)
  attempt 11: accepted F02551-lm-11 — moved falseGoals (4,6) -> (7,4)
  attempt 12: accepted F02551-lm-12 — moved flippingFilters (1,3) -> (12,3)
  attempt 13: accepted F02551-lm-13 — moved geese (12,8) -> (11,9)
  attempt 14: accepted F02551-lm-14 — moved geese (4,5) -> (7,4)
  attempt 15: accepted F02551-lm-15 — moved geese (4,5) -> (7,5)

15/15 new local-mutant sibling(s) generated for R02551 in 15 attempt(s) (budget 600); 15 total in data/families/family-R02551-lm.json.
Wrote 15 level(s) total to data/families/family-R02551-lm.json (changed=true), 15 hint file(s) written to data/families/hints/.
Wrote family manifest to data/families/family-R02551-lm-manifest.json (15 variant(s) total).
Parent R02551: witness stressMeta.witnessSolution (len 113, 0 jump(s)), 65 movable object instance(s) under strict inventory.
  variant 1 (rotation): accepted F02551-sym-01
  variant 2 (rotation): accepted F02551-sym-02
  variant 3 (rotation): accepted F02551-sym-03
  variant 4 (reflection): accepted F02551-sym-04
  variant 5 (reflection): accepted F02551-sym-05
  variant 6 (reflection): accepted F02551-sym-06
  variant 7 (reflection): accepted F02551-sym-07

7/7 new symmetry sibling(s) generated for R02551 in 7 attempt(s) (budget 7); 7 total in data/families/family-R02551-sym.json.
Wrote 7 level(s) total to data/families/family-R02551-sym.json (changed=true), 7 hint file(s) written to data/families/hints/.
Wrote family manifest to data/families/family-R02551-sym-manifest.json (7 variant(s) total).
portfolio-solve-sweep: corpus=data/families/family-R02551-lm.json levels=15 (15 to solve) scheduler-mode=legacy budget=8000ms node-budget=20000000 workers=4 save-hints=true
  [1/15] L1 (F02551-lm-01) ok=✗
  [2/15] L3 (F02551-lm-03) ok=✗
  [3/15] L4 (F02551-lm-04) ok=✗
  [4/15] L2 (F02551-lm-02) ok=✗
  [5/15] L5 (F02551-lm-05) ok=✗
  [6/15] L6 (F02551-lm-06) ok=✗
  [7/15] L7 (F02551-lm-07) ok=✗
  [8/15] L8 (F02551-lm-08) ok=✗
  [9/15] L10 (F02551-lm-10) ok=✗
  [10/15] L9 (F02551-lm-09) ok=✗
  [11/15] L11 (F02551-lm-11) ok=✗
  [12/15] L12 (F02551-lm-12) ok=✗
  [13/15] L15 (F02551-lm-15) ok=✗
  [14/15] L14 (F02551-lm-14) ok=✗
  [15/15] L13 (F02551-lm-13) ok=✗
Hints: appended to 0 level(s); 0 hint file(s) changed on disk.
Result: solved=0/15, solvedBeforeFallback=0, fallbackOnly=0, unsolved=15
Wrote logs/family-census/solve-R02551-lm.json
Wrote logs/family-census/solve-R02551-lm-summary.md
portfolio-solve-sweep: corpus=data/families/family-R02551-sym.json levels=7 (7 to solve) scheduler-mode=legacy budget=8000ms node-budget=20000000 workers=4 save-hints=true
  [1/7] L4 (F02551-sym-04) ok=✗
  [2/7] L1 (F02551-sym-01) ok=✗
  [3/7] L3 (F02551-sym-03) ok=✗
  [4/7] L2 (F02551-sym-02) ok=✗
  [5/7] L7 (F02551-sym-07) ok=✗
  [6/7] L6 (F02551-sym-06) ok=✗
  [7/7] L5 (F02551-sym-05) ok=✗
Hints: appended to 0 level(s); 0 hint file(s) changed on disk.
Result: solved=0/7, solvedBeforeFallback=0, fallbackOnly=0, unsolved=7
Wrote logs/family-census/solve-R02551-sym.json
Wrote logs/family-census/solve-R02551-sym-summary.md
[00:49:17] DONE R02551
[00:49:17] START R02591
Parent R02591: witness stressMeta.witnessSolution (len 92, 0 jump(s)), 43 movable object instance(s) under strict inventory.
  attempt 1: accepted F02591-lm-01 — moved blocks (4,7) -> (5,5)
  attempt 2: accepted F02591-lm-02 — moved falseGoals (8,8) -> (5,10)
  attempt 3: accepted F02591-lm-03 — moved fountain (5,6) -> (5,10)
  attempt 4: accepted F02591-lm-04 — moved statue (4,5) -> (5,10)
  attempt 5: accepted F02591-lm-05 — moved blocks (7,6) -> (5,5)
  attempt 6: rejected — degenerate duplicate of parent or another accepted variant
  attempt 7: accepted F02591-lm-06 — moved flippingFilters (3,9) -> (8,0)
  attempt 8: rejected — degenerate duplicate of parent or another accepted variant
  attempt 9: accepted F02591-lm-07 — moved blocks (5,9) -> (5,5)
  attempt 10: accepted F02591-lm-08 — moved blocks (4,6) -> (5,10)
  attempt 11: accepted F02591-lm-09 — moved blocks (8,1) -> (5,5)
  attempt 12: accepted F02591-lm-10 — moved fountain (9,2) -> (0,7)
  attempt 13: accepted F02591-lm-11 — moved fountain (3,5) -> (6,1)
  attempt 14: accepted F02591-lm-12 — moved park (8,7) -> (6,4)
  attempt 15: accepted F02591-lm-13 — moved blocks (9,1) -> (5,10)
  attempt 16: accepted F02591-lm-14 — moved flippingFilters (3,9) -> (10,1)
  attempt 17: accepted F02591-lm-15 — moved fountain (9,2) -> (4,1)

15/15 new local-mutant sibling(s) generated for R02591 in 17 attempt(s) (budget 600); 15 total in data/families/family-R02591-lm.json.
Wrote 15 level(s) total to data/families/family-R02591-lm.json (changed=true), 15 hint file(s) written to data/families/hints/.
Wrote family manifest to data/families/family-R02591-lm-manifest.json (15 variant(s) total).
Parent R02591: witness stressMeta.witnessSolution (len 92, 0 jump(s)), 43 movable object instance(s) under strict inventory.
  variant 1 (rotation): accepted F02591-sym-01
  variant 2 (rotation): accepted F02591-sym-02
  variant 3 (rotation): accepted F02591-sym-03
  variant 4 (reflection): accepted F02591-sym-04
  variant 5 (reflection): accepted F02591-sym-05
  variant 6 (reflection): accepted F02591-sym-06
  variant 7 (reflection): accepted F02591-sym-07

7/7 new symmetry sibling(s) generated for R02591 in 7 attempt(s) (budget 7); 7 total in data/families/family-R02591-sym.json.
Wrote 7 level(s) total to data/families/family-R02591-sym.json (changed=true), 7 hint file(s) written to data/families/hints/.
Wrote family manifest to data/families/family-R02591-sym-manifest.json (7 variant(s) total).
portfolio-solve-sweep: corpus=data/families/family-R02591-lm.json levels=15 (15 to solve) scheduler-mode=legacy budget=8000ms node-budget=20000000 workers=4 save-hints=true
  [1/15] L1 (F02591-lm-01) ok=✗
  [2/15] L4 (F02591-lm-04) ok=✗
  [3/15] L3 (F02591-lm-03) ok=✗
  [4/15] L2 (F02591-lm-02) ok=✗
  [5/15] L5 (F02591-lm-05) ok=✗
  [6/15] L7 (F02591-lm-07) ok=✗
  [7/15] L6 (F02591-lm-06) ok=✗
  [8/15] L8 (F02591-lm-08) ok=✗
  [9/15] L9 (F02591-lm-09) ok=✗
  [10/15] L10 (F02591-lm-10) ok=✗
  [11/15] L11 (F02591-lm-11) ok=✗
  [12/15] L12 (F02591-lm-12) ok=✗
  [13/15] L13 (F02591-lm-13) ok=✗
  [14/15] L14 (F02591-lm-14) ok=✗
  [15/15] L15 (F02591-lm-15) ok=✗
Hints: appended to 0 level(s); 0 hint file(s) changed on disk.
Result: solved=0/15, solvedBeforeFallback=0, fallbackOnly=0, unsolved=15
Wrote logs/family-census/solve-R02591-lm.json
Wrote logs/family-census/solve-R02591-lm-summary.md
portfolio-solve-sweep: corpus=data/families/family-R02591-sym.json levels=7 (7 to solve) scheduler-mode=legacy budget=8000ms node-budget=20000000 workers=4 save-hints=true
  [1/7] L1 (F02591-sym-01) ok=✗
  [2/7] L4 (F02591-sym-04) ok=✗
  [3/7] L2 (F02591-sym-02) ok=✗
  [4/7] L3 (F02591-sym-03) ok=✗
  [5/7] L6 (F02591-sym-06) ok=✗
  [6/7] L7 (F02591-sym-07) ok=✗
  [7/7] L5 (F02591-sym-05) ok=✗
Hints: appended to 0 level(s); 0 hint file(s) changed on disk.
Result: solved=0/7, solvedBeforeFallback=0, fallbackOnly=0, unsolved=7
Wrote logs/family-census/solve-R02591-sym.json
Wrote logs/family-census/solve-R02591-sym-summary.md
[00:51:41] DONE R02591
[00:51:41] START R02627
Parent R02627: witness stressMeta.witnessSolution (len 140, 6 jump(s)), 57 movable object instance(s) under strict inventory.
  attempt 1: accepted F02627-lm-01 — moved mustCross (1,10) -> (10,8)
  attempt 2: accepted F02627-lm-02 — moved blocks (2,4) -> (12,2)
  attempt 3: accepted F02627-lm-03 — moved flippingFilters (1,5) -> (7,0)
  attempt 4: accepted F02627-lm-04 — moved mustPass (5,12) -> (9,0)
  attempt 5: accepted F02627-lm-05 — moved mustPass (5,12) -> (11,12)
  attempt 6: accepted F02627-lm-06 — moved mustPass (9,11) -> (5,5)
  attempt 7: accepted F02627-lm-07 — moved mustCross (6,3) -> (9,12)
  attempt 8: accepted F02627-lm-08 — moved blocks (1,4) -> (0,13)
  attempt 9: accepted F02627-lm-09 — moved blocks (12,8) -> (2,13)
  attempt 10: accepted F02627-lm-10 — moved mustPass (9,11) -> (8,2)
  attempt 11: accepted F02627-lm-11 — moved blocks (14,2) -> (1,1)
  attempt 12: accepted F02627-lm-12 — moved mustPass (5,13) -> (12,12)
  attempt 13: accepted F02627-lm-13 — moved blocks (7,14) -> (9,4)
  attempt 14: accepted F02627-lm-14 — moved mustPass (9,11) -> (9,1)
  attempt 15: accepted F02627-lm-15 — moved blocks (3,8) -> (13,11)

15/15 new local-mutant sibling(s) generated for R02627 in 15 attempt(s) (budget 600); 15 total in data/families/family-R02627-lm.json.
Wrote 15 level(s) total to data/families/family-R02627-lm.json (changed=true), 15 hint file(s) written to data/families/hints/.
Wrote family manifest to data/families/family-R02627-lm-manifest.json (15 variant(s) total).
Parent R02627: witness stressMeta.witnessSolution (len 140, 6 jump(s)), 57 movable object instance(s) under strict inventory.
  variant 1 (rotation): accepted F02627-sym-01
  variant 2 (rotation): accepted F02627-sym-02
  variant 3 (rotation): accepted F02627-sym-03
  variant 4 (reflection): accepted F02627-sym-04
  variant 5 (reflection): accepted F02627-sym-05
  variant 6 (reflection): accepted F02627-sym-06
  variant 7 (reflection): accepted F02627-sym-07

7/7 new symmetry sibling(s) generated for R02627 in 7 attempt(s) (budget 7); 7 total in data/families/family-R02627-sym.json.
Wrote 7 level(s) total to data/families/family-R02627-sym.json (changed=true), 7 hint file(s) written to data/families/hints/.
Wrote family manifest to data/families/family-R02627-sym-manifest.json (7 variant(s) total).
portfolio-solve-sweep: corpus=data/families/family-R02627-lm.json levels=15 (15 to solve) scheduler-mode=legacy budget=8000ms node-budget=20000000 workers=4 save-hints=true
  [1/15] L2 (F02627-lm-02) ok=✗
  [2/15] L4 (F02627-lm-04) ok=✗
  [3/15] L1 (F02627-lm-01) ok=✗
  [4/15] L3 (F02627-lm-03) ok=✗
  [5/15] L6 (F02627-lm-06) ok=✗
  [6/15] L7 (F02627-lm-07) ok=✗
  [7/15] L5 (F02627-lm-05) ok=✗
  [8/15] L8 (F02627-lm-08) ok=✗
  [9/15] L10 (F02627-lm-10) ok=✗
  [10/15] L11 (F02627-lm-11) ok=✗
  [11/15] L9 (F02627-lm-09) ok=✗
  [12/15] L12 (F02627-lm-12) ok=✗
  [13/15] L15 (F02627-lm-15) ok=✗
  [14/15] L14 (F02627-lm-14) ok=✗
  [15/15] L13 (F02627-lm-13) ok=✗
Hints: appended to 0 level(s); 0 hint file(s) changed on disk.
Result: solved=0/15, solvedBeforeFallback=0, fallbackOnly=0, unsolved=15
Wrote logs/family-census/solve-R02627-lm.json
Wrote logs/family-census/solve-R02627-lm-summary.md
portfolio-solve-sweep: corpus=data/families/family-R02627-sym.json levels=7 (7 to solve) scheduler-mode=legacy budget=8000ms node-budget=20000000 workers=4 save-hints=true
  [1/7] L4 (F02627-sym-04) ok=✗
  [2/7] L3 (F02627-sym-03) ok=✗
  [3/7] L2 (F02627-sym-02) ok=✗
  [4/7] L1 (F02627-sym-01) ok=✗
  [5/7] L5 (F02627-sym-05) ok=✗
  [6/7] L6 (F02627-sym-06) ok=✗
  [7/7] L7 (F02627-sym-07) ok=✗
Hints: appended to 0 level(s); 0 hint file(s) changed on disk.
Result: solved=0/7, solvedBeforeFallback=0, fallbackOnly=0, unsolved=7
Wrote logs/family-census/solve-R02627-sym.json
Wrote logs/family-census/solve-R02627-sym-summary.md
[00:58:54] DONE R02627
[00:58:54] START R02661
Parent R02661: witness stressMeta.witnessSolution (len 80, 4 jump(s)), 47 movable object instance(s) under strict inventory.
  attempt 1: accepted F02661-lm-01 — moved blocks (9,7) -> (1,10)
  attempt 2: accepted F02661-lm-02 — moved mustPass (5,7) -> (8,5)
  attempt 3: accepted F02661-lm-03 — moved blocks (9,7) -> (10,8)
  attempt 4: accepted F02661-lm-04 — moved mustPass (7,10) -> (4,8)
  attempt 5: accepted F02661-lm-05 — moved lamppost (4,9) -> (1,9)
  attempt 6: accepted F02661-lm-06 — moved flippingFilters (2,10) -> (1,10)
  attempt 7: accepted F02661-lm-07 — moved library (3,1) -> (10,9)
  attempt 8: accepted F02661-lm-08 — moved lamppost (4,9) -> (6,0)
  attempt 9: accepted F02661-lm-09 — moved flippingFilters (7,8) -> (8,1)
  attempt 10: accepted F02661-lm-10 — moved park (0,3) -> (2,8)
  attempt 11: accepted F02661-lm-11 — moved library (3,1) -> (10,2)
  attempt 12: accepted F02661-lm-12 — moved blocks (10,4) -> (1,9)
  attempt 13: accepted F02661-lm-13 — moved flippingFilters (2,3) -> (5,3)
  attempt 14: accepted F02661-lm-14 — moved lamppost (4,9) -> (10,8)
  attempt 15: accepted F02661-lm-15 — moved blocks (10,1) -> (10,8)

15/15 new local-mutant sibling(s) generated for R02661 in 15 attempt(s) (budget 600); 15 total in data/families/family-R02661-lm.json.
Wrote 15 level(s) total to data/families/family-R02661-lm.json (changed=true), 15 hint file(s) written to data/families/hints/.
Wrote family manifest to data/families/family-R02661-lm-manifest.json (15 variant(s) total).
Parent R02661: witness stressMeta.witnessSolution (len 80, 4 jump(s)), 47 movable object instance(s) under strict inventory.
  variant 1 (rotation): accepted F02661-sym-01
  variant 2 (rotation): accepted F02661-sym-02
  variant 3 (rotation): accepted F02661-sym-03
  variant 4 (reflection): accepted F02661-sym-04
  variant 5 (reflection): accepted F02661-sym-05
  variant 6 (reflection): accepted F02661-sym-06
  variant 7 (reflection): accepted F02661-sym-07

7/7 new symmetry sibling(s) generated for R02661 in 7 attempt(s) (budget 7); 7 total in data/families/family-R02661-sym.json.
Wrote 7 level(s) total to data/families/family-R02661-sym.json (changed=true), 7 hint file(s) written to data/families/hints/.
Wrote family manifest to data/families/family-R02661-sym-manifest.json (7 variant(s) total).
portfolio-solve-sweep: corpus=data/families/family-R02661-lm.json levels=15 (15 to solve) scheduler-mode=legacy budget=8000ms node-budget=20000000 workers=4 save-hints=true
  [1/15] L3 (F02661-lm-03) ok=✗
  [2/15] L4 (F02661-lm-04) ok=✗
  [3/15] L2 (F02661-lm-02) ok=✗
  [4/15] L1 (F02661-lm-01) ok=✗
  [5/15] L7 (F02661-lm-07) ok=✗
  [6/15] L5 (F02661-lm-05) ok=✗
  [7/15] L8 (F02661-lm-08) ok=✗
  [8/15] L6 (F02661-lm-06) ok=✗
  [9/15] L9 (F02661-lm-09) ok=✗
  [10/15] L10 (F02661-lm-10) ok=✗
  [11/15] L12 (F02661-lm-12) ok=✗
  [12/15] L11 (F02661-lm-11) ok=✗
  [13/15] L13 (F02661-lm-13) ok=✗
  [14/15] L14 (F02661-lm-14) ok=✗
  [15/15] L15 (F02661-lm-15) ok=✗
Hints: appended to 0 level(s); 0 hint file(s) changed on disk.
Result: solved=0/15, solvedBeforeFallback=0, fallbackOnly=0, unsolved=15
Wrote logs/family-census/solve-R02661-lm.json
Wrote logs/family-census/solve-R02661-lm-summary.md
portfolio-solve-sweep: corpus=data/families/family-R02661-sym.json levels=7 (7 to solve) scheduler-mode=legacy budget=8000ms node-budget=20000000 workers=4 save-hints=true
  [1/7] L3 (F02661-sym-03) ok=✗
  [2/7] L1 (F02661-sym-01) ok=✗
  [3/7] L2 (F02661-sym-02) ok=✗
  [4/7] L4 (F02661-sym-04) ok=✗
  [5/7] L5 (F02661-sym-05) ok=✗
  [6/7] L7 (F02661-sym-07) ok=✗
  [7/7] L6 (F02661-sym-06) ok=✗
Hints: appended to 0 level(s); 0 hint file(s) changed on disk.
Result: solved=0/7, solvedBeforeFallback=0, fallbackOnly=0, unsolved=7
Wrote logs/family-census/solve-R02661-sym.json
Wrote logs/family-census/solve-R02661-sym-summary.md
[01:03:08] DONE R02661
[01:03:08] START R02709
Parent R02709: witness hint[0] (len 118, 5 jump(s)), 48 movable object instance(s) under strict inventory.
  attempt 1: accepted F02709-lm-01 — moved blocks (12,4) -> (10,4)
  attempt 2: accepted F02709-lm-02 — moved falseGoals (11,2) -> (11,4)
  attempt 3: accepted F02709-lm-03 — moved blocks (11,6) -> (10,2)
  attempt 4: accepted F02709-lm-04 — moved flippingFilters (12,1) -> (4,7)
  attempt 5: accepted F02709-lm-05 — moved geese (12,3) -> (13,5)
  attempt 6: accepted F02709-lm-06 — moved flippingFilters (11,5) -> (10,2)
  attempt 7: accepted F02709-lm-07 — moved geese (11,0) -> (6,8)
  attempt 8: accepted F02709-lm-08 — moved mustPass (3,2) -> (2,7)
  attempt 9: accepted F02709-lm-09 — moved blocks (2,12) -> (12,9)
  attempt 10: accepted F02709-lm-10 — moved geese (2,4) -> (0,9)
  attempt 11: accepted F02709-lm-11 — moved flippingFilters (10,8) -> (4,10)
  attempt 12: accepted F02709-lm-12 — moved blocks (12,8) -> (10,6)
  attempt 13: accepted F02709-lm-13 — moved blocks (8,7) -> (9,0)
  attempt 14: accepted F02709-lm-14 — moved geese (13,0) -> (8,13)
  attempt 15: accepted F02709-lm-15 — moved mustPass (1,0) -> (1,10)

15/15 new local-mutant sibling(s) generated for R02709 in 15 attempt(s) (budget 600); 15 total in data/families/family-R02709-lm.json.
Wrote 15 level(s) total to data/families/family-R02709-lm.json (changed=true), 15 hint file(s) written to data/families/hints/.
Wrote family manifest to data/families/family-R02709-lm-manifest.json (15 variant(s) total).
Parent R02709: witness hint[0] (len 118, 5 jump(s)), 48 movable object instance(s) under strict inventory.
  variant 1 (rotation): accepted F02709-sym-01
  variant 2 (rotation): accepted F02709-sym-02
  variant 3 (rotation): accepted F02709-sym-03
  variant 4 (reflection): accepted F02709-sym-04
  variant 5 (reflection): accepted F02709-sym-05
  variant 6 (reflection): accepted F02709-sym-06
  variant 7 (reflection): accepted F02709-sym-07

7/7 new symmetry sibling(s) generated for R02709 in 7 attempt(s) (budget 7); 7 total in data/families/family-R02709-sym.json.
Wrote 7 level(s) total to data/families/family-R02709-sym.json (changed=true), 7 hint file(s) written to data/families/hints/.
Wrote family manifest to data/families/family-R02709-sym-manifest.json (7 variant(s) total).
portfolio-solve-sweep: corpus=data/families/family-R02709-lm.json levels=15 (15 to solve) scheduler-mode=legacy budget=8000ms node-budget=20000000 workers=4 save-hints=true
  [1/15] L3 (F02709-lm-03) ok=✓ legacy [hint saved]
  [2/15] L4 (F02709-lm-04) ok=✗
  [3/15] L2 (F02709-lm-02) ok=✗
  [4/15] L1 (F02709-lm-01) ok=✗
  [5/15] L5 (F02709-lm-05) ok=✗
  [6/15] L8 (F02709-lm-08) ok=✗
  [7/15] L7 (F02709-lm-07) ok=✗
  [8/15] L11 (F02709-lm-11) ok=✓ legacy [hint saved]
  [9/15] L6 (F02709-lm-06) ok=✗
  [10/15] L13 (F02709-lm-13) ok=✓ legacy [hint saved]
  [11/15] L9 (F02709-lm-09) ok=✗
  [12/15] L10 (F02709-lm-10) ok=✗
  [13/15] L12 (F02709-lm-12) ok=✗
  [14/15] L14 (F02709-lm-14) ok=✗
  [15/15] L15 (F02709-lm-15) ok=✗
Hints: appended to 3 level(s); 3 hint file(s) changed on disk.
Result: solved=3/15, solvedBeforeFallback=0, fallbackOnly=3, unsolved=12
Wrote logs/family-census/solve-R02709-lm.json
Wrote logs/family-census/solve-R02709-lm-summary.md
portfolio-solve-sweep: corpus=data/families/family-R02709-sym.json levels=7 (7 to solve) scheduler-mode=legacy budget=8000ms node-budget=20000000 workers=4 save-hints=true
  [1/7] L2 (F02709-sym-02) ok=✓ legacy [hint saved]
  [2/7] L3 (F02709-sym-03) ok=✗
  [3/7] L4 (F02709-sym-04) ok=✗
  [4/7] L1 (F02709-sym-01) ok=✗
  [5/7] L5 (F02709-sym-05) ok=✗
  [6/7] L6 (F02709-sym-06) ok=✗
  [7/7] L7 (F02709-sym-07) ok=✗
Hints: appended to 1 level(s); 1 hint file(s) changed on disk.
Result: solved=1/7, solvedBeforeFallback=0, fallbackOnly=1, unsolved=6
Wrote logs/family-census/solve-R02709-sym.json
Wrote logs/family-census/solve-R02709-sym-summary.md
[01:04:37] DONE R02709
[01:04:37] START R02754
Parent R02754: witness stressMeta.witnessSolution (len 119, 6 jump(s)), 42 movable object instance(s) under strict inventory.
  attempt 1: accepted F02754-lm-01 — moved lamppost (8,9) -> (4,7)
  attempt 2: accepted F02754-lm-02 — moved falseGoals (4,3) -> (3,4)
  attempt 3: accepted F02754-lm-03 — moved geese (11,1) -> (4,7)
  attempt 4: accepted F02754-lm-04 — moved geese (11,1) -> (2,2)
  attempt 5: accepted F02754-lm-05 — moved flippingFilters (6,9) -> (6,8)
  attempt 6: accepted F02754-lm-06 — moved geese (2,7) -> (3,3)
  attempt 7: accepted F02754-lm-07 — moved geese (6,2) -> (2,1)
  attempt 8: accepted F02754-lm-08 — moved fountain (2,3) -> (5,7)
  attempt 9: accepted F02754-lm-09 — moved geese (5,3) -> (2,8)
  attempt 10: accepted F02754-lm-10 — moved geese (11,1) -> (3,2)
  attempt 11: accepted F02754-lm-11 — moved market (8,10) -> (4,7)
  attempt 12: accepted F02754-lm-12 — moved library (6,4) -> (1,4)
  attempt 13: accepted F02754-lm-13 — moved falseGoals (11,0) -> (7,11)
  attempt 14: accepted F02754-lm-14 — moved market (8,10) -> (6,3)
  attempt 15: accepted F02754-lm-15 — moved market (8,10) -> (7,11)

15/15 new local-mutant sibling(s) generated for R02754 in 15 attempt(s) (budget 600); 15 total in data/families/family-R02754-lm.json.
Wrote 15 level(s) total to data/families/family-R02754-lm.json (changed=true), 15 hint file(s) written to data/families/hints/.
Wrote family manifest to data/families/family-R02754-lm-manifest.json (15 variant(s) total).
Parent R02754: witness stressMeta.witnessSolution (len 119, 6 jump(s)), 42 movable object instance(s) under strict inventory.
  variant 1 (rotation): accepted F02754-sym-01
  variant 2 (rotation): accepted F02754-sym-02
  variant 3 (rotation): accepted F02754-sym-03
  variant 4 (reflection): accepted F02754-sym-04
  variant 5 (reflection): accepted F02754-sym-05
  variant 6 (reflection): accepted F02754-sym-06
  variant 7 (reflection): accepted F02754-sym-07

7/7 new symmetry sibling(s) generated for R02754 in 7 attempt(s) (budget 7); 7 total in data/families/family-R02754-sym.json.
Wrote 7 level(s) total to data/families/family-R02754-sym.json (changed=true), 7 hint file(s) written to data/families/hints/.
Wrote family manifest to data/families/family-R02754-sym-manifest.json (7 variant(s) total).
portfolio-solve-sweep: corpus=data/families/family-R02754-lm.json levels=15 (15 to solve) scheduler-mode=legacy budget=8000ms node-budget=20000000 workers=4 save-hints=true
  [1/15] L4 (F02754-lm-04) ok=✗
  [2/15] L2 (F02754-lm-02) ok=✗
  [3/15] L3 (F02754-lm-03) ok=✗
  [4/15] L1 (F02754-lm-01) ok=✗
  [5/15] L6 (F02754-lm-06) ok=✗
  [6/15] L5 (F02754-lm-05) ok=✗
  [7/15] L7 (F02754-lm-07) ok=✗
  [8/15] L8 (F02754-lm-08) ok=✗
  [9/15] L9 (F02754-lm-09) ok=✗
  [10/15] L10 (F02754-lm-10) ok=✗
  [11/15] L11 (F02754-lm-11) ok=✗
  [12/15] L12 (F02754-lm-12) ok=✗
  [13/15] L15 (F02754-lm-15) ok=✗
  [14/15] L13 (F02754-lm-13) ok=✗
  [15/15] L14 (F02754-lm-14) ok=✗
Hints: appended to 0 level(s); 0 hint file(s) changed on disk.
Result: solved=0/15, solvedBeforeFallback=0, fallbackOnly=0, unsolved=15
Wrote logs/family-census/solve-R02754-lm.json
Wrote logs/family-census/solve-R02754-lm-summary.md
portfolio-solve-sweep: corpus=data/families/family-R02754-sym.json levels=7 (7 to solve) scheduler-mode=legacy budget=8000ms node-budget=20000000 workers=4 save-hints=true
  [1/7] L2 (F02754-sym-02) ok=✗
  [2/7] L1 (F02754-sym-01) ok=✗
  [3/7] L3 (F02754-sym-03) ok=✗
  [4/7] L4 (F02754-sym-04) ok=✗
  [5/7] L6 (F02754-sym-06) ok=✗
  [6/7] L7 (F02754-sym-07) ok=✗
  [7/7] L5 (F02754-sym-05) ok=✗
Hints: appended to 0 level(s); 0 hint file(s) changed on disk.
Result: solved=0/7, solvedBeforeFallback=0, fallbackOnly=0, unsolved=7
Wrote logs/family-census/solve-R02754-sym.json
Wrote logs/family-census/solve-R02754-sym-summary.md
[01:09:51] DONE R02754
[01:09:51] START R02786
Parent R02786: witness stressMeta.witnessSolution (len 96, 6 jump(s)), 26 movable object instance(s) under strict inventory.
  attempt 1: accepted F02786-lm-01 — moved blocks (1,9) -> (1,3)
  attempt 2: accepted F02786-lm-02 — moved blocks (2,9) -> (3,3)
  attempt 3: accepted F02786-lm-03 — moved blocks (6,3) -> (4,11)
  attempt 4: accepted F02786-lm-04 — moved blocks (2,9) -> (1,3)
  attempt 5: accepted F02786-lm-05 — moved blocks (1,11) -> (5,4)
  attempt 6: accepted F02786-lm-06 — moved blocks (7,7) -> (8,0)
  attempt 7: accepted F02786-lm-07 — moved park (4,3) -> (11,8)
  attempt 8: accepted F02786-lm-08 — moved falseGoals (1,0) -> (3,5)
  attempt 9: accepted F02786-lm-09 — moved park (4,3) -> (10,3)
  attempt 10: accepted F02786-lm-10 — moved falseGoals (1,0) -> (2,8)
  attempt 11: accepted F02786-lm-11 — moved fountain (11,7) -> (4,11)
  attempt 12: accepted F02786-lm-12 — moved market (0,11) -> (3,5)
  attempt 13: accepted F02786-lm-13 — moved falseGoals (10,5) -> (2,0)
  attempt 14: accepted F02786-lm-14 — moved falseGoals (7,11) -> (10,3)
  attempt 15: accepted F02786-lm-15 — moved blocks (6,11) -> (0,1)

15/15 new local-mutant sibling(s) generated for R02786 in 15 attempt(s) (budget 600); 15 total in data/families/family-R02786-lm.json.
Wrote 15 level(s) total to data/families/family-R02786-lm.json (changed=true), 15 hint file(s) written to data/families/hints/.
Wrote family manifest to data/families/family-R02786-lm-manifest.json (15 variant(s) total).
Parent R02786: witness stressMeta.witnessSolution (len 96, 6 jump(s)), 26 movable object instance(s) under strict inventory.
  variant 1 (rotation): accepted F02786-sym-01
  variant 2 (rotation): accepted F02786-sym-02
  variant 3 (rotation): accepted F02786-sym-03
  variant 4 (reflection): accepted F02786-sym-04
  variant 5 (reflection): accepted F02786-sym-05
  variant 6 (reflection): accepted F02786-sym-06
  variant 7 (reflection): accepted F02786-sym-07

7/7 new symmetry sibling(s) generated for R02786 in 7 attempt(s) (budget 7); 7 total in data/families/family-R02786-sym.json.
Wrote 7 level(s) total to data/families/family-R02786-sym.json (changed=true), 7 hint file(s) written to data/families/hints/.
Wrote family manifest to data/families/family-R02786-sym-manifest.json (7 variant(s) total).
portfolio-solve-sweep: corpus=data/families/family-R02786-lm.json levels=15 (15 to solve) scheduler-mode=legacy budget=8000ms node-budget=20000000 workers=4 save-hints=true
  [1/15] L2 (F02786-lm-02) ok=✓ legacy [hint saved]
  [2/15] L3 (F02786-lm-03) ok=✗
  [3/15] L1 (F02786-lm-01) ok=✗
  [4/15] L4 (F02786-lm-04) ok=✗
  [5/15] L6 (F02786-lm-06) ok=✓ legacy [hint saved]
  [6/15] L8 (F02786-lm-08) ok=✓ legacy [hint saved]
  [7/15] L7 (F02786-lm-07) ok=✓ legacy [hint saved]
  [8/15] L5 (F02786-lm-05) ok=✗
  [9/15] L10 (F02786-lm-10) ok=✓ legacy [hint saved]
  [10/15] L9 (F02786-lm-09) ok=✗
  [11/15] L11 (F02786-lm-11) ok=✗
  [12/15] L12 (F02786-lm-12) ok=✗
  [13/15] L13 (F02786-lm-13) ok=✗
  [14/15] L14 (F02786-lm-14) ok=✗
  [15/15] L15 (F02786-lm-15) ok=✗
Hints: appended to 5 level(s); 5 hint file(s) changed on disk.
Result: solved=5/15, solvedBeforeFallback=0, fallbackOnly=5, unsolved=10
Wrote logs/family-census/solve-R02786-lm.json
Wrote logs/family-census/solve-R02786-lm-summary.md
portfolio-solve-sweep: corpus=data/families/family-R02786-sym.json levels=7 (7 to solve) scheduler-mode=legacy budget=8000ms node-budget=20000000 workers=4 save-hints=true
  [1/7] L4 (F02786-sym-04) ok=✗
  [2/7] L2 (F02786-sym-02) ok=✗
  [3/7] L3 (F02786-sym-03) ok=✗
  [4/7] L1 (F02786-sym-01) ok=✗
  [5/7] L6 (F02786-sym-06) ok=✗
  [6/7] L7 (F02786-sym-07) ok=✗
  [7/7] L5 (F02786-sym-05) ok=✗
Hints: appended to 0 level(s); 0 hint file(s) changed on disk.
Result: solved=0/7, solvedBeforeFallback=0, fallbackOnly=0, unsolved=7
Wrote logs/family-census/solve-R02786-sym.json
Wrote logs/family-census/solve-R02786-sym-summary.md
[01:12:34] DONE R02786
[01:12:34] START R02815
Parent R02815: witness hint[0] (len 92, 4 jump(s)), 34 movable object instance(s) under strict inventory.
  attempt 1: accepted F02815-lm-01 — moved blocks (0,2) -> (4,3)
  attempt 2: accepted F02815-lm-02 — moved mustPass (9,10) -> (11,10)
  attempt 3: accepted F02815-lm-03 — moved geese (1,8) -> (4,8)
  attempt 4: accepted F02815-lm-04 — moved blocks (11,1) -> (10,7)
  attempt 5: accepted F02815-lm-05 — moved blocks (8,9) -> (0,8)
  attempt 6: accepted F02815-lm-06 — moved blocks (5,1) -> (4,8)
  attempt 7: accepted F02815-lm-07 — moved geese (5,7) -> (4,8)
  attempt 8: accepted F02815-lm-08 — moved blocks (4,4) -> (0,9)
  attempt 9: accepted F02815-lm-09 — moved geese (7,5) -> (4,8)
  attempt 10: accepted F02815-lm-10 — moved geese (5,7) -> (11,0)
  attempt 11: accepted F02815-lm-11 — moved blocks (6,10) -> (11,11)
  attempt 12: accepted F02815-lm-12 — moved blocks (4,4) -> (9,0)
  attempt 13: accepted F02815-lm-13 — moved blocks (4,4) -> (3,10)
  attempt 14: accepted F02815-lm-14 — moved blocks (7,9) -> (11,11)
  attempt 15: accepted F02815-lm-15 — moved blocks (7,9) -> (2,8)

15/15 new local-mutant sibling(s) generated for R02815 in 15 attempt(s) (budget 600); 15 total in data/families/family-R02815-lm.json.
Wrote 15 level(s) total to data/families/family-R02815-lm.json (changed=true), 15 hint file(s) written to data/families/hints/.
Wrote family manifest to data/families/family-R02815-lm-manifest.json (15 variant(s) total).
Parent R02815: witness hint[0] (len 92, 4 jump(s)), 34 movable object instance(s) under strict inventory.
  variant 1 (rotation): accepted F02815-sym-01
  variant 2 (rotation): accepted F02815-sym-02
  variant 3 (rotation): accepted F02815-sym-03
  variant 4 (reflection): accepted F02815-sym-04
  variant 5 (reflection): accepted F02815-sym-05
  variant 6 (reflection): accepted F02815-sym-06
  variant 7 (reflection): accepted F02815-sym-07

7/7 new symmetry sibling(s) generated for R02815 in 7 attempt(s) (budget 7); 7 total in data/families/family-R02815-sym.json.
Wrote 7 level(s) total to data/families/family-R02815-sym.json (changed=true), 7 hint file(s) written to data/families/hints/.
Wrote family manifest to data/families/family-R02815-sym-manifest.json (7 variant(s) total).
portfolio-solve-sweep: corpus=data/families/family-R02815-lm.json levels=15 (15 to solve) scheduler-mode=legacy budget=8000ms node-budget=20000000 workers=4 save-hints=true
  [1/15] L3 (F02815-lm-03) ok=✓ legacy [hint saved]
  [2/15] L2 (F02815-lm-02) ok=✓ legacy [hint saved]
  [3/15] L4 (F02815-lm-04) ok=✓ legacy [hint saved]
  [4/15] L1 (F02815-lm-01) ok=✗
  [5/15] L7 (F02815-lm-07) ok=✗
  [6/15] L6 (F02815-lm-06) ok=✗
  [7/15] L10 (F02815-lm-10) ok=✓ legacy [hint saved]
  [8/15] L8 (F02815-lm-08) ok=✓ legacy [hint saved]
  [9/15] L5 (F02815-lm-05) ok=✗
  [10/15] L11 (F02815-lm-11) ok=✓ legacy [hint saved]
  [11/15] L13 (F02815-lm-13) ok=✓ legacy [hint saved]
  [12/15] L12 (F02815-lm-12) ok=✓ legacy [hint saved]
  [13/15] L15 (F02815-lm-15) ok=✓ legacy [hint saved]
  [14/15] L9 (F02815-lm-09) ok=✗
  [15/15] L14 (F02815-lm-14) ok=✗
Hints: appended to 9 level(s); 9 hint file(s) changed on disk.
Result: solved=9/15, solvedBeforeFallback=0, fallbackOnly=9, unsolved=6
Wrote logs/family-census/solve-R02815-lm.json
Wrote logs/family-census/solve-R02815-lm-summary.md
portfolio-solve-sweep: corpus=data/families/family-R02815-sym.json levels=7 (7 to solve) scheduler-mode=legacy budget=8000ms node-budget=20000000 workers=4 save-hints=true
  [1/7] L3 (F02815-sym-03) ok=✓ legacy [hint saved]
  [2/7] L1 (F02815-sym-01) ok=✓ legacy [hint saved]
  [3/7] L6 (F02815-sym-06) ok=✓ legacy [hint saved]
  [4/7] L5 (F02815-sym-05) ok=✓ legacy [hint saved]
  [5/7] L7 (F02815-sym-07) ok=✗
  [6/7] L2 (F02815-sym-02) ok=✗
  [7/7] L4 (F02815-sym-04) ok=✗
Hints: appended to 4 level(s); 4 hint file(s) changed on disk.
Result: solved=4/7, solvedBeforeFallback=0, fallbackOnly=4, unsolved=3
Wrote logs/family-census/solve-R02815-sym.json
Wrote logs/family-census/solve-R02815-sym-summary.md
[01:14:12] DONE R02815
[01:14:12] START R02857
Parent R02857: witness stressMeta.witnessSolution (len 108, 4 jump(s)), 41 movable object instance(s) under strict inventory.
  attempt 1: accepted F02857-lm-01 — moved fountain (5,14) -> (9,10)
  attempt 2: accepted F02857-lm-02 — moved falseGoals (9,11) -> (9,13)
  attempt 3: accepted F02857-lm-03 — moved fountain (5,14) -> (0,11)
  attempt 4: accepted F02857-lm-04 — moved flippingFilters (7,14) -> (10,14)
  attempt 5: accepted F02857-lm-05 — moved falseGoals (6,3) -> (10,14)
  attempt 6: accepted F02857-lm-06 — moved flippingFilters (0,6) -> (3,7)
  attempt 7: accepted F02857-lm-07 — moved flippingFilters (6,11) -> (13,9)
  attempt 8: accepted F02857-lm-08 — moved mustPass (7,8) -> (7,11)
  attempt 9: accepted F02857-lm-09 — moved flippingFilters (3,8) -> (0,14)
  attempt 10: accepted F02857-lm-10 — moved park (6,2) -> (2,4)
  attempt 11: accepted F02857-lm-11 — moved mustPass (14,6) -> (12,4)
  attempt 12: accepted F02857-lm-12 — moved park (2,10) -> (8,12)
  attempt 13: accepted F02857-lm-13 — moved falseGoals (4,4) -> (2,4)
  attempt 14: accepted F02857-lm-14 — moved statue (5,12) -> (5,2)
  attempt 15: accepted F02857-lm-15 — moved mustPass (4,12) -> (14,3)

15/15 new local-mutant sibling(s) generated for R02857 in 15 attempt(s) (budget 600); 15 total in data/families/family-R02857-lm.json.
Wrote 15 level(s) total to data/families/family-R02857-lm.json (changed=true), 15 hint file(s) written to data/families/hints/.
Wrote family manifest to data/families/family-R02857-lm-manifest.json (15 variant(s) total).
Parent R02857: witness stressMeta.witnessSolution (len 108, 4 jump(s)), 41 movable object instance(s) under strict inventory.
  variant 1 (rotation): accepted F02857-sym-01
  variant 2 (rotation): accepted F02857-sym-02
  variant 3 (rotation): accepted F02857-sym-03
  variant 4 (reflection): accepted F02857-sym-04
  variant 5 (reflection): accepted F02857-sym-05
  variant 6 (reflection): accepted F02857-sym-06
  variant 7 (reflection): accepted F02857-sym-07

7/7 new symmetry sibling(s) generated for R02857 in 7 attempt(s) (budget 7); 7 total in data/families/family-R02857-sym.json.
Wrote 7 level(s) total to data/families/family-R02857-sym.json (changed=true), 7 hint file(s) written to data/families/hints/.
Wrote family manifest to data/families/family-R02857-sym-manifest.json (7 variant(s) total).
portfolio-solve-sweep: corpus=data/families/family-R02857-lm.json levels=15 (15 to solve) scheduler-mode=legacy budget=8000ms node-budget=20000000 workers=4 save-hints=true
  [1/15] L4 (F02857-lm-04) ok=✗
  [2/15] L2 (F02857-lm-02) ok=✗
  [3/15] L1 (F02857-lm-01) ok=✗
  [4/15] L3 (F02857-lm-03) ok=✗
  [5/15] L5 (F02857-lm-05) ok=✗
  [6/15] L8 (F02857-lm-08) ok=✗
  [7/15] L6 (F02857-lm-06) ok=✗
  [8/15] L7 (F02857-lm-07) ok=✗
  [9/15] L10 (F02857-lm-10) ok=✗
  [10/15] L12 (F02857-lm-12) ok=✗
  [11/15] L9 (F02857-lm-09) ok=✗
  [12/15] L11 (F02857-lm-11) ok=✗
  [13/15] L13 (F02857-lm-13) ok=✗
  [14/15] L14 (F02857-lm-14) ok=✗
  [15/15] L15 (F02857-lm-15) ok=✗
Hints: appended to 0 level(s); 0 hint file(s) changed on disk.
Result: solved=0/15, solvedBeforeFallback=0, fallbackOnly=0, unsolved=15
Wrote logs/family-census/solve-R02857-lm.json
Wrote logs/family-census/solve-R02857-lm-summary.md
portfolio-solve-sweep: corpus=data/families/family-R02857-sym.json levels=7 (7 to solve) scheduler-mode=legacy budget=8000ms node-budget=20000000 workers=4 save-hints=true
  [1/7] L2 (F02857-sym-02) ok=✗
  [2/7] L4 (F02857-sym-04) ok=✗
  [3/7] L1 (F02857-sym-01) ok=✗
  [4/7] L3 (F02857-sym-03) ok=✗
  [5/7] L6 (F02857-sym-06) ok=✗
  [6/7] L7 (F02857-sym-07) ok=✗
  [7/7] L5 (F02857-sym-05) ok=✗
Hints: appended to 0 level(s); 0 hint file(s) changed on disk.
Result: solved=0/7, solvedBeforeFallback=0, fallbackOnly=0, unsolved=7
Wrote logs/family-census/solve-R02857-sym.json
Wrote logs/family-census/solve-R02857-sym-summary.md
[01:20:14] DONE R02857
[01:20:14] START R02900
Parent R02900: witness hint[0] (len 76, 5 jump(s)), 48 movable object instance(s) under strict inventory.
  attempt 1: accepted F02900-lm-01 — moved blocks (1,10) -> (8,6)
  attempt 2: accepted F02900-lm-02 — moved lamppost (5,10) -> (6,7)
  attempt 3: accepted F02900-lm-03 — moved lamppost (5,7) -> (9,7)
  attempt 4: accepted F02900-lm-04 — moved library (3,6) -> (6,1)
  attempt 5: accepted F02900-lm-05 — moved lamppost (5,7) -> (6,2)
  attempt 6: accepted F02900-lm-06 — moved blocks (8,9) -> (0,0)
  attempt 7: accepted F02900-lm-07 — moved mustPass (3,0) -> (0,4)
  attempt 8: accepted F02900-lm-08 — moved blocks (10,7) -> (8,1)
  attempt 9: accepted F02900-lm-09 — moved blocks (0,9) -> (9,8)
  attempt 10: accepted F02900-lm-10 — moved blocks (7,4) -> (8,6)
  attempt 11: accepted F02900-lm-11 — moved lamppost (10,1) -> (10,0)
  attempt 12: accepted F02900-lm-12 — moved blocks (1,7) -> (6,4)
  attempt 13: accepted F02900-lm-13 — moved blocks (3,7) -> (10,10)
  attempt 14: accepted F02900-lm-14 — moved blocks (6,8) -> (3,2)
  attempt 15: accepted F02900-lm-15 — moved mustPass (0,8) -> (4,0)

15/15 new local-mutant sibling(s) generated for R02900 in 15 attempt(s) (budget 600); 15 total in data/families/family-R02900-lm.json.
Wrote 15 level(s) total to data/families/family-R02900-lm.json (changed=true), 15 hint file(s) written to data/families/hints/.
Wrote family manifest to data/families/family-R02900-lm-manifest.json (15 variant(s) total).
Parent R02900: witness hint[0] (len 76, 5 jump(s)), 48 movable object instance(s) under strict inventory.
  variant 1 (rotation): accepted F02900-sym-01
  variant 2 (rotation): accepted F02900-sym-02
  variant 3 (rotation): accepted F02900-sym-03
  variant 4 (reflection): accepted F02900-sym-04
  variant 5 (reflection): accepted F02900-sym-05
  variant 6 (reflection): accepted F02900-sym-06
  variant 7 (reflection): accepted F02900-sym-07

7/7 new symmetry sibling(s) generated for R02900 in 7 attempt(s) (budget 7); 7 total in data/families/family-R02900-sym.json.
Wrote 7 level(s) total to data/families/family-R02900-sym.json (changed=true), 7 hint file(s) written to data/families/hints/.
Wrote family manifest to data/families/family-R02900-sym-manifest.json (7 variant(s) total).
portfolio-solve-sweep: corpus=data/families/family-R02900-lm.json levels=15 (15 to solve) scheduler-mode=legacy budget=8000ms node-budget=20000000 workers=4 save-hints=true
  [1/15] L2 (F02900-lm-02) ok=✓ legacy [hint saved]
  [2/15] L1 (F02900-lm-01) ok=✗
  [3/15] L4 (F02900-lm-04) ok=✗
  [4/15] L3 (F02900-lm-03) ok=✗
  [5/15] L5 (F02900-lm-05) ok=✗
  [6/15] L6 (F02900-lm-06) ok=✗
  [7/15] L7 (F02900-lm-07) ok=✗
  [8/15] L8 (F02900-lm-08) ok=✗
  [9/15] L11 (F02900-lm-11) ok=✓ legacy [hint saved]
  [10/15] L12 (F02900-lm-12) ok=✓ legacy [hint saved]
  [11/15] L9 (F02900-lm-09) ok=✗
  [12/15] L10 (F02900-lm-10) ok=✗
  [13/15] L13 (F02900-lm-13) ok=✗
  [14/15] L14 (F02900-lm-14) ok=✗
  [15/15] L15 (F02900-lm-15) ok=✗
Hints: appended to 3 level(s); 3 hint file(s) changed on disk.
Result: solved=3/15, solvedBeforeFallback=0, fallbackOnly=3, unsolved=12
Wrote logs/family-census/solve-R02900-lm.json
Wrote logs/family-census/solve-R02900-lm-summary.md
portfolio-solve-sweep: corpus=data/families/family-R02900-sym.json levels=7 (7 to solve) scheduler-mode=legacy budget=8000ms node-budget=20000000 workers=4 save-hints=true
  [1/7] L1 (F02900-sym-01) ok=✓ legacy [hint saved]
  [2/7] L3 (F02900-sym-03) ok=✓ legacy [hint saved]
  [3/7] L5 (F02900-sym-05) ok=✗
  [4/7] L4 (F02900-sym-04) ok=✗
  [5/7] L2 (F02900-sym-02) ok=✗
  [6/7] L6 (F02900-sym-06) ok=✗
  [7/7] L7 (F02900-sym-07) ok=✓ legacy [hint saved]
Hints: appended to 3 level(s); 3 hint file(s) changed on disk.
Result: solved=3/7, solvedBeforeFallback=0, fallbackOnly=3, unsolved=4
Wrote logs/family-census/solve-R02900-sym.json
Wrote logs/family-census/solve-R02900-sym-summary.md
[01:25:44] DONE R02900
[01:25:44] START R02935
Parent R02935: witness stressMeta.witnessSolution (len 104, 7 jump(s)), 47 movable object instance(s) under strict inventory.
  attempt 1: accepted F02935-lm-01 — moved blocks (10,7) -> (10,12)
  attempt 2: accepted F02935-lm-02 — moved lamppost (5,11) -> (3,12)
  attempt 3: accepted F02935-lm-03 — moved mustPass (1,9) -> (0,1)
  attempt 4: accepted F02935-lm-04 — moved fountain (2,4) -> (3,12)
  attempt 5: accepted F02935-lm-05 — moved geese (7,2) -> (12,10)
  attempt 6: accepted F02935-lm-06 — moved statue (10,2) -> (3,12)
  attempt 7: accepted F02935-lm-07 — moved mustPass (8,2) -> (6,12)
  attempt 8: accepted F02935-lm-08 — moved blocks (7,12) -> (0,6)
  attempt 9: accepted F02935-lm-09 — moved blocks (5,3) -> (4,4)
  attempt 10: accepted F02935-lm-10 — moved geese (1,6) -> (0,9)
  attempt 11: accepted F02935-lm-11 — moved geese (4,0) -> (5,4)
  attempt 12: accepted F02935-lm-12 — moved geese (1,6) -> (11,12)
  attempt 13: accepted F02935-lm-13 — moved blocks (11,8) -> (9,11)
  attempt 14: accepted F02935-lm-14 — moved geese (11,0) -> (11,7)
  attempt 15: accepted F02935-lm-15 — moved geese (8,8) -> (8,6)

15/15 new local-mutant sibling(s) generated for R02935 in 15 attempt(s) (budget 600); 15 total in data/families/family-R02935-lm.json.
Wrote 15 level(s) total to data/families/family-R02935-lm.json (changed=true), 15 hint file(s) written to data/families/hints/.
Wrote family manifest to data/families/family-R02935-lm-manifest.json (15 variant(s) total).
Parent R02935: witness stressMeta.witnessSolution (len 104, 7 jump(s)), 47 movable object instance(s) under strict inventory.
  variant 1 (rotation): accepted F02935-sym-01
  variant 2 (rotation): accepted F02935-sym-02
  variant 3 (rotation): accepted F02935-sym-03
  variant 4 (reflection): accepted F02935-sym-04
  variant 5 (reflection): accepted F02935-sym-05
  variant 6 (reflection): accepted F02935-sym-06
  variant 7 (reflection): accepted F02935-sym-07

7/7 new symmetry sibling(s) generated for R02935 in 7 attempt(s) (budget 7); 7 total in data/families/family-R02935-sym.json.
Wrote 7 level(s) total to data/families/family-R02935-sym.json (changed=true), 7 hint file(s) written to data/families/hints/.
Wrote family manifest to data/families/family-R02935-sym-manifest.json (7 variant(s) total).
portfolio-solve-sweep: corpus=data/families/family-R02935-lm.json levels=15 (15 to solve) scheduler-mode=legacy budget=8000ms node-budget=20000000 workers=4 save-hints=true
  [1/15] L2 (F02935-lm-02) ok=✗
  [2/15] L4 (F02935-lm-04) ok=✗
  [3/15] L3 (F02935-lm-03) ok=✗
  [4/15] L1 (F02935-lm-01) ok=✗
  [5/15] L6 (F02935-lm-06) ok=✗
  [6/15] L5 (F02935-lm-05) ok=✗
  [7/15] L7 (F02935-lm-07) ok=✗
  [8/15] L8 (F02935-lm-08) ok=✗
  [9/15] L9 (F02935-lm-09) ok=✗
  [10/15] L10 (F02935-lm-10) ok=✗
  [11/15] L11 (F02935-lm-11) ok=✗
  [12/15] L12 (F02935-lm-12) ok=✗
  [13/15] L15 (F02935-lm-15) ok=✗
  [14/15] L14 (F02935-lm-14) ok=✗
  [15/15] L13 (F02935-lm-13) ok=✗
Hints: appended to 0 level(s); 0 hint file(s) changed on disk.
Result: solved=0/15, solvedBeforeFallback=0, fallbackOnly=0, unsolved=15
Wrote logs/family-census/solve-R02935-lm.json
Wrote logs/family-census/solve-R02935-lm-summary.md
portfolio-solve-sweep: corpus=data/families/family-R02935-sym.json levels=7 (7 to solve) scheduler-mode=legacy budget=8000ms node-budget=20000000 workers=4 save-hints=true
  [1/7] L1 (F02935-sym-01) ok=✗
  [2/7] L4 (F02935-sym-04) ok=✗
  [3/7] L2 (F02935-sym-02) ok=✗
  [4/7] L3 (F02935-sym-03) ok=✗
  [5/7] L5 (F02935-sym-05) ok=✗
  [6/7] L7 (F02935-sym-07) ok=✗
  [7/7] L6 (F02935-sym-06) ok=✗
Hints: appended to 0 level(s); 0 hint file(s) changed on disk.
Result: solved=0/7, solvedBeforeFallback=0, fallbackOnly=0, unsolved=7
Wrote logs/family-census/solve-R02935-sym.json
Wrote logs/family-census/solve-R02935-sym-summary.md
[01:30:13] DONE R02935
[01:30:13] START R02986
Parent R02986: witness stressMeta.witnessSolution (len 85, 4 jump(s)), 42 movable object instance(s) under strict inventory.
  attempt 1: accepted F02986-lm-01 — moved blocks (4,1) -> (6,7)
  attempt 2: accepted F02986-lm-02 — moved mustPass (4,0) -> (2,10)
  attempt 3: accepted F02986-lm-03 — moved flippingFilters (0,7) -> (5,4)
  attempt 4: accepted F02986-lm-04 — moved geese (4,5) -> (10,4)
  attempt 5: accepted F02986-lm-05 — moved mustPass (4,0) -> (6,9)
  attempt 6: accepted F02986-lm-06 — moved geese (4,5) -> (7,6)
  attempt 7: accepted F02986-lm-07 — moved geese (4,7) -> (10,4)
  attempt 8: accepted F02986-lm-08 — moved geese (4,10) -> (10,4)
  attempt 9: accepted F02986-lm-09 — moved geese (2,5) -> (7,6)
  attempt 10: accepted F02986-lm-10 — moved geese (8,6) -> (10,1)
  attempt 11: accepted F02986-lm-11 — moved mustPass (3,4) -> (10,10)
  attempt 12: accepted F02986-lm-12 — moved flippingFilters (8,7) -> (10,4)
  attempt 13: accepted F02986-lm-13 — moved blocks (9,3) -> (6,7)
  attempt 14: accepted F02986-lm-14 — moved mustPass (2,6) -> (0,6)
  attempt 15: accepted F02986-lm-15 — moved blocks (5,7) -> (7,6)

15/15 new local-mutant sibling(s) generated for R02986 in 15 attempt(s) (budget 600); 15 total in data/families/family-R02986-lm.json.
Wrote 15 level(s) total to data/families/family-R02986-lm.json (changed=true), 15 hint file(s) written to data/families/hints/.
Wrote family manifest to data/families/family-R02986-lm-manifest.json (15 variant(s) total).
Parent R02986: witness stressMeta.witnessSolution (len 85, 4 jump(s)), 42 movable object instance(s) under strict inventory.
  variant 1 (rotation): accepted F02986-sym-01
  variant 2 (rotation): accepted F02986-sym-02
  variant 3 (rotation): accepted F02986-sym-03
  variant 4 (reflection): accepted F02986-sym-04
  variant 5 (reflection): accepted F02986-sym-05
  variant 6 (reflection): accepted F02986-sym-06
  variant 7 (reflection): accepted F02986-sym-07

7/7 new symmetry sibling(s) generated for R02986 in 7 attempt(s) (budget 7); 7 total in data/families/family-R02986-sym.json.
Wrote 7 level(s) total to data/families/family-R02986-sym.json (changed=true), 7 hint file(s) written to data/families/hints/.
Wrote family manifest to data/families/family-R02986-sym-manifest.json (7 variant(s) total).
portfolio-solve-sweep: corpus=data/families/family-R02986-lm.json levels=15 (15 to solve) scheduler-mode=legacy budget=8000ms node-budget=20000000 workers=4 save-hints=true
  [1/15] L2 (F02986-lm-02) ok=✗
  [2/15] L1 (F02986-lm-01) ok=✗
  [3/15] L3 (F02986-lm-03) ok=✗
  [4/15] L4 (F02986-lm-04) ok=✗
  [5/15] L5 (F02986-lm-05) ok=✗
  [6/15] L7 (F02986-lm-07) ok=✗
  [7/15] L6 (F02986-lm-06) ok=✗
  [8/15] L8 (F02986-lm-08) ok=✗
  [9/15] L10 (F02986-lm-10) ok=✗
  [10/15] L9 (F02986-lm-09) ok=✗
  [11/15] L11 (F02986-lm-11) ok=✗
  [12/15] L12 (F02986-lm-12) ok=✗
  [13/15] L15 (F02986-lm-15) ok=✗
  [14/15] L14 (F02986-lm-14) ok=✗
  [15/15] L13 (F02986-lm-13) ok=✗
Hints: appended to 0 level(s); 0 hint file(s) changed on disk.
Result: solved=0/15, solvedBeforeFallback=0, fallbackOnly=0, unsolved=15
Wrote logs/family-census/solve-R02986-lm.json
Wrote logs/family-census/solve-R02986-lm-summary.md
portfolio-solve-sweep: corpus=data/families/family-R02986-sym.json levels=7 (7 to solve) scheduler-mode=legacy budget=8000ms node-budget=20000000 workers=4 save-hints=true
  [1/7] L3 (F02986-sym-03) ok=✗
  [2/7] L2 (F02986-sym-02) ok=✗
  [3/7] L1 (F02986-sym-01) ok=✗
  [4/7] L4 (F02986-sym-04) ok=✗
  [5/7] L6 (F02986-sym-06) ok=✗
  [6/7] L7 (F02986-sym-07) ok=✗
  [7/7] L5 (F02986-sym-05) ok=✗
Hints: appended to 0 level(s); 0 hint file(s) changed on disk.
Result: solved=0/7, solvedBeforeFallback=0, fallbackOnly=0, unsolved=7
Wrote logs/family-census/solve-R02986-sym.json
Wrote logs/family-census/solve-R02986-sym-summary.md
[01:31:00] DONE R02986
[01:31:00] START R03021
Parent R03021: witness stressMeta.witnessSolution (len 109, 4 jump(s)), 49 movable object instance(s) under strict inventory.
  attempt 1: accepted F03021-lm-01 — moved flippingFilters (1,11) -> (1,7)
  attempt 2: accepted F03021-lm-02 — moved blocks (9,6) -> (0,11)
  attempt 3: accepted F03021-lm-03 — moved park (11,4) -> (0,11)
  attempt 4: accepted F03021-lm-04 — moved mustPass (5,0) -> (1,9)
  attempt 5: accepted F03021-lm-05 — moved market (10,10) -> (4,9)
  attempt 6: accepted F03021-lm-06 — moved mustPass (10,1) -> (2,2)
  attempt 7: accepted F03021-lm-07 — moved falseGoals (2,3) -> (10,8)
  attempt 8: accepted F03021-lm-08 — moved lamppost (9,3) -> (5,9)
  attempt 9: accepted F03021-lm-09 — moved statue (6,0) -> (10,8)
  attempt 10: accepted F03021-lm-10 — moved park (1,10) -> (10,8)
  attempt 11: accepted F03021-lm-11 — moved lamppost (5,8) -> (11,9)
  attempt 12: accepted F03021-lm-12 — moved park (11,4) -> (5,9)
  attempt 13: accepted F03021-lm-13 — moved lamppost (9,3) -> (10,8)
  attempt 14: accepted F03021-lm-14 — moved falseGoals (0,4) -> (1,7)
  attempt 15: accepted F03021-lm-15 — moved falseGoals (2,3) -> (1,7)

15/15 new local-mutant sibling(s) generated for R03021 in 15 attempt(s) (budget 600); 15 total in data/families/family-R03021-lm.json.
Wrote 15 level(s) total to data/families/family-R03021-lm.json (changed=true), 15 hint file(s) written to data/families/hints/.
Wrote family manifest to data/families/family-R03021-lm-manifest.json (15 variant(s) total).
Parent R03021: witness stressMeta.witnessSolution (len 109, 4 jump(s)), 49 movable object instance(s) under strict inventory.
  variant 1 (rotation): accepted F03021-sym-01
  variant 2 (rotation): accepted F03021-sym-02
  variant 3 (rotation): accepted F03021-sym-03
  variant 4 (reflection): accepted F03021-sym-04
  variant 5 (reflection): accepted F03021-sym-05
  variant 6 (reflection): accepted F03021-sym-06
  variant 7 (reflection): accepted F03021-sym-07

7/7 new symmetry sibling(s) generated for R03021 in 7 attempt(s) (budget 7); 7 total in data/families/family-R03021-sym.json.
Wrote 7 level(s) total to data/families/family-R03021-sym.json (changed=true), 7 hint file(s) written to data/families/hints/.
Wrote family manifest to data/families/family-R03021-sym-manifest.json (7 variant(s) total).
portfolio-solve-sweep: corpus=data/families/family-R03021-lm.json levels=15 (15 to solve) scheduler-mode=legacy budget=8000ms node-budget=20000000 workers=4 save-hints=true
  [1/15] L1 (F03021-lm-01) ok=✗
  [2/15] L4 (F03021-lm-04) ok=✗
  [3/15] L3 (F03021-lm-03) ok=✗
  [4/15] L2 (F03021-lm-02) ok=✗
  [5/15] L5 (F03021-lm-05) ok=✗
  [6/15] L6 (F03021-lm-06) ok=✗
  [7/15] L7 (F03021-lm-07) ok=✗
  [8/15] L8 (F03021-lm-08) ok=✗
  [9/15] L9 (F03021-lm-09) ok=✗
  [10/15] L11 (F03021-lm-11) ok=✗
  [11/15] L10 (F03021-lm-10) ok=✗
  [12/15] L12 (F03021-lm-12) ok=✗
  [13/15] L15 (F03021-lm-15) ok=✗
  [14/15] L14 (F03021-lm-14) ok=✗
  [15/15] L13 (F03021-lm-13) ok=✗
Hints: appended to 0 level(s); 0 hint file(s) changed on disk.
Result: solved=0/15, solvedBeforeFallback=0, fallbackOnly=0, unsolved=15
Wrote logs/family-census/solve-R03021-lm.json
Wrote logs/family-census/solve-R03021-lm-summary.md
portfolio-solve-sweep: corpus=data/families/family-R03021-sym.json levels=7 (7 to solve) scheduler-mode=legacy budget=8000ms node-budget=20000000 workers=4 save-hints=true
  [1/7] L3 (F03021-sym-03) ok=✗
  [2/7] L1 (F03021-sym-01) ok=✗
  [3/7] L4 (F03021-sym-04) ok=✗
  [4/7] L2 (F03021-sym-02) ok=✗
  [5/7] L7 (F03021-sym-07) ok=✗
  [6/7] L5 (F03021-sym-05) ok=✗
  [7/7] L6 (F03021-sym-06) ok=✗
Hints: appended to 0 level(s); 0 hint file(s) changed on disk.
Result: solved=0/7, solvedBeforeFallback=0, fallbackOnly=0, unsolved=7
Wrote logs/family-census/solve-R03021-sym.json
Wrote logs/family-census/solve-R03021-sym-summary.md
[01:33:00] DONE R03021
[01:33:00] START R03049
Parent R03049: witness stressMeta.witnessSolution (len 73, 6 jump(s)), 42 movable object instance(s) under strict inventory.
  attempt 1: accepted F03049-lm-01 — moved blocks (5,9) -> (6,2)
  attempt 2: accepted F03049-lm-02 — moved blocks (6,10) -> (2,10)
  attempt 3: accepted F03049-lm-03 — moved blocks (7,0) -> (9,3)
  attempt 4: accepted F03049-lm-04 — moved geese (3,9) -> (4,5)
  attempt 5: accepted F03049-lm-05 — moved flippingFilters (9,5) -> (6,2)
  attempt 6: accepted F03049-lm-06 — moved flippingFilters (4,11) -> (0,0)
  attempt 7: accepted F03049-lm-07 — moved blocks (6,0) -> (5,0)
  attempt 8: accepted F03049-lm-08 — moved blocks (6,5) -> (2,11)
  attempt 9: accepted F03049-lm-09 — moved geese (1,11) -> (0,10)
  attempt 10: accepted F03049-lm-10 — moved blocks (6,10) -> (5,10)
  attempt 11: accepted F03049-lm-11 — moved blocks (7,2) -> (0,1)
  attempt 12: accepted F03049-lm-12 — moved blocks (5,9) -> (4,5)
  attempt 13: accepted F03049-lm-13 — moved blocks (7,3) -> (0,1)
  attempt 14: accepted F03049-lm-14 — moved library (4,9) -> (6,2)
  attempt 15: accepted F03049-lm-15 — moved library (4,9) -> (9,11)

15/15 new local-mutant sibling(s) generated for R03049 in 15 attempt(s) (budget 600); 15 total in data/families/family-R03049-lm.json.
Wrote 15 level(s) total to data/families/family-R03049-lm.json (changed=true), 15 hint file(s) written to data/families/hints/.
Wrote family manifest to data/families/family-R03049-lm-manifest.json (15 variant(s) total).
Parent R03049: witness stressMeta.witnessSolution (len 73, 6 jump(s)), 42 movable object instance(s) under strict inventory.
  variant 1 (rotation): accepted F03049-sym-01
  variant 2 (rotation): accepted F03049-sym-02
  variant 3 (rotation): accepted F03049-sym-03
  variant 4 (reflection): accepted F03049-sym-04
  variant 5 (reflection): accepted F03049-sym-05
  variant 6 (reflection): accepted F03049-sym-06
  variant 7 (reflection): accepted F03049-sym-07

7/7 new symmetry sibling(s) generated for R03049 in 7 attempt(s) (budget 7); 7 total in data/families/family-R03049-sym.json.
Wrote 7 level(s) total to data/families/family-R03049-sym.json (changed=true), 7 hint file(s) written to data/families/hints/.
Wrote family manifest to data/families/family-R03049-sym-manifest.json (7 variant(s) total).
portfolio-solve-sweep: corpus=data/families/family-R03049-lm.json levels=15 (15 to solve) scheduler-mode=legacy budget=8000ms node-budget=20000000 workers=4 save-hints=true
  [1/15] L2 (F03049-lm-02) ok=✗
  [2/15] L4 (F03049-lm-04) ok=✗
  [3/15] L1 (F03049-lm-01) ok=✗
  [4/15] L3 (F03049-lm-03) ok=✗
  [5/15] L6 (F03049-lm-06) ok=✗
  [6/15] L7 (F03049-lm-07) ok=✗
  [7/15] L5 (F03049-lm-05) ok=✗
  [8/15] L8 (F03049-lm-08) ok=✗
  [9/15] L9 (F03049-lm-09) ok=✗
  [10/15] L10 (F03049-lm-10) ok=✗
  [11/15] L11 (F03049-lm-11) ok=✗
  [12/15] L12 (F03049-lm-12) ok=✗
  [13/15] L14 (F03049-lm-14) ok=✗
  [14/15] L15 (F03049-lm-15) ok=✗
  [15/15] L13 (F03049-lm-13) ok=✗
Hints: appended to 0 level(s); 0 hint file(s) changed on disk.
Result: solved=0/15, solvedBeforeFallback=0, fallbackOnly=0, unsolved=15
Wrote logs/family-census/solve-R03049-lm.json
Wrote logs/family-census/solve-R03049-lm-summary.md
portfolio-solve-sweep: corpus=data/families/family-R03049-sym.json levels=7 (7 to solve) scheduler-mode=legacy budget=8000ms node-budget=20000000 workers=4 save-hints=true
  [1/7] L1 (F03049-sym-01) ok=✗
  [2/7] L3 (F03049-sym-03) ok=✗
  [3/7] L4 (F03049-sym-04) ok=✗
  [4/7] L2 (F03049-sym-02) ok=✗
  [5/7] L5 (F03049-sym-05) ok=✗
  [6/7] L6 (F03049-sym-06) ok=✗
  [7/7] L7 (F03049-sym-07) ok=✗
Hints: appended to 0 level(s); 0 hint file(s) changed on disk.
Result: solved=0/7, solvedBeforeFallback=0, fallbackOnly=0, unsolved=7
Wrote logs/family-census/solve-R03049-sym.json
Wrote logs/family-census/solve-R03049-sym-summary.md
[01:34:55] DONE R03049
[01:34:55] START R03077
Parent R03077: witness stressMeta.witnessSolution (len 100, 0 jump(s)), 42 movable object instance(s) under strict inventory.
  attempt 1: accepted F03077-lm-01 — moved blocks (9,0) -> (6,4)
  attempt 2: accepted F03077-lm-02 — moved park (4,9) -> (5,8)
  attempt 3: accepted F03077-lm-03 — moved market (7,3) -> (2,6)
  attempt 4: accepted F03077-lm-04 — moved blocks (7,8) -> (2,1)
  attempt 5: accepted F03077-lm-05 — moved blocks (5,6) -> (0,9)
  attempt 6: accepted F03077-lm-06 — moved blocks (7,8) -> (8,11)
  attempt 7: accepted F03077-lm-07 — moved mustPass (9,7) -> (9,2)
  attempt 8: accepted F03077-lm-08 — moved geese (3,6) -> (1,2)
  attempt 9: accepted F03077-lm-09 — moved fountain (7,5) -> (2,9)
  attempt 10: accepted F03077-lm-10 — moved park (10,5) -> (11,11)
  attempt 11: accepted F03077-lm-11 — moved park (4,7) -> (5,5)
  attempt 12: accepted F03077-lm-12 — moved blocks (0,11) -> (3,2)
  attempt 13: accepted F03077-lm-13 — moved geese (0,4) -> (1,2)
  attempt 14: accepted F03077-lm-14 — moved blocks (0,2) -> (1,9)
  attempt 15: accepted F03077-lm-15 — moved blocks (7,8) -> (0,9)

15/15 new local-mutant sibling(s) generated for R03077 in 15 attempt(s) (budget 600); 15 total in data/families/family-R03077-lm.json.
Wrote 15 level(s) total to data/families/family-R03077-lm.json (changed=true), 15 hint file(s) written to data/families/hints/.
Wrote family manifest to data/families/family-R03077-lm-manifest.json (15 variant(s) total).
Parent R03077: witness stressMeta.witnessSolution (len 100, 0 jump(s)), 42 movable object instance(s) under strict inventory.
  variant 1 (rotation): accepted F03077-sym-01
  variant 2 (rotation): accepted F03077-sym-02
  variant 3 (rotation): accepted F03077-sym-03
  variant 4 (reflection): accepted F03077-sym-04
  variant 5 (reflection): accepted F03077-sym-05
  variant 6 (reflection): accepted F03077-sym-06
  variant 7 (reflection): accepted F03077-sym-07

7/7 new symmetry sibling(s) generated for R03077 in 7 attempt(s) (budget 7); 7 total in data/families/family-R03077-sym.json.
Wrote 7 level(s) total to data/families/family-R03077-sym.json (changed=true), 7 hint file(s) written to data/families/hints/.
Wrote family manifest to data/families/family-R03077-sym-manifest.json (7 variant(s) total).
portfolio-solve-sweep: corpus=data/families/family-R03077-lm.json levels=15 (15 to solve) scheduler-mode=legacy budget=8000ms node-budget=20000000 workers=4 save-hints=true
  [1/15] L1 (F03077-lm-01) ok=✗
  [2/15] L2 (F03077-lm-02) ok=✗
  [3/15] L3 (F03077-lm-03) ok=✗
  [4/15] L4 (F03077-lm-04) ok=✗
  [5/15] L7 (F03077-lm-07) ok=✗
  [6/15] L5 (F03077-lm-05) ok=✗
  [7/15] L6 (F03077-lm-06) ok=✗
  [8/15] L8 (F03077-lm-08) ok=✗
  [9/15] L11 (F03077-lm-11) ok=✓ legacy [hint saved]
  [10/15] L10 (F03077-lm-10) ok=✗
  [11/15] L9 (F03077-lm-09) ok=✗
  [12/15] L12 (F03077-lm-12) ok=✓ legacy [hint saved]
  [13/15] L14 (F03077-lm-14) ok=✓ legacy [hint saved]
  [14/15] L13 (F03077-lm-13) ok=✗
  [15/15] L15 (F03077-lm-15) ok=✗
Hints: appended to 3 level(s); 3 hint file(s) changed on disk.
Result: solved=3/15, solvedBeforeFallback=0, fallbackOnly=3, unsolved=12
Wrote logs/family-census/solve-R03077-lm.json
Wrote logs/family-census/solve-R03077-lm-summary.md
portfolio-solve-sweep: corpus=data/families/family-R03077-sym.json levels=7 (7 to solve) scheduler-mode=legacy budget=8000ms node-budget=20000000 workers=4 save-hints=true
  [1/7] L2 (F03077-sym-02) ok=✓ legacy [hint saved]
  [2/7] L1 (F03077-sym-01) ok=✓ legacy [hint saved]
  [3/7] L3 (F03077-sym-03) ok=✗
  [4/7] L4 (F03077-sym-04) ok=✗
  [5/7] L6 (F03077-sym-06) ok=✗
  [6/7] L5 (F03077-sym-05) ok=✗
  [7/7] L7 (F03077-sym-07) ok=✗
Hints: appended to 2 level(s); 2 hint file(s) changed on disk.
Result: solved=2/7, solvedBeforeFallback=0, fallbackOnly=2, unsolved=5
Wrote logs/family-census/solve-R03077-sym.json
Wrote logs/family-census/solve-R03077-sym-summary.md
[01:41:32] DONE R03077
[01:41:32] START R03108
Parent R03108: witness hint[0] (len 77, 5 jump(s)), 33 movable object instance(s) under strict inventory.
  attempt 1: accepted F03108-lm-01 — moved library (2,5) -> (10,6)
  attempt 2: accepted F03108-lm-02 — moved flippingFilters (4,8) -> (6,2)
  attempt 3: accepted F03108-lm-03 — moved library (4,4) -> (4,3)
  attempt 4: accepted F03108-lm-04 — moved park (7,2) -> (7,4)
  attempt 5: accepted F03108-lm-05 — moved geese (0,5) -> (4,5)
  attempt 6: accepted F03108-lm-06 — moved flippingFilters (1,9) -> (2,10)
  attempt 7: accepted F03108-lm-07 — moved mustPass (4,6) -> (2,1)
  attempt 8: accepted F03108-lm-08 — moved flippingFilters (10,10) -> (10,8)
  attempt 9: accepted F03108-lm-09 — moved flippingFilters (4,2) -> (9,7)
  attempt 10: accepted F03108-lm-10 — moved library (2,5) -> (2,4)
  attempt 11: accepted F03108-lm-11 — moved flippingFilters (10,10) -> (9,10)
  attempt 12: accepted F03108-lm-12 — moved library (3,2) -> (0,4)
  attempt 13: accepted F03108-lm-13 — moved lamppost (6,10) -> (0,4)
  attempt 14: accepted F03108-lm-14 — moved library (4,4) -> (5,3)
  attempt 15: accepted F03108-lm-15 — moved market (10,9) -> (9,10)

15/15 new local-mutant sibling(s) generated for R03108 in 15 attempt(s) (budget 600); 15 total in data/families/family-R03108-lm.json.
Wrote 15 level(s) total to data/families/family-R03108-lm.json (changed=true), 15 hint file(s) written to data/families/hints/.
Wrote family manifest to data/families/family-R03108-lm-manifest.json (15 variant(s) total).
Parent R03108: witness hint[0] (len 77, 5 jump(s)), 33 movable object instance(s) under strict inventory.
  variant 1 (rotation): accepted F03108-sym-01
  variant 2 (rotation): accepted F03108-sym-02
  variant 3 (rotation): accepted F03108-sym-03
  variant 4 (reflection): accepted F03108-sym-04
  variant 5 (reflection): accepted F03108-sym-05
  variant 6 (reflection): accepted F03108-sym-06
  variant 7 (reflection): accepted F03108-sym-07

7/7 new symmetry sibling(s) generated for R03108 in 7 attempt(s) (budget 7); 7 total in data/families/family-R03108-sym.json.
Wrote 7 level(s) total to data/families/family-R03108-sym.json (changed=true), 7 hint file(s) written to data/families/hints/.
Wrote family manifest to data/families/family-R03108-sym-manifest.json (7 variant(s) total).
portfolio-solve-sweep: corpus=data/families/family-R03108-lm.json levels=15 (15 to solve) scheduler-mode=legacy budget=8000ms node-budget=20000000 workers=4 save-hints=true
  [1/15] L2 (F03108-lm-02) ok=✓ legacy [hint saved]
  [2/15] L4 (F03108-lm-04) ok=✓ legacy [hint saved]
  [3/15] L1 (F03108-lm-01) ok=✗
  [4/15] L5 (F03108-lm-05) ok=✗
  [5/15] L3 (F03108-lm-03) ok=✗
  [6/15] L6 (F03108-lm-06) ok=✗
  [7/15] L7 (F03108-lm-07) ok=✗
  [8/15] L8 (F03108-lm-08) ok=✗
  [9/15] L9 (F03108-lm-09) ok=✗
  [10/15] L12 (F03108-lm-12) ok=✓ legacy [hint saved]
  [11/15] L10 (F03108-lm-10) ok=✗
  [12/15] L11 (F03108-lm-11) ok=✗
  [13/15] L13 (F03108-lm-13) ok=✗
  [14/15] L15 (F03108-lm-15) ok=✗
  [15/15] L14 (F03108-lm-14) ok=✗
Hints: appended to 3 level(s); 3 hint file(s) changed on disk.
Result: solved=3/15, solvedBeforeFallback=0, fallbackOnly=3, unsolved=12
Wrote logs/family-census/solve-R03108-lm.json
Wrote logs/family-census/solve-R03108-lm-summary.md
portfolio-solve-sweep: corpus=data/families/family-R03108-sym.json levels=7 (7 to solve) scheduler-mode=legacy budget=8000ms node-budget=20000000 workers=4 save-hints=true
  [1/7] L2 (F03108-sym-02) ok=✗
  [2/7] L4 (F03108-sym-04) ok=✗
  [3/7] L1 (F03108-sym-01) ok=✗
  [4/7] L3 (F03108-sym-03) ok=✗
  [5/7] L6 (F03108-sym-06) ok=✗
  [6/7] L5 (F03108-sym-05) ok=✗
  [7/7] L7 (F03108-sym-07) ok=✗
Hints: appended to 0 level(s); 0 hint file(s) changed on disk.
Result: solved=0/7, solvedBeforeFallback=0, fallbackOnly=0, unsolved=7
Wrote logs/family-census/solve-R03108-sym.json
Wrote logs/family-census/solve-R03108-sym-summary.md
[01:43:35] DONE R03108
[01:43:35] START R03136
Parent R03136: witness stressMeta.witnessSolution (len 104, 0 jump(s)), 36 movable object instance(s) under strict inventory.
  attempt 1: accepted F03136-lm-01 — moved blocks (1,7) -> (0,1)
  attempt 2: accepted F03136-lm-02 — moved blocks (11,10) -> (12,8)
  attempt 3: accepted F03136-lm-03 — moved blocks (9,11) -> (6,8)
  attempt 4: accepted F03136-lm-04 — moved blocks (8,8) -> (9,12)
  attempt 5: accepted F03136-lm-05 — moved blocks (12,12) -> (9,12)
  attempt 6: accepted F03136-lm-06 — moved blocks (4,7) -> (10,5)
  attempt 7: accepted F03136-lm-07 — moved blocks (8,11) -> (10,12)
  attempt 8: accepted F03136-lm-08 — moved library (9,9) -> (4,12)
  attempt 9: accepted F03136-lm-09 — moved library (9,9) -> (4,11)
  attempt 10: accepted F03136-lm-10 — moved blocks (1,7) -> (0,0)
  attempt 11: accepted F03136-lm-11 — moved blocks (5,7) -> (5,12)
  attempt 12: accepted F03136-lm-12 — moved blocks (11,10) -> (4,6)
  attempt 13: accepted F03136-lm-13 — moved statue (1,6) -> (11,2)
  attempt 14: accepted F03136-lm-14 — moved fountain (7,8) -> (10,4)
  attempt 15: accepted F03136-lm-15 — moved library (3,8) -> (12,0)

15/15 new local-mutant sibling(s) generated for R03136 in 15 attempt(s) (budget 600); 15 total in data/families/family-R03136-lm.json.
Wrote 15 level(s) total to data/families/family-R03136-lm.json (changed=true), 15 hint file(s) written to data/families/hints/.
Wrote family manifest to data/families/family-R03136-lm-manifest.json (15 variant(s) total).
Parent R03136: witness stressMeta.witnessSolution (len 104, 0 jump(s)), 36 movable object instance(s) under strict inventory.
  variant 1 (rotation): accepted F03136-sym-01
  variant 2 (rotation): accepted F03136-sym-02
  variant 3 (rotation): accepted F03136-sym-03
  variant 4 (reflection): accepted F03136-sym-04
  variant 5 (reflection): accepted F03136-sym-05
  variant 6 (reflection): accepted F03136-sym-06
  variant 7 (reflection): accepted F03136-sym-07

7/7 new symmetry sibling(s) generated for R03136 in 7 attempt(s) (budget 7); 7 total in data/families/family-R03136-sym.json.
Wrote 7 level(s) total to data/families/family-R03136-sym.json (changed=true), 7 hint file(s) written to data/families/hints/.
Wrote family manifest to data/families/family-R03136-sym-manifest.json (7 variant(s) total).
portfolio-solve-sweep: corpus=data/families/family-R03136-lm.json levels=15 (15 to solve) scheduler-mode=legacy budget=8000ms node-budget=20000000 workers=4 save-hints=true
  [1/15] L3 (F03136-lm-03) ok=✗
  [2/15] L2 (F03136-lm-02) ok=✗
  [3/15] L1 (F03136-lm-01) ok=✗
  [4/15] L4 (F03136-lm-04) ok=✗
  [5/15] L5 (F03136-lm-05) ok=✗
  [6/15] L6 (F03136-lm-06) ok=✗
  [7/15] L8 (F03136-lm-08) ok=✗
  [8/15] L7 (F03136-lm-07) ok=✗
  [9/15] L10 (F03136-lm-10) ok=✗
  [10/15] L9 (F03136-lm-09) ok=✗
  [11/15] L11 (F03136-lm-11) ok=✗
  [12/15] L12 (F03136-lm-12) ok=✗
  [13/15] L15 (F03136-lm-15) ok=✓ legacy [hint saved]
  [14/15] L13 (F03136-lm-13) ok=✗
  [15/15] L14 (F03136-lm-14) ok=✗
Hints: appended to 1 level(s); 1 hint file(s) changed on disk.
Result: solved=1/15, solvedBeforeFallback=0, fallbackOnly=1, unsolved=14
Wrote logs/family-census/solve-R03136-lm.json
Wrote logs/family-census/solve-R03136-lm-summary.md
portfolio-solve-sweep: corpus=data/families/family-R03136-sym.json levels=7 (7 to solve) scheduler-mode=legacy budget=8000ms node-budget=20000000 workers=4 save-hints=true
  [1/7] L1 (F03136-sym-01) ok=✗
  [2/7] L3 (F03136-sym-03) ok=✗
  [3/7] L4 (F03136-sym-04) ok=✗
  [4/7] L2 (F03136-sym-02) ok=✗
  [5/7] L7 (F03136-sym-07) ok=✗
  [6/7] L6 (F03136-sym-06) ok=✗
  [7/7] L5 (F03136-sym-05) ok=✗
Hints: appended to 0 level(s); 0 hint file(s) changed on disk.
Result: solved=0/7, solvedBeforeFallback=0, fallbackOnly=0, unsolved=7
Wrote logs/family-census/solve-R03136-sym.json
Wrote logs/family-census/solve-R03136-sym-summary.md
[01:50:22] DONE R03136
[01:50:22] START R03172
Parent R03172: witness stressMeta.witnessSolution (len 121, 4 jump(s)), 66 movable object instance(s) under strict inventory.
  attempt 1: accepted F03172-lm-01 — moved blocks (1,13) -> (2,1)
  attempt 2: accepted F03172-lm-02 — moved falseGoals (12,11) -> (13,7)
  attempt 3: accepted F03172-lm-03 — moved library (13,8) -> (5,2)
  attempt 4: accepted F03172-lm-04 — moved library (12,7) -> (12,8)
  attempt 5: accepted F03172-lm-05 — moved blocks (2,11) -> (12,12)
  attempt 6: accepted F03172-lm-06 — moved library (8,6) -> (12,12)
  attempt 7: accepted F03172-lm-07 — moved falseGoals (12,11) -> (11,1)
  attempt 8: accepted F03172-lm-08 — moved mustPass (8,12) -> (13,5)
  attempt 9: accepted F03172-lm-09 — moved blocks (1,0) -> (8,7)
  attempt 10: accepted F03172-lm-10 — moved blocks (1,12) -> (0,9)
  attempt 11: accepted F03172-lm-11 — moved falseGoals (11,0) -> (12,12)
  attempt 12: accepted F03172-lm-12 — moved flippingFilters (0,0) -> (3,9)
  attempt 13: accepted F03172-lm-13 — moved blocks (6,6) -> (11,1)
  attempt 14: accepted F03172-lm-14 — moved fountain (6,7) -> (4,4)
  attempt 15: accepted F03172-lm-15 — moved blocks (2,9) -> (12,8)

15/15 new local-mutant sibling(s) generated for R03172 in 15 attempt(s) (budget 600); 15 total in data/families/family-R03172-lm.json.
Wrote 15 level(s) total to data/families/family-R03172-lm.json (changed=true), 15 hint file(s) written to data/families/hints/.
Wrote family manifest to data/families/family-R03172-lm-manifest.json (15 variant(s) total).
Parent R03172: witness stressMeta.witnessSolution (len 121, 4 jump(s)), 66 movable object instance(s) under strict inventory.
  variant 1 (rotation): accepted F03172-sym-01
  variant 2 (rotation): accepted F03172-sym-02
  variant 3 (rotation): accepted F03172-sym-03
  variant 4 (reflection): accepted F03172-sym-04
  variant 5 (reflection): accepted F03172-sym-05
  variant 6 (reflection): accepted F03172-sym-06
  variant 7 (reflection): accepted F03172-sym-07

7/7 new symmetry sibling(s) generated for R03172 in 7 attempt(s) (budget 7); 7 total in data/families/family-R03172-sym.json.
Wrote 7 level(s) total to data/families/family-R03172-sym.json (changed=true), 7 hint file(s) written to data/families/hints/.
Wrote family manifest to data/families/family-R03172-sym-manifest.json (7 variant(s) total).
portfolio-solve-sweep: corpus=data/families/family-R03172-lm.json levels=15 (15 to solve) scheduler-mode=legacy budget=8000ms node-budget=20000000 workers=4 save-hints=true
  [1/15] L2 (F03172-lm-02) ok=✗
  [2/15] L1 (F03172-lm-01) ok=✗
  [3/15] L4 (F03172-lm-04) ok=✗
  [4/15] L3 (F03172-lm-03) ok=✗
  [5/15] L6 (F03172-lm-06) ok=✗
  [6/15] L5 (F03172-lm-05) ok=✗
  [7/15] L8 (F03172-lm-08) ok=✗
  [8/15] L7 (F03172-lm-07) ok=✗
  [9/15] L9 (F03172-lm-09) ok=✗
  [10/15] L10 (F03172-lm-10) ok=✗
  [11/15] L11 (F03172-lm-11) ok=✗
  [12/15] L12 (F03172-lm-12) ok=✗
  [13/15] L14 (F03172-lm-14) ok=✗
  [14/15] L13 (F03172-lm-13) ok=✗
  [15/15] L15 (F03172-lm-15) ok=✗
Hints: appended to 0 level(s); 0 hint file(s) changed on disk.
Result: solved=0/15, solvedBeforeFallback=0, fallbackOnly=0, unsolved=15
Wrote logs/family-census/solve-R03172-lm.json
Wrote logs/family-census/solve-R03172-lm-summary.md
portfolio-solve-sweep: corpus=data/families/family-R03172-sym.json levels=7 (7 to solve) scheduler-mode=legacy budget=8000ms node-budget=20000000 workers=4 save-hints=true
  [1/7] L2 (F03172-sym-02) ok=✗
  [2/7] L3 (F03172-sym-03) ok=✗
  [3/7] L1 (F03172-sym-01) ok=✗
  [4/7] L4 (F03172-sym-04) ok=✗
  [5/7] L6 (F03172-sym-06) ok=✗
  [6/7] L5 (F03172-sym-05) ok=✗
  [7/7] L7 (F03172-sym-07) ok=✗
Hints: appended to 0 level(s); 0 hint file(s) changed on disk.
Result: solved=0/7, solvedBeforeFallback=0, fallbackOnly=0, unsolved=7
Wrote logs/family-census/solve-R03172-sym.json
Wrote logs/family-census/solve-R03172-sym-summary.md
[01:57:07] DONE R03172
[01:57:07] START R03201
Parent R03201: witness hint[0] (len 77, 5 jump(s)), 40 movable object instance(s) under strict inventory.
  attempt 1: accepted F03201-lm-01 — moved lamppost (7,8) -> (10,3)
  attempt 2: accepted F03201-lm-02 — moved mustPass (3,10) -> (10,2)
  attempt 3: accepted F03201-lm-03 — moved blocks (5,5) -> (8,4)
  attempt 4: accepted F03201-lm-04 — moved lamppost (7,8) -> (2,6)
  attempt 5: accepted F03201-lm-05 — moved mustPass (10,1) -> (11,1)
  attempt 6: accepted F03201-lm-06 — moved blocks (8,9) -> (1,3)
  attempt 7: accepted F03201-lm-07 — moved park (0,9) -> (1,9)
  attempt 8: accepted F03201-lm-08 — moved statue (1,0) -> (6,0)
  attempt 9: accepted F03201-lm-09 — moved lamppost (7,8) -> (5,3)
  attempt 10: accepted F03201-lm-10 — moved lamppost (7,10) -> (8,4)
  attempt 11: accepted F03201-lm-11 — moved mustPass (10,1) -> (9,6)
  attempt 12: accepted F03201-lm-12 — moved mustPass (7,3) -> (3,7)
  attempt 13: accepted F03201-lm-13 — moved blocks (3,8) -> (10,11)
  attempt 14: accepted F03201-lm-14 — moved blocks (4,3) -> (1,5)
  attempt 15: accepted F03201-lm-15 — moved mustPass (10,1) -> (8,3)

15/15 new local-mutant sibling(s) generated for R03201 in 15 attempt(s) (budget 600); 15 total in data/families/family-R03201-lm.json.
Wrote 15 level(s) total to data/families/family-R03201-lm.json (changed=true), 15 hint file(s) written to data/families/hints/.
Wrote family manifest to data/families/family-R03201-lm-manifest.json (15 variant(s) total).
Parent R03201: witness hint[0] (len 77, 5 jump(s)), 40 movable object instance(s) under strict inventory.
  variant 1 (rotation): accepted F03201-sym-01
  variant 2 (rotation): accepted F03201-sym-02
  variant 3 (rotation): accepted F03201-sym-03
  variant 4 (reflection): accepted F03201-sym-04
  variant 5 (reflection): accepted F03201-sym-05
  variant 6 (reflection): accepted F03201-sym-06
  variant 7 (reflection): accepted F03201-sym-07

7/7 new symmetry sibling(s) generated for R03201 in 7 attempt(s) (budget 7); 7 total in data/families/family-R03201-sym.json.
Wrote 7 level(s) total to data/families/family-R03201-sym.json (changed=true), 7 hint file(s) written to data/families/hints/.
Wrote family manifest to data/families/family-R03201-sym-manifest.json (7 variant(s) total).
portfolio-solve-sweep: corpus=data/families/family-R03201-lm.json levels=15 (15 to solve) scheduler-mode=legacy budget=8000ms node-budget=20000000 workers=4 save-hints=true
  [1/15] L3 (F03201-lm-03) ok=✓ legacy [hint saved]
  [2/15] L2 (F03201-lm-02) ok=✗
  [3/15] L1 (F03201-lm-01) ok=✗
  [4/15] L4 (F03201-lm-04) ok=✗
  [5/15] L5 (F03201-lm-05) ok=✓ legacy [hint saved]
  [6/15] L8 (F03201-lm-08) ok=✗
  [7/15] L7 (F03201-lm-07) ok=✗
  [8/15] L6 (F03201-lm-06) ok=✗
  [9/15] L10 (F03201-lm-10) ok=✓ legacy [hint saved]
  [10/15] L9 (F03201-lm-09) ok=✗
  [11/15] L12 (F03201-lm-12) ok=✗
  [12/15] L11 (F03201-lm-11) ok=✓ legacy [hint saved]
  [13/15] L13 (F03201-lm-13) ok=✓ legacy [hint saved]
  [14/15] L14 (F03201-lm-14) ok=✓ legacy [hint saved]
  [15/15] L15 (F03201-lm-15) ok=✗
Hints: appended to 6 level(s); 6 hint file(s) changed on disk.
Result: solved=6/15, solvedBeforeFallback=0, fallbackOnly=6, unsolved=9
Wrote logs/family-census/solve-R03201-lm.json
Wrote logs/family-census/solve-R03201-lm-summary.md
portfolio-solve-sweep: corpus=data/families/family-R03201-sym.json levels=7 (7 to solve) scheduler-mode=legacy budget=8000ms node-budget=20000000 workers=4 save-hints=true
  [1/7] L3 (F03201-sym-03) ok=✓ legacy [hint saved]
  [2/7] L4 (F03201-sym-04) ok=✗
  [3/7] L1 (F03201-sym-01) ok=✗
  [4/7] L2 (F03201-sym-02) ok=✗
  [5/7] L5 (F03201-sym-05) ok=✗
  [6/7] L7 (F03201-sym-07) ok=✓ legacy [hint saved]
  [7/7] L6 (F03201-sym-06) ok=✗
Hints: appended to 2 level(s); 2 hint file(s) changed on disk.
Result: solved=2/7, solvedBeforeFallback=0, fallbackOnly=2, unsolved=5
Wrote logs/family-census/solve-R03201-sym.json
Wrote logs/family-census/solve-R03201-sym-summary.md
[02:00:49] DONE R03201
[02:00:49] START R03241
Parent R03241: witness stressMeta.witnessSolution (len 95, 4 jump(s)), 33 movable object instance(s) under strict inventory.
  attempt 1: accepted F03241-lm-01 — moved statue (11,4) -> (7,2)
  attempt 2: accepted F03241-lm-02 — moved flippingFilters (1,3) -> (8,12)
  attempt 3: accepted F03241-lm-03 — moved falseGoals (5,7) -> (3,10)
  attempt 4: accepted F03241-lm-04 — moved flippingFilters (1,3) -> (0,7)
  attempt 5: accepted F03241-lm-05 — moved falseGoals (5,9) -> (12,5)
  attempt 6: accepted F03241-lm-06 — moved statue (11,4) -> (4,10)
  attempt 7: accepted F03241-lm-07 — moved flippingFilters (12,12) -> (2,9)
  attempt 8: accepted F03241-lm-08 — moved falseGoals (6,2) -> (2,8)
  attempt 9: accepted F03241-lm-09 — moved mustPass (3,1) -> (3,12)
  attempt 10: accepted F03241-lm-10 — moved lamppost (7,4) -> (6,5)
  attempt 11: accepted F03241-lm-11 — moved flippingFilters (9,1) -> (5,5)
  attempt 12: accepted F03241-lm-12 — moved flippingFilters (9,1) -> (8,3)
  attempt 13: accepted F03241-lm-13 — moved falseGoals (5,3) -> (3,11)
  attempt 14: accepted F03241-lm-14 — moved mustPass (11,9) -> (6,10)
  attempt 15: accepted F03241-lm-15 — moved falseGoals (0,10) -> (9,4)

15/15 new local-mutant sibling(s) generated for R03241 in 15 attempt(s) (budget 600); 15 total in data/families/family-R03241-lm.json.
Wrote 15 level(s) total to data/families/family-R03241-lm.json (changed=true), 15 hint file(s) written to data/families/hints/.
Wrote family manifest to data/families/family-R03241-lm-manifest.json (15 variant(s) total).
Parent R03241: witness stressMeta.witnessSolution (len 95, 4 jump(s)), 33 movable object instance(s) under strict inventory.
  variant 1 (rotation): accepted F03241-sym-01
  variant 2 (rotation): accepted F03241-sym-02
  variant 3 (rotation): accepted F03241-sym-03
  variant 4 (reflection): accepted F03241-sym-04
  variant 5 (reflection): accepted F03241-sym-05
  variant 6 (reflection): accepted F03241-sym-06
  variant 7 (reflection): accepted F03241-sym-07

7/7 new symmetry sibling(s) generated for R03241 in 7 attempt(s) (budget 7); 7 total in data/families/family-R03241-sym.json.
Wrote 7 level(s) total to data/families/family-R03241-sym.json (changed=true), 7 hint file(s) written to data/families/hints/.
Wrote family manifest to data/families/family-R03241-sym-manifest.json (7 variant(s) total).
portfolio-solve-sweep: corpus=data/families/family-R03241-lm.json levels=15 (15 to solve) scheduler-mode=legacy budget=8000ms node-budget=20000000 workers=4 save-hints=true
  [1/15] L4 (F03241-lm-04) ok=✗
  [2/15] L2 (F03241-lm-02) ok=✗
  [3/15] L3 (F03241-lm-03) ok=✗
  [4/15] L1 (F03241-lm-01) ok=✗
  [5/15] L6 (F03241-lm-06) ok=✗
  [6/15] L5 (F03241-lm-05) ok=✗
  [7/15] L8 (F03241-lm-08) ok=✗
  [8/15] L7 (F03241-lm-07) ok=✗
  [9/15] L10 (F03241-lm-10) ok=✗
  [10/15] L11 (F03241-lm-11) ok=✗
  [11/15] L9 (F03241-lm-09) ok=✗
  [12/15] L12 (F03241-lm-12) ok=✗
  [13/15] L13 (F03241-lm-13) ok=✓ legacy [hint saved]
  [14/15] L15 (F03241-lm-15) ok=✗
  [15/15] L14 (F03241-lm-14) ok=✗
Hints: appended to 1 level(s); 1 hint file(s) changed on disk.
Result: solved=1/15, solvedBeforeFallback=0, fallbackOnly=1, unsolved=14
Wrote logs/family-census/solve-R03241-lm.json
Wrote logs/family-census/solve-R03241-lm-summary.md
portfolio-solve-sweep: corpus=data/families/family-R03241-sym.json levels=7 (7 to solve) scheduler-mode=legacy budget=8000ms node-budget=20000000 workers=4 save-hints=true
  [1/7] L4 (F03241-sym-04) ok=✗
  [2/7] L1 (F03241-sym-01) ok=✗
  [3/7] L2 (F03241-sym-02) ok=✗
  [4/7] L3 (F03241-sym-03) ok=✗
  [5/7] L6 (F03241-sym-06) ok=✗
  [6/7] L7 (F03241-sym-07) ok=✗
  [7/7] L5 (F03241-sym-05) ok=✗
Hints: appended to 0 level(s); 0 hint file(s) changed on disk.
Result: solved=0/7, solvedBeforeFallback=0, fallbackOnly=0, unsolved=7
Wrote logs/family-census/solve-R03241-sym.json
Wrote logs/family-census/solve-R03241-sym-summary.md
[02:04:50] DONE R03241
[02:04:50] START R03282
Parent R03282: witness stressMeta.witnessSolution (len 111, 4 jump(s)), 39 movable object instance(s) under strict inventory.
  attempt 1: accepted F03282-lm-01 — moved falseGoals (7,2) -> (5,7)
  attempt 2: accepted F03282-lm-02 — moved statue (4,9) -> (10,7)
  attempt 3: accepted F03282-lm-03 — moved mustPass (8,10) -> (9,9)
  attempt 4: accepted F03282-lm-04 — moved geese (5,10) -> (0,13)
  attempt 5: accepted F03282-lm-05 — moved geese (0,8) -> (13,11)
  attempt 6: accepted F03282-lm-06 — moved statue (4,9) -> (9,9)
  attempt 7: accepted F03282-lm-07 — moved mustPass (8,12) -> (6,10)
  attempt 8: accepted F03282-lm-08 — moved statue (5,8) -> (10,3)
  attempt 9: accepted F03282-lm-09 — moved geese (12,13) -> (2,11)
  attempt 10: accepted F03282-lm-10 — moved geese (14,9) -> (14,8)
  attempt 11: accepted F03282-lm-11 — moved statue (11,1) -> (13,13)
  attempt 12: accepted F03282-lm-12 — moved statue (2,4) -> (4,2)
  attempt 13: accepted F03282-lm-13 — moved geese (12,13) -> (10,14)
  attempt 14: accepted F03282-lm-14 — moved falseGoals (5,13) -> (12,9)
  attempt 15: accepted F03282-lm-15 — moved market (13,5) -> (4,4)

15/15 new local-mutant sibling(s) generated for R03282 in 15 attempt(s) (budget 600); 15 total in data/families/family-R03282-lm.json.
Wrote 15 level(s) total to data/families/family-R03282-lm.json (changed=true), 15 hint file(s) written to data/families/hints/.
Wrote family manifest to data/families/family-R03282-lm-manifest.json (15 variant(s) total).
Parent R03282: witness stressMeta.witnessSolution (len 111, 4 jump(s)), 39 movable object instance(s) under strict inventory.
  variant 1 (rotation): accepted F03282-sym-01
  variant 2 (rotation): accepted F03282-sym-02
  variant 3 (rotation): accepted F03282-sym-03
  variant 4 (reflection): accepted F03282-sym-04
  variant 5 (reflection): accepted F03282-sym-05
  variant 6 (reflection): accepted F03282-sym-06
  variant 7 (reflection): accepted F03282-sym-07

7/7 new symmetry sibling(s) generated for R03282 in 7 attempt(s) (budget 7); 7 total in data/families/family-R03282-sym.json.
Wrote 7 level(s) total to data/families/family-R03282-sym.json (changed=true), 7 hint file(s) written to data/families/hints/.
Wrote family manifest to data/families/family-R03282-sym-manifest.json (7 variant(s) total).
portfolio-solve-sweep: corpus=data/families/family-R03282-lm.json levels=15 (15 to solve) scheduler-mode=legacy budget=8000ms node-budget=20000000 workers=4 save-hints=true
  [1/15] L1 (F03282-lm-01) ok=✗
  [2/15] L3 (F03282-lm-03) ok=✗
  [3/15] L2 (F03282-lm-02) ok=✗
  [4/15] L4 (F03282-lm-04) ok=✗
  [5/15] L7 (F03282-lm-07) ok=✗
  [6/15] L5 (F03282-lm-05) ok=✗
  [7/15] L6 (F03282-lm-06) ok=✗
  [8/15] L8 (F03282-lm-08) ok=✗
  [9/15] L10 (F03282-lm-10) ok=✗
  [10/15] L9 (F03282-lm-09) ok=✗
  [11/15] L11 (F03282-lm-11) ok=✗
  [12/15] L12 (F03282-lm-12) ok=✗
  [13/15] L15 (F03282-lm-15) ok=✗
  [14/15] L14 (F03282-lm-14) ok=✗
  [15/15] L13 (F03282-lm-13) ok=✗
Hints: appended to 0 level(s); 0 hint file(s) changed on disk.
Result: solved=0/15, solvedBeforeFallback=0, fallbackOnly=0, unsolved=15
Wrote logs/family-census/solve-R03282-lm.json
Wrote logs/family-census/solve-R03282-lm-summary.md
portfolio-solve-sweep: corpus=data/families/family-R03282-sym.json levels=7 (7 to solve) scheduler-mode=legacy budget=8000ms node-budget=20000000 workers=4 save-hints=true
  [1/7] L2 (F03282-sym-02) ok=✗
  [2/7] L4 (F03282-sym-04) ok=✗
  [3/7] L3 (F03282-sym-03) ok=✗
  [4/7] L1 (F03282-sym-01) ok=✗
  [5/7] L7 (F03282-sym-07) ok=✗
  [6/7] L6 (F03282-sym-06) ok=✗
  [7/7] L5 (F03282-sym-05) ok=✗
Hints: appended to 0 level(s); 0 hint file(s) changed on disk.
Result: solved=0/7, solvedBeforeFallback=0, fallbackOnly=0, unsolved=7
Wrote logs/family-census/solve-R03282-sym.json
Wrote logs/family-census/solve-R03282-sym-summary.md
[02:13:57] DONE R03282
[02:13:57] START R03309
Parent R03309: witness stressMeta.witnessSolution (len 126, 0 jump(s)), 73 movable object instance(s) under strict inventory.
  attempt 1: accepted F03309-lm-01 — moved mustCross (5,12) -> (3,11)
  attempt 2: accepted F03309-lm-02 — moved blocks (1,3) -> (9,0)
  attempt 3: accepted F03309-lm-03 — moved blocks (13,3) -> (11,10)
  attempt 4: accepted F03309-lm-04 — moved blocks (13,3) -> (0,4)
  attempt 5: accepted F03309-lm-05 — moved mustCross (5,8) -> (3,11)
  attempt 6: accepted F03309-lm-06 — moved fountain (6,7) -> (9,1)
  attempt 7: accepted F03309-lm-07 — moved blocks (7,14) -> (14,2)
  attempt 8: accepted F03309-lm-08 — moved statue (2,0) -> (5,5)
  attempt 9: accepted F03309-lm-09 — moved mustPass (8,13) -> (6,1)
  attempt 10: rejected — degenerate duplicate of parent or another accepted variant
  attempt 11: accepted F03309-lm-10 — moved mustPass (13,10) -> (6,11)
  attempt 12: rejected — degenerate duplicate of parent or another accepted variant
  attempt 13: accepted F03309-lm-11 — moved blocks (11,11) -> (8,14)
  attempt 14: accepted F03309-lm-12 — moved mustCross (4,10) -> (3,11)
  attempt 15: accepted F03309-lm-13 — moved lamppost (5,10) -> (1,11)
  attempt 16: accepted F03309-lm-14 — moved flippingFilters (1,1) -> (13,1)
  attempt 17: accepted F03309-lm-15 — moved flippingFilters (7,7) -> (13,11)

15/15 new local-mutant sibling(s) generated for R03309 in 17 attempt(s) (budget 600); 15 total in data/families/family-R03309-lm.json.
Wrote 15 level(s) total to data/families/family-R03309-lm.json (changed=true), 15 hint file(s) written to data/families/hints/.
Wrote family manifest to data/families/family-R03309-lm-manifest.json (15 variant(s) total).
Parent R03309: witness stressMeta.witnessSolution (len 126, 0 jump(s)), 73 movable object instance(s) under strict inventory.
  variant 1 (rotation): accepted F03309-sym-01
  variant 2 (rotation): accepted F03309-sym-02
  variant 3 (rotation): accepted F03309-sym-03
  variant 4 (reflection): accepted F03309-sym-04
  variant 5 (reflection): accepted F03309-sym-05
  variant 6 (reflection): accepted F03309-sym-06
  variant 7 (reflection): accepted F03309-sym-07

7/7 new symmetry sibling(s) generated for R03309 in 7 attempt(s) (budget 7); 7 total in data/families/family-R03309-sym.json.
Wrote 7 level(s) total to data/families/family-R03309-sym.json (changed=true), 7 hint file(s) written to data/families/hints/.
Wrote family manifest to data/families/family-R03309-sym-manifest.json (7 variant(s) total).
portfolio-solve-sweep: corpus=data/families/family-R03309-lm.json levels=15 (15 to solve) scheduler-mode=legacy budget=8000ms node-budget=20000000 workers=4 save-hints=true
  [1/15] L4 (F03309-lm-04) ok=✗
  [2/15] L1 (F03309-lm-01) ok=✗
  [3/15] L3 (F03309-lm-03) ok=✗
  [4/15] L2 (F03309-lm-02) ok=✗
  [5/15] L6 (F03309-lm-06) ok=✗
  [6/15] L8 (F03309-lm-08) ok=✗
  [7/15] L7 (F03309-lm-07) ok=✗
  [8/15] L5 (F03309-lm-05) ok=✗
  [9/15] L9 (F03309-lm-09) ok=✗
  [10/15] L10 (F03309-lm-10) ok=✗
  [11/15] L12 (F03309-lm-12) ok=✗
  [12/15] L11 (F03309-lm-11) ok=✗
  [13/15] L15 (F03309-lm-15) ok=✗
  [14/15] L14 (F03309-lm-14) ok=✗
  [15/15] L13 (F03309-lm-13) ok=✗
Hints: appended to 0 level(s); 0 hint file(s) changed on disk.
Result: solved=0/15, solvedBeforeFallback=0, fallbackOnly=0, unsolved=15
Wrote logs/family-census/solve-R03309-lm.json
Wrote logs/family-census/solve-R03309-lm-summary.md
portfolio-solve-sweep: corpus=data/families/family-R03309-sym.json levels=7 (7 to solve) scheduler-mode=legacy budget=8000ms node-budget=20000000 workers=4 save-hints=true
  [1/7] L2 (F03309-sym-02) ok=✓ legacy [hint saved]
  [2/7] L1 (F03309-sym-01) ok=✗
  [3/7] L4 (F03309-sym-04) ok=✗
  [4/7] L3 (F03309-sym-03) ok=✗
  [5/7] L6 (F03309-sym-06) ok=✓ legacy [hint saved]
  [6/7] L5 (F03309-sym-05) ok=✗
  [7/7] L7 (F03309-sym-07) ok=✗
Hints: appended to 2 level(s); 2 hint file(s) changed on disk.
Result: solved=2/7, solvedBeforeFallback=0, fallbackOnly=2, unsolved=5
Wrote logs/family-census/solve-R03309-sym.json
Wrote logs/family-census/solve-R03309-sym-summary.md
[02:20:12] DONE R03309
[02:20:12] START R03343
Parent R03343: witness stressMeta.witnessSolution (len 105, 7 jump(s)), 40 movable object instance(s) under strict inventory.
  attempt 1: accepted F03343-lm-01 — moved flippingFilters (1,8) -> (6,8)
  attempt 2: accepted F03343-lm-02 — moved fountain (0,0) -> (1,9)
  attempt 3: accepted F03343-lm-03 — moved library (2,10) -> (7,3)
  attempt 4: accepted F03343-lm-04 — moved statue (4,11) -> (6,6)
  attempt 5: accepted F03343-lm-05 — moved statue (4,11) -> (2,8)
  attempt 6: accepted F03343-lm-06 — moved geese (9,4) -> (9,0)
  attempt 7: accepted F03343-lm-07 — moved mustPass (2,5) -> (10,8)
  attempt 8: accepted F03343-lm-08 — moved blocks (0,6) -> (5,8)
  attempt 9: accepted F03343-lm-09 — moved flippingFilters (3,7) -> (5,0)
  attempt 10: accepted F03343-lm-10 — moved blocks (5,7) -> (3,1)
  attempt 11: accepted F03343-lm-11 — moved library (3,9) -> (2,8)
  attempt 12: accepted F03343-lm-12 — moved mustPass (10,2) -> (7,11)
  attempt 13: accepted F03343-lm-13 — moved fountain (11,3) -> (3,4)
  attempt 14: accepted F03343-lm-14 — moved geese (0,4) -> (4,0)
  attempt 15: accepted F03343-lm-15 — moved library (3,9) -> (4,2)

15/15 new local-mutant sibling(s) generated for R03343 in 15 attempt(s) (budget 600); 15 total in data/families/family-R03343-lm.json.
Wrote 15 level(s) total to data/families/family-R03343-lm.json (changed=true), 15 hint file(s) written to data/families/hints/.
Wrote family manifest to data/families/family-R03343-lm-manifest.json (15 variant(s) total).
Parent R03343: witness stressMeta.witnessSolution (len 105, 7 jump(s)), 40 movable object instance(s) under strict inventory.
  variant 1 (rotation): accepted F03343-sym-01
  variant 2 (rotation): accepted F03343-sym-02
  variant 3 (rotation): accepted F03343-sym-03
  variant 4 (reflection): accepted F03343-sym-04
  variant 5 (reflection): accepted F03343-sym-05
  variant 6 (reflection): accepted F03343-sym-06
  variant 7 (reflection): accepted F03343-sym-07

7/7 new symmetry sibling(s) generated for R03343 in 7 attempt(s) (budget 7); 7 total in data/families/family-R03343-sym.json.
Wrote 7 level(s) total to data/families/family-R03343-sym.json (changed=true), 7 hint file(s) written to data/families/hints/.
Wrote family manifest to data/families/family-R03343-sym-manifest.json (7 variant(s) total).
portfolio-solve-sweep: corpus=data/families/family-R03343-lm.json levels=15 (15 to solve) scheduler-mode=legacy budget=8000ms node-budget=20000000 workers=4 save-hints=true
  [1/15] L2 (F03343-lm-02) ok=✗
  [2/15] L3 (F03343-lm-03) ok=✗
  [3/15] L4 (F03343-lm-04) ok=✗
  [4/15] L1 (F03343-lm-01) ok=✗
  [5/15] L7 (F03343-lm-07) ok=✗
  [6/15] L6 (F03343-lm-06) ok=✗
  [7/15] L5 (F03343-lm-05) ok=✗
  [8/15] L8 (F03343-lm-08) ok=✗
  [9/15] L9 (F03343-lm-09) ok=✗
  [10/15] L10 (F03343-lm-10) ok=✗
  [11/15] L11 (F03343-lm-11) ok=✗
  [12/15] L12 (F03343-lm-12) ok=✗
  [13/15] L14 (F03343-lm-14) ok=✗
  [14/15] L13 (F03343-lm-13) ok=✗
  [15/15] L15 (F03343-lm-15) ok=✗
Hints: appended to 0 level(s); 0 hint file(s) changed on disk.
Result: solved=0/15, solvedBeforeFallback=0, fallbackOnly=0, unsolved=15
Wrote logs/family-census/solve-R03343-lm.json
Wrote logs/family-census/solve-R03343-lm-summary.md
portfolio-solve-sweep: corpus=data/families/family-R03343-sym.json levels=7 (7 to solve) scheduler-mode=legacy budget=8000ms node-budget=20000000 workers=4 save-hints=true
  [1/7] L2 (F03343-sym-02) ok=✗
  [2/7] L3 (F03343-sym-03) ok=✗
  [3/7] L1 (F03343-sym-01) ok=✗
  [4/7] L4 (F03343-sym-04) ok=✗
  [5/7] L5 (F03343-sym-05) ok=✗
  [6/7] L6 (F03343-sym-06) ok=✗
  [7/7] L7 (F03343-sym-07) ok=✗
Hints: appended to 0 level(s); 0 hint file(s) changed on disk.
Result: solved=0/7, solvedBeforeFallback=0, fallbackOnly=0, unsolved=7
Wrote logs/family-census/solve-R03343-sym.json
Wrote logs/family-census/solve-R03343-sym-summary.md
[02:27:21] DONE R03343
