[23:10:37] START R00082
Parent R00082: witness stressMeta.witnessSolution (len 133, 5 jump(s)), 71 movable object instance(s) under strict inventory.
  attempt 1: accepted F00082-lm-16 — moved blocks (0,0) -> (14,5)
  attempt 2: accepted F00082-lm-17 — moved geese (6,13) -> (8,11)
  attempt 3: accepted F00082-lm-18 — moved flippingFilters (4,3) -> (5,0)
  attempt 4: accepted F00082-lm-19 — moved blocks (6,14) -> (7,14)
  attempt 5: accepted F00082-lm-20 — moved falseGoals (12,14) -> (7,14)
  attempt 6: accepted F00082-lm-21 — moved falseGoals (12,14) -> (10,10)
  attempt 7: accepted F00082-lm-22 — moved blocks (13,14) -> (10,14)
  attempt 8: accepted F00082-lm-23 — moved mustPass (3,13) -> (7,2)
  attempt 9: accepted F00082-lm-24 — moved statue (7,4) -> (8,0)
  attempt 10: accepted F00082-lm-25 — moved blocks (3,0) -> (1,0)
  attempt 11: accepted F00082-lm-26 — moved falseGoals (9,9) -> (7,9)
  attempt 12: accepted F00082-lm-27 — moved mustPass (12,10) -> (3,14)
  attempt 13: accepted F00082-lm-28 — moved flippingFilters (14,12) -> (10,10)
  attempt 14: accepted F00082-lm-29 — moved blocks (1,12) -> (11,14)
  attempt 15: accepted F00082-lm-30 — moved blocks (12,6) -> (14,5)

15/15 new local-mutant sibling(s) generated for R00082 in 15 attempt(s) (budget 600); 15 total in data/families/family-R00082-lm.json.
Wrote 15 level(s) total to data/families/family-R00082-lm.json (changed=true), 15 hint file(s) written to data/families/hints/.
Wrote family manifest to data/families/family-R00082-lm-manifest.json (15 variant(s) total).
Parent R00082: witness stressMeta.witnessSolution (len 133, 5 jump(s)), 71 movable object instance(s) under strict inventory.
  variant 1 (rotation): accepted F00082-sym-08
  variant 2 (rotation): accepted F00082-sym-09
  variant 3 (rotation): accepted F00082-sym-10
  variant 4 (reflection): accepted F00082-sym-11
  variant 5 (reflection): accepted F00082-sym-12
  variant 6 (reflection): accepted F00082-sym-13
  variant 7 (reflection): accepted F00082-sym-14

7/7 new symmetry sibling(s) generated for R00082 in 7 attempt(s) (budget 7); 7 total in data/families/family-R00082-sym.json.
Wrote 7 level(s) total to data/families/family-R00082-sym.json (changed=true), 7 hint file(s) written to data/families/hints/.
Wrote family manifest to data/families/family-R00082-sym-manifest.json (7 variant(s) total).
portfolio-solve-sweep: corpus=data/families/family-R00082-lm.json levels=15 (15 to solve) scheduler-mode=legacy budget=8000ms node-budget=20000000 workers=4 save-hints=true
  [1/15] L2 (F00082-lm-17) ok=✗
  [2/15] L3 (F00082-lm-18) ok=✗
  [3/15] L1 (F00082-lm-16) ok=✗
  [4/15] L4 (F00082-lm-19) ok=✗
  [5/15] L7 (F00082-lm-22) ok=✗
  [6/15] L5 (F00082-lm-20) ok=✗
  [7/15] L6 (F00082-lm-21) ok=✗
  [8/15] L8 (F00082-lm-23) ok=✗
  [9/15] L9 (F00082-lm-24) ok=✗
  [10/15] L10 (F00082-lm-25) ok=✗
  [11/15] L11 (F00082-lm-26) ok=✗
  [12/15] L12 (F00082-lm-27) ok=✗
  [13/15] L13 (F00082-lm-28) ok=✗
  [14/15] L15 (F00082-lm-30) ok=✗
  [15/15] L14 (F00082-lm-29) ok=✗
Hints: appended to 0 level(s); 0 hint file(s) changed on disk.
Result: solved=0/15, solvedBeforeFallback=0, fallbackOnly=0, unsolved=15
Wrote logs/family-census/solve-R00082-lm.json
Wrote logs/family-census/solve-R00082-lm-summary.md
portfolio-solve-sweep: corpus=data/families/family-R00082-sym.json levels=7 (7 to solve) scheduler-mode=legacy budget=8000ms node-budget=20000000 workers=4 save-hints=true
  [1/7] L3 (F00082-sym-10) ok=✓ legacy [hint saved]
  [2/7] L4 (F00082-sym-11) ok=✗
  [3/7] L1 (F00082-sym-08) ok=✗
  [4/7] L2 (F00082-sym-09) ok=✗
  [5/7] L5 (F00082-sym-12) ok=✗
  [6/7] L7 (F00082-sym-14) ok=✗
  [7/7] L6 (F00082-sym-13) ok=✗
Hints: appended to 1 level(s); 1 hint file(s) changed on disk.
Result: solved=1/7, solvedBeforeFallback=0, fallbackOnly=1, unsolved=6
Wrote logs/family-census/solve-R00082-sym.json
Wrote logs/family-census/solve-R00082-sym-summary.md
[23:14:59] DONE R00082
[23:14:59] START R00329
Parent R00329: witness stressMeta.witnessSolution (len 111, 7 jump(s)), 42 movable object instance(s) under strict inventory.
  attempt 1: accepted F00329-lm-01 — moved blocks (7,12) -> (11,3)
  attempt 2: accepted F00329-lm-02 — moved park (11,4) -> (11,2)
  attempt 3: accepted F00329-lm-03 — moved statue (6,9) -> (8,12)
  attempt 4: accepted F00329-lm-04 — moved library (11,11) -> (4,12)
  attempt 5: accepted F00329-lm-05 — moved statue (0,5) -> (2,0)
  attempt 6: accepted F00329-lm-06 — moved flippingFilters (1,9) -> (9,5)
  attempt 7: accepted F00329-lm-07 — moved library (9,3) -> (3,1)
  attempt 8: accepted F00329-lm-08 — moved market (12,9) -> (7,10)
  attempt 9: accepted F00329-lm-09 — moved mustPass (11,9) -> (1,5)
  attempt 10: accepted F00329-lm-10 — moved library (11,11) -> (1,4)
  attempt 11: accepted F00329-lm-11 — moved flippingFilters (9,4) -> (2,1)
  attempt 12: accepted F00329-lm-12 — moved flippingFilters (4,2) -> (4,3)
  attempt 13: accepted F00329-lm-13 — moved mustPass (0,9) -> (11,7)
  attempt 14: accepted F00329-lm-14 — moved park (7,7) -> (0,10)
  attempt 15: accepted F00329-lm-15 — moved blocks (11,12) -> (2,10)

15/15 new local-mutant sibling(s) generated for R00329 in 15 attempt(s) (budget 600); 15 total in data/families/family-R00329-lm.json.
Wrote 15 level(s) total to data/families/family-R00329-lm.json (changed=true), 15 hint file(s) written to data/families/hints/.
Wrote family manifest to data/families/family-R00329-lm-manifest.json (15 variant(s) total).
Parent R00329: witness stressMeta.witnessSolution (len 111, 7 jump(s)), 42 movable object instance(s) under strict inventory.
  variant 1 (rotation): accepted F00329-sym-01
  variant 2 (rotation): accepted F00329-sym-02
  variant 3 (rotation): accepted F00329-sym-03
  variant 4 (reflection): accepted F00329-sym-04
  variant 5 (reflection): accepted F00329-sym-05
  variant 6 (reflection): accepted F00329-sym-06
  variant 7 (reflection): accepted F00329-sym-07

7/7 new symmetry sibling(s) generated for R00329 in 7 attempt(s) (budget 7); 7 total in data/families/family-R00329-sym.json.
Wrote 7 level(s) total to data/families/family-R00329-sym.json (changed=true), 7 hint file(s) written to data/families/hints/.
Wrote family manifest to data/families/family-R00329-sym-manifest.json (7 variant(s) total).
portfolio-solve-sweep: corpus=data/families/family-R00329-lm.json levels=15 (15 to solve) scheduler-mode=legacy budget=8000ms node-budget=20000000 workers=4 save-hints=true
  [1/15] L2 (F00329-lm-02) ok=✗
  [2/15] L1 (F00329-lm-01) ok=✗
  [3/15] L3 (F00329-lm-03) ok=✗
  [4/15] L6 (F00329-lm-06) ok=✓ legacy [hint saved]
  [5/15] L4 (F00329-lm-04) ok=✗
  [6/15] L5 (F00329-lm-05) ok=✗
  [7/15] L7 (F00329-lm-07) ok=✗
  [8/15] L8 (F00329-lm-08) ok=✗
  [9/15] L9 (F00329-lm-09) ok=✗
  [10/15] L10 (F00329-lm-10) ok=✗
  [11/15] L11 (F00329-lm-11) ok=✗
  [12/15] L13 (F00329-lm-13) ok=✗
  [13/15] L12 (F00329-lm-12) ok=✗
  [14/15] L15 (F00329-lm-15) ok=✗
  [15/15] L14 (F00329-lm-14) ok=✗
Hints: appended to 1 level(s); 1 hint file(s) changed on disk.
Result: solved=1/15, solvedBeforeFallback=0, fallbackOnly=1, unsolved=14
Wrote logs/family-census/solve-R00329-lm.json
Wrote logs/family-census/solve-R00329-lm-summary.md
portfolio-solve-sweep: corpus=data/families/family-R00329-sym.json levels=7 (7 to solve) scheduler-mode=legacy budget=8000ms node-budget=20000000 workers=4 save-hints=true
  [1/7] L1 (F00329-sym-01) ok=✗
  [2/7] L3 (F00329-sym-03) ok=✗
  [3/7] L2 (F00329-sym-02) ok=✗
  [4/7] L4 (F00329-sym-04) ok=✗
  [5/7] L5 (F00329-sym-05) ok=✗
  [6/7] L6 (F00329-sym-06) ok=✗
  [7/7] L7 (F00329-sym-07) ok=✗
Hints: appended to 0 level(s); 0 hint file(s) changed on disk.
Result: solved=0/7, solvedBeforeFallback=0, fallbackOnly=0, unsolved=7
Wrote logs/family-census/solve-R00329-sym.json
Wrote logs/family-census/solve-R00329-sym-summary.md
[23:21:10] DONE R00329
[23:21:10] START R00512
Parent R00512: witness stressMeta.witnessSolution (len 91, 5 jump(s)), 32 movable object instance(s) under strict inventory.
  attempt 1: accepted F00512-lm-01 — moved blocks (4,5) -> (7,10)
  attempt 2: accepted F00512-lm-02 — moved blocks (5,9) -> (7,10)
  attempt 3: accepted F00512-lm-03 — moved blocks (7,9) -> (7,10)
  attempt 4: accepted F00512-lm-04 — moved falseGoals (5,1) -> (7,10)
  attempt 5: accepted F00512-lm-05 — moved flippingFilters (6,6) -> (4,2)
  attempt 6: accepted F00512-lm-06 — moved flippingFilters (6,8) -> (7,10)
  attempt 7: accepted F00512-lm-07 — moved blocks (5,0) -> (7,10)
  attempt 8: accepted F00512-lm-08 — moved geese (0,8) -> (7,10)
  attempt 9: rejected — degenerate duplicate of parent or another accepted variant
  attempt 10: rejected — degenerate duplicate of parent or another accepted variant
  attempt 11: accepted F00512-lm-09 — moved flippingFilters (3,1) -> (6,7)
  attempt 12: accepted F00512-lm-10 — moved geese (6,9) -> (7,10)
  attempt 13: accepted F00512-lm-11 — moved falseGoals (1,7) -> (7,10)
  attempt 14: rejected — degenerate duplicate of parent or another accepted variant
  attempt 15: rejected — degenerate duplicate of parent or another accepted variant
  attempt 16: rejected — degenerate duplicate of parent or another accepted variant
  attempt 17: accepted F00512-lm-12 — moved geese (8,0) -> (7,10)
  attempt 18: accepted F00512-lm-13 — moved geese (9,3) -> (7,10)
  attempt 19: accepted F00512-lm-14 — moved blocks (9,0) -> (7,10)
  attempt 20: rejected — degenerate duplicate of parent or another accepted variant
  attempt 21: accepted F00512-lm-15 — moved falseGoals (3,5) -> (7,10)

15/15 new local-mutant sibling(s) generated for R00512 in 21 attempt(s) (budget 600); 15 total in data/families/family-R00512-lm.json.
Wrote 15 level(s) total to data/families/family-R00512-lm.json (changed=true), 15 hint file(s) written to data/families/hints/.
Wrote family manifest to data/families/family-R00512-lm-manifest.json (15 variant(s) total).
Parent R00512: witness stressMeta.witnessSolution (len 91, 5 jump(s)), 32 movable object instance(s) under strict inventory.
  variant 1 (rotation): accepted F00512-sym-01
  variant 2 (rotation): accepted F00512-sym-02
  variant 3 (rotation): accepted F00512-sym-03
  variant 4 (reflection): accepted F00512-sym-04
  variant 5 (reflection): accepted F00512-sym-05
  variant 6 (reflection): accepted F00512-sym-06
  variant 7 (reflection): accepted F00512-sym-07

7/7 new symmetry sibling(s) generated for R00512 in 7 attempt(s) (budget 7); 7 total in data/families/family-R00512-sym.json.
Wrote 7 level(s) total to data/families/family-R00512-sym.json (changed=true), 7 hint file(s) written to data/families/hints/.
Wrote family manifest to data/families/family-R00512-sym-manifest.json (7 variant(s) total).
portfolio-solve-sweep: corpus=data/families/family-R00512-lm.json levels=15 (15 to solve) scheduler-mode=legacy budget=8000ms node-budget=20000000 workers=4 save-hints=true
  [1/15] L4 (F00512-lm-04) ok=✗
  [2/15] L3 (F00512-lm-03) ok=✗
  [3/15] L1 (F00512-lm-01) ok=✗
  [4/15] L2 (F00512-lm-02) ok=✗
  [5/15] L5 (F00512-lm-05) ok=✗
  [6/15] L8 (F00512-lm-08) ok=✗
  [7/15] L6 (F00512-lm-06) ok=✗
  [8/15] L7 (F00512-lm-07) ok=✗
  [9/15] L12 (F00512-lm-12) ok=✗
  [10/15] L10 (F00512-lm-10) ok=✗
  [11/15] L9 (F00512-lm-09) ok=✗
  [12/15] L11 (F00512-lm-11) ok=✗
  [13/15] L15 (F00512-lm-15) ok=✗
  [14/15] L13 (F00512-lm-13) ok=✗
  [15/15] L14 (F00512-lm-14) ok=✗
Hints: appended to 0 level(s); 0 hint file(s) changed on disk.
Result: solved=0/15, solvedBeforeFallback=0, fallbackOnly=0, unsolved=15
Wrote logs/family-census/solve-R00512-lm.json
Wrote logs/family-census/solve-R00512-lm-summary.md
portfolio-solve-sweep: corpus=data/families/family-R00512-sym.json levels=7 (7 to solve) scheduler-mode=legacy budget=8000ms node-budget=20000000 workers=4 save-hints=true
  [1/7] L2 (F00512-sym-02) ok=✗
  [2/7] L3 (F00512-sym-03) ok=✗
  [3/7] L1 (F00512-sym-01) ok=✗
  [4/7] L4 (F00512-sym-04) ok=✗
  [5/7] L7 (F00512-sym-07) ok=✗
  [6/7] L6 (F00512-sym-06) ok=✗
  [7/7] L5 (F00512-sym-05) ok=✗
Hints: appended to 0 level(s); 0 hint file(s) changed on disk.
Result: solved=0/7, solvedBeforeFallback=0, fallbackOnly=0, unsolved=7
Wrote logs/family-census/solve-R00512-sym.json
Wrote logs/family-census/solve-R00512-sym-summary.md
[23:22:21] DONE R00512
[23:22:21] START R00646
Parent R00646: witness stressMeta.witnessSolution (len 145, 7 jump(s)), 56 movable object instance(s) under strict inventory.
  attempt 1: accepted F00646-lm-01 — moved park (10,13) -> (2,6)
  attempt 2: accepted F00646-lm-02 — moved market (9,9) -> (7,6)
  attempt 3: accepted F00646-lm-03 — moved geese (2,3) -> (11,3)
  attempt 4: accepted F00646-lm-04 — moved blocks (5,0) -> (13,2)
  attempt 5: accepted F00646-lm-05 — moved geese (3,3) -> (7,4)
  attempt 6: accepted F00646-lm-06 — moved blocks (8,9) -> (13,2)
  attempt 7: accepted F00646-lm-07 — moved library (0,7) -> (9,2)
  attempt 8: accepted F00646-lm-08 — moved falseGoals (9,10) -> (11,13)
  attempt 9: accepted F00646-lm-09 — moved geese (13,3) -> (9,6)
  attempt 10: accepted F00646-lm-10 — moved blocks (5,14) -> (7,8)
  attempt 11: accepted F00646-lm-11 — moved blocks (7,10) -> (7,8)
  attempt 12: accepted F00646-lm-12 — moved lamppost (13,12) -> (8,4)
  attempt 13: accepted F00646-lm-13 — moved park (12,13) -> (11,1)
  attempt 14: accepted F00646-lm-14 — moved falseGoals (7,3) -> (0,12)
  attempt 15: accepted F00646-lm-15 — moved blocks (3,6) -> (8,7)

15/15 new local-mutant sibling(s) generated for R00646 in 15 attempt(s) (budget 600); 15 total in data/families/family-R00646-lm.json.
Wrote 15 level(s) total to data/families/family-R00646-lm.json (changed=true), 15 hint file(s) written to data/families/hints/.
Wrote family manifest to data/families/family-R00646-lm-manifest.json (15 variant(s) total).
Parent R00646: witness stressMeta.witnessSolution (len 145, 7 jump(s)), 56 movable object instance(s) under strict inventory.
  variant 1 (rotation): accepted F00646-sym-01
  variant 2 (rotation): accepted F00646-sym-02
  variant 3 (rotation): accepted F00646-sym-03
  variant 4 (reflection): accepted F00646-sym-04
  variant 5 (reflection): accepted F00646-sym-05
  variant 6 (reflection): accepted F00646-sym-06
  variant 7 (reflection): accepted F00646-sym-07

7/7 new symmetry sibling(s) generated for R00646 in 7 attempt(s) (budget 7); 7 total in data/families/family-R00646-sym.json.
Wrote 7 level(s) total to data/families/family-R00646-sym.json (changed=true), 7 hint file(s) written to data/families/hints/.
Wrote family manifest to data/families/family-R00646-sym-manifest.json (7 variant(s) total).
portfolio-solve-sweep: corpus=data/families/family-R00646-lm.json levels=15 (15 to solve) scheduler-mode=legacy budget=8000ms node-budget=20000000 workers=4 save-hints=true
  [1/15] L2 (F00646-lm-02) ok=✗
  [2/15] L3 (F00646-lm-03) ok=✗
  [3/15] L4 (F00646-lm-04) ok=✗
  [4/15] L1 (F00646-lm-01) ok=✗
  [5/15] L5 (F00646-lm-05) ok=✗
  [6/15] L7 (F00646-lm-07) ok=✗
  [7/15] L8 (F00646-lm-08) ok=✗
  [8/15] L6 (F00646-lm-06) ok=✗
  [9/15] L9 (F00646-lm-09) ok=✗
  [10/15] L10 (F00646-lm-10) ok=✗
  [11/15] L12 (F00646-lm-12) ok=✗
  [12/15] L11 (F00646-lm-11) ok=✗
  [13/15] L15 (F00646-lm-15) ok=✗
  [14/15] L14 (F00646-lm-14) ok=✗
  [15/15] L13 (F00646-lm-13) ok=✗
Hints: appended to 0 level(s); 0 hint file(s) changed on disk.
Result: solved=0/15, solvedBeforeFallback=0, fallbackOnly=0, unsolved=15
Wrote logs/family-census/solve-R00646-lm.json
Wrote logs/family-census/solve-R00646-lm-summary.md
portfolio-solve-sweep: corpus=data/families/family-R00646-sym.json levels=7 (7 to solve) scheduler-mode=legacy budget=8000ms node-budget=20000000 workers=4 save-hints=true
  [1/7] L4 (F00646-sym-04) ok=✗
  [2/7] L2 (F00646-sym-02) ok=✗
  [3/7] L3 (F00646-sym-03) ok=✗
  [4/7] L1 (F00646-sym-01) ok=✗
  [5/7] L6 (F00646-sym-06) ok=✗
  [6/7] L7 (F00646-sym-07) ok=✗
  [7/7] L5 (F00646-sym-05) ok=✗
Hints: appended to 0 level(s); 0 hint file(s) changed on disk.
Result: solved=0/7, solvedBeforeFallback=0, fallbackOnly=0, unsolved=7
Wrote logs/family-census/solve-R00646-sym.json
Wrote logs/family-census/solve-R00646-sym-summary.md
[23:26:31] DONE R00646
[23:26:31] START R00787
Parent R00787: witness stressMeta.witnessSolution (len 112, 0 jump(s)), 48 movable object instance(s) under strict inventory.
  attempt 1: accepted F00787-lm-01 — moved blocks (11,4) -> (9,9)
  attempt 2: accepted F00787-lm-02 — moved blocks (2,1) -> (10,0)
  attempt 3: accepted F00787-lm-03 — moved blocks (10,6) -> (2,5)
  attempt 4: accepted F00787-lm-04 — moved blocks (10,4) -> (10,2)
  attempt 5: accepted F00787-lm-05 — moved geese (13,12) -> (11,5)
  attempt 6: accepted F00787-lm-06 — moved blocks (2,1) -> (6,1)
  attempt 7: accepted F00787-lm-07 — moved mustPass (1,11) -> (9,7)
  attempt 8: accepted F00787-lm-08 — moved blocks (9,8) -> (9,1)
  attempt 9: accepted F00787-lm-09 — moved geese (7,3) -> (0,4)
  attempt 10: accepted F00787-lm-10 — moved library (9,13) -> (10,10)
  attempt 11: accepted F00787-lm-11 — moved geese (12,5) -> (9,0)
  attempt 12: accepted F00787-lm-12 — moved geese (2,0) -> (10,2)
  attempt 13: accepted F00787-lm-13 — moved blocks (7,2) -> (3,1)
  attempt 14: accepted F00787-lm-14 — moved blocks (11,4) -> (9,1)
  attempt 15: accepted F00787-lm-15 — moved geese (12,4) -> (7,4)

15/15 new local-mutant sibling(s) generated for R00787 in 15 attempt(s) (budget 600); 15 total in data/families/family-R00787-lm.json.
Wrote 15 level(s) total to data/families/family-R00787-lm.json (changed=true), 15 hint file(s) written to data/families/hints/.
Wrote family manifest to data/families/family-R00787-lm-manifest.json (15 variant(s) total).
Parent R00787: witness stressMeta.witnessSolution (len 112, 0 jump(s)), 48 movable object instance(s) under strict inventory.
  variant 1 (rotation): accepted F00787-sym-01
  variant 2 (rotation): accepted F00787-sym-02
  variant 3 (rotation): accepted F00787-sym-03
  variant 4 (reflection): accepted F00787-sym-04
  variant 5 (reflection): accepted F00787-sym-05
  variant 6 (reflection): accepted F00787-sym-06
  variant 7 (reflection): accepted F00787-sym-07

7/7 new symmetry sibling(s) generated for R00787 in 7 attempt(s) (budget 7); 7 total in data/families/family-R00787-sym.json.
Wrote 7 level(s) total to data/families/family-R00787-sym.json (changed=true), 7 hint file(s) written to data/families/hints/.
Wrote family manifest to data/families/family-R00787-sym-manifest.json (7 variant(s) total).
portfolio-solve-sweep: corpus=data/families/family-R00787-lm.json levels=15 (15 to solve) scheduler-mode=legacy budget=8000ms node-budget=20000000 workers=4 save-hints=true
  [1/15] L4 (F00787-lm-04) ok=✗
  [2/15] L2 (F00787-lm-02) ok=✗
  [3/15] L1 (F00787-lm-01) ok=✗
  [4/15] L3 (F00787-lm-03) ok=✗
  [5/15] L7 (F00787-lm-07) ok=✗
  [6/15] L5 (F00787-lm-05) ok=✗
  [7/15] L6 (F00787-lm-06) ok=✗
  [8/15] L8 (F00787-lm-08) ok=✗
  [9/15] L10 (F00787-lm-10) ok=✗
  [10/15] L11 (F00787-lm-11) ok=✗
  [11/15] L9 (F00787-lm-09) ok=✗
  [12/15] L12 (F00787-lm-12) ok=✗
  [13/15] L13 (F00787-lm-13) ok=✗
  [14/15] L15 (F00787-lm-15) ok=✗
  [15/15] L14 (F00787-lm-14) ok=✗
Hints: appended to 0 level(s); 0 hint file(s) changed on disk.
Result: solved=0/15, solvedBeforeFallback=0, fallbackOnly=0, unsolved=15
Wrote logs/family-census/solve-R00787-lm.json
Wrote logs/family-census/solve-R00787-lm-summary.md
portfolio-solve-sweep: corpus=data/families/family-R00787-sym.json levels=7 (7 to solve) scheduler-mode=legacy budget=8000ms node-budget=20000000 workers=4 save-hints=true
  [1/7] L2 (F00787-sym-02) ok=✗
  [2/7] L3 (F00787-sym-03) ok=✗
  [3/7] L1 (F00787-sym-01) ok=✗
  [4/7] L4 (F00787-sym-04) ok=✗
  [5/7] L6 (F00787-sym-06) ok=✗
  [6/7] L7 (F00787-sym-07) ok=✗
  [7/7] L5 (F00787-sym-05) ok=✗
Hints: appended to 0 level(s); 0 hint file(s) changed on disk.
Result: solved=0/7, solvedBeforeFallback=0, fallbackOnly=0, unsolved=7
Wrote logs/family-census/solve-R00787-sym.json
Wrote logs/family-census/solve-R00787-sym-summary.md
[23:34:56] DONE R00787
[23:34:56] START R01020
Parent R01020: witness hint[0] (len 68, 0 jump(s)), 39 movable object instance(s) under strict inventory.
  attempt 1: accepted F01020-lm-01 — moved flippingFilters (9,7) -> (2,3)
  attempt 2: accepted F01020-lm-02 — moved blocks (10,8) -> (0,7)
  attempt 3: accepted F01020-lm-03 — moved statue (10,7) -> (6,7)
  attempt 4: accepted F01020-lm-04 — moved library (6,1) -> (9,3)
  attempt 5: accepted F01020-lm-05 — moved lamppost (9,1) -> (0,7)
  attempt 6: accepted F01020-lm-06 — moved blocks (10,1) -> (8,1)
  attempt 7: accepted F01020-lm-07 — moved blocks (8,2) -> (7,6)
  attempt 8: accepted F01020-lm-08 — moved geese (0,10) -> (7,6)
  attempt 9: accepted F01020-lm-09 — moved geese (7,3) -> (10,2)
  attempt 10: accepted F01020-lm-10 — moved flippingFilters (10,5) -> (1,6)
  attempt 11: accepted F01020-lm-11 — moved blocks (8,9) -> (0,7)
  attempt 12: accepted F01020-lm-12 — moved blocks (2,4) -> (0,0)
  attempt 13: accepted F01020-lm-13 — moved market (6,4) -> (6,7)
  attempt 14: accepted F01020-lm-14 — moved blocks (5,2) -> (8,1)
  attempt 15: accepted F01020-lm-15 — moved flippingFilters (9,9) -> (2,3)

15/15 new local-mutant sibling(s) generated for R01020 in 15 attempt(s) (budget 600); 15 total in data/families/family-R01020-lm.json.
Wrote 15 level(s) total to data/families/family-R01020-lm.json (changed=true), 15 hint file(s) written to data/families/hints/.
Wrote family manifest to data/families/family-R01020-lm-manifest.json (15 variant(s) total).
Parent R01020: witness hint[0] (len 68, 0 jump(s)), 39 movable object instance(s) under strict inventory.
  variant 1 (rotation): accepted F01020-sym-01
  variant 2 (rotation): accepted F01020-sym-02
  variant 3 (rotation): accepted F01020-sym-03
  variant 4 (reflection): accepted F01020-sym-04
  variant 5 (reflection): accepted F01020-sym-05
  variant 6 (reflection): accepted F01020-sym-06
  variant 7 (reflection): accepted F01020-sym-07

7/7 new symmetry sibling(s) generated for R01020 in 7 attempt(s) (budget 7); 7 total in data/families/family-R01020-sym.json.
Wrote 7 level(s) total to data/families/family-R01020-sym.json (changed=true), 7 hint file(s) written to data/families/hints/.
Wrote family manifest to data/families/family-R01020-sym-manifest.json (7 variant(s) total).
portfolio-solve-sweep: corpus=data/families/family-R01020-lm.json levels=15 (15 to solve) scheduler-mode=legacy budget=8000ms node-budget=20000000 workers=4 save-hints=true
  [1/15] L2 (F01020-lm-02) ok=✗
  [2/15] L1 (F01020-lm-01) ok=✗
  [3/15] L3 (F01020-lm-03) ok=✗
  [4/15] L4 (F01020-lm-04) ok=✗
  [5/15] L7 (F01020-lm-07) ok=✓ legacy [hint saved]
  [6/15] L5 (F01020-lm-05) ok=✗
  [7/15] L6 (F01020-lm-06) ok=✗
  [8/15] L8 (F01020-lm-08) ok=✓ legacy [hint saved]
  [9/15] L12 (F01020-lm-12) ok=✓ legacy [hint saved]
  [10/15] L9 (F01020-lm-09) ok=✗
  [11/15] L11 (F01020-lm-11) ok=✗
  [12/15] L10 (F01020-lm-10) ok=✗
  [13/15] L14 (F01020-lm-14) ok=✗
  [14/15] L15 (F01020-lm-15) ok=✗
  [15/15] L13 (F01020-lm-13) ok=✗
Hints: appended to 3 level(s); 3 hint file(s) changed on disk.
Result: solved=3/15, solvedBeforeFallback=0, fallbackOnly=3, unsolved=12
Wrote logs/family-census/solve-R01020-lm.json
Wrote logs/family-census/solve-R01020-lm-summary.md
portfolio-solve-sweep: corpus=data/families/family-R01020-sym.json levels=7 (7 to solve) scheduler-mode=legacy budget=8000ms node-budget=20000000 workers=4 save-hints=true
  [1/7] L4 (F01020-sym-04) ok=✗
  [2/7] L1 (F01020-sym-01) ok=✗
  [3/7] L2 (F01020-sym-02) ok=✗
  [4/7] L3 (F01020-sym-03) ok=✗
  [5/7] L7 (F01020-sym-07) ok=✗
  [6/7] L5 (F01020-sym-05) ok=✗
  [7/7] L6 (F01020-sym-06) ok=✗
Hints: appended to 0 level(s); 0 hint file(s) changed on disk.
Result: solved=0/7, solvedBeforeFallback=0, fallbackOnly=0, unsolved=7
Wrote logs/family-census/solve-R01020-sym.json
Wrote logs/family-census/solve-R01020-sym-summary.md
[23:36:39] DONE R01020
[23:36:39] START R01229
Parent R01229: witness hint[0] (len 75, 4 jump(s)), 38 movable object instance(s) under strict inventory.
  attempt 1: accepted F01229-lm-01 — moved blocks (2,10) -> (8,6)
  attempt 2: accepted F01229-lm-02 — moved blocks (0,6) -> (10,10)
  attempt 3: accepted F01229-lm-03 — moved blocks (2,5) -> (9,10)
  attempt 4: accepted F01229-lm-04 — moved blocks (10,5) -> (8,6)
  attempt 5: accepted F01229-lm-05 — moved blocks (2,10) -> (4,2)
  attempt 6: accepted F01229-lm-06 — moved geese (2,9) -> (8,6)
  attempt 7: accepted F01229-lm-07 — moved blocks (0,6) -> (0,8)
  attempt 8: accepted F01229-lm-08 — moved geese (0,0) -> (0,3)
  attempt 9: accepted F01229-lm-09 — moved geese (5,8) -> (5,7)
  attempt 10: accepted F01229-lm-10 — moved park (4,5) -> (3,6)
  attempt 11: accepted F01229-lm-11 — moved blocks (3,2) -> (3,5)
  attempt 12: accepted F01229-lm-12 — moved blocks (2,4) -> (9,9)
  attempt 13: accepted F01229-lm-13 — moved mustPass (1,3) -> (7,4)
  attempt 14: accepted F01229-lm-14 — moved blocks (2,10) -> (1,7)
  attempt 15: accepted F01229-lm-15 — moved mustPass (4,4) -> (6,5)

15/15 new local-mutant sibling(s) generated for R01229 in 15 attempt(s) (budget 600); 15 total in data/families/family-R01229-lm.json.
Wrote 15 level(s) total to data/families/family-R01229-lm.json (changed=true), 15 hint file(s) written to data/families/hints/.
Wrote family manifest to data/families/family-R01229-lm-manifest.json (15 variant(s) total).
Parent R01229: witness hint[0] (len 75, 4 jump(s)), 38 movable object instance(s) under strict inventory.
  variant 1 (rotation): accepted F01229-sym-01
  variant 2 (rotation): accepted F01229-sym-02
  variant 3 (rotation): accepted F01229-sym-03
  variant 4 (reflection): accepted F01229-sym-04
  variant 5 (reflection): accepted F01229-sym-05
  variant 6 (reflection): accepted F01229-sym-06
  variant 7 (reflection): accepted F01229-sym-07

7/7 new symmetry sibling(s) generated for R01229 in 7 attempt(s) (budget 7); 7 total in data/families/family-R01229-sym.json.
Wrote 7 level(s) total to data/families/family-R01229-sym.json (changed=true), 7 hint file(s) written to data/families/hints/.
Wrote family manifest to data/families/family-R01229-sym-manifest.json (7 variant(s) total).
portfolio-solve-sweep: corpus=data/families/family-R01229-lm.json levels=15 (15 to solve) scheduler-mode=legacy budget=8000ms node-budget=20000000 workers=4 save-hints=true
  [1/15] L3 (F01229-lm-03) ok=✗
  [2/15] L1 (F01229-lm-01) ok=✗
  [3/15] L4 (F01229-lm-04) ok=✗
  [4/15] L2 (F01229-lm-02) ok=✗
  [5/15] L5 (F01229-lm-05) ok=✗
  [6/15] L6 (F01229-lm-06) ok=✗
  [7/15] L7 (F01229-lm-07) ok=✗
  [8/15] L8 (F01229-lm-08) ok=✗
  [9/15] L9 (F01229-lm-09) ok=✗
  [10/15] L10 (F01229-lm-10) ok=✗
  [11/15] L11 (F01229-lm-11) ok=✗
  [12/15] L12 (F01229-lm-12) ok=✗
  [13/15] L13 (F01229-lm-13) ok=✗
  [14/15] L15 (F01229-lm-15) ok=✗
  [15/15] L14 (F01229-lm-14) ok=✗
Hints: appended to 0 level(s); 0 hint file(s) changed on disk.
Result: solved=0/15, solvedBeforeFallback=0, fallbackOnly=0, unsolved=15
Wrote logs/family-census/solve-R01229-lm.json
Wrote logs/family-census/solve-R01229-lm-summary.md
portfolio-solve-sweep: corpus=data/families/family-R01229-sym.json levels=7 (7 to solve) scheduler-mode=legacy budget=8000ms node-budget=20000000 workers=4 save-hints=true
  [1/7] L2 (F01229-sym-02) ok=✗
  [2/7] L4 (F01229-sym-04) ok=✗
  [3/7] L3 (F01229-sym-03) ok=✗
  [4/7] L1 (F01229-sym-01) ok=✗
  [5/7] L6 (F01229-sym-06) ok=✗
  [6/7] L5 (F01229-sym-05) ok=✗
  [7/7] L7 (F01229-sym-07) ok=✗
Hints: appended to 0 level(s); 0 hint file(s) changed on disk.
Result: solved=0/7, solvedBeforeFallback=0, fallbackOnly=0, unsolved=7
Wrote logs/family-census/solve-R01229-sym.json
Wrote logs/family-census/solve-R01229-sym-summary.md
[23:41:57] DONE R01229
[23:41:57] START R01403
Parent R01403: witness stressMeta.witnessSolution (len 91, 0 jump(s)), 52 movable object instance(s) under strict inventory.
  attempt 1: accepted F01403-lm-01 — moved fountain (5,5) -> (9,8)
  attempt 2: accepted F01403-lm-02 — moved library (3,4) -> (9,7)
  attempt 3: accepted F01403-lm-03 — moved flippingFilters (1,7) -> (10,9)
  attempt 4: accepted F01403-lm-04 — moved flippingFilters (6,1) -> (9,10)
  attempt 5: accepted F01403-lm-05 — moved mustCross (6,5) -> (8,2)
  attempt 6: accepted F01403-lm-06 — moved flippingFilters (4,10) -> (7,5)
  attempt 7: accepted F01403-lm-07 — moved flippingFilters (4,10) -> (10,9)
  attempt 8: accepted F01403-lm-08 — moved statue (8,9) -> (0,6)
  attempt 9: accepted F01403-lm-09 — moved fountain (5,5) -> (5,4)
  attempt 10: accepted F01403-lm-10 — moved flippingFilters (6,1) -> (10,8)
  attempt 11: accepted F01403-lm-11 — moved mustCross (6,9) -> (8,2)
  attempt 12: rejected — degenerate duplicate of parent or another accepted variant
  attempt 13: accepted F01403-lm-12 — moved flippingFilters (5,0) -> (10,8)
  attempt 14: rejected — degenerate duplicate of parent or another accepted variant
  attempt 15: accepted F01403-lm-13 — moved lamppost (7,7) -> (10,1)
  attempt 16: accepted F01403-lm-14 — moved flippingFilters (5,1) -> (8,8)
  attempt 17: accepted F01403-lm-15 — moved flippingFilters (1,7) -> (9,10)

15/15 new local-mutant sibling(s) generated for R01403 in 17 attempt(s) (budget 600); 15 total in data/families/family-R01403-lm.json.
Wrote 15 level(s) total to data/families/family-R01403-lm.json (changed=true), 15 hint file(s) written to data/families/hints/.
Wrote family manifest to data/families/family-R01403-lm-manifest.json (15 variant(s) total).
Parent R01403: witness stressMeta.witnessSolution (len 91, 0 jump(s)), 52 movable object instance(s) under strict inventory.
  variant 1 (rotation): accepted F01403-sym-01
  variant 2 (rotation): accepted F01403-sym-02
  variant 3 (rotation): accepted F01403-sym-03
  variant 4 (reflection): accepted F01403-sym-04
  variant 5 (reflection): accepted F01403-sym-05
  variant 6 (reflection): accepted F01403-sym-06
  variant 7 (reflection): accepted F01403-sym-07

7/7 new symmetry sibling(s) generated for R01403 in 7 attempt(s) (budget 7); 7 total in data/families/family-R01403-sym.json.
Wrote 7 level(s) total to data/families/family-R01403-sym.json (changed=true), 7 hint file(s) written to data/families/hints/.
Wrote family manifest to data/families/family-R01403-sym-manifest.json (7 variant(s) total).
portfolio-solve-sweep: corpus=data/families/family-R01403-lm.json levels=15 (15 to solve) scheduler-mode=legacy budget=8000ms node-budget=20000000 workers=4 save-hints=true
  [1/15] L2 (F01403-lm-02) ok=✗
  [2/15] L3 (F01403-lm-03) ok=✗
  [3/15] L4 (F01403-lm-04) ok=✗
  [4/15] L1 (F01403-lm-01) ok=✗
  [5/15] L6 (F01403-lm-06) ok=✗
  [6/15] L5 (F01403-lm-05) ok=✗
  [7/15] L7 (F01403-lm-07) ok=✗
  [8/15] L8 (F01403-lm-08) ok=✗
  [9/15] L9 (F01403-lm-09) ok=✗
  [10/15] L10 (F01403-lm-10) ok=✗
  [11/15] L11 (F01403-lm-11) ok=✗
  [12/15] L12 (F01403-lm-12) ok=✗
  [13/15] L13 (F01403-lm-13) ok=✗
  [14/15] L15 (F01403-lm-15) ok=✗
  [15/15] L14 (F01403-lm-14) ok=✗
Hints: appended to 0 level(s); 0 hint file(s) changed on disk.
Result: solved=0/15, solvedBeforeFallback=0, fallbackOnly=0, unsolved=15
Wrote logs/family-census/solve-R01403-lm.json
Wrote logs/family-census/solve-R01403-lm-summary.md
portfolio-solve-sweep: corpus=data/families/family-R01403-sym.json levels=7 (7 to solve) scheduler-mode=legacy budget=8000ms node-budget=20000000 workers=4 save-hints=true
  [1/7] L1 (F01403-sym-01) ok=✗
  [2/7] L3 (F01403-sym-03) ok=✗
  [3/7] L2 (F01403-sym-02) ok=✗
  [4/7] L4 (F01403-sym-04) ok=✗
  [5/7] L6 (F01403-sym-06) ok=✗
  [6/7] L5 (F01403-sym-05) ok=✗
  [7/7] L7 (F01403-sym-07) ok=✗
Hints: appended to 0 level(s); 0 hint file(s) changed on disk.
Result: solved=0/7, solvedBeforeFallback=0, fallbackOnly=0, unsolved=7
Wrote logs/family-census/solve-R01403-sym.json
Wrote logs/family-census/solve-R01403-sym-summary.md
[23:50:03] DONE R01403
[23:50:03] START R01576
Parent R01576: witness stressMeta.witnessSolution (len 101, 0 jump(s)), 60 movable object instance(s) under strict inventory.
  attempt 1: accepted F01576-lm-01 — moved blocks (8,6) -> (3,2)
  attempt 2: accepted F01576-lm-02 — moved flippingFilters (4,8) -> (10,10)
  attempt 3: accepted F01576-lm-03 — moved blocks (6,2) -> (5,0)
  attempt 4: accepted F01576-lm-04 — moved blocks (3,13) -> (7,3)
  attempt 5: accepted F01576-lm-05 — moved blocks (10,0) -> (3,0)
  attempt 6: accepted F01576-lm-06 — moved blocks (6,2) -> (12,13)
  attempt 7: accepted F01576-lm-07 — moved blocks (13,12) -> (3,3)
  attempt 8: accepted F01576-lm-08 — moved lamppost (8,8) -> (4,13)
  attempt 9: accepted F01576-lm-09 — moved fountain (6,3) -> (11,2)
  attempt 10: accepted F01576-lm-10 — moved blocks (9,0) -> (2,4)
  attempt 11: accepted F01576-lm-11 — moved market (10,13) -> (9,9)
  attempt 12: accepted F01576-lm-12 — moved fountain (6,3) -> (3,4)
  attempt 13: accepted F01576-lm-13 — moved blocks (13,13) -> (1,8)
  attempt 14: accepted F01576-lm-14 — moved blocks (6,0) -> (11,11)
  attempt 15: accepted F01576-lm-15 — moved blocks (12,11) -> (4,13)

15/15 new local-mutant sibling(s) generated for R01576 in 15 attempt(s) (budget 600); 15 total in data/families/family-R01576-lm.json.
Wrote 15 level(s) total to data/families/family-R01576-lm.json (changed=true), 15 hint file(s) written to data/families/hints/.
Wrote family manifest to data/families/family-R01576-lm-manifest.json (15 variant(s) total).
Parent R01576: witness stressMeta.witnessSolution (len 101, 0 jump(s)), 60 movable object instance(s) under strict inventory.
  variant 1 (rotation): accepted F01576-sym-01
  variant 2 (rotation): accepted F01576-sym-02
  variant 3 (rotation): accepted F01576-sym-03
  variant 4 (reflection): accepted F01576-sym-04
  variant 5 (reflection): accepted F01576-sym-05
  variant 6 (reflection): accepted F01576-sym-06
  variant 7 (reflection): accepted F01576-sym-07

7/7 new symmetry sibling(s) generated for R01576 in 7 attempt(s) (budget 7); 7 total in data/families/family-R01576-sym.json.
Wrote 7 level(s) total to data/families/family-R01576-sym.json (changed=true), 7 hint file(s) written to data/families/hints/.
Wrote family manifest to data/families/family-R01576-sym-manifest.json (7 variant(s) total).
portfolio-solve-sweep: corpus=data/families/family-R01576-lm.json levels=15 (15 to solve) scheduler-mode=legacy budget=8000ms node-budget=20000000 workers=4 save-hints=true
  [1/15] L3 (F01576-lm-03) ok=✗
  [2/15] L4 (F01576-lm-04) ok=✗
  [3/15] L1 (F01576-lm-01) ok=✗
  [4/15] L2 (F01576-lm-02) ok=✗
  [5/15] L8 (F01576-lm-08) ok=✓ legacy [hint saved]
  [6/15] L6 (F01576-lm-06) ok=✗
  [7/15] L5 (F01576-lm-05) ok=✗
  [8/15] L7 (F01576-lm-07) ok=✗
  [9/15] L9 (F01576-lm-09) ok=✗
  [10/15] L10 (F01576-lm-10) ok=✗
  [11/15] L11 (F01576-lm-11) ok=✗
  [12/15] L12 (F01576-lm-12) ok=✗
  [13/15] L15 (F01576-lm-15) ok=✓ legacy [hint saved]
  [14/15] L14 (F01576-lm-14) ok=✗
  [15/15] L13 (F01576-lm-13) ok=✗
Hints: appended to 2 level(s); 2 hint file(s) changed on disk.
Result: solved=2/15, solvedBeforeFallback=0, fallbackOnly=2, unsolved=13
Wrote logs/family-census/solve-R01576-lm.json
Wrote logs/family-census/solve-R01576-lm-summary.md
portfolio-solve-sweep: corpus=data/families/family-R01576-sym.json levels=7 (7 to solve) scheduler-mode=legacy budget=8000ms node-budget=20000000 workers=4 save-hints=true
  [1/7] L2 (F01576-sym-02) ok=✗
  [2/7] L3 (F01576-sym-03) ok=✗
  [3/7] L1 (F01576-sym-01) ok=✗
  [4/7] L4 (F01576-sym-04) ok=✗
  [5/7] L7 (F01576-sym-07) ok=✗
  [6/7] L5 (F01576-sym-05) ok=✗
  [7/7] L6 (F01576-sym-06) ok=✗
Hints: appended to 0 level(s); 0 hint file(s) changed on disk.
Result: solved=0/7, solvedBeforeFallback=0, fallbackOnly=0, unsolved=7
Wrote logs/family-census/solve-R01576-sym.json
Wrote logs/family-census/solve-R01576-sym-summary.md
[23:56:57] DONE R01576
[23:56:57] START R01723
Parent R01723: witness stressMeta.witnessSolution (len 121, 0 jump(s)), 44 movable object instance(s) under strict inventory.
  attempt 1: accepted F01723-lm-01 — moved blocks (6,2) -> (9,1)
  attempt 2: accepted F01723-lm-02 — moved flippingFilters (4,6) -> (11,7)
  attempt 3: accepted F01723-lm-03 — moved blocks (6,9) -> (4,5)
  attempt 4: accepted F01723-lm-04 — moved blocks (1,1) -> (9,12)
  attempt 5: accepted F01723-lm-05 — moved blocks (1,5) -> (6,10)
  attempt 6: accepted F01723-lm-06 — moved blocks (6,3) -> (12,13)
  attempt 7: accepted F01723-lm-07 — moved blocks (4,7) -> (3,2)
  attempt 8: accepted F01723-lm-08 — moved flippingFilters (2,3) -> (6,10)
  attempt 9: accepted F01723-lm-09 — moved flippingFilters (2,6) -> (1,3)
  attempt 10: accepted F01723-lm-10 — moved blocks (9,4) -> (12,8)
  attempt 11: accepted F01723-lm-11 — moved fountain (1,13) -> (10,12)
  attempt 12: accepted F01723-lm-12 — moved blocks (1,6) -> (4,2)
  attempt 13: accepted F01723-lm-13 — moved blocks (5,3) -> (13,13)
  attempt 14: accepted F01723-lm-14 — moved blocks (9,4) -> (7,6)
  attempt 15: accepted F01723-lm-15 — moved blocks (1,5) -> (1,3)

15/15 new local-mutant sibling(s) generated for R01723 in 15 attempt(s) (budget 600); 15 total in data/families/family-R01723-lm.json.
Wrote 15 level(s) total to data/families/family-R01723-lm.json (changed=true), 15 hint file(s) written to data/families/hints/.
Wrote family manifest to data/families/family-R01723-lm-manifest.json (15 variant(s) total).
Parent R01723: witness stressMeta.witnessSolution (len 121, 0 jump(s)), 44 movable object instance(s) under strict inventory.
  variant 1 (rotation): accepted F01723-sym-01
  variant 2 (rotation): accepted F01723-sym-02
  variant 3 (rotation): accepted F01723-sym-03
  variant 4 (reflection): accepted F01723-sym-04
  variant 5 (reflection): accepted F01723-sym-05
  variant 6 (reflection): accepted F01723-sym-06
  variant 7 (reflection): accepted F01723-sym-07

7/7 new symmetry sibling(s) generated for R01723 in 7 attempt(s) (budget 7); 7 total in data/families/family-R01723-sym.json.
Wrote 7 level(s) total to data/families/family-R01723-sym.json (changed=true), 7 hint file(s) written to data/families/hints/.
Wrote family manifest to data/families/family-R01723-sym-manifest.json (7 variant(s) total).
portfolio-solve-sweep: corpus=data/families/family-R01723-lm.json levels=15 (15 to solve) scheduler-mode=legacy budget=8000ms node-budget=20000000 workers=4 save-hints=true
  [1/15] L1 (F01723-lm-01) ok=✓ legacy [hint saved]
  [2/15] L2 (F01723-lm-02) ok=✓ legacy [hint saved]
  [3/15] L6 (F01723-lm-06) ok=✓ legacy [hint saved]
  [4/15] L7 (F01723-lm-07) ok=✓ legacy [hint saved]
  [5/15] L8 (F01723-lm-08) ok=✓ legacy [hint saved]
  [6/15] L3 (F01723-lm-03) ok=✗
  [7/15] L4 (F01723-lm-04) ok=✗
  [8/15] L5 (F01723-lm-05) ok=✗
  [9/15] L12 (F01723-lm-12) ok=✓ legacy [hint saved]
  [10/15] L11 (F01723-lm-11) ok=✓ legacy [hint saved]
  [11/15] L13 (F01723-lm-13) ok=✓ legacy [hint saved]
  [12/15] L15 (F01723-lm-15) ok=✓ legacy [hint saved]
  [13/15] L9 (F01723-lm-09) ok=✗
  [14/15] L14 (F01723-lm-14) ok=✓ legacy [hint saved]
  [15/15] L10 (F01723-lm-10) ok=✗
Hints: appended to 10 level(s); 10 hint file(s) changed on disk.
Result: solved=10/15, solvedBeforeFallback=0, fallbackOnly=10, unsolved=5
Wrote logs/family-census/solve-R01723-lm.json
Wrote logs/family-census/solve-R01723-lm-summary.md
portfolio-solve-sweep: corpus=data/families/family-R01723-sym.json levels=7 (7 to solve) scheduler-mode=legacy budget=8000ms node-budget=20000000 workers=4 save-hints=true
  [1/7] L1 (F01723-sym-01) ok=✗
  [2/7] L3 (F01723-sym-03) ok=✗
  [3/7] L2 (F01723-sym-02) ok=✗
  [4/7] L4 (F01723-sym-04) ok=✗
  [5/7] L6 (F01723-sym-06) ok=✓ legacy [hint saved]
  [6/7] L5 (F01723-sym-05) ok=✓ legacy [hint saved]
  [7/7] L7 (F01723-sym-07) ok=✗
Hints: appended to 2 level(s); 2 hint file(s) changed on disk.
Result: solved=2/7, solvedBeforeFallback=0, fallbackOnly=2, unsolved=5
Wrote logs/family-census/solve-R01723-sym.json
Wrote logs/family-census/solve-R01723-sym-summary.md
[23:59:05] DONE R01723
[23:59:05] START R01909
Parent R01909: witness stressMeta.witnessSolution (len 83, 5 jump(s)), 35 movable object instance(s) under strict inventory.
  attempt 1: accepted F01909-lm-01 — moved blocks (3,0) -> (10,7)
  attempt 2: accepted F01909-lm-02 — moved blocks (12,2) -> (7,1)
  attempt 3: accepted F01909-lm-03 — moved mustPass (3,2) -> (5,4)
  attempt 4: accepted F01909-lm-04 — moved mustPass (4,12) -> (4,8)
  attempt 5: accepted F01909-lm-05 — moved blocks (6,3) -> (3,12)
  attempt 6: accepted F01909-lm-06 — moved mustPass (5,3) -> (12,4)
  attempt 7: accepted F01909-lm-07 — moved blocks (7,8) -> (9,5)
  attempt 8: accepted F01909-lm-08 — moved blocks (1,9) -> (0,9)
  attempt 9: accepted F01909-lm-09 — moved fountain (4,6) -> (9,10)
  attempt 10: accepted F01909-lm-10 — moved mustPass (5,8) -> (11,4)
  attempt 11: accepted F01909-lm-11 — moved blocks (12,0) -> (5,2)
  attempt 12: accepted F01909-lm-12 — moved geese (10,1) -> (8,3)
  attempt 13: accepted F01909-lm-13 — moved blocks (6,3) -> (4,1)
  attempt 14: accepted F01909-lm-14 — moved mustPass (5,3) -> (4,5)
  attempt 15: accepted F01909-lm-15 — moved blocks (5,1) -> (0,9)

15/15 new local-mutant sibling(s) generated for R01909 in 15 attempt(s) (budget 600); 15 total in data/families/family-R01909-lm.json.
Wrote 15 level(s) total to data/families/family-R01909-lm.json (changed=true), 15 hint file(s) written to data/families/hints/.
Wrote family manifest to data/families/family-R01909-lm-manifest.json (15 variant(s) total).
Parent R01909: witness stressMeta.witnessSolution (len 83, 5 jump(s)), 35 movable object instance(s) under strict inventory.
  variant 1 (rotation): accepted F01909-sym-01
  variant 2 (rotation): accepted F01909-sym-02
  variant 3 (rotation): accepted F01909-sym-03
  variant 4 (reflection): accepted F01909-sym-04
  variant 5 (reflection): accepted F01909-sym-05
  variant 6 (reflection): accepted F01909-sym-06
  variant 7 (reflection): accepted F01909-sym-07

7/7 new symmetry sibling(s) generated for R01909 in 7 attempt(s) (budget 7); 7 total in data/families/family-R01909-sym.json.
Wrote 7 level(s) total to data/families/family-R01909-sym.json (changed=true), 7 hint file(s) written to data/families/hints/.
Wrote family manifest to data/families/family-R01909-sym-manifest.json (7 variant(s) total).
portfolio-solve-sweep: corpus=data/families/family-R01909-lm.json levels=15 (15 to solve) scheduler-mode=legacy budget=8000ms node-budget=20000000 workers=4 save-hints=true
  [1/15] L4 (F01909-lm-04) ok=✗
  [2/15] L3 (F01909-lm-03) ok=✗
  [3/15] L1 (F01909-lm-01) ok=✗
  [4/15] L2 (F01909-lm-02) ok=✗
  [5/15] L5 (F01909-lm-05) ok=✗
  [6/15] L8 (F01909-lm-08) ok=✗
  [7/15] L6 (F01909-lm-06) ok=✗
  [8/15] L7 (F01909-lm-07) ok=✗
  [9/15] L9 (F01909-lm-09) ok=✗
  [10/15] L10 (F01909-lm-10) ok=✗
  [11/15] L12 (F01909-lm-12) ok=✗
  [12/15] L11 (F01909-lm-11) ok=✗
  [13/15] L14 (F01909-lm-14) ok=✗
  [14/15] L13 (F01909-lm-13) ok=✗
  [15/15] L15 (F01909-lm-15) ok=✗
Hints: appended to 0 level(s); 0 hint file(s) changed on disk.
Result: solved=0/15, solvedBeforeFallback=0, fallbackOnly=0, unsolved=15
Wrote logs/family-census/solve-R01909-lm.json
Wrote logs/family-census/solve-R01909-lm-summary.md
portfolio-solve-sweep: corpus=data/families/family-R01909-sym.json levels=7 (7 to solve) scheduler-mode=legacy budget=8000ms node-budget=20000000 workers=4 save-hints=true
  [1/7] L2 (F01909-sym-02) ok=✗
  [2/7] L1 (F01909-sym-01) ok=✗
  [3/7] L3 (F01909-sym-03) ok=✗
  [4/7] L4 (F01909-sym-04) ok=✗
  [5/7] L7 (F01909-sym-07) ok=✗
  [6/7] L5 (F01909-sym-05) ok=✗
  [7/7] L6 (F01909-sym-06) ok=✗
Hints: appended to 0 level(s); 0 hint file(s) changed on disk.
Result: solved=0/7, solvedBeforeFallback=0, fallbackOnly=0, unsolved=7
Wrote logs/family-census/solve-R01909-sym.json
Wrote logs/family-census/solve-R01909-sym-summary.md
[00:02:51] DONE R01909
[00:02:51] START R02027
Parent R02027: witness stressMeta.witnessSolution (len 127, 6 jump(s)), 29 movable object instance(s) under strict inventory.
  attempt 1: accepted F02027-lm-01 — moved blocks (3,5) -> (5,12)
  attempt 2: accepted F02027-lm-02 — moved park (12,10) -> (5,12)
  attempt 3: accepted F02027-lm-03 — moved blocks (9,9) -> (0,12)
  attempt 4: accepted F02027-lm-04 — moved library (4,12) -> (8,8)
  attempt 5: accepted F02027-lm-05 — moved park (3,11) -> (6,7)
  attempt 6: accepted F02027-lm-06 — moved lamppost (9,12) -> (3,12)
  attempt 7: accepted F02027-lm-07 — moved park (3,11) -> (5,8)
  attempt 8: accepted F02027-lm-08 — moved lamppost (2,4) -> (4,8)
  attempt 9: accepted F02027-lm-09 — moved blocks (6,12) -> (5,12)
  attempt 10: accepted F02027-lm-10 — moved library (2,9) -> (10,5)
  attempt 11: accepted F02027-lm-11 — moved lamppost (9,12) -> (5,12)
  attempt 12: accepted F02027-lm-12 — moved blocks (2,12) -> (9,6)
  attempt 13: accepted F02027-lm-13 — moved park (12,10) -> (8,8)
  attempt 14: accepted F02027-lm-14 — moved statue (5,6) -> (0,11)
  attempt 15: accepted F02027-lm-15 — moved park (10,6) -> (9,6)

15/15 new local-mutant sibling(s) generated for R02027 in 15 attempt(s) (budget 600); 15 total in data/families/family-R02027-lm.json.
Wrote 15 level(s) total to data/families/family-R02027-lm.json (changed=true), 15 hint file(s) written to data/families/hints/.
Wrote family manifest to data/families/family-R02027-lm-manifest.json (15 variant(s) total).
Parent R02027: witness stressMeta.witnessSolution (len 127, 6 jump(s)), 29 movable object instance(s) under strict inventory.
  variant 1 (rotation): accepted F02027-sym-01
  variant 2 (rotation): accepted F02027-sym-02
  variant 3 (rotation): accepted F02027-sym-03
  variant 4 (reflection): accepted F02027-sym-04
  variant 5 (reflection): accepted F02027-sym-05
  variant 6 (reflection): accepted F02027-sym-06
  variant 7 (reflection): accepted F02027-sym-07

7/7 new symmetry sibling(s) generated for R02027 in 7 attempt(s) (budget 7); 7 total in data/families/family-R02027-sym.json.
Wrote 7 level(s) total to data/families/family-R02027-sym.json (changed=true), 7 hint file(s) written to data/families/hints/.
Wrote family manifest to data/families/family-R02027-sym-manifest.json (7 variant(s) total).
portfolio-solve-sweep: corpus=data/families/family-R02027-lm.json levels=15 (15 to solve) scheduler-mode=legacy budget=8000ms node-budget=20000000 workers=4 save-hints=true
  [1/15] L2 (F02027-lm-02) ok=✗
  [2/15] L4 (F02027-lm-04) ok=✗
  [3/15] L3 (F02027-lm-03) ok=✗
  [4/15] L1 (F02027-lm-01) ok=✗
  [5/15] L6 (F02027-lm-06) ok=✗
  [6/15] L7 (F02027-lm-07) ok=✗
  [7/15] L5 (F02027-lm-05) ok=✗
  [8/15] L8 (F02027-lm-08) ok=✗
  [9/15] L11 (F02027-lm-11) ok=✗
  [10/15] L9 (F02027-lm-09) ok=✗
  [11/15] L10 (F02027-lm-10) ok=✗
  [12/15] L12 (F02027-lm-12) ok=✗
  [13/15] L13 (F02027-lm-13) ok=✗
  [14/15] L14 (F02027-lm-14) ok=✗
  [15/15] L15 (F02027-lm-15) ok=✗
Hints: appended to 0 level(s); 0 hint file(s) changed on disk.
Result: solved=0/15, solvedBeforeFallback=0, fallbackOnly=0, unsolved=15
Wrote logs/family-census/solve-R02027-lm.json
Wrote logs/family-census/solve-R02027-lm-summary.md
portfolio-solve-sweep: corpus=data/families/family-R02027-sym.json levels=7 (7 to solve) scheduler-mode=legacy budget=8000ms node-budget=20000000 workers=4 save-hints=true
  [1/7] L4 (F02027-sym-04) ok=✗
  [2/7] L3 (F02027-sym-03) ok=✗
  [3/7] L2 (F02027-sym-02) ok=✗
  [4/7] L1 (F02027-sym-01) ok=✗
  [5/7] L5 (F02027-sym-05) ok=✗
  [6/7] L7 (F02027-sym-07) ok=✗
  [7/7] L6 (F02027-sym-06) ok=✗
Hints: appended to 0 level(s); 0 hint file(s) changed on disk.
Result: solved=0/7, solvedBeforeFallback=0, fallbackOnly=0, unsolved=7
Wrote logs/family-census/solve-R02027-sym.json
Wrote logs/family-census/solve-R02027-sym-summary.md
[00:07:00] DONE R02027
[00:07:00] START R02064
Parent R02064: witness stressMeta.witnessSolution (len 85, 7 jump(s)), 59 movable object instance(s) under strict inventory.
  attempt 1: accepted F02064-lm-01 — moved blocks (6,8) -> (6,1)
  attempt 2: accepted F02064-lm-02 — moved flippingFilters (8,12) -> (2,11)
  attempt 3: accepted F02064-lm-03 — moved mustPass (9,1) -> (11,1)
  attempt 4: accepted F02064-lm-04 — moved park (11,8) -> (11,11)
  attempt 5: accepted F02064-lm-05 — moved blocks (4,5) -> (1,7)
  attempt 6: accepted F02064-lm-06 — moved mustPass (12,9) -> (6,2)
  attempt 7: accepted F02064-lm-07 — moved falseGoals (2,4) -> (10,8)
  attempt 8: accepted F02064-lm-08 — moved blocks (2,7) -> (1,7)
  attempt 9: accepted F02064-lm-09 — moved blocks (6,10) -> (11,2)
  attempt 10: accepted F02064-lm-10 — moved blocks (11,4) -> (8,11)
  attempt 11: accepted F02064-lm-11 — moved lamppost (8,3) -> (7,11)
  attempt 12: accepted F02064-lm-12 — moved geese (4,10) -> (11,3)
  attempt 13: accepted F02064-lm-13 — moved blocks (7,0) -> (2,3)
  attempt 14: accepted F02064-lm-14 — moved blocks (7,0) -> (6,11)
  attempt 15: accepted F02064-lm-15 — moved blocks (3,3) -> (10,2)

15/15 new local-mutant sibling(s) generated for R02064 in 15 attempt(s) (budget 600); 15 total in data/families/family-R02064-lm.json.
Wrote 15 level(s) total to data/families/family-R02064-lm.json (changed=true), 15 hint file(s) written to data/families/hints/.
Wrote family manifest to data/families/family-R02064-lm-manifest.json (15 variant(s) total).
Parent R02064: witness stressMeta.witnessSolution (len 85, 7 jump(s)), 59 movable object instance(s) under strict inventory.
  variant 1 (rotation): accepted F02064-sym-01
  variant 2 (rotation): accepted F02064-sym-02
  variant 3 (rotation): accepted F02064-sym-03
  variant 4 (reflection): accepted F02064-sym-04
  variant 5 (reflection): accepted F02064-sym-05
  variant 6 (reflection): accepted F02064-sym-06
  variant 7 (reflection): accepted F02064-sym-07

7/7 new symmetry sibling(s) generated for R02064 in 7 attempt(s) (budget 7); 7 total in data/families/family-R02064-sym.json.
Wrote 7 level(s) total to data/families/family-R02064-sym.json (changed=true), 7 hint file(s) written to data/families/hints/.
Wrote family manifest to data/families/family-R02064-sym-manifest.json (7 variant(s) total).
portfolio-solve-sweep: corpus=data/families/family-R02064-lm.json levels=15 (15 to solve) scheduler-mode=legacy budget=8000ms node-budget=20000000 workers=4 save-hints=true
  [1/15] L2 (F02064-lm-02) ok=✗
  [2/15] L3 (F02064-lm-03) ok=✗
  [3/15] L1 (F02064-lm-01) ok=✗
  [4/15] L4 (F02064-lm-04) ok=✗
  [5/15] L7 (F02064-lm-07) ok=✗
  [6/15] L6 (F02064-lm-06) ok=✗
  [7/15] L5 (F02064-lm-05) ok=✗
  [8/15] L8 (F02064-lm-08) ok=✗
  [9/15] L12 (F02064-lm-12) ok=✓ legacy [hint saved]
  [10/15] L9 (F02064-lm-09) ok=✗
  [11/15] L10 (F02064-lm-10) ok=✗
  [12/15] L11 (F02064-lm-11) ok=✗
  [13/15] L13 (F02064-lm-13) ok=✗
  [14/15] L15 (F02064-lm-15) ok=✗
  [15/15] L14 (F02064-lm-14) ok=✗
Hints: appended to 1 level(s); 1 hint file(s) changed on disk.
Result: solved=1/15, solvedBeforeFallback=0, fallbackOnly=1, unsolved=14
Wrote logs/family-census/solve-R02064-lm.json
Wrote logs/family-census/solve-R02064-lm-summary.md
portfolio-solve-sweep: corpus=data/families/family-R02064-sym.json levels=7 (7 to solve) scheduler-mode=legacy budget=8000ms node-budget=20000000 workers=4 save-hints=true
  [1/7] L1 (F02064-sym-01) ok=✗
  [2/7] L3 (F02064-sym-03) ok=✗
  [3/7] L2 (F02064-sym-02) ok=✗
  [4/7] L4 (F02064-sym-04) ok=✗
  [5/7] L5 (F02064-sym-05) ok=✗
  [6/7] L6 (F02064-sym-06) ok=✗
  [7/7] L7 (F02064-sym-07) ok=✗
Hints: appended to 0 level(s); 0 hint file(s) changed on disk.
Result: solved=0/7, solvedBeforeFallback=0, fallbackOnly=0, unsolved=7
Wrote logs/family-census/solve-R02064-sym.json
Wrote logs/family-census/solve-R02064-sym-summary.md
[00:08:30] DONE R02064
[00:08:30] START R02099
Parent R02099: witness hint[0] (len 72, 0 jump(s)), 46 movable object instance(s) under strict inventory.
  attempt 1: accepted F02099-lm-01 — moved geese (3,2) -> (4,10)
  attempt 2: accepted F02099-lm-02 — moved blocks (10,6) -> (4,10)
  attempt 3: accepted F02099-lm-03 — moved geese (3,0) -> (9,8)
  attempt 4: accepted F02099-lm-04 — moved falseGoals (10,5) -> (2,0)
  attempt 5: accepted F02099-lm-05 — moved blocks (1,9) -> (9,8)
  attempt 6: accepted F02099-lm-06 — moved flippingFilters (9,0) -> (10,2)
  attempt 7: accepted F02099-lm-07 — moved park (10,9) -> (10,10)
  attempt 8: accepted F02099-lm-08 — moved flippingFilters (9,9) -> (5,9)
  attempt 9: accepted F02099-lm-09 — moved geese (3,0) -> (2,2)
  attempt 10: accepted F02099-lm-10 — moved blocks (4,0) -> (9,10)
  attempt 11: accepted F02099-lm-11 — moved blocks (6,0) -> (7,0)
  attempt 12: accepted F02099-lm-12 — moved geese (3,1) -> (1,0)
  attempt 13: accepted F02099-lm-13 — moved blocks (0,9) -> (10,10)
  attempt 14: accepted F02099-lm-14 — moved geese (1,2) -> (7,0)
  attempt 15: accepted F02099-lm-15 — moved blocks (4,0) -> (9,4)

15/15 new local-mutant sibling(s) generated for R02099 in 15 attempt(s) (budget 600); 15 total in data/families/family-R02099-lm.json.
Wrote 15 level(s) total to data/families/family-R02099-lm.json (changed=true), 15 hint file(s) written to data/families/hints/.
Wrote family manifest to data/families/family-R02099-lm-manifest.json (15 variant(s) total).
Parent R02099: witness hint[0] (len 72, 0 jump(s)), 46 movable object instance(s) under strict inventory.
  variant 1 (rotation): accepted F02099-sym-01
  variant 2 (rotation): accepted F02099-sym-02
  variant 3 (rotation): accepted F02099-sym-03
  variant 4 (reflection): accepted F02099-sym-04
  variant 5 (reflection): accepted F02099-sym-05
  variant 6 (reflection): accepted F02099-sym-06
  variant 7 (reflection): accepted F02099-sym-07

7/7 new symmetry sibling(s) generated for R02099 in 7 attempt(s) (budget 7); 7 total in data/families/family-R02099-sym.json.
Wrote 7 level(s) total to data/families/family-R02099-sym.json (changed=true), 7 hint file(s) written to data/families/hints/.
Wrote family manifest to data/families/family-R02099-sym-manifest.json (7 variant(s) total).
portfolio-solve-sweep: corpus=data/families/family-R02099-lm.json levels=15 (15 to solve) scheduler-mode=legacy budget=8000ms node-budget=20000000 workers=4 save-hints=true
  [1/15] L1 (F02099-lm-01) ok=✗
  [2/15] L4 (F02099-lm-04) ok=✗
  [3/15] L3 (F02099-lm-03) ok=✗
  [4/15] L2 (F02099-lm-02) ok=✗
  [5/15] L8 (F02099-lm-08) ok=✓ legacy [hint saved]
  [6/15] L6 (F02099-lm-06) ok=✗
  [7/15] L5 (F02099-lm-05) ok=✗
  [8/15] L7 (F02099-lm-07) ok=✗
  [9/15] L9 (F02099-lm-09) ok=✗
  [10/15] L10 (F02099-lm-10) ok=✗
  [11/15] L11 (F02099-lm-11) ok=✗
  [12/15] L12 (F02099-lm-12) ok=✗
  [13/15] L15 (F02099-lm-15) ok=✗
  [14/15] L13 (F02099-lm-13) ok=✗
  [15/15] L14 (F02099-lm-14) ok=✗
Hints: appended to 1 level(s); 1 hint file(s) changed on disk.
Result: solved=1/15, solvedBeforeFallback=0, fallbackOnly=1, unsolved=14
Wrote logs/family-census/solve-R02099-lm.json
Wrote logs/family-census/solve-R02099-lm-summary.md
portfolio-solve-sweep: corpus=data/families/family-R02099-sym.json levels=7 (7 to solve) scheduler-mode=legacy budget=8000ms node-budget=20000000 workers=4 save-hints=true
  [1/7] L4 (F02099-sym-04) ok=✗
  [2/7] L3 (F02099-sym-03) ok=✗
  [3/7] L1 (F02099-sym-01) ok=✗
  [4/7] L2 (F02099-sym-02) ok=✗
  [5/7] L5 (F02099-sym-05) ok=✗
  [6/7] L7 (F02099-sym-07) ok=✗
  [7/7] L6 (F02099-sym-06) ok=✗
Hints: appended to 0 level(s); 0 hint file(s) changed on disk.
Result: solved=0/7, solvedBeforeFallback=0, fallbackOnly=0, unsolved=7
Wrote logs/family-census/solve-R02099-sym.json
Wrote logs/family-census/solve-R02099-sym-summary.md
[00:10:08] DONE R02099
[00:10:08] START R02134
Parent R02134: witness hint[0] (len 83, 6 jump(s)), 21 movable object instance(s) under strict inventory.
  attempt 1: accepted F02134-lm-01 — moved lamppost (12,11) -> (12,10)
  attempt 2: accepted F02134-lm-02 — moved statue (4,12) -> (6,3)
  attempt 3: accepted F02134-lm-03 — moved mustPass (11,12) -> (5,11)
  attempt 4: accepted F02134-lm-04 — moved lamppost (9,7) -> (5,5)
  attempt 5: accepted F02134-lm-05 — moved lamppost (0,7) -> (11,6)
  attempt 6: accepted F02134-lm-06 — moved mustPass (10,3) -> (8,8)
  attempt 7: accepted F02134-lm-07 — moved statue (10,9) -> (2,5)
  attempt 8: accepted F02134-lm-08 — moved mustPass (11,11) -> (5,6)
  attempt 9: accepted F02134-lm-09 — moved mustPass (11,12) -> (3,5)
  attempt 10: accepted F02134-lm-10 — moved market (11,5) -> (3,4)
  attempt 11: accepted F02134-lm-11 — moved lamppost (0,7) -> (12,5)
  attempt 12: accepted F02134-lm-12 — moved lamppost (9,7) -> (8,8)
  attempt 13: accepted F02134-lm-13 — moved mustPass (5,0) -> (4,6)
  attempt 14: accepted F02134-lm-14 — moved market (4,7) -> (6,1)
  attempt 15: accepted F02134-lm-15 — moved mustPass (9,0) -> (9,6)

15/15 new local-mutant sibling(s) generated for R02134 in 15 attempt(s) (budget 600); 15 total in data/families/family-R02134-lm.json.
Wrote 15 level(s) total to data/families/family-R02134-lm.json (changed=true), 15 hint file(s) written to data/families/hints/.
Wrote family manifest to data/families/family-R02134-lm-manifest.json (15 variant(s) total).
Parent R02134: witness hint[0] (len 83, 6 jump(s)), 21 movable object instance(s) under strict inventory.
  variant 1 (rotation): accepted F02134-sym-01
  variant 2 (rotation): accepted F02134-sym-02
  variant 3 (rotation): accepted F02134-sym-03
  variant 4 (reflection): accepted F02134-sym-04
  variant 5 (reflection): accepted F02134-sym-05
  variant 6 (reflection): accepted F02134-sym-06
  variant 7 (reflection): accepted F02134-sym-07

7/7 new symmetry sibling(s) generated for R02134 in 7 attempt(s) (budget 7); 7 total in data/families/family-R02134-sym.json.
Wrote 7 level(s) total to data/families/family-R02134-sym.json (changed=true), 7 hint file(s) written to data/families/hints/.
Wrote family manifest to data/families/family-R02134-sym-manifest.json (7 variant(s) total).
portfolio-solve-sweep: corpus=data/families/family-R02134-lm.json levels=15 (15 to solve) scheduler-mode=legacy budget=8000ms node-budget=20000000 workers=4 save-hints=true
  [1/15] L3 (F02134-lm-03) ok=✓ legacy [hint saved]
  [2/15] L4 (F02134-lm-04) ok=✗
  [3/15] L2 (F02134-lm-02) ok=✗
  [4/15] L1 (F02134-lm-01) ok=✗
  [5/15] L5 (F02134-lm-05) ok=✗
  [6/15] L7 (F02134-lm-07) ok=✗
  [7/15] L6 (F02134-lm-06) ok=✗
  [8/15] L8 (F02134-lm-08) ok=✗
  [9/15] L9 (F02134-lm-09) ok=✗
  [10/15] L10 (F02134-lm-10) ok=✗
  [11/15] L12 (F02134-lm-12) ok=✗
  [12/15] L11 (F02134-lm-11) ok=✗
  [13/15] L15 (F02134-lm-15) ok=✗
  [14/15] L13 (F02134-lm-13) ok=✗
  [15/15] L14 (F02134-lm-14) ok=✗
Hints: appended to 1 level(s); 1 hint file(s) changed on disk.
Result: solved=1/15, solvedBeforeFallback=0, fallbackOnly=1, unsolved=14
Wrote logs/family-census/solve-R02134-lm.json
Wrote logs/family-census/solve-R02134-lm-summary.md
portfolio-solve-sweep: corpus=data/families/family-R02134-sym.json levels=7 (7 to solve) scheduler-mode=legacy budget=8000ms node-budget=20000000 workers=4 save-hints=true
  [1/7] L1 (F02134-sym-01) ok=✗
  [2/7] L2 (F02134-sym-02) ok=✗
  [3/7] L4 (F02134-sym-04) ok=✗
  [4/7] L3 (F02134-sym-03) ok=✗
  [5/7] L7 (F02134-sym-07) ok=✗
  [6/7] L5 (F02134-sym-05) ok=✗
  [7/7] L6 (F02134-sym-06) ok=✗
Hints: appended to 0 level(s); 0 hint file(s) changed on disk.
Result: solved=0/7, solvedBeforeFallback=0, fallbackOnly=0, unsolved=7
Wrote logs/family-census/solve-R02134-sym.json
Wrote logs/family-census/solve-R02134-sym-summary.md
[00:12:41] DONE R02134
[00:12:41] START R02172
Parent R02172: witness stressMeta.witnessSolution (len 90, 6 jump(s)), 20 movable object instance(s) under strict inventory.
  attempt 1: accepted F02172-lm-01 — moved statue (10,3) -> (2,10)
  attempt 2: accepted F02172-lm-02 — moved falseGoals (0,8) -> (0,9)
  attempt 3: accepted F02172-lm-03 — moved fountain (8,4) -> (5,6)
  attempt 4: accepted F02172-lm-04 — moved falseGoals (10,9) -> (6,6)
  attempt 5: accepted F02172-lm-05 — moved lamppost (4,2) -> (6,1)
  attempt 6: accepted F02172-lm-06 — moved falseGoals (10,8) -> (2,9)
  attempt 7: accepted F02172-lm-07 — moved fountain (8,4) -> (5,2)
  attempt 8: accepted F02172-lm-08 — moved falseGoals (5,7) -> (0,9)
  attempt 9: accepted F02172-lm-09 — moved falseGoals (5,7) -> (2,10)
  attempt 10: accepted F02172-lm-10 — moved falseGoals (10,9) -> (6,1)
  attempt 11: accepted F02172-lm-11 — moved falseGoals (10,9) -> (5,2)
  attempt 12: accepted F02172-lm-12 — moved lamppost (10,10) -> (6,1)
  attempt 13: accepted F02172-lm-13 — moved fountain (8,4) -> (10,4)
  attempt 14: rejected — degenerate duplicate of parent or another accepted variant
  attempt 15: accepted F02172-lm-14 — moved falseGoals (10,9) -> (0,10)
  attempt 16: rejected — degenerate duplicate of parent or another accepted variant
  attempt 17: accepted F02172-lm-15 — moved lamppost (10,10) -> (9,8)

15/15 new local-mutant sibling(s) generated for R02172 in 17 attempt(s) (budget 600); 15 total in data/families/family-R02172-lm.json.
Wrote 15 level(s) total to data/families/family-R02172-lm.json (changed=true), 15 hint file(s) written to data/families/hints/.
Wrote family manifest to data/families/family-R02172-lm-manifest.json (15 variant(s) total).
Parent R02172: witness stressMeta.witnessSolution (len 90, 6 jump(s)), 20 movable object instance(s) under strict inventory.
  variant 1 (rotation): accepted F02172-sym-01
  variant 2 (rotation): accepted F02172-sym-02
  variant 3 (rotation): accepted F02172-sym-03
  variant 4 (reflection): accepted F02172-sym-04
  variant 5 (reflection): accepted F02172-sym-05
  variant 6 (reflection): accepted F02172-sym-06
  variant 7 (reflection): accepted F02172-sym-07

7/7 new symmetry sibling(s) generated for R02172 in 7 attempt(s) (budget 7); 7 total in data/families/family-R02172-sym.json.
Wrote 7 level(s) total to data/families/family-R02172-sym.json (changed=true), 7 hint file(s) written to data/families/hints/.
Wrote family manifest to data/families/family-R02172-sym-manifest.json (7 variant(s) total).
portfolio-solve-sweep: corpus=data/families/family-R02172-lm.json levels=15 (15 to solve) scheduler-mode=legacy budget=8000ms node-budget=20000000 workers=4 save-hints=true
  [1/15] L1 (F02172-lm-01) ok=✗
  [2/15] L3 (F02172-lm-03) ok=✗
  [3/15] L2 (F02172-lm-02) ok=✗
  [4/15] L4 (F02172-lm-04) ok=✗
  [5/15] L7 (F02172-lm-07) ok=✗
  [6/15] L6 (F02172-lm-06) ok=✗
  [7/15] L5 (F02172-lm-05) ok=✗
  [8/15] L8 (F02172-lm-08) ok=✗
  [9/15] L12 (F02172-lm-12) ok=✗
  [10/15] L9 (F02172-lm-09) ok=✗
  [11/15] L10 (F02172-lm-10) ok=✗
  [12/15] L11 (F02172-lm-11) ok=✗
  [13/15] L13 (F02172-lm-13) ok=✗
  [14/15] L14 (F02172-lm-14) ok=✗
  [15/15] L15 (F02172-lm-15) ok=✗
Hints: appended to 0 level(s); 0 hint file(s) changed on disk.
Result: solved=0/15, solvedBeforeFallback=0, fallbackOnly=0, unsolved=15
Wrote logs/family-census/solve-R02172-lm.json
Wrote logs/family-census/solve-R02172-lm-summary.md
portfolio-solve-sweep: corpus=data/families/family-R02172-sym.json levels=7 (7 to solve) scheduler-mode=legacy budget=8000ms node-budget=20000000 workers=4 save-hints=true
  [1/7] L3 (F02172-sym-03) ok=✗
  [2/7] L2 (F02172-sym-02) ok=✗
  [3/7] L1 (F02172-sym-01) ok=✗
  [4/7] L4 (F02172-sym-04) ok=✗
  [5/7] L7 (F02172-sym-07) ok=✗
  [6/7] L5 (F02172-sym-05) ok=✗
  [7/7] L6 (F02172-sym-06) ok=✗
Hints: appended to 0 level(s); 0 hint file(s) changed on disk.
Result: solved=0/7, solvedBeforeFallback=0, fallbackOnly=0, unsolved=7
Wrote logs/family-census/solve-R02172-sym.json
Wrote logs/family-census/solve-R02172-sym-summary.md
[00:15:16] DONE R02172
[00:15:16] START R02205
Parent R02205: witness stressMeta.witnessSolution (len 77, 4 jump(s)), 56 movable object instance(s) under strict inventory.
  attempt 1: accepted F02205-lm-01 — moved statue (7,1) -> (5,8)
  attempt 2: accepted F02205-lm-02 — moved blocks (0,7) -> (0,9)
  attempt 3: accepted F02205-lm-03 — moved library (9,10) -> (5,8)
  attempt 4: accepted F02205-lm-04 — moved geese (1,6) -> (5,9)
  attempt 5: accepted F02205-lm-05 — moved statue (6,2) -> (2,4)
  attempt 6: accepted F02205-lm-06 — moved blocks (1,5) -> (5,8)
  attempt 7: accepted F02205-lm-07 — moved mustPass (7,4) -> (5,7)
  attempt 8: accepted F02205-lm-08 — moved blocks (0,8) -> (6,5)
  attempt 9: accepted F02205-lm-09 — moved blocks (5,2) -> (5,9)
  attempt 10: accepted F02205-lm-10 — moved blocks (6,10) -> (2,4)
  attempt 11: accepted F02205-lm-11 — moved market (10,0) -> (2,5)
  attempt 12: accepted F02205-lm-12 — moved library (7,6) -> (5,8)
  attempt 13: accepted F02205-lm-13 — moved mustPass (10,2) -> (9,6)
  attempt 14: accepted F02205-lm-14 — moved lamppost (9,0) -> (2,4)
  attempt 15: accepted F02205-lm-15 — moved geese (4,8) -> (5,9)

15/15 new local-mutant sibling(s) generated for R02205 in 15 attempt(s) (budget 600); 15 total in data/families/family-R02205-lm.json.
Wrote 15 level(s) total to data/families/family-R02205-lm.json (changed=true), 15 hint file(s) written to data/families/hints/.
Wrote family manifest to data/families/family-R02205-lm-manifest.json (15 variant(s) total).
Parent R02205: witness stressMeta.witnessSolution (len 77, 4 jump(s)), 56 movable object instance(s) under strict inventory.
  variant 1 (rotation): accepted F02205-sym-01
  variant 2 (rotation): accepted F02205-sym-02
  variant 3 (rotation): accepted F02205-sym-03
  variant 4 (reflection): accepted F02205-sym-04
  variant 5 (reflection): accepted F02205-sym-05
  variant 6 (reflection): accepted F02205-sym-06
  variant 7 (reflection): accepted F02205-sym-07

7/7 new symmetry sibling(s) generated for R02205 in 7 attempt(s) (budget 7); 7 total in data/families/family-R02205-sym.json.
Wrote 7 level(s) total to data/families/family-R02205-sym.json (changed=true), 7 hint file(s) written to data/families/hints/.
Wrote family manifest to data/families/family-R02205-sym-manifest.json (7 variant(s) total).
portfolio-solve-sweep: corpus=data/families/family-R02205-lm.json levels=15 (15 to solve) scheduler-mode=legacy budget=8000ms node-budget=20000000 workers=4 save-hints=true
  [1/15] L2 (F02205-lm-02) ok=✗
  [2/15] L1 (F02205-lm-01) ok=✗
  [3/15] L4 (F02205-lm-04) ok=✗
  [4/15] L3 (F02205-lm-03) ok=✗
  [5/15] L6 (F02205-lm-06) ok=✗
  [6/15] L5 (F02205-lm-05) ok=✗
  [7/15] L7 (F02205-lm-07) ok=✗
  [8/15] L8 (F02205-lm-08) ok=✗
  [9/15] L9 (F02205-lm-09) ok=✗
  [10/15] L10 (F02205-lm-10) ok=✗
  [11/15] L11 (F02205-lm-11) ok=✗
  [12/15] L12 (F02205-lm-12) ok=✗
  [13/15] L13 (F02205-lm-13) ok=✗
  [14/15] L14 (F02205-lm-14) ok=✗
  [15/15] L15 (F02205-lm-15) ok=✗
Hints: appended to 0 level(s); 0 hint file(s) changed on disk.
Result: solved=0/15, solvedBeforeFallback=0, fallbackOnly=0, unsolved=15
Wrote logs/family-census/solve-R02205-lm.json
Wrote logs/family-census/solve-R02205-lm-summary.md
portfolio-solve-sweep: corpus=data/families/family-R02205-sym.json levels=7 (7 to solve) scheduler-mode=legacy budget=8000ms node-budget=20000000 workers=4 save-hints=true
  [1/7] L4 (F02205-sym-04) ok=✗
  [2/7] L1 (F02205-sym-01) ok=✗
  [3/7] L3 (F02205-sym-03) ok=✗
  [4/7] L2 (F02205-sym-02) ok=✗
  [5/7] L5 (F02205-sym-05) ok=✗
  [6/7] L6 (F02205-sym-06) ok=✗
  [7/7] L7 (F02205-sym-07) ok=✗
Hints: appended to 0 level(s); 0 hint file(s) changed on disk.
Result: solved=0/7, solvedBeforeFallback=0, fallbackOnly=0, unsolved=7
Wrote logs/family-census/solve-R02205-sym.json
Wrote logs/family-census/solve-R02205-sym-summary.md
[00:21:14] DONE R02205
[00:21:14] START R02251
Parent R02251: witness stressMeta.witnessSolution (len 111, 5 jump(s)), 56 movable object instance(s) under strict inventory.
  attempt 1: accepted F02251-lm-01 — moved fountain (6,12) -> (5,5)
  attempt 2: accepted F02251-lm-02 — moved geese (3,11) -> (10,11)
  attempt 3: accepted F02251-lm-03 — moved blocks (12,11) -> (12,9)
  attempt 4: accepted F02251-lm-04 — moved geese (10,9) -> (11,11)
  attempt 5: accepted F02251-lm-05 — moved blocks (4,11) -> (11,8)
  attempt 6: accepted F02251-lm-06 — moved blocks (10,8) -> (8,0)
  attempt 7: accepted F02251-lm-07 — moved geese (12,8) -> (5,9)
  attempt 8: accepted F02251-lm-08 — moved lamppost (7,12) -> (5,5)
  attempt 9: accepted F02251-lm-09 — moved mustPass (11,2) -> (11,6)
  attempt 10: accepted F02251-lm-10 — moved blocks (12,11) -> (8,0)
  attempt 11: accepted F02251-lm-11 — moved blocks (3,3) -> (11,11)
  attempt 12: accepted F02251-lm-12 — moved blocks (10,8) -> (3,0)
  attempt 13: accepted F02251-lm-13 — moved geese (10,9) -> (10,12)
  attempt 14: accepted F02251-lm-14 — moved market (9,5) -> (10,12)
  attempt 15: accepted F02251-lm-15 — moved blocks (12,11) -> (3,0)

15/15 new local-mutant sibling(s) generated for R02251 in 15 attempt(s) (budget 600); 15 total in data/families/family-R02251-lm.json.
Wrote 15 level(s) total to data/families/family-R02251-lm.json (changed=true), 15 hint file(s) written to data/families/hints/.
Wrote family manifest to data/families/family-R02251-lm-manifest.json (15 variant(s) total).
Parent R02251: witness stressMeta.witnessSolution (len 111, 5 jump(s)), 56 movable object instance(s) under strict inventory.
  variant 1 (rotation): accepted F02251-sym-01
  variant 2 (rotation): accepted F02251-sym-02
  variant 3 (rotation): accepted F02251-sym-03
  variant 4 (reflection): accepted F02251-sym-04
  variant 5 (reflection): accepted F02251-sym-05
  variant 6 (reflection): accepted F02251-sym-06
  variant 7 (reflection): accepted F02251-sym-07

7/7 new symmetry sibling(s) generated for R02251 in 7 attempt(s) (budget 7); 7 total in data/families/family-R02251-sym.json.
Wrote 7 level(s) total to data/families/family-R02251-sym.json (changed=true), 7 hint file(s) written to data/families/hints/.
Wrote family manifest to data/families/family-R02251-sym-manifest.json (7 variant(s) total).
portfolio-solve-sweep: corpus=data/families/family-R02251-lm.json levels=15 (15 to solve) scheduler-mode=legacy budget=8000ms node-budget=20000000 workers=4 save-hints=true
  [1/15] L4 (F02251-lm-04) ok=✗
  [2/15] L1 (F02251-lm-01) ok=✗
  [3/15] L2 (F02251-lm-02) ok=✗
  [4/15] L3 (F02251-lm-03) ok=✗
  [5/15] L6 (F02251-lm-06) ok=✗
  [6/15] L7 (F02251-lm-07) ok=✗
  [7/15] L5 (F02251-lm-05) ok=✗
  [8/15] L8 (F02251-lm-08) ok=✗
  [9/15] L9 (F02251-lm-09) ok=✗
  [10/15] L10 (F02251-lm-10) ok=✗
  [11/15] L11 (F02251-lm-11) ok=✗
  [12/15] L12 (F02251-lm-12) ok=✗
  [13/15] L14 (F02251-lm-14) ok=✗
  [14/15] L13 (F02251-lm-13) ok=✗
  [15/15] L15 (F02251-lm-15) ok=✗
Hints: appended to 0 level(s); 0 hint file(s) changed on disk.
Result: solved=0/15, solvedBeforeFallback=0, fallbackOnly=0, unsolved=15
Wrote logs/family-census/solve-R02251-lm.json
Wrote logs/family-census/solve-R02251-lm-summary.md
portfolio-solve-sweep: corpus=data/families/family-R02251-sym.json levels=7 (7 to solve) scheduler-mode=legacy budget=8000ms node-budget=20000000 workers=4 save-hints=true
  [1/7] L2 (F02251-sym-02) ok=✗
  [2/7] L1 (F02251-sym-01) ok=✗
  [3/7] L4 (F02251-sym-04) ok=✗
  [4/7] L3 (F02251-sym-03) ok=✗
  [5/7] L6 (F02251-sym-06) ok=✗
  [6/7] L7 (F02251-sym-07) ok=✗
  [7/7] L5 (F02251-sym-05) ok=✗
Hints: appended to 0 level(s); 0 hint file(s) changed on disk.
Result: solved=0/7, solvedBeforeFallback=0, fallbackOnly=0, unsolved=7
Wrote logs/family-census/solve-R02251-sym.json
Wrote logs/family-census/solve-R02251-sym-summary.md
[00:26:01] DONE R02251
[00:26:01] START R02287
Parent R02287: witness stressMeta.witnessSolution (len 121, 6 jump(s)), 40 movable object instance(s) under strict inventory.
  attempt 1: accepted F02287-lm-01 — moved flippingFilters (1,1) -> (3,9)
  attempt 2: accepted F02287-lm-02 — moved blocks (8,7) -> (2,13)
  attempt 3: accepted F02287-lm-03 — moved geese (5,0) -> (1,4)
  attempt 4: accepted F02287-lm-04 — moved market (1,3) -> (1,13)
  attempt 5: accepted F02287-lm-05 — moved geese (2,12) -> (0,10)
  attempt 6: accepted F02287-lm-06 — moved geese (3,10) -> (1,4)
  attempt 7: accepted F02287-lm-07 — moved blocks (1,12) -> (7,10)
  attempt 8: accepted F02287-lm-08 — moved blocks (8,5) -> (4,9)
  attempt 9: accepted F02287-lm-09 — moved geese (2,12) -> (5,5)
  attempt 10: accepted F02287-lm-10 — moved flippingFilters (9,4) -> (7,0)
  attempt 11: accepted F02287-lm-11 — moved blocks (4,10) -> (6,6)
  attempt 12: accepted F02287-lm-12 — moved park (13,0) -> (1,8)
  attempt 13: accepted F02287-lm-13 — moved flippingFilters (12,8) -> (11,2)
  attempt 14: accepted F02287-lm-14 — moved blocks (8,5) -> (2,13)
  attempt 15: accepted F02287-lm-15 — moved blocks (1,12) -> (1,2)

15/15 new local-mutant sibling(s) generated for R02287 in 15 attempt(s) (budget 600); 15 total in data/families/family-R02287-lm.json.
Wrote 15 level(s) total to data/families/family-R02287-lm.json (changed=true), 15 hint file(s) written to data/families/hints/.
Wrote family manifest to data/families/family-R02287-lm-manifest.json (15 variant(s) total).
Parent R02287: witness stressMeta.witnessSolution (len 121, 6 jump(s)), 40 movable object instance(s) under strict inventory.
  variant 1 (rotation): accepted F02287-sym-01
  variant 2 (rotation): accepted F02287-sym-02
  variant 3 (rotation): accepted F02287-sym-03
  variant 4 (reflection): accepted F02287-sym-04
  variant 5 (reflection): accepted F02287-sym-05
  variant 6 (reflection): accepted F02287-sym-06
  variant 7 (reflection): accepted F02287-sym-07

7/7 new symmetry sibling(s) generated for R02287 in 7 attempt(s) (budget 7); 7 total in data/families/family-R02287-sym.json.
Wrote 7 level(s) total to data/families/family-R02287-sym.json (changed=true), 7 hint file(s) written to data/families/hints/.
Wrote family manifest to data/families/family-R02287-sym-manifest.json (7 variant(s) total).
portfolio-solve-sweep: corpus=data/families/family-R02287-lm.json levels=15 (15 to solve) scheduler-mode=legacy budget=8000ms node-budget=20000000 workers=4 save-hints=true
  [1/15] L2 (F02287-lm-02) ok=✗
  [2/15] L4 (F02287-lm-04) ok=✗
  [3/15] L3 (F02287-lm-03) ok=✗
  [4/15] L1 (F02287-lm-01) ok=✗
  [5/15] L6 (F02287-lm-06) ok=✗
  [6/15] L5 (F02287-lm-05) ok=✗
  [7/15] L8 (F02287-lm-08) ok=✗
  [8/15] L7 (F02287-lm-07) ok=✗
  [9/15] L10 (F02287-lm-10) ok=✗
  [10/15] L9 (F02287-lm-09) ok=✗
  [11/15] L11 (F02287-lm-11) ok=✗
  [12/15] L12 (F02287-lm-12) ok=✗
  [13/15] L13 (F02287-lm-13) ok=✗
  [14/15] L15 (F02287-lm-15) ok=✗
  [15/15] L14 (F02287-lm-14) ok=✗
Hints: appended to 0 level(s); 0 hint file(s) changed on disk.
Result: solved=0/15, solvedBeforeFallback=0, fallbackOnly=0, unsolved=15
Wrote logs/family-census/solve-R02287-lm.json
Wrote logs/family-census/solve-R02287-lm-summary.md
portfolio-solve-sweep: corpus=data/families/family-R02287-sym.json levels=7 (7 to solve) scheduler-mode=legacy budget=8000ms node-budget=20000000 workers=4 save-hints=true
  [1/7] L3 (F02287-sym-03) ok=✗
  [2/7] L2 (F02287-sym-02) ok=✗
  [3/7] L4 (F02287-sym-04) ok=✗
  [4/7] L1 (F02287-sym-01) ok=✗
  [5/7] L7 (F02287-sym-07) ok=✗
  [6/7] L5 (F02287-sym-05) ok=✗
  [7/7] L6 (F02287-sym-06) ok=✗
Hints: appended to 0 level(s); 0 hint file(s) changed on disk.
Result: solved=0/7, solvedBeforeFallback=0, fallbackOnly=0, unsolved=7
Wrote logs/family-census/solve-R02287-sym.json
Wrote logs/family-census/solve-R02287-sym-summary.md
[00:28:01] DONE R02287
[00:28:01] START R02325
Parent R02325: witness stressMeta.witnessSolution (len 78, 6 jump(s)), 52 movable object instance(s) under strict inventory.
  attempt 1: accepted F02325-lm-01 — moved flippingFilters (5,1) -> (10,4)
  attempt 2: accepted F02325-lm-02 — moved park (1,0) -> (10,5)
  attempt 3: accepted F02325-lm-03 — moved blocks (8,5) -> (7,0)
  attempt 4: accepted F02325-lm-04 — moved falseGoals (1,6) -> (7,0)
  attempt 5: accepted F02325-lm-05 — moved geese (0,10) -> (7,0)
  attempt 6: accepted F02325-lm-06 — moved blocks (0,3) -> (10,0)
  attempt 7: accepted F02325-lm-07 — moved blocks (7,1) -> (9,0)
  attempt 8: accepted F02325-lm-08 — moved flippingFilters (3,9) -> (6,1)
  attempt 9: accepted F02325-lm-09 — moved flippingFilters (9,6) -> (9,2)
  attempt 10: accepted F02325-lm-10 — moved park (1,0) -> (5,0)
  attempt 11: accepted F02325-lm-11 — moved mustPass (1,2) -> (6,10)
  attempt 12: accepted F02325-lm-12 — moved flippingFilters (9,6) -> (10,0)
  attempt 13: accepted F02325-lm-13 — moved flippingFilters (5,1) -> (7,0)
  attempt 14: accepted F02325-lm-14 — moved geese (0,6) -> (10,0)
  attempt 15: accepted F02325-lm-15 — moved mustPass (4,5) -> (4,7)

15/15 new local-mutant sibling(s) generated for R02325 in 15 attempt(s) (budget 600); 15 total in data/families/family-R02325-lm.json.
Wrote 15 level(s) total to data/families/family-R02325-lm.json (changed=true), 15 hint file(s) written to data/families/hints/.
Wrote family manifest to data/families/family-R02325-lm-manifest.json (15 variant(s) total).
Parent R02325: witness stressMeta.witnessSolution (len 78, 6 jump(s)), 52 movable object instance(s) under strict inventory.
  variant 1 (rotation): accepted F02325-sym-01
  variant 2 (rotation): accepted F02325-sym-02
  variant 3 (rotation): accepted F02325-sym-03
  variant 4 (reflection): accepted F02325-sym-04
  variant 5 (reflection): accepted F02325-sym-05
  variant 6 (reflection): accepted F02325-sym-06
  variant 7 (reflection): accepted F02325-sym-07

7/7 new symmetry sibling(s) generated for R02325 in 7 attempt(s) (budget 7); 7 total in data/families/family-R02325-sym.json.
Wrote 7 level(s) total to data/families/family-R02325-sym.json (changed=true), 7 hint file(s) written to data/families/hints/.
Wrote family manifest to data/families/family-R02325-sym-manifest.json (7 variant(s) total).
portfolio-solve-sweep: corpus=data/families/family-R02325-lm.json levels=15 (15 to solve) scheduler-mode=legacy budget=8000ms node-budget=20000000 workers=4 save-hints=true
  [1/15] L1 (F02325-lm-01) ok=✗
  [2/15] L4 (F02325-lm-04) ok=✗
  [3/15] L3 (F02325-lm-03) ok=✗
  [4/15] L2 (F02325-lm-02) ok=✗
  [5/15] L5 (F02325-lm-05) ok=✗
  [6/15] L8 (F02325-lm-08) ok=✗
  [7/15] L6 (F02325-lm-06) ok=✗
  [8/15] L7 (F02325-lm-07) ok=✗
  [9/15] L9 (F02325-lm-09) ok=✗
  [10/15] L10 (F02325-lm-10) ok=✗
  [11/15] L11 (F02325-lm-11) ok=✗
  [12/15] L12 (F02325-lm-12) ok=✗
  [13/15] L14 (F02325-lm-14) ok=✗
  [14/15] L13 (F02325-lm-13) ok=✗
  [15/15] L15 (F02325-lm-15) ok=✗
Hints: appended to 0 level(s); 0 hint file(s) changed on disk.
Result: solved=0/15, solvedBeforeFallback=0, fallbackOnly=0, unsolved=15
Wrote logs/family-census/solve-R02325-lm.json
Wrote logs/family-census/solve-R02325-lm-summary.md
portfolio-solve-sweep: corpus=data/families/family-R02325-sym.json levels=7 (7 to solve) scheduler-mode=legacy budget=8000ms node-budget=20000000 workers=4 save-hints=true
  [1/7] L2 (F02325-sym-02) ok=✗
  [2/7] L3 (F02325-sym-03) ok=✗
  [3/7] L1 (F02325-sym-01) ok=✗
  [4/7] L4 (F02325-sym-04) ok=✗
  [5/7] L6 (F02325-sym-06) ok=✗
  [6/7] L5 (F02325-sym-05) ok=✗
  [7/7] L7 (F02325-sym-07) ok=✗
Hints: appended to 0 level(s); 0 hint file(s) changed on disk.
Result: solved=0/7, solvedBeforeFallback=0, fallbackOnly=0, unsolved=7
Wrote logs/family-census/solve-R02325-sym.json
Wrote logs/family-census/solve-R02325-sym-summary.md
[00:30:11] DONE R02325
[00:30:11] START R02366
Parent R02366: witness hint[0] (len 106, 0 jump(s)), 64 movable object instance(s) under strict inventory.
  attempt 1: accepted F02366-lm-01 — moved blocks (9,8) -> (10,11)
  attempt 2: accepted F02366-lm-02 — moved blocks (10,8) -> (0,2)
  attempt 3: accepted F02366-lm-03 — moved market (8,0) -> (0,1)
  attempt 4: accepted F02366-lm-04 — moved market (9,5) -> (0,2)
  attempt 5: accepted F02366-lm-05 — moved blocks (11,7) -> (9,7)
  attempt 6: accepted F02366-lm-06 — moved park (12,6) -> (0,1)
  attempt 7: accepted F02366-lm-07 — moved blocks (2,12) -> (0,1)
  attempt 8: accepted F02366-lm-08 — moved mustCross (9,3) -> (2,4)
  attempt 9: accepted F02366-lm-09 — moved blocks (9,10) -> (3,2)
  attempt 10: accepted F02366-lm-10 — moved lamppost (11,3) -> (5,8)
  attempt 11: accepted F02366-lm-11 — moved flippingFilters (4,10) -> (3,10)
  attempt 12: accepted F02366-lm-12 — moved blocks (11,6) -> (0,2)
  attempt 13: accepted F02366-lm-13 — moved market (8,0) -> (0,5)
  attempt 14: accepted F02366-lm-14 — moved falseGoals (9,6) -> (0,5)
  attempt 15: accepted F02366-lm-15 — moved blocks (8,7) -> (1,7)

15/15 new local-mutant sibling(s) generated for R02366 in 15 attempt(s) (budget 600); 15 total in data/families/family-R02366-lm.json.
Wrote 15 level(s) total to data/families/family-R02366-lm.json (changed=true), 15 hint file(s) written to data/families/hints/.
Wrote family manifest to data/families/family-R02366-lm-manifest.json (15 variant(s) total).
Parent R02366: witness hint[0] (len 106, 0 jump(s)), 64 movable object instance(s) under strict inventory.
  variant 1 (rotation): accepted F02366-sym-01
  variant 2 (rotation): accepted F02366-sym-02
  variant 3 (rotation): accepted F02366-sym-03
  variant 4 (reflection): accepted F02366-sym-04
  variant 5 (reflection): accepted F02366-sym-05
  variant 6 (reflection): accepted F02366-sym-06
  variant 7 (reflection): accepted F02366-sym-07

7/7 new symmetry sibling(s) generated for R02366 in 7 attempt(s) (budget 7); 7 total in data/families/family-R02366-sym.json.
Wrote 7 level(s) total to data/families/family-R02366-sym.json (changed=true), 7 hint file(s) written to data/families/hints/.
Wrote family manifest to data/families/family-R02366-sym-manifest.json (7 variant(s) total).
portfolio-solve-sweep: corpus=data/families/family-R02366-lm.json levels=15 (15 to solve) scheduler-mode=legacy budget=8000ms node-budget=20000000 workers=4 save-hints=true
  [1/15] L4 (F02366-lm-04) ok=✗
  [2/15] L3 (F02366-lm-03) ok=✗
  [3/15] L2 (F02366-lm-02) ok=✗
  [4/15] L1 (F02366-lm-01) ok=✗
  [5/15] L8 (F02366-lm-08) ok=✓ legacy [hint saved]
  [6/15] L5 (F02366-lm-05) ok=✗
  [7/15] L6 (F02366-lm-06) ok=✗
  [8/15] L9 (F02366-lm-09) ok=✗
  [9/15] L11 (F02366-lm-11) ok=✓ legacy [hint saved]
  [10/15] L7 (F02366-lm-07) ok=✗
  [11/15] L10 (F02366-lm-10) ok=✗
  [12/15] L15 (F02366-lm-15) ok=✓ legacy [hint saved]
  [13/15] L12 (F02366-lm-12) ok=✗
  [14/15] L13 (F02366-lm-13) ok=✗
  [15/15] L14 (F02366-lm-14) ok=✗
Hints: appended to 3 level(s); 3 hint file(s) changed on disk.
Result: solved=3/15, solvedBeforeFallback=0, fallbackOnly=3, unsolved=12
Wrote logs/family-census/solve-R02366-lm.json
Wrote logs/family-census/solve-R02366-lm-summary.md
portfolio-solve-sweep: corpus=data/families/family-R02366-sym.json levels=7 (7 to solve) scheduler-mode=legacy budget=8000ms node-budget=20000000 workers=4 save-hints=true
  [1/7] L3 (F02366-sym-03) ok=✗
  [2/7] L2 (F02366-sym-02) ok=✗
  [3/7] L1 (F02366-sym-01) ok=✗
  [4/7] L4 (F02366-sym-04) ok=✗
  [5/7] L5 (F02366-sym-05) ok=✗
  [6/7] L6 (F02366-sym-06) ok=✗
  [7/7] L7 (F02366-sym-07) ok=✗
Hints: appended to 0 level(s); 0 hint file(s) changed on disk.
Result: solved=0/7, solvedBeforeFallback=0, fallbackOnly=0, unsolved=7
Wrote logs/family-census/solve-R02366-sym.json
Wrote logs/family-census/solve-R02366-sym-summary.md
[00:33:38] DONE R02366
[00:33:38] START R02401
Parent R02401: witness stressMeta.witnessSolution (len 101, 0 jump(s)), 69 movable object instance(s) under strict inventory.
  attempt 1: accepted F02401-lm-01 — moved blocks (4,9) -> (7,11)
  attempt 2: accepted F02401-lm-02 — moved mustPass (11,9) -> (7,5)
  attempt 3: accepted F02401-lm-03 — moved falseGoals (12,2) -> (12,1)
  attempt 4: accepted F02401-lm-04 — moved blocks (0,5) -> (0,3)
  attempt 5: accepted F02401-lm-05 — moved library (4,8) -> (5,1)
  attempt 6: accepted F02401-lm-06 — moved flippingFilters (9,9) -> (7,9)
  attempt 7: accepted F02401-lm-07 — moved flippingFilters (8,6) -> (1,2)
  attempt 8: accepted F02401-lm-08 — moved mustCross (6,10) -> (1,11)
  attempt 9: accepted F02401-lm-09 — moved blocks (10,2) -> (12,1)
  attempt 10: accepted F02401-lm-10 — moved library (9,3) -> (9,4)
  attempt 11: accepted F02401-lm-11 — moved geese (3,3) -> (12,1)
  attempt 12: accepted F02401-lm-12 — moved blocks (0,1) -> (11,2)
  attempt 13: accepted F02401-lm-13 — moved falseGoals (1,3) -> (0,2)
  attempt 14: accepted F02401-lm-14 — moved mustCross (8,10) -> (1,11)
  attempt 15: accepted F02401-lm-15 — moved blocks (4,0) -> (7,3)

15/15 new local-mutant sibling(s) generated for R02401 in 15 attempt(s) (budget 600); 15 total in data/families/family-R02401-lm.json.
Wrote 15 level(s) total to data/families/family-R02401-lm.json (changed=true), 15 hint file(s) written to data/families/hints/.
Wrote family manifest to data/families/family-R02401-lm-manifest.json (15 variant(s) total).
Parent R02401: witness stressMeta.witnessSolution (len 101, 0 jump(s)), 69 movable object instance(s) under strict inventory.
  variant 1 (rotation): accepted F02401-sym-01
  variant 2 (rotation): accepted F02401-sym-02
  variant 3 (rotation): accepted F02401-sym-03
  variant 4 (reflection): accepted F02401-sym-04
  variant 5 (reflection): accepted F02401-sym-05
  variant 6 (reflection): accepted F02401-sym-06
  variant 7 (reflection): accepted F02401-sym-07

7/7 new symmetry sibling(s) generated for R02401 in 7 attempt(s) (budget 7); 7 total in data/families/family-R02401-sym.json.
Wrote 7 level(s) total to data/families/family-R02401-sym.json (changed=true), 7 hint file(s) written to data/families/hints/.
Wrote family manifest to data/families/family-R02401-sym-manifest.json (7 variant(s) total).
portfolio-solve-sweep: corpus=data/families/family-R02401-lm.json levels=15 (15 to solve) scheduler-mode=legacy budget=8000ms node-budget=20000000 workers=4 save-hints=true
  [1/15] L2 (F02401-lm-02) ok=✗
  [2/15] L3 (F02401-lm-03) ok=✗
  [3/15] L4 (F02401-lm-04) ok=✗
  [4/15] L1 (F02401-lm-01) ok=✗
  [5/15] L5 (F02401-lm-05) ok=✗
  [6/15] L6 (F02401-lm-06) ok=✗
  [7/15] L7 (F02401-lm-07) ok=✗
  [8/15] L8 (F02401-lm-08) ok=✗
  [9/15] L9 (F02401-lm-09) ok=✗
  [10/15] L10 (F02401-lm-10) ok=✗
  [11/15] L11 (F02401-lm-11) ok=✗
  [12/15] L12 (F02401-lm-12) ok=✗
  [13/15] L13 (F02401-lm-13) ok=✗
  [14/15] L15 (F02401-lm-15) ok=✗
  [15/15] L14 (F02401-lm-14) ok=✗
Hints: appended to 0 level(s); 0 hint file(s) changed on disk.
Result: solved=0/15, solvedBeforeFallback=0, fallbackOnly=0, unsolved=15
Wrote logs/family-census/solve-R02401-lm.json
Wrote logs/family-census/solve-R02401-lm-summary.md
portfolio-solve-sweep: corpus=data/families/family-R02401-sym.json levels=7 (7 to solve) scheduler-mode=legacy budget=8000ms node-budget=20000000 workers=4 save-hints=true
  [1/7] L1 (F02401-sym-01) ok=✗
  [2/7] L3 (F02401-sym-03) ok=✗
  [3/7] L4 (F02401-sym-04) ok=✗
  [4/7] L2 (F02401-sym-02) ok=✗
  [5/7] L6 (F02401-sym-06) ok=✗
  [6/7] L5 (F02401-sym-05) ok=✗
  [7/7] L7 (F02401-sym-07) ok=✗
Hints: appended to 0 level(s); 0 hint file(s) changed on disk.
Result: solved=0/7, solvedBeforeFallback=0, fallbackOnly=0, unsolved=7
Wrote logs/family-census/solve-R02401-sym.json
Wrote logs/family-census/solve-R02401-sym-summary.md
[00:39:17] DONE R02401
[00:39:17] START R02446
Parent R02446: witness hint[0] (len 135, 6 jump(s)), 47 movable object instance(s) under strict inventory.
  attempt 1: accepted F02446-lm-01 — moved blocks (1,2) -> (1,12)
  attempt 2: accepted F02446-lm-02 — moved market (7,2) -> (0,7)
  attempt 3: accepted F02446-lm-03 — moved lamppost (11,3) -> (12,14)
  attempt 4: accepted F02446-lm-04 — moved falseGoals (8,5) -> (2,13)
  attempt 5: accepted F02446-lm-05 — moved falseGoals (12,13) -> (0,3)
  attempt 6: accepted F02446-lm-06 — moved blocks (0,2) -> (6,14)
  attempt 7: accepted F02446-lm-07 — moved blocks (9,10) -> (2,14)
  attempt 8: accepted F02446-lm-08 — moved falseGoals (9,12) -> (2,12)
  attempt 9: accepted F02446-lm-09 — moved park (10,1) -> (10,0)
  attempt 10: accepted F02446-lm-10 — moved blocks (9,5) -> (2,13)
  attempt 11: accepted F02446-lm-11 — moved fountain (2,11) -> (12,2)
  attempt 12: accepted F02446-lm-12 — moved lamppost (3,4) -> (4,4)
  attempt 13: accepted F02446-lm-13 — moved flippingFilters (9,1) -> (5,9)
  attempt 14: accepted F02446-lm-14 — moved library (13,0) -> (3,9)
  attempt 15: accepted F02446-lm-15 — moved falseGoals (9,12) -> (3,2)

15/15 new local-mutant sibling(s) generated for R02446 in 15 attempt(s) (budget 600); 15 total in data/families/family-R02446-lm.json.
Wrote 15 level(s) total to data/families/family-R02446-lm.json (changed=true), 15 hint file(s) written to data/families/hints/.
Wrote family manifest to data/families/family-R02446-lm-manifest.json (15 variant(s) total).
Parent R02446: witness hint[0] (len 135, 6 jump(s)), 47 movable object instance(s) under strict inventory.
  variant 1 (rotation): accepted F02446-sym-01
  variant 2 (rotation): accepted F02446-sym-02
  variant 3 (rotation): accepted F02446-sym-03
  variant 4 (reflection): accepted F02446-sym-04
  variant 5 (reflection): accepted F02446-sym-05
  variant 6 (reflection): accepted F02446-sym-06
  variant 7 (reflection): accepted F02446-sym-07

7/7 new symmetry sibling(s) generated for R02446 in 7 attempt(s) (budget 7); 7 total in data/families/family-R02446-sym.json.
Wrote 7 level(s) total to data/families/family-R02446-sym.json (changed=true), 7 hint file(s) written to data/families/hints/.
Wrote family manifest to data/families/family-R02446-sym-manifest.json (7 variant(s) total).
portfolio-solve-sweep: corpus=data/families/family-R02446-lm.json levels=15 (15 to solve) scheduler-mode=legacy budget=8000ms node-budget=20000000 workers=4 save-hints=true
  [1/15] L3 (F02446-lm-03) ok=✗
  [2/15] L1 (F02446-lm-01) ok=✗
  [3/15] L2 (F02446-lm-02) ok=✗
  [4/15] L4 (F02446-lm-04) ok=✗
  [5/15] L5 (F02446-lm-05) ok=✗
  [6/15] L6 (F02446-lm-06) ok=✗
  [7/15] L8 (F02446-lm-08) ok=✗
  [8/15] L7 (F02446-lm-07) ok=✗
  [9/15] L10 (F02446-lm-10) ok=✗
  [10/15] L9 (F02446-lm-09) ok=✗
  [11/15] L11 (F02446-lm-11) ok=✗
  [12/15] L12 (F02446-lm-12) ok=✗
  [13/15] L13 (F02446-lm-13) ok=✗
  [14/15] L14 (F02446-lm-14) ok=✗
  [15/15] L15 (F02446-lm-15) ok=✗
Hints: appended to 0 level(s); 0 hint file(s) changed on disk.
Result: solved=0/15, solvedBeforeFallback=0, fallbackOnly=0, unsolved=15
Wrote logs/family-census/solve-R02446-lm.json
Wrote logs/family-census/solve-R02446-lm-summary.md
portfolio-solve-sweep: corpus=data/families/family-R02446-sym.json levels=7 (7 to solve) scheduler-mode=legacy budget=8000ms node-budget=20000000 workers=4 save-hints=true
  [1/7] L4 (F02446-sym-04) ok=✗
  [2/7] L1 (F02446-sym-01) ok=✗
  [3/7] L3 (F02446-sym-03) ok=✗
  [4/7] L2 (F02446-sym-02) ok=✗
  [5/7] L6 (F02446-sym-06) ok=✗
  [6/7] L5 (F02446-sym-05) ok=✗
  [7/7] L7 (F02446-sym-07) ok=✗
Hints: appended to 0 level(s); 0 hint file(s) changed on disk.
Result: solved=0/7, solvedBeforeFallback=0, fallbackOnly=0, unsolved=7
Wrote logs/family-census/solve-R02446-sym.json
Wrote logs/family-census/solve-R02446-sym-summary.md
[00:44:41] DONE R02446
[00:44:41] START R02479
Parent R02479: witness hint[0] (len 81, 6 jump(s)), 23 movable object instance(s) under strict inventory.
  attempt 1: accepted F02479-lm-01 — moved market (4,0) -> (9,10)
  attempt 2: accepted F02479-lm-02 — moved blocks (9,5) -> (3,0)
  attempt 3: accepted F02479-lm-03 — moved blocks (10,0) -> (9,1)
  attempt 4: accepted F02479-lm-04 — moved lamppost (5,5) -> (8,3)
  attempt 5: accepted F02479-lm-05 — moved blocks (7,5) -> (0,0)
  attempt 6: accepted F02479-lm-06 — moved blocks (10,0) -> (1,6)
  attempt 7: accepted F02479-lm-07 — moved blocks (2,8) -> (7,4)
  attempt 8: accepted F02479-lm-08 — moved blocks (6,6) -> (8,7)
  attempt 9: accepted F02479-lm-09 — moved library (9,3) -> (2,10)
  attempt 10: accepted F02479-lm-10 — moved park (3,5) -> (3,9)
  attempt 11: accepted F02479-lm-11 — moved blocks (7,5) -> (0,6)
  attempt 12: accepted F02479-lm-12 — moved blocks (10,4) -> (1,8)
  attempt 13: accepted F02479-lm-13 — moved blocks (10,0) -> (8,7)
  attempt 14: accepted F02479-lm-14 — moved blocks (3,4) -> (4,2)
  attempt 15: accepted F02479-lm-15 — moved park (3,5) -> (8,2)

15/15 new local-mutant sibling(s) generated for R02479 in 15 attempt(s) (budget 600); 15 total in data/families/family-R02479-lm.json.
Wrote 15 level(s) total to data/families/family-R02479-lm.json (changed=true), 15 hint file(s) written to data/families/hints/.
Wrote family manifest to data/families/family-R02479-lm-manifest.json (15 variant(s) total).
Parent R02479: witness hint[0] (len 81, 6 jump(s)), 23 movable object instance(s) under strict inventory.
  variant 1 (rotation): accepted F02479-sym-01
  variant 2 (rotation): accepted F02479-sym-02
  variant 3 (rotation): accepted F02479-sym-03
  variant 4 (reflection): accepted F02479-sym-04
  variant 5 (reflection): accepted F02479-sym-05
  variant 6 (reflection): accepted F02479-sym-06
  variant 7 (reflection): accepted F02479-sym-07

7/7 new symmetry sibling(s) generated for R02479 in 7 attempt(s) (budget 7); 7 total in data/families/family-R02479-sym.json.
Wrote 7 level(s) total to data/families/family-R02479-sym.json (changed=true), 7 hint file(s) written to data/families/hints/.
Wrote family manifest to data/families/family-R02479-sym-manifest.json (7 variant(s) total).
portfolio-solve-sweep: corpus=data/families/family-R02479-lm.json levels=15 (15 to solve) scheduler-mode=legacy budget=8000ms node-budget=20000000 workers=4 save-hints=true
  [1/15] L3 (F02479-lm-03) ok=✗
  [2/15] L1 (F02479-lm-01) ok=✗
  [3/15] L2 (F02479-lm-02) ok=✗
  [4/15] L4 (F02479-lm-04) ok=✗
  [5/15] L6 (F02479-lm-06) ok=✗
  [6/15] L7 (F02479-lm-07) ok=✗
  [7/15] L5 (F02479-lm-05) ok=✗
  [8/15] L8 (F02479-lm-08) ok=✗
  [9/15] L9 (F02479-lm-09) ok=✗
  [10/15] L10 (F02479-lm-10) ok=✗
  [11/15] L11 (F02479-lm-11) ok=✗
  [12/15] L12 (F02479-lm-12) ok=✗
  [13/15] L15 (F02479-lm-15) ok=✗
  [14/15] L13 (F02479-lm-13) ok=✗
  [15/15] L14 (F02479-lm-14) ok=✗
Hints: appended to 0 level(s); 0 hint file(s) changed on disk.
Result: solved=0/15, solvedBeforeFallback=0, fallbackOnly=0, unsolved=15
Wrote logs/family-census/solve-R02479-lm.json
Wrote logs/family-census/solve-R02479-lm-summary.md
portfolio-solve-sweep: corpus=data/families/family-R02479-sym.json levels=7 (7 to solve) scheduler-mode=legacy budget=8000ms node-budget=20000000 workers=4 save-hints=true
  [1/7] L4 (F02479-sym-04) ok=✓ legacy [hint saved]
  [2/7] L1 (F02479-sym-01) ok=✗
  [3/7] L3 (F02479-sym-03) ok=✗
  [4/7] L2 (F02479-sym-02) ok=✗
  [5/7] L5 (F02479-sym-05) ok=✗
  [6/7] L6 (F02479-sym-06) ok=✗
  [7/7] L7 (F02479-sym-07) ok=✗
Hints: appended to 1 level(s); 1 hint file(s) changed on disk.
Result: solved=1/7, solvedBeforeFallback=0, fallbackOnly=1, unsolved=6
Wrote logs/family-census/solve-R02479-sym.json
Wrote logs/family-census/solve-R02479-sym-summary.md
[00:49:43] DONE R02479
[00:49:43] START R02525
Parent R02525: witness stressMeta.witnessSolution (len 107, 4 jump(s)), 63 movable object instance(s) under strict inventory.
  attempt 1: accepted F02525-lm-01 — moved blocks (1,8) -> (13,3)
  attempt 2: accepted F02525-lm-02 — moved geese (1,11) -> (11,0)
  attempt 3: accepted F02525-lm-03 — moved blocks (0,6) -> (0,13)
  attempt 4: accepted F02525-lm-04 — moved blocks (1,9) -> (2,6)
  attempt 5: accepted F02525-lm-05 — moved blocks (1,13) -> (5,1)
  attempt 6: accepted F02525-lm-06 — moved blocks (13,1) -> (0,1)
  attempt 7: accepted F02525-lm-07 — moved blocks (10,0) -> (6,6)
  attempt 8: accepted F02525-lm-08 — moved blocks (13,13) -> (12,1)
  attempt 9: accepted F02525-lm-09 — moved blocks (1,0) -> (1,7)
  attempt 10: accepted F02525-lm-10 — moved blocks (2,13) -> (3,9)
  attempt 11: accepted F02525-lm-11 — moved blocks (0,7) -> (1,10)
  attempt 12: accepted F02525-lm-12 — moved market (8,0) -> (10,1)
  attempt 13: accepted F02525-lm-13 — moved mustCross (6,3) -> (6,8)
  attempt 14: accepted F02525-lm-14 — moved lamppost (4,5) -> (0,10)
  attempt 15: accepted F02525-lm-15 — moved mustCross (5,8) -> (6,8)

15/15 new local-mutant sibling(s) generated for R02525 in 15 attempt(s) (budget 600); 15 total in data/families/family-R02525-lm.json.
Wrote 15 level(s) total to data/families/family-R02525-lm.json (changed=true), 15 hint file(s) written to data/families/hints/.
Wrote family manifest to data/families/family-R02525-lm-manifest.json (15 variant(s) total).
Parent R02525: witness stressMeta.witnessSolution (len 107, 4 jump(s)), 63 movable object instance(s) under strict inventory.
  variant 1 (rotation): accepted F02525-sym-01
  variant 2 (rotation): accepted F02525-sym-02
  variant 3 (rotation): accepted F02525-sym-03
  variant 4 (reflection): accepted F02525-sym-04
  variant 5 (reflection): accepted F02525-sym-05
  variant 6 (reflection): accepted F02525-sym-06
  variant 7 (reflection): accepted F02525-sym-07

7/7 new symmetry sibling(s) generated for R02525 in 7 attempt(s) (budget 7); 7 total in data/families/family-R02525-sym.json.
Wrote 7 level(s) total to data/families/family-R02525-sym.json (changed=true), 7 hint file(s) written to data/families/hints/.
Wrote family manifest to data/families/family-R02525-sym-manifest.json (7 variant(s) total).
portfolio-solve-sweep: corpus=data/families/family-R02525-lm.json levels=15 (15 to solve) scheduler-mode=legacy budget=8000ms node-budget=20000000 workers=4 save-hints=true
  [1/15] L2 (F02525-lm-02) ok=✓ legacy [hint saved]
  [2/15] L5 (F02525-lm-05) ok=✓ legacy [hint saved]
  [3/15] L4 (F02525-lm-04) ok=✓ legacy [hint saved]
  [4/15] L1 (F02525-lm-01) ok=✗
  [5/15] L3 (F02525-lm-03) ok=✗
  [6/15] L9 (F02525-lm-09) ok=✓ legacy [hint saved]
  [7/15] L6 (F02525-lm-06) ok=✗
  [8/15] L7 (F02525-lm-07) ok=✗
  [9/15] L8 (F02525-lm-08) ok=✗
  [10/15] L10 (F02525-lm-10) ok=✗
  [11/15] L11 (F02525-lm-11) ok=✗
  [12/15] L12 (F02525-lm-12) ok=✗
  [13/15] L13 (F02525-lm-13) ok=✗
  [14/15] L14 (F02525-lm-14) ok=✗
  [15/15] L15 (F02525-lm-15) ok=✗
Hints: appended to 4 level(s); 4 hint file(s) changed on disk.
Result: solved=4/15, solvedBeforeFallback=0, fallbackOnly=4, unsolved=11
Wrote logs/family-census/solve-R02525-lm.json
Wrote logs/family-census/solve-R02525-lm-summary.md
portfolio-solve-sweep: corpus=data/families/family-R02525-sym.json levels=7 (7 to solve) scheduler-mode=legacy budget=8000ms node-budget=20000000 workers=4 save-hints=true
  [1/7] L3 (F02525-sym-03) ok=✗
  [2/7] L4 (F02525-sym-04) ok=✗
  [3/7] L2 (F02525-sym-02) ok=✗
  [4/7] L1 (F02525-sym-01) ok=✗
  [5/7] L7 (F02525-sym-07) ok=✗
  [6/7] L5 (F02525-sym-05) ok=✗
  [7/7] L6 (F02525-sym-06) ok=✗
Hints: appended to 0 level(s); 0 hint file(s) changed on disk.
Result: solved=0/7, solvedBeforeFallback=0, fallbackOnly=0, unsolved=7
Wrote logs/family-census/solve-R02525-sym.json
Wrote logs/family-census/solve-R02525-sym-summary.md
[00:54:37] DONE R02525
[00:54:37] START R02553
Parent R02553: witness hint[0] (len 85, 5 jump(s)), 35 movable object instance(s) under strict inventory.
  attempt 1: accepted F02553-lm-01 — moved blocks (6,3) -> (2,2)
  attempt 2: accepted F02553-lm-02 — moved falseGoals (3,10) -> (3,2)
  attempt 3: accepted F02553-lm-03 — moved falseGoals (9,4) -> (1,1)
  attempt 4: accepted F02553-lm-04 — moved falseGoals (9,4) -> (2,3)
  attempt 5: accepted F02553-lm-05 — moved statue (10,2) -> (5,1)
  attempt 6: accepted F02553-lm-06 — moved mustPass (4,6) -> (10,6)
  attempt 7: accepted F02553-lm-07 — moved falseGoals (8,10) -> (9,5)
  attempt 8: accepted F02553-lm-08 — moved lamppost (7,1) -> (9,6)
  attempt 9: accepted F02553-lm-09 — moved library (3,7) -> (6,7)
  attempt 10: accepted F02553-lm-10 — moved falseGoals (9,9) -> (6,7)
  attempt 11: accepted F02553-lm-11 — moved fountain (0,3) -> (5,1)
  attempt 12: accepted F02553-lm-12 — moved blocks (6,2) -> (2,9)
  attempt 13: accepted F02553-lm-13 — moved market (7,7) -> (7,10)
  attempt 14: accepted F02553-lm-14 — moved blocks (5,7) -> (9,5)
  attempt 15: accepted F02553-lm-15 — moved mustPass (8,0) -> (6,9)

15/15 new local-mutant sibling(s) generated for R02553 in 15 attempt(s) (budget 600); 15 total in data/families/family-R02553-lm.json.
Wrote 15 level(s) total to data/families/family-R02553-lm.json (changed=true), 15 hint file(s) written to data/families/hints/.
Wrote family manifest to data/families/family-R02553-lm-manifest.json (15 variant(s) total).
Parent R02553: witness hint[0] (len 85, 5 jump(s)), 35 movable object instance(s) under strict inventory.
  variant 1 (rotation): accepted F02553-sym-01
  variant 2 (rotation): accepted F02553-sym-02
  variant 3 (rotation): accepted F02553-sym-03
  variant 4 (reflection): accepted F02553-sym-04
  variant 5 (reflection): accepted F02553-sym-05
  variant 6 (reflection): accepted F02553-sym-06
  variant 7 (reflection): accepted F02553-sym-07

7/7 new symmetry sibling(s) generated for R02553 in 7 attempt(s) (budget 7); 7 total in data/families/family-R02553-sym.json.
Wrote 7 level(s) total to data/families/family-R02553-sym.json (changed=true), 7 hint file(s) written to data/families/hints/.
Wrote family manifest to data/families/family-R02553-sym-manifest.json (7 variant(s) total).
portfolio-solve-sweep: corpus=data/families/family-R02553-lm.json levels=15 (15 to solve) scheduler-mode=legacy budget=8000ms node-budget=20000000 workers=4 save-hints=true
  [1/15] L2 (F02553-lm-02) ok=✗
  [2/15] L3 (F02553-lm-03) ok=✗
  [3/15] L4 (F02553-lm-04) ok=✗
  [4/15] L1 (F02553-lm-01) ok=✗
  [5/15] L6 (F02553-lm-06) ok=✗
  [6/15] L7 (F02553-lm-07) ok=✗
  [7/15] L5 (F02553-lm-05) ok=✗
  [8/15] L8 (F02553-lm-08) ok=✗
  [9/15] L9 (F02553-lm-09) ok=✓ legacy [hint saved]
  [10/15] L10 (F02553-lm-10) ok=✗
  [11/15] L11 (F02553-lm-11) ok=✗
  [12/15] L12 (F02553-lm-12) ok=✗
  [13/15] L14 (F02553-lm-14) ok=✗
  [14/15] L13 (F02553-lm-13) ok=✗
  [15/15] L15 (F02553-lm-15) ok=✗
Hints: appended to 1 level(s); 1 hint file(s) changed on disk.
Result: solved=1/15, solvedBeforeFallback=0, fallbackOnly=1, unsolved=14
Wrote logs/family-census/solve-R02553-lm.json
Wrote logs/family-census/solve-R02553-lm-summary.md
portfolio-solve-sweep: corpus=data/families/family-R02553-sym.json levels=7 (7 to solve) scheduler-mode=legacy budget=8000ms node-budget=20000000 workers=4 save-hints=true
  [1/7] L4 (F02553-sym-04) ok=✗
  [2/7] L3 (F02553-sym-03) ok=✗
  [3/7] L2 (F02553-sym-02) ok=✗
  [4/7] L1 (F02553-sym-01) ok=✗
  [5/7] L5 (F02553-sym-05) ok=✗
  [6/7] L7 (F02553-sym-07) ok=✗
  [7/7] L6 (F02553-sym-06) ok=✗
Hints: appended to 0 level(s); 0 hint file(s) changed on disk.
Result: solved=0/7, solvedBeforeFallback=0, fallbackOnly=0, unsolved=7
Wrote logs/family-census/solve-R02553-sym.json
Wrote logs/family-census/solve-R02553-sym-summary.md
[00:56:45] DONE R02553
[00:56:45] START R02594
Parent R02594: witness stressMeta.witnessSolution (len 135, 5 jump(s)), 41 movable object instance(s) under strict inventory.
  attempt 1: accepted F02594-lm-01 — moved park (0,13) -> (11,9)
  attempt 2: accepted F02594-lm-02 — moved flippingFilters (2,11) -> (7,12)
  attempt 3: accepted F02594-lm-03 — moved flippingFilters (2,11) -> (11,11)
  attempt 4: accepted F02594-lm-04 — moved flippingFilters (0,8) -> (7,12)
  attempt 5: accepted F02594-lm-05 — moved blocks (0,7) -> (2,7)
  attempt 6: accepted F02594-lm-06 — moved blocks (10,6) -> (0,0)
  attempt 7: accepted F02594-lm-07 — moved geese (13,1) -> (9,4)
  attempt 8: accepted F02594-lm-08 — moved blocks (5,10) -> (11,9)
  attempt 9: accepted F02594-lm-09 — moved geese (13,1) -> (12,13)
  attempt 10: accepted F02594-lm-10 — moved blocks (0,7) -> (6,12)
  attempt 11: accepted F02594-lm-11 — moved statue (12,5) -> (0,10)
  attempt 12: accepted F02594-lm-12 — moved blocks (6,11) -> (7,12)
  attempt 13: accepted F02594-lm-13 — moved blocks (1,9) -> (2,8)
  attempt 14: accepted F02594-lm-14 — moved blocks (4,4) -> (7,5)
  attempt 15: accepted F02594-lm-15 — moved geese (3,8) -> (4,6)

15/15 new local-mutant sibling(s) generated for R02594 in 15 attempt(s) (budget 600); 15 total in data/families/family-R02594-lm.json.
Wrote 15 level(s) total to data/families/family-R02594-lm.json (changed=true), 15 hint file(s) written to data/families/hints/.
Wrote family manifest to data/families/family-R02594-lm-manifest.json (15 variant(s) total).
Parent R02594: witness stressMeta.witnessSolution (len 135, 5 jump(s)), 41 movable object instance(s) under strict inventory.
  variant 1 (rotation): accepted F02594-sym-01
  variant 2 (rotation): accepted F02594-sym-02
  variant 3 (rotation): accepted F02594-sym-03
  variant 4 (reflection): accepted F02594-sym-04
  variant 5 (reflection): accepted F02594-sym-05
  variant 6 (reflection): accepted F02594-sym-06
  variant 7 (reflection): accepted F02594-sym-07

7/7 new symmetry sibling(s) generated for R02594 in 7 attempt(s) (budget 7); 7 total in data/families/family-R02594-sym.json.
Wrote 7 level(s) total to data/families/family-R02594-sym.json (changed=true), 7 hint file(s) written to data/families/hints/.
Wrote family manifest to data/families/family-R02594-sym-manifest.json (7 variant(s) total).
portfolio-solve-sweep: corpus=data/families/family-R02594-lm.json levels=15 (15 to solve) scheduler-mode=legacy budget=8000ms node-budget=20000000 workers=4 save-hints=true
  [1/15] L3 (F02594-lm-03) ok=✗
  [2/15] L4 (F02594-lm-04) ok=✗
  [3/15] L2 (F02594-lm-02) ok=✗
  [4/15] L1 (F02594-lm-01) ok=✗
  [5/15] L7 (F02594-lm-07) ok=✗
  [6/15] L6 (F02594-lm-06) ok=✗
  [7/15] L5 (F02594-lm-05) ok=✗
  [8/15] L8 (F02594-lm-08) ok=✗
  [9/15] L10 (F02594-lm-10) ok=✗
  [10/15] L12 (F02594-lm-12) ok=✗
  [11/15] L9 (F02594-lm-09) ok=✗
  [12/15] L11 (F02594-lm-11) ok=✗
  [13/15] L14 (F02594-lm-14) ok=✗
  [14/15] L15 (F02594-lm-15) ok=✗
  [15/15] L13 (F02594-lm-13) ok=✗
Hints: appended to 0 level(s); 0 hint file(s) changed on disk.
Result: solved=0/15, solvedBeforeFallback=0, fallbackOnly=0, unsolved=15
Wrote logs/family-census/solve-R02594-lm.json
Wrote logs/family-census/solve-R02594-lm-summary.md
portfolio-solve-sweep: corpus=data/families/family-R02594-sym.json levels=7 (7 to solve) scheduler-mode=legacy budget=8000ms node-budget=20000000 workers=4 save-hints=true
  [1/7] L2 (F02594-sym-02) ok=✗
  [2/7] L1 (F02594-sym-01) ok=✗
  [3/7] L4 (F02594-sym-04) ok=✗
  [4/7] L3 (F02594-sym-03) ok=✗
  [5/7] L5 (F02594-sym-05) ok=✗
  [6/7] L7 (F02594-sym-07) ok=✗
  [7/7] L6 (F02594-sym-06) ok=✗
Hints: appended to 0 level(s); 0 hint file(s) changed on disk.
Result: solved=0/7, solvedBeforeFallback=0, fallbackOnly=0, unsolved=7
Wrote logs/family-census/solve-R02594-sym.json
Wrote logs/family-census/solve-R02594-sym-summary.md
[01:05:21] DONE R02594
[01:05:21] START R02630
Parent R02630: witness stressMeta.witnessSolution (len 147, 0 jump(s)), 70 movable object instance(s) under strict inventory.
  attempt 1: accepted F02630-lm-01 — moved mustCross (12,4) -> (7,9)
  attempt 2: accepted F02630-lm-02 — moved geese (5,0) -> (5,14)
  attempt 3: accepted F02630-lm-03 — moved library (3,12) -> (8,2)
  attempt 4: accepted F02630-lm-04 — moved blocks (7,2) -> (3,6)
  attempt 5: accepted F02630-lm-05 — moved blocks (7,2) -> (2,14)
  attempt 6: accepted F02630-lm-06 — moved blocks (2,1) -> (5,2)
  attempt 7: accepted F02630-lm-07 — moved park (0,13) -> (4,3)
  attempt 8: accepted F02630-lm-08 — moved market (10,13) -> (11,13)
  attempt 9: accepted F02630-lm-09 — moved fountain (9,0) -> (14,14)
  attempt 10: accepted F02630-lm-10 — moved falseGoals (9,14) -> (13,8)
  attempt 11: accepted F02630-lm-11 — moved mustCross (2,3) -> (9,8)
  attempt 12: accepted F02630-lm-12 — moved library (7,12) -> (14,14)
  attempt 13: accepted F02630-lm-13 — moved blocks (0,1) -> (7,1)
  attempt 14: accepted F02630-lm-14 — moved falseGoals (2,13) -> (1,1)
  attempt 15: accepted F02630-lm-15 — moved blocks (8,7) -> (12,8)

15/15 new local-mutant sibling(s) generated for R02630 in 15 attempt(s) (budget 600); 15 total in data/families/family-R02630-lm.json.
Wrote 15 level(s) total to data/families/family-R02630-lm.json (changed=true), 15 hint file(s) written to data/families/hints/.
Wrote family manifest to data/families/family-R02630-lm-manifest.json (15 variant(s) total).
Parent R02630: witness stressMeta.witnessSolution (len 147, 0 jump(s)), 70 movable object instance(s) under strict inventory.
  variant 1 (rotation): accepted F02630-sym-01
  variant 2 (rotation): accepted F02630-sym-02
  variant 3 (rotation): accepted F02630-sym-03
  variant 4 (reflection): accepted F02630-sym-04
  variant 5 (reflection): accepted F02630-sym-05
  variant 6 (reflection): accepted F02630-sym-06
  variant 7 (reflection): accepted F02630-sym-07

7/7 new symmetry sibling(s) generated for R02630 in 7 attempt(s) (budget 7); 7 total in data/families/family-R02630-sym.json.
Wrote 7 level(s) total to data/families/family-R02630-sym.json (changed=true), 7 hint file(s) written to data/families/hints/.
Wrote family manifest to data/families/family-R02630-sym-manifest.json (7 variant(s) total).
portfolio-solve-sweep: corpus=data/families/family-R02630-lm.json levels=15 (15 to solve) scheduler-mode=legacy budget=8000ms node-budget=20000000 workers=4 save-hints=true
  [1/15] L3 (F02630-lm-03) ok=✗
  [2/15] L1 (F02630-lm-01) ok=✗
  [3/15] L2 (F02630-lm-02) ok=✗
  [4/15] L4 (F02630-lm-04) ok=✗
  [5/15] L7 (F02630-lm-07) ok=✗
  [6/15] L8 (F02630-lm-08) ok=✗
  [7/15] L5 (F02630-lm-05) ok=✗
  [8/15] L6 (F02630-lm-06) ok=✗
  [9/15] L12 (F02630-lm-12) ok=✗
  [10/15] L10 (F02630-lm-10) ok=✗
  [11/15] L9 (F02630-lm-09) ok=✗
  [12/15] L11 (F02630-lm-11) ok=✗
  [13/15] L14 (F02630-lm-14) ok=✗
  [14/15] L15 (F02630-lm-15) ok=✗
  [15/15] L13 (F02630-lm-13) ok=✗
Hints: appended to 0 level(s); 0 hint file(s) changed on disk.
Result: solved=0/15, solvedBeforeFallback=0, fallbackOnly=0, unsolved=15
Wrote logs/family-census/solve-R02630-lm.json
Wrote logs/family-census/solve-R02630-lm-summary.md
portfolio-solve-sweep: corpus=data/families/family-R02630-sym.json levels=7 (7 to solve) scheduler-mode=legacy budget=8000ms node-budget=20000000 workers=4 save-hints=true
  [1/7] L2 (F02630-sym-02) ok=✗
  [2/7] L3 (F02630-sym-03) ok=✗
  [3/7] L1 (F02630-sym-01) ok=✗
  [4/7] L4 (F02630-sym-04) ok=✗
  [5/7] L7 (F02630-sym-07) ok=✗
  [6/7] L5 (F02630-sym-05) ok=✗
  [7/7] L6 (F02630-sym-06) ok=✗
Hints: appended to 0 level(s); 0 hint file(s) changed on disk.
Result: solved=0/7, solvedBeforeFallback=0, fallbackOnly=0, unsolved=7
Wrote logs/family-census/solve-R02630-sym.json
Wrote logs/family-census/solve-R02630-sym-summary.md
[01:14:39] DONE R02630
[01:14:39] START R02664
Parent R02664: witness stressMeta.witnessSolution (len 79, 7 jump(s)), 35 movable object instance(s) under strict inventory.
  attempt 1: accepted F02664-lm-01 — moved blocks (0,1) -> (2,4)
  attempt 2: accepted F02664-lm-02 — moved geese (10,5) -> (9,0)
  attempt 3: accepted F02664-lm-03 — moved geese (4,10) -> (9,0)
  attempt 4: accepted F02664-lm-04 — moved geese (2,7) -> (9,0)
  attempt 5: accepted F02664-lm-05 — moved geese (9,8) -> (3,4)
  attempt 6: accepted F02664-lm-06 — moved blocks (1,7) -> (0,2)
  attempt 7: accepted F02664-lm-07 — moved blocks (5,10) -> (2,4)
  attempt 8: accepted F02664-lm-08 — moved falseGoals (8,0) -> (0,2)
  attempt 9: accepted F02664-lm-09 — moved blocks (10,6) -> (9,0)
  attempt 10: accepted F02664-lm-10 — moved falseGoals (0,10) -> (3,4)
  attempt 11: accepted F02664-lm-11 — moved falseGoals (0,0) -> (0,2)
  attempt 12: accepted F02664-lm-12 — moved lamppost (9,5) -> (0,2)
  attempt 13: accepted F02664-lm-13 — moved falseGoals (2,6) -> (9,0)
  attempt 14: accepted F02664-lm-14 — moved geese (2,3) -> (2,4)
  attempt 15: accepted F02664-lm-15 — moved geese (1,0) -> (9,0)

15/15 new local-mutant sibling(s) generated for R02664 in 15 attempt(s) (budget 600); 15 total in data/families/family-R02664-lm.json.
Wrote 15 level(s) total to data/families/family-R02664-lm.json (changed=true), 15 hint file(s) written to data/families/hints/.
Wrote family manifest to data/families/family-R02664-lm-manifest.json (15 variant(s) total).
Parent R02664: witness stressMeta.witnessSolution (len 79, 7 jump(s)), 35 movable object instance(s) under strict inventory.
  variant 1 (rotation): accepted F02664-sym-01
  variant 2 (rotation): accepted F02664-sym-02
  variant 3 (rotation): accepted F02664-sym-03
  variant 4 (reflection): accepted F02664-sym-04
  variant 5 (reflection): accepted F02664-sym-05
  variant 6 (reflection): accepted F02664-sym-06
  variant 7 (reflection): accepted F02664-sym-07

7/7 new symmetry sibling(s) generated for R02664 in 7 attempt(s) (budget 7); 7 total in data/families/family-R02664-sym.json.
Wrote 7 level(s) total to data/families/family-R02664-sym.json (changed=true), 7 hint file(s) written to data/families/hints/.
Wrote family manifest to data/families/family-R02664-sym-manifest.json (7 variant(s) total).
portfolio-solve-sweep: corpus=data/families/family-R02664-lm.json levels=15 (15 to solve) scheduler-mode=legacy budget=8000ms node-budget=20000000 workers=4 save-hints=true
  [1/15] L4 (F02664-lm-04) ok=✗
  [2/15] L1 (F02664-lm-01) ok=✗
  [3/15] L2 (F02664-lm-02) ok=✗
  [4/15] L3 (F02664-lm-03) ok=✗
  [5/15] L6 (F02664-lm-06) ok=✗
  [6/15] L7 (F02664-lm-07) ok=✗
  [7/15] L5 (F02664-lm-05) ok=✗
  [8/15] L8 (F02664-lm-08) ok=✗
  [9/15] L9 (F02664-lm-09) ok=✗
  [10/15] L12 (F02664-lm-12) ok=✗
  [11/15] L11 (F02664-lm-11) ok=✗
  [12/15] L10 (F02664-lm-10) ok=✗
  [13/15] L14 (F02664-lm-14) ok=✗
  [14/15] L15 (F02664-lm-15) ok=✗
  [15/15] L13 (F02664-lm-13) ok=✗
Hints: appended to 0 level(s); 0 hint file(s) changed on disk.
Result: solved=0/15, solvedBeforeFallback=0, fallbackOnly=0, unsolved=15
Wrote logs/family-census/solve-R02664-lm.json
Wrote logs/family-census/solve-R02664-lm-summary.md
portfolio-solve-sweep: corpus=data/families/family-R02664-sym.json levels=7 (7 to solve) scheduler-mode=legacy budget=8000ms node-budget=20000000 workers=4 save-hints=true
  [1/7] L3 (F02664-sym-03) ok=✗
  [2/7] L1 (F02664-sym-01) ok=✗
  [3/7] L4 (F02664-sym-04) ok=✗
  [4/7] L2 (F02664-sym-02) ok=✗
  [5/7] L7 (F02664-sym-07) ok=✗
  [6/7] L5 (F02664-sym-05) ok=✗
  [7/7] L6 (F02664-sym-06) ok=✗
Hints: appended to 0 level(s); 0 hint file(s) changed on disk.
Result: solved=0/7, solvedBeforeFallback=0, fallbackOnly=0, unsolved=7
Wrote logs/family-census/solve-R02664-sym.json
Wrote logs/family-census/solve-R02664-sym-summary.md
[01:16:53] DONE R02664
[01:16:53] START R02719
Parent R02719: witness stressMeta.witnessSolution (len 160, 0 jump(s)), 42 movable object instance(s) under strict inventory.
  attempt 1: accepted F02719-lm-01 — moved blocks (10,14) -> (14,14)
  attempt 2: accepted F02719-lm-02 — moved park (12,5) -> (9,7)
  attempt 3: accepted F02719-lm-03 — moved market (5,9) -> (0,9)
  attempt 4: accepted F02719-lm-04 — moved mustCross (5,12) -> (10,12)
  attempt 5: accepted F02719-lm-05 — moved library (5,2) -> (5,14)
  attempt 6: accepted F02719-lm-06 — moved geese (10,10) -> (3,3)
  attempt 7: accepted F02719-lm-07 — moved statue (7,3) -> (4,10)
  attempt 8: accepted F02719-lm-08 — moved fountain (13,14) -> (9,1)
  attempt 9: accepted F02719-lm-09 — moved park (12,5) -> (0,14)
  attempt 10: accepted F02719-lm-10 — moved geese (3,2) -> (3,13)
  attempt 11: accepted F02719-lm-11 — moved blocks (8,7) -> (13,6)
  attempt 12: accepted F02719-lm-12 — moved lamppost (9,9) -> (0,1)
  attempt 13: accepted F02719-lm-13 — moved geese (10,9) -> (2,13)
  attempt 14: accepted F02719-lm-14 — moved lamppost (9,9) -> (9,7)
  attempt 15: accepted F02719-lm-15 — moved geese (3,2) -> (13,5)

15/15 new local-mutant sibling(s) generated for R02719 in 15 attempt(s) (budget 600); 15 total in data/families/family-R02719-lm.json.
Wrote 15 level(s) total to data/families/family-R02719-lm.json (changed=true), 15 hint file(s) written to data/families/hints/.
Wrote family manifest to data/families/family-R02719-lm-manifest.json (15 variant(s) total).
Parent R02719: witness stressMeta.witnessSolution (len 160, 0 jump(s)), 42 movable object instance(s) under strict inventory.
  variant 1 (rotation): accepted F02719-sym-01
  variant 2 (rotation): accepted F02719-sym-02
  variant 3 (rotation): accepted F02719-sym-03
  variant 4 (reflection): accepted F02719-sym-04
  variant 5 (reflection): accepted F02719-sym-05
  variant 6 (reflection): accepted F02719-sym-06
  variant 7 (reflection): accepted F02719-sym-07

7/7 new symmetry sibling(s) generated for R02719 in 7 attempt(s) (budget 7); 7 total in data/families/family-R02719-sym.json.
Wrote 7 level(s) total to data/families/family-R02719-sym.json (changed=true), 7 hint file(s) written to data/families/hints/.
Wrote family manifest to data/families/family-R02719-sym-manifest.json (7 variant(s) total).
portfolio-solve-sweep: corpus=data/families/family-R02719-lm.json levels=15 (15 to solve) scheduler-mode=legacy budget=8000ms node-budget=20000000 workers=4 save-hints=true
  [1/15] L3 (F02719-lm-03) ok=✗
  [2/15] L1 (F02719-lm-01) ok=✗
  [3/15] L4 (F02719-lm-04) ok=✗
  [4/15] L2 (F02719-lm-02) ok=✗
  [5/15] L7 (F02719-lm-07) ok=✗
  [6/15] L5 (F02719-lm-05) ok=✗
  [7/15] L6 (F02719-lm-06) ok=✗
  [8/15] L8 (F02719-lm-08) ok=✗
  [9/15] L10 (F02719-lm-10) ok=✓ legacy [hint saved]
  [10/15] L9 (F02719-lm-09) ok=✗
  [11/15] L12 (F02719-lm-12) ok=✗
  [12/15] L11 (F02719-lm-11) ok=✗
  [13/15] L13 (F02719-lm-13) ok=✗
  [14/15] L14 (F02719-lm-14) ok=✗
  [15/15] L15 (F02719-lm-15) ok=✗
Hints: appended to 1 level(s); 1 hint file(s) changed on disk.
Result: solved=1/15, solvedBeforeFallback=0, fallbackOnly=1, unsolved=14
Wrote logs/family-census/solve-R02719-lm.json
Wrote logs/family-census/solve-R02719-lm-summary.md
portfolio-solve-sweep: corpus=data/families/family-R02719-sym.json levels=7 (7 to solve) scheduler-mode=legacy budget=8000ms node-budget=20000000 workers=4 save-hints=true
  [1/7] L4 (F02719-sym-04) ok=✗
  [2/7] L1 (F02719-sym-01) ok=✗
  [3/7] L2 (F02719-sym-02) ok=✗
  [4/7] L3 (F02719-sym-03) ok=✗
  [5/7] L5 (F02719-sym-05) ok=✗
  [6/7] L7 (F02719-sym-07) ok=✗
  [7/7] L6 (F02719-sym-06) ok=✗
Hints: appended to 0 level(s); 0 hint file(s) changed on disk.
Result: solved=0/7, solvedBeforeFallback=0, fallbackOnly=0, unsolved=7
Wrote logs/family-census/solve-R02719-sym.json
Wrote logs/family-census/solve-R02719-sym-summary.md
[01:24:17] DONE R02719
[01:24:17] START R02756
Parent R02756: witness stressMeta.witnessSolution (len 94, 6 jump(s)), 30 movable object instance(s) under strict inventory.
  attempt 1: accepted F02756-lm-01 — moved flippingFilters (3,8) -> (0,9)
  attempt 2: accepted F02756-lm-02 — moved flippingFilters (3,8) -> (0,2)
  attempt 3: rejected — degenerate duplicate of parent or another accepted variant
  attempt 4: accepted F02756-lm-03 — moved flippingFilters (3,8) -> (4,4)
  attempt 5: accepted F02756-lm-04 — moved flippingFilters (3,8) -> (0,3)
  attempt 6: accepted F02756-lm-05 — moved flippingFilters (3,8) -> (0,8)
  attempt 7: accepted F02756-lm-06 — moved flippingFilters (3,8) -> (1,10)
  attempt 8: accepted F02756-lm-07 — moved flippingFilters (3,8) -> (5,5)
  attempt 9: accepted F02756-lm-08 — moved flippingFilters (3,8) -> (5,8)
  attempt 10: accepted F02756-lm-09 — moved flippingFilters (3,8) -> (3,3)
  attempt 11: accepted F02756-lm-10 — moved flippingFilters (3,8) -> (5,0)
  attempt 12: accepted F02756-lm-11 — moved flippingFilters (3,8) -> (8,0)
  attempt 13: rejected — degenerate duplicate of parent or another accepted variant
  attempt 14: accepted F02756-lm-12 — moved flippingFilters (3,8) -> (7,10)
  attempt 15: rejected — degenerate duplicate of parent or another accepted variant
  attempt 16: accepted F02756-lm-13 — moved flippingFilters (3,8) -> (4,0)
  attempt 17: rejected — degenerate duplicate of parent or another accepted variant
  attempt 18: rejected — degenerate duplicate of parent or another accepted variant
  attempt 19: rejected — degenerate duplicate of parent or another accepted variant
  attempt 20: rejected — degenerate duplicate of parent or another accepted variant
  attempt 21: accepted F02756-lm-14 — moved flippingFilters (3,8) -> (7,1)
  attempt 22: rejected — degenerate duplicate of parent or another accepted variant
  attempt 23: rejected — degenerate duplicate of parent or another accepted variant
  attempt 24: rejected — degenerate duplicate of parent or another accepted variant
  attempt 25: rejected — degenerate duplicate of parent or another accepted variant
  attempt 26: accepted F02756-lm-15 — moved flippingFilters (3,8) -> (9,0)

15/15 new local-mutant sibling(s) generated for R02756 in 26 attempt(s) (budget 600); 15 total in data/families/family-R02756-lm.json.
Wrote 15 level(s) total to data/families/family-R02756-lm.json (changed=true), 15 hint file(s) written to data/families/hints/.
Wrote family manifest to data/families/family-R02756-lm-manifest.json (15 variant(s) total).
Parent R02756: witness stressMeta.witnessSolution (len 94, 6 jump(s)), 30 movable object instance(s) under strict inventory.
  variant 1 (rotation): accepted F02756-sym-01
  variant 2 (rotation): accepted F02756-sym-02
  variant 3 (rotation): accepted F02756-sym-03
  variant 4 (reflection): accepted F02756-sym-04
  variant 5 (reflection): accepted F02756-sym-05
  variant 6 (reflection): accepted F02756-sym-06
  variant 7 (reflection): accepted F02756-sym-07

7/7 new symmetry sibling(s) generated for R02756 in 7 attempt(s) (budget 7); 7 total in data/families/family-R02756-sym.json.
Wrote 7 level(s) total to data/families/family-R02756-sym.json (changed=true), 7 hint file(s) written to data/families/hints/.
Wrote family manifest to data/families/family-R02756-sym-manifest.json (7 variant(s) total).
portfolio-solve-sweep: corpus=data/families/family-R02756-lm.json levels=15 (15 to solve) scheduler-mode=legacy budget=8000ms node-budget=20000000 workers=4 save-hints=true
  [1/15] L3 (F02756-lm-03) ok=✗
  [2/15] L4 (F02756-lm-04) ok=✗
  [3/15] L1 (F02756-lm-01) ok=✗
  [4/15] L2 (F02756-lm-02) ok=✗
  [5/15] L7 (F02756-lm-07) ok=✗
  [6/15] L5 (F02756-lm-05) ok=✗
  [7/15] L6 (F02756-lm-06) ok=✗
  [8/15] L8 (F02756-lm-08) ok=✗
  [9/15] L9 (F02756-lm-09) ok=✗
  [10/15] L11 (F02756-lm-11) ok=✗
  [11/15] L10 (F02756-lm-10) ok=✗
  [12/15] L12 (F02756-lm-12) ok=✗
  [13/15] L14 (F02756-lm-14) ok=✗
  [14/15] L13 (F02756-lm-13) ok=✗
  [15/15] L15 (F02756-lm-15) ok=✗
Hints: appended to 0 level(s); 0 hint file(s) changed on disk.
Result: solved=0/15, solvedBeforeFallback=0, fallbackOnly=0, unsolved=15
Wrote logs/family-census/solve-R02756-lm.json
Wrote logs/family-census/solve-R02756-lm-summary.md
portfolio-solve-sweep: corpus=data/families/family-R02756-sym.json levels=7 (7 to solve) scheduler-mode=legacy budget=8000ms node-budget=20000000 workers=4 save-hints=true
  [1/7] L4 (F02756-sym-04) ok=✗
  [2/7] L3 (F02756-sym-03) ok=✗
  [3/7] L2 (F02756-sym-02) ok=✗
  [4/7] L1 (F02756-sym-01) ok=✗
  [5/7] L7 (F02756-sym-07) ok=✗
  [6/7] L6 (F02756-sym-06) ok=✗
  [7/7] L5 (F02756-sym-05) ok=✗
Hints: appended to 0 level(s); 0 hint file(s) changed on disk.
Result: solved=0/7, solvedBeforeFallback=0, fallbackOnly=0, unsolved=7
Wrote logs/family-census/solve-R02756-sym.json
Wrote logs/family-census/solve-R02756-sym-summary.md
[01:26:30] DONE R02756
[01:26:30] START R02788
Parent R02788: witness hint[0] (len 78, 4 jump(s)), 56 movable object instance(s) under strict inventory.
  attempt 1: accepted F02788-lm-01 — moved market (2,9) -> (11,7)
  attempt 2: accepted F02788-lm-02 — moved mustPass (7,6) -> (6,11)
  attempt 3: accepted F02788-lm-03 — moved blocks (8,9) -> (11,7)
  attempt 4: accepted F02788-lm-04 — moved lamppost (3,2) -> (10,2)
  attempt 5: accepted F02788-lm-05 — moved blocks (9,10) -> (5,2)
  attempt 6: accepted F02788-lm-06 — moved blocks (10,1) -> (8,6)
  attempt 7: accepted F02788-lm-07 — moved blocks (9,10) -> (10,9)
  attempt 8: accepted F02788-lm-08 — moved blocks (9,5) -> (1,8)
  attempt 9: accepted F02788-lm-09 — moved blocks (0,1) -> (5,9)
  attempt 10: accepted F02788-lm-10 — moved blocks (3,9) -> (8,8)
  attempt 11: accepted F02788-lm-11 — moved lamppost (11,0) -> (10,11)
  attempt 12: accepted F02788-lm-12 — moved falseGoals (9,8) -> (10,8)
  attempt 13: accepted F02788-lm-13 — moved geese (1,3) -> (5,9)
  attempt 14: accepted F02788-lm-14 — moved geese (8,7) -> (4,2)
  attempt 15: accepted F02788-lm-15 — moved statue (2,8) -> (8,8)

15/15 new local-mutant sibling(s) generated for R02788 in 15 attempt(s) (budget 600); 15 total in data/families/family-R02788-lm.json.
Wrote 15 level(s) total to data/families/family-R02788-lm.json (changed=true), 15 hint file(s) written to data/families/hints/.
Wrote family manifest to data/families/family-R02788-lm-manifest.json (15 variant(s) total).
Parent R02788: witness hint[0] (len 78, 4 jump(s)), 56 movable object instance(s) under strict inventory.
  variant 1 (rotation): accepted F02788-sym-01
  variant 2 (rotation): accepted F02788-sym-02
  variant 3 (rotation): accepted F02788-sym-03
  variant 4 (reflection): accepted F02788-sym-04
  variant 5 (reflection): accepted F02788-sym-05
  variant 6 (reflection): accepted F02788-sym-06
  variant 7 (reflection): accepted F02788-sym-07

7/7 new symmetry sibling(s) generated for R02788 in 7 attempt(s) (budget 7); 7 total in data/families/family-R02788-sym.json.
Wrote 7 level(s) total to data/families/family-R02788-sym.json (changed=true), 7 hint file(s) written to data/families/hints/.
Wrote family manifest to data/families/family-R02788-sym-manifest.json (7 variant(s) total).
portfolio-solve-sweep: corpus=data/families/family-R02788-lm.json levels=15 (15 to solve) scheduler-mode=legacy budget=8000ms node-budget=20000000 workers=4 save-hints=true
  [1/15] L2 (F02788-lm-02) ok=✗
  [2/15] L3 (F02788-lm-03) ok=✗
  [3/15] L1 (F02788-lm-01) ok=✗
  [4/15] L4 (F02788-lm-04) ok=✗
  [5/15] L5 (F02788-lm-05) ok=✓ legacy [hint saved]
  [6/15] L6 (F02788-lm-06) ok=✗
  [7/15] L7 (F02788-lm-07) ok=✗
  [8/15] L8 (F02788-lm-08) ok=✗
  [9/15] L9 (F02788-lm-09) ok=✓ legacy [hint saved]
  [10/15] L10 (F02788-lm-10) ok=✗
  [11/15] L11 (F02788-lm-11) ok=✗
  [12/15] L12 (F02788-lm-12) ok=✗
  [13/15] L13 (F02788-lm-13) ok=✓ legacy [hint saved]
  [14/15] L15 (F02788-lm-15) ok=✓ legacy [hint saved]
  [15/15] L14 (F02788-lm-14) ok=✗
Hints: appended to 4 level(s); 4 hint file(s) changed on disk.
Result: solved=4/15, solvedBeforeFallback=0, fallbackOnly=4, unsolved=11
Wrote logs/family-census/solve-R02788-lm.json
Wrote logs/family-census/solve-R02788-lm-summary.md
portfolio-solve-sweep: corpus=data/families/family-R02788-sym.json levels=7 (7 to solve) scheduler-mode=legacy budget=8000ms node-budget=20000000 workers=4 save-hints=true
  [1/7] L3 (F02788-sym-03) ok=✗
  [2/7] L2 (F02788-sym-02) ok=✗
  [3/7] L4 (F02788-sym-04) ok=✗
  [4/7] L1 (F02788-sym-01) ok=✗
  [5/7] L7 (F02788-sym-07) ok=✗
  [6/7] L5 (F02788-sym-05) ok=✗
  [7/7] L6 (F02788-sym-06) ok=✗
Hints: appended to 0 level(s); 0 hint file(s) changed on disk.
Result: solved=0/7, solvedBeforeFallback=0, fallbackOnly=0, unsolved=7
Wrote logs/family-census/solve-R02788-sym.json
Wrote logs/family-census/solve-R02788-sym-summary.md
[01:29:43] DONE R02788
[01:29:43] START R02819
Parent R02819: witness stressMeta.witnessSolution (len 100, 0 jump(s)), 56 movable object instance(s) under strict inventory.
  attempt 1: accepted F02819-lm-01 — moved statue (13,7) -> (0,13)
  attempt 2: accepted F02819-lm-02 — moved blocks (5,0) -> (9,0)
  attempt 3: accepted F02819-lm-03 — moved statue (1,10) -> (11,10)
  attempt 4: accepted F02819-lm-04 — moved blocks (10,9) -> (6,3)
  attempt 5: accepted F02819-lm-05 — moved blocks (5,1) -> (2,0)
  attempt 6: accepted F02819-lm-06 — moved blocks (11,13) -> (0,4)
  attempt 7: accepted F02819-lm-07 — moved park (13,0) -> (0,13)
  attempt 8: accepted F02819-lm-08 — moved blocks (10,10) -> (7,8)
  attempt 9: accepted F02819-lm-09 — moved blocks (3,2) -> (7,3)
  attempt 10: accepted F02819-lm-10 — moved statue (10,7) -> (11,10)
  attempt 11: accepted F02819-lm-11 — moved blocks (7,1) -> (7,3)
  attempt 12: accepted F02819-lm-12 — moved blocks (2,7) -> (5,5)
  attempt 13: accepted F02819-lm-13 — moved blocks (4,1) -> (5,6)
  attempt 14: accepted F02819-lm-14 — moved blocks (11,13) -> (7,5)
  attempt 15: accepted F02819-lm-15 — moved statue (10,7) -> (9,13)

15/15 new local-mutant sibling(s) generated for R02819 in 15 attempt(s) (budget 600); 15 total in data/families/family-R02819-lm.json.
Wrote 15 level(s) total to data/families/family-R02819-lm.json (changed=true), 15 hint file(s) written to data/families/hints/.
Wrote family manifest to data/families/family-R02819-lm-manifest.json (15 variant(s) total).
Parent R02819: witness stressMeta.witnessSolution (len 100, 0 jump(s)), 56 movable object instance(s) under strict inventory.
  variant 1 (rotation): accepted F02819-sym-01
  variant 2 (rotation): accepted F02819-sym-02
  variant 3 (rotation): accepted F02819-sym-03
  variant 4 (reflection): accepted F02819-sym-04
  variant 5 (reflection): accepted F02819-sym-05
  variant 6 (reflection): accepted F02819-sym-06
  variant 7 (reflection): accepted F02819-sym-07

7/7 new symmetry sibling(s) generated for R02819 in 7 attempt(s) (budget 7); 7 total in data/families/family-R02819-sym.json.
Wrote 7 level(s) total to data/families/family-R02819-sym.json (changed=true), 7 hint file(s) written to data/families/hints/.
Wrote family manifest to data/families/family-R02819-sym-manifest.json (7 variant(s) total).
portfolio-solve-sweep: corpus=data/families/family-R02819-lm.json levels=15 (15 to solve) scheduler-mode=legacy budget=8000ms node-budget=20000000 workers=4 save-hints=true
  [1/15] L1 (F02819-lm-01) ok=✓ legacy [hint saved]
  [2/15] L2 (F02819-lm-02) ok=✗
  [3/15] L4 (F02819-lm-04) ok=✗
  [4/15] L3 (F02819-lm-03) ok=✗
  [5/15] L5 (F02819-lm-05) ok=✗
  [6/15] L7 (F02819-lm-07) ok=✓ legacy [hint saved]
  [7/15] L10 (F02819-lm-10) ok=✓ legacy [hint saved]
  [8/15] L8 (F02819-lm-08) ok=✗
  [9/15] L6 (F02819-lm-06) ok=✗
  [10/15] L9 (F02819-lm-09) ok=✗
  [11/15] L14 (F02819-lm-14) ok=✓ legacy [hint saved]
  [12/15] L11 (F02819-lm-11) ok=✗
  [13/15] L15 (F02819-lm-15) ok=✓ legacy [hint saved]
  [14/15] L12 (F02819-lm-12) ok=✗
  [15/15] L13 (F02819-lm-13) ok=✗
Hints: appended to 5 level(s); 5 hint file(s) changed on disk.
Result: solved=5/15, solvedBeforeFallback=0, fallbackOnly=5, unsolved=10
Wrote logs/family-census/solve-R02819-lm.json
Wrote logs/family-census/solve-R02819-lm-summary.md
portfolio-solve-sweep: corpus=data/families/family-R02819-sym.json levels=7 (7 to solve) scheduler-mode=legacy budget=8000ms node-budget=20000000 workers=4 save-hints=true
  [1/7] L4 (F02819-sym-04) ok=✗
  [2/7] L2 (F02819-sym-02) ok=✗
  [3/7] L1 (F02819-sym-01) ok=✗
  [4/7] L3 (F02819-sym-03) ok=✗
  [5/7] L5 (F02819-sym-05) ok=✗
  [6/7] L6 (F02819-sym-06) ok=✗
  [7/7] L7 (F02819-sym-07) ok=✗
Hints: appended to 0 level(s); 0 hint file(s) changed on disk.
Result: solved=0/7, solvedBeforeFallback=0, fallbackOnly=0, unsolved=7
Wrote logs/family-census/solve-R02819-sym.json
Wrote logs/family-census/solve-R02819-sym-summary.md
[01:32:22] DONE R02819
[01:32:22] START R02859
Parent R02859: witness hint[0] (len 80, 0 jump(s)), 34 movable object instance(s) under strict inventory.
  attempt 1: accepted F02859-lm-01 — moved falseGoals (7,5) -> (7,1)
  attempt 2: accepted F02859-lm-02 — moved falseGoals (0,0) -> (3,5)
  attempt 3: accepted F02859-lm-03 — moved park (1,2) -> (9,5)
  attempt 4: accepted F02859-lm-04 — moved blocks (7,0) -> (8,9)
  attempt 5: accepted F02859-lm-05 — moved blocks (0,10) -> (9,9)
  attempt 6: accepted F02859-lm-06 — moved falseGoals (0,2) -> (6,5)
  attempt 7: accepted F02859-lm-07 — moved falseGoals (10,7) -> (9,5)
  attempt 8: accepted F02859-lm-08 — moved lamppost (7,2) -> (4,3)
  attempt 9: accepted F02859-lm-09 — moved falseGoals (6,4) -> (7,9)
  attempt 10: accepted F02859-lm-10 — moved lamppost (5,8) -> (3,2)
  attempt 11: accepted F02859-lm-11 — moved park (3,1) -> (7,9)
  attempt 12: accepted F02859-lm-12 — moved library (1,10) -> (8,9)
  attempt 13: accepted F02859-lm-13 — moved falseGoals (10,7) -> (1,1)
  attempt 14: accepted F02859-lm-14 — moved lamppost (5,0) -> (9,7)
  attempt 15: accepted F02859-lm-15 — moved lamppost (6,9) -> (5,2)

15/15 new local-mutant sibling(s) generated for R02859 in 15 attempt(s) (budget 600); 15 total in data/families/family-R02859-lm.json.
Wrote 15 level(s) total to data/families/family-R02859-lm.json (changed=true), 15 hint file(s) written to data/families/hints/.
Wrote family manifest to data/families/family-R02859-lm-manifest.json (15 variant(s) total).
Parent R02859: witness hint[0] (len 80, 0 jump(s)), 34 movable object instance(s) under strict inventory.
  variant 1 (rotation): accepted F02859-sym-01
  variant 2 (rotation): accepted F02859-sym-02
  variant 3 (rotation): accepted F02859-sym-03
  variant 4 (reflection): accepted F02859-sym-04
  variant 5 (reflection): accepted F02859-sym-05
  variant 6 (reflection): accepted F02859-sym-06
  variant 7 (reflection): accepted F02859-sym-07

7/7 new symmetry sibling(s) generated for R02859 in 7 attempt(s) (budget 7); 7 total in data/families/family-R02859-sym.json.
Wrote 7 level(s) total to data/families/family-R02859-sym.json (changed=true), 7 hint file(s) written to data/families/hints/.
Wrote family manifest to data/families/family-R02859-sym-manifest.json (7 variant(s) total).
portfolio-solve-sweep: corpus=data/families/family-R02859-lm.json levels=15 (15 to solve) scheduler-mode=legacy budget=8000ms node-budget=20000000 workers=4 save-hints=true
  [1/15] L2 (F02859-lm-02) ok=✓ legacy [hint saved]
  [2/15] L4 (F02859-lm-04) ok=✗
  [3/15] L3 (F02859-lm-03) ok=✗
  [4/15] L1 (F02859-lm-01) ok=✗
  [5/15] L8 (F02859-lm-08) ok=✓ legacy [hint saved]
  [6/15] L9 (F02859-lm-09) ok=✓ legacy [hint saved]
  [7/15] L6 (F02859-lm-06) ok=✓ legacy [hint saved]
  [8/15] L5 (F02859-lm-05) ok=✗
  [9/15] L7 (F02859-lm-07) ok=✗
  [10/15] L10 (F02859-lm-10) ok=✗
  [11/15] L11 (F02859-lm-11) ok=✗
  [12/15] L12 (F02859-lm-12) ok=✗
  [13/15] L13 (F02859-lm-13) ok=✗
  [14/15] L15 (F02859-lm-15) ok=✓ legacy [hint saved]
  [15/15] L14 (F02859-lm-14) ok=✗
Hints: appended to 5 level(s); 5 hint file(s) changed on disk.
Result: solved=5/15, solvedBeforeFallback=0, fallbackOnly=5, unsolved=10
Wrote logs/family-census/solve-R02859-lm.json
Wrote logs/family-census/solve-R02859-lm-summary.md
portfolio-solve-sweep: corpus=data/families/family-R02859-sym.json levels=7 (7 to solve) scheduler-mode=legacy budget=8000ms node-budget=20000000 workers=4 save-hints=true
  [1/7] L1 (F02859-sym-01) ok=✗
  [2/7] L4 (F02859-sym-04) ok=✗
  [3/7] L3 (F02859-sym-03) ok=✗
  [4/7] L2 (F02859-sym-02) ok=✗
  [5/7] L6 (F02859-sym-06) ok=✗
  [6/7] L5 (F02859-sym-05) ok=✗
  [7/7] L7 (F02859-sym-07) ok=✗
Hints: appended to 0 level(s); 0 hint file(s) changed on disk.
Result: solved=0/7, solvedBeforeFallback=0, fallbackOnly=0, unsolved=7
Wrote logs/family-census/solve-R02859-sym.json
Wrote logs/family-census/solve-R02859-sym-summary.md
[01:35:48] DONE R02859
[01:35:48] START R02903
Parent R02903: witness stressMeta.witnessSolution (len 86, 4 jump(s)), 41 movable object instance(s) under strict inventory.
  attempt 1: accepted F02903-lm-01 — moved library (5,3) -> (6,2)
  attempt 2: accepted F02903-lm-02 — moved library (5,3) -> (4,6)
  attempt 3: accepted F02903-lm-03 — moved mustPass (0,9) -> (1,6)
  attempt 4: accepted F02903-lm-04 — moved mustPass (6,0) -> (4,2)
  attempt 5: accepted F02903-lm-05 — moved mustPass (7,8) -> (10,6)
  attempt 6: accepted F02903-lm-06 — moved statue (5,5) -> (2,4)
  attempt 7: accepted F02903-lm-07 — moved blocks (9,4) -> (7,9)
  attempt 8: accepted F02903-lm-08 — moved blocks (2,8) -> (6,7)
  attempt 9: accepted F02903-lm-09 — moved flippingFilters (10,2) -> (0,2)
  attempt 10: accepted F02903-lm-10 — moved blocks (5,6) -> (0,4)
  attempt 11: accepted F02903-lm-11 — moved blocks (6,8) -> (5,7)
  attempt 12: accepted F02903-lm-12 — moved blocks (10,5) -> (0,2)
  attempt 13: accepted F02903-lm-13 — moved blocks (9,5) -> (4,0)
  attempt 14: accepted F02903-lm-14 — moved blocks (9,5) -> (6,7)
  attempt 15: accepted F02903-lm-15 — moved park (3,7) -> (4,5)

15/15 new local-mutant sibling(s) generated for R02903 in 15 attempt(s) (budget 600); 15 total in data/families/family-R02903-lm.json.
Wrote 15 level(s) total to data/families/family-R02903-lm.json (changed=true), 15 hint file(s) written to data/families/hints/.
Wrote family manifest to data/families/family-R02903-lm-manifest.json (15 variant(s) total).
Parent R02903: witness stressMeta.witnessSolution (len 86, 4 jump(s)), 41 movable object instance(s) under strict inventory.
  variant 1 (rotation): accepted F02903-sym-01
  variant 2 (rotation): accepted F02903-sym-02
  variant 3 (rotation): accepted F02903-sym-03
  variant 4 (reflection): accepted F02903-sym-04
  variant 5 (reflection): accepted F02903-sym-05
  variant 6 (reflection): accepted F02903-sym-06
  variant 7 (reflection): accepted F02903-sym-07

7/7 new symmetry sibling(s) generated for R02903 in 7 attempt(s) (budget 7); 7 total in data/families/family-R02903-sym.json.
Wrote 7 level(s) total to data/families/family-R02903-sym.json (changed=true), 7 hint file(s) written to data/families/hints/.
Wrote family manifest to data/families/family-R02903-sym-manifest.json (7 variant(s) total).
portfolio-solve-sweep: corpus=data/families/family-R02903-lm.json levels=15 (15 to solve) scheduler-mode=legacy budget=8000ms node-budget=20000000 workers=4 save-hints=true
  [1/15] L4 (F02903-lm-04) ok=✗
  [2/15] L3 (F02903-lm-03) ok=✗
  [3/15] L1 (F02903-lm-01) ok=✗
  [4/15] L2 (F02903-lm-02) ok=✗
  [5/15] L6 (F02903-lm-06) ok=✗
  [6/15] L5 (F02903-lm-05) ok=✗
  [7/15] L7 (F02903-lm-07) ok=✗
  [8/15] L8 (F02903-lm-08) ok=✗
  [9/15] L9 (F02903-lm-09) ok=✗
  [10/15] L11 (F02903-lm-11) ok=✗
  [11/15] L10 (F02903-lm-10) ok=✗
  [12/15] L12 (F02903-lm-12) ok=✗
  [13/15] L14 (F02903-lm-14) ok=✗
  [14/15] L13 (F02903-lm-13) ok=✗
  [15/15] L15 (F02903-lm-15) ok=✗
Hints: appended to 0 level(s); 0 hint file(s) changed on disk.
Result: solved=0/15, solvedBeforeFallback=0, fallbackOnly=0, unsolved=15
Wrote logs/family-census/solve-R02903-lm.json
Wrote logs/family-census/solve-R02903-lm-summary.md
portfolio-solve-sweep: corpus=data/families/family-R02903-sym.json levels=7 (7 to solve) scheduler-mode=legacy budget=8000ms node-budget=20000000 workers=4 save-hints=true
  [1/7] L4 (F02903-sym-04) ok=✗
  [2/7] L2 (F02903-sym-02) ok=✗
  [3/7] L3 (F02903-sym-03) ok=✗
  [4/7] L1 (F02903-sym-01) ok=✗
  [5/7] L6 (F02903-sym-06) ok=✗
  [6/7] L5 (F02903-sym-05) ok=✗
  [7/7] L7 (F02903-sym-07) ok=✗
Hints: appended to 0 level(s); 0 hint file(s) changed on disk.
Result: solved=0/7, solvedBeforeFallback=0, fallbackOnly=0, unsolved=7
Wrote logs/family-census/solve-R02903-sym.json
Wrote logs/family-census/solve-R02903-sym-summary.md
[01:37:45] DONE R02903
[01:37:45] START R02938
Parent R02938: witness stressMeta.witnessSolution (len 146, 7 jump(s)), 53 movable object instance(s) under strict inventory.
  attempt 1: accepted F02938-lm-01 — moved market (6,7) -> (7,13)
  attempt 2: accepted F02938-lm-02 — moved market (1,0) -> (4,2)
  attempt 3: accepted F02938-lm-03 — moved mustCross (7,3) -> (4,9)
  attempt 4: accepted F02938-lm-04 — moved blocks (1,7) -> (9,3)
  attempt 5: accepted F02938-lm-05 — moved park (13,7) -> (10,2)
  attempt 6: accepted F02938-lm-06 — moved mustCross (7,2) -> (4,9)
  attempt 7: accepted F02938-lm-07 — moved blocks (5,13) -> (10,8)
  attempt 8: accepted F02938-lm-08 — moved fountain (3,6) -> (9,9)
  attempt 9: accepted F02938-lm-09 — moved geese (11,3) -> (10,2)
  attempt 10: accepted F02938-lm-10 — moved blocks (3,2) -> (11,4)
  attempt 11: accepted F02938-lm-11 — moved blocks (6,0) -> (5,0)
  attempt 12: accepted F02938-lm-12 — moved blocks (5,13) -> (0,2)
  attempt 13: accepted F02938-lm-13 — moved geese (0,0) -> (10,2)
  attempt 14: accepted F02938-lm-14 — moved blocks (2,0) -> (9,2)
  attempt 15: accepted F02938-lm-15 — moved statue (9,10) -> (10,2)

15/15 new local-mutant sibling(s) generated for R02938 in 15 attempt(s) (budget 600); 15 total in data/families/family-R02938-lm.json.
Wrote 15 level(s) total to data/families/family-R02938-lm.json (changed=true), 15 hint file(s) written to data/families/hints/.
Wrote family manifest to data/families/family-R02938-lm-manifest.json (15 variant(s) total).
Parent R02938: witness stressMeta.witnessSolution (len 146, 7 jump(s)), 53 movable object instance(s) under strict inventory.
  variant 1 (rotation): accepted F02938-sym-01
  variant 2 (rotation): accepted F02938-sym-02
  variant 3 (rotation): accepted F02938-sym-03
  variant 4 (reflection): accepted F02938-sym-04
  variant 5 (reflection): accepted F02938-sym-05
  variant 6 (reflection): accepted F02938-sym-06
  variant 7 (reflection): accepted F02938-sym-07

7/7 new symmetry sibling(s) generated for R02938 in 7 attempt(s) (budget 7); 7 total in data/families/family-R02938-sym.json.
Wrote 7 level(s) total to data/families/family-R02938-sym.json (changed=true), 7 hint file(s) written to data/families/hints/.
Wrote family manifest to data/families/family-R02938-sym-manifest.json (7 variant(s) total).
portfolio-solve-sweep: corpus=data/families/family-R02938-lm.json levels=15 (15 to solve) scheduler-mode=legacy budget=8000ms node-budget=20000000 workers=4 save-hints=true
  [1/15] L4 (F02938-lm-04) ok=✗
  [2/15] L2 (F02938-lm-02) ok=✗
  [3/15] L1 (F02938-lm-01) ok=✗
  [4/15] L3 (F02938-lm-03) ok=✗
  [5/15] L7 (F02938-lm-07) ok=✗
  [6/15] L5 (F02938-lm-05) ok=✗
  [7/15] L8 (F02938-lm-08) ok=✗
  [8/15] L6 (F02938-lm-06) ok=✗
  [9/15] L9 (F02938-lm-09) ok=✗
  [10/15] L10 (F02938-lm-10) ok=✗
  [11/15] L11 (F02938-lm-11) ok=✗
  [12/15] L13 (F02938-lm-13) ok=✗
  [13/15] L12 (F02938-lm-12) ok=✗
  [14/15] L14 (F02938-lm-14) ok=✗
  [15/15] L15 (F02938-lm-15) ok=✗
Hints: appended to 0 level(s); 0 hint file(s) changed on disk.
Result: solved=0/15, solvedBeforeFallback=0, fallbackOnly=0, unsolved=15
Wrote logs/family-census/solve-R02938-lm.json
Wrote logs/family-census/solve-R02938-lm-summary.md
portfolio-solve-sweep: corpus=data/families/family-R02938-sym.json levels=7 (7 to solve) scheduler-mode=legacy budget=8000ms node-budget=20000000 workers=4 save-hints=true
  [1/7] L1 (F02938-sym-01) ok=✗
  [2/7] L2 (F02938-sym-02) ok=✗
  [3/7] L3 (F02938-sym-03) ok=✗
  [4/7] L4 (F02938-sym-04) ok=✗
  [5/7] L5 (F02938-sym-05) ok=✗
  [6/7] L7 (F02938-sym-07) ok=✗
  [7/7] L6 (F02938-sym-06) ok=✗
Hints: appended to 0 level(s); 0 hint file(s) changed on disk.
Result: solved=0/7, solvedBeforeFallback=0, fallbackOnly=0, unsolved=7
Wrote logs/family-census/solve-R02938-sym.json
Wrote logs/family-census/solve-R02938-sym-summary.md
[01:43:47] DONE R02938
[01:43:47] START R02991
Parent R02991: witness stressMeta.witnessSolution (len 103, 4 jump(s)), 64 movable object instance(s) under strict inventory.
  attempt 1: accepted F02991-lm-01 — moved blocks (13,1) -> (3,12)
  attempt 2: accepted F02991-lm-02 — moved geese (0,0) -> (8,2)
  attempt 3: accepted F02991-lm-03 — moved blocks (12,6) -> (9,0)
  attempt 4: accepted F02991-lm-04 — moved mustPass (1,2) -> (1,0)
  attempt 5: accepted F02991-lm-05 — moved blocks (13,3) -> (9,12)
  attempt 6: accepted F02991-lm-06 — moved blocks (0,2) -> (13,0)
  attempt 7: rejected — degenerate duplicate of parent or another accepted variant
  attempt 8: accepted F02991-lm-07 — moved blocks (12,7) -> (12,1)
  attempt 9: accepted F02991-lm-08 — moved blocks (13,2) -> (13,7)
  attempt 10: accepted F02991-lm-09 — moved blocks (13,1) -> (10,1)
  attempt 11: accepted F02991-lm-10 — moved blocks (13,1) -> (7,7)
  attempt 12: accepted F02991-lm-11 — moved geese (0,0) -> (8,0)
  attempt 13: accepted F02991-lm-12 — moved geese (12,4) -> (13,4)
  attempt 14: accepted F02991-lm-13 — moved blocks (7,3) -> (11,4)
  attempt 15: accepted F02991-lm-14 — moved blocks (12,6) -> (11,6)
  attempt 16: accepted F02991-lm-15 — moved blocks (5,13) -> (12,3)

15/15 new local-mutant sibling(s) generated for R02991 in 16 attempt(s) (budget 600); 15 total in data/families/family-R02991-lm.json.
Wrote 15 level(s) total to data/families/family-R02991-lm.json (changed=true), 15 hint file(s) written to data/families/hints/.
Wrote family manifest to data/families/family-R02991-lm-manifest.json (15 variant(s) total).
Parent R02991: witness stressMeta.witnessSolution (len 103, 4 jump(s)), 64 movable object instance(s) under strict inventory.
  variant 1 (rotation): accepted F02991-sym-01
  variant 2 (rotation): accepted F02991-sym-02
  variant 3 (rotation): accepted F02991-sym-03
  variant 4 (reflection): accepted F02991-sym-04
  variant 5 (reflection): accepted F02991-sym-05
  variant 6 (reflection): accepted F02991-sym-06
  variant 7 (reflection): accepted F02991-sym-07

7/7 new symmetry sibling(s) generated for R02991 in 7 attempt(s) (budget 7); 7 total in data/families/family-R02991-sym.json.
Wrote 7 level(s) total to data/families/family-R02991-sym.json (changed=true), 7 hint file(s) written to data/families/hints/.
Wrote family manifest to data/families/family-R02991-sym-manifest.json (7 variant(s) total).
portfolio-solve-sweep: corpus=data/families/family-R02991-lm.json levels=15 (15 to solve) scheduler-mode=legacy budget=8000ms node-budget=20000000 workers=4 save-hints=true
  [1/15] L2 (F02991-lm-02) ok=✗
  [2/15] L3 (F02991-lm-03) ok=✗
  [3/15] L1 (F02991-lm-01) ok=✗
  [4/15] L4 (F02991-lm-04) ok=✗
  [5/15] L5 (F02991-lm-05) ok=✗
  [6/15] L7 (F02991-lm-07) ok=✗
  [7/15] L6 (F02991-lm-06) ok=✗
  [8/15] L8 (F02991-lm-08) ok=✗
  [9/15] L9 (F02991-lm-09) ok=✗
  [10/15] L12 (F02991-lm-12) ok=✗
  [11/15] L10 (F02991-lm-10) ok=✗
  [12/15] L11 (F02991-lm-11) ok=✗
  [13/15] L14 (F02991-lm-14) ok=✗
  [14/15] L13 (F02991-lm-13) ok=✗
  [15/15] L15 (F02991-lm-15) ok=✗
Hints: appended to 0 level(s); 0 hint file(s) changed on disk.
Result: solved=0/15, solvedBeforeFallback=0, fallbackOnly=0, unsolved=15
Wrote logs/family-census/solve-R02991-lm.json
Wrote logs/family-census/solve-R02991-lm-summary.md
portfolio-solve-sweep: corpus=data/families/family-R02991-sym.json levels=7 (7 to solve) scheduler-mode=legacy budget=8000ms node-budget=20000000 workers=4 save-hints=true
  [1/7] L1 (F02991-sym-01) ok=✗
  [2/7] L2 (F02991-sym-02) ok=✗
  [3/7] L3 (F02991-sym-03) ok=✗
  [4/7] L4 (F02991-sym-04) ok=✗
  [5/7] L5 (F02991-sym-05) ok=✗
  [6/7] L7 (F02991-sym-07) ok=✗
  [7/7] L6 (F02991-sym-06) ok=✗
Hints: appended to 0 level(s); 0 hint file(s) changed on disk.
Result: solved=0/7, solvedBeforeFallback=0, fallbackOnly=0, unsolved=7
Wrote logs/family-census/solve-R02991-sym.json
Wrote logs/family-census/solve-R02991-sym-summary.md
[01:48:34] DONE R02991
[01:48:34] START R03024
Parent R03024: witness stressMeta.witnessSolution (len 71, 6 jump(s)), 39 movable object instance(s) under strict inventory.
  attempt 1: accepted F03024-lm-01 — moved geese (0,2) -> (6,7)
  attempt 2: accepted F03024-lm-02 — moved blocks (10,6) -> (5,1)
  attempt 3: accepted F03024-lm-03 — moved mustPass (8,0) -> (9,0)
  attempt 4: accepted F03024-lm-04 — moved mustPass (8,0) -> (6,1)
  attempt 5: accepted F03024-lm-05 — moved geese (2,5) -> (6,7)
  attempt 6: accepted F03024-lm-06 — moved mustPass (7,9) -> (2,2)
  attempt 7: accepted F03024-lm-07 — moved blocks (1,9) -> (5,0)
  attempt 8: accepted F03024-lm-08 — moved mustPass (8,0) -> (2,2)
  attempt 9: accepted F03024-lm-09 — moved blocks (4,6) -> (4,8)
  attempt 10: accepted F03024-lm-10 — moved library (5,6) -> (10,2)
  attempt 11: accepted F03024-lm-11 — moved falseGoals (3,0) -> (6,8)
  attempt 12: accepted F03024-lm-12 — moved falseGoals (9,5) -> (0,8)
  attempt 13: accepted F03024-lm-13 — moved mustPass (6,6) -> (10,2)
  attempt 14: accepted F03024-lm-14 — moved blocks (0,1) -> (1,10)
  attempt 15: accepted F03024-lm-15 — moved falseGoals (9,5) -> (3,6)

15/15 new local-mutant sibling(s) generated for R03024 in 15 attempt(s) (budget 600); 15 total in data/families/family-R03024-lm.json.
Wrote 15 level(s) total to data/families/family-R03024-lm.json (changed=true), 15 hint file(s) written to data/families/hints/.
Wrote family manifest to data/families/family-R03024-lm-manifest.json (15 variant(s) total).
Parent R03024: witness stressMeta.witnessSolution (len 71, 6 jump(s)), 39 movable object instance(s) under strict inventory.
  variant 1 (rotation): accepted F03024-sym-01
  variant 2 (rotation): accepted F03024-sym-02
  variant 3 (rotation): accepted F03024-sym-03
  variant 4 (reflection): accepted F03024-sym-04
  variant 5 (reflection): accepted F03024-sym-05
  variant 6 (reflection): accepted F03024-sym-06
  variant 7 (reflection): accepted F03024-sym-07

7/7 new symmetry sibling(s) generated for R03024 in 7 attempt(s) (budget 7); 7 total in data/families/family-R03024-sym.json.
Wrote 7 level(s) total to data/families/family-R03024-sym.json (changed=true), 7 hint file(s) written to data/families/hints/.
Wrote family manifest to data/families/family-R03024-sym-manifest.json (7 variant(s) total).
portfolio-solve-sweep: corpus=data/families/family-R03024-lm.json levels=15 (15 to solve) scheduler-mode=legacy budget=8000ms node-budget=20000000 workers=4 save-hints=true
  [1/15] L3 (F03024-lm-03) ok=✗
  [2/15] L1 (F03024-lm-01) ok=✗
  [3/15] L2 (F03024-lm-02) ok=✗
  [4/15] L4 (F03024-lm-04) ok=✗
  [5/15] L5 (F03024-lm-05) ok=✗
  [6/15] L7 (F03024-lm-07) ok=✗
  [7/15] L8 (F03024-lm-08) ok=✗
  [8/15] L6 (F03024-lm-06) ok=✗
  [9/15] L9 (F03024-lm-09) ok=✗
  [10/15] L10 (F03024-lm-10) ok=✗
  [11/15] L11 (F03024-lm-11) ok=✗
  [12/15] L12 (F03024-lm-12) ok=✗
  [13/15] L13 (F03024-lm-13) ok=✗
  [14/15] L14 (F03024-lm-14) ok=✗
  [15/15] L15 (F03024-lm-15) ok=✗
Hints: appended to 0 level(s); 0 hint file(s) changed on disk.
Result: solved=0/15, solvedBeforeFallback=0, fallbackOnly=0, unsolved=15
Wrote logs/family-census/solve-R03024-lm.json
Wrote logs/family-census/solve-R03024-lm-summary.md
portfolio-solve-sweep: corpus=data/families/family-R03024-sym.json levels=7 (7 to solve) scheduler-mode=legacy budget=8000ms node-budget=20000000 workers=4 save-hints=true
  [1/7] L1 (F03024-sym-01) ok=✗
  [2/7] L2 (F03024-sym-02) ok=✗
  [3/7] L3 (F03024-sym-03) ok=✗
  [4/7] L4 (F03024-sym-04) ok=✗
  [5/7] L7 (F03024-sym-07) ok=✗
  [6/7] L5 (F03024-sym-05) ok=✗
  [7/7] L6 (F03024-sym-06) ok=✗
Hints: appended to 0 level(s); 0 hint file(s) changed on disk.
Result: solved=0/7, solvedBeforeFallback=0, fallbackOnly=0, unsolved=7
Wrote logs/family-census/solve-R03024-sym.json
Wrote logs/family-census/solve-R03024-sym-summary.md
[01:53:18] DONE R03024
[01:53:18] START R03051
Parent R03051: witness stressMeta.witnessSolution (len 124, 7 jump(s)), 55 movable object instance(s) under strict inventory.
  attempt 1: accepted F03051-lm-01 — moved mustPass (13,2) -> (11,10)
  attempt 2: accepted F03051-lm-02 — moved blocks (2,10) -> (11,8)
  attempt 3: accepted F03051-lm-03 — moved blocks (7,1) -> (13,7)
  attempt 4: accepted F03051-lm-04 — moved blocks (6,1) -> (5,9)
  attempt 5: accepted F03051-lm-05 — moved blocks (5,12) -> (9,12)
  attempt 6: accepted F03051-lm-06 — moved blocks (7,14) -> (5,11)
  attempt 7: accepted F03051-lm-07 — moved blocks (10,4) -> (11,5)
  attempt 8: accepted F03051-lm-08 — moved market (13,6) -> (1,4)
  attempt 9: accepted F03051-lm-09 — moved blocks (7,14) -> (12,1)
  attempt 10: accepted F03051-lm-10 — moved blocks (1,8) -> (2,9)
  attempt 11: accepted F03051-lm-11 — moved blocks (3,8) -> (9,12)
  attempt 12: accepted F03051-lm-12 — moved blocks (7,1) -> (11,7)
  attempt 13: accepted F03051-lm-13 — moved blocks (10,3) -> (7,11)
  attempt 14: accepted F03051-lm-14 — moved blocks (3,7) -> (9,3)
  attempt 15: accepted F03051-lm-15 — moved blocks (5,12) -> (1,7)

15/15 new local-mutant sibling(s) generated for R03051 in 15 attempt(s) (budget 600); 15 total in data/families/family-R03051-lm.json.
Wrote 15 level(s) total to data/families/family-R03051-lm.json (changed=true), 15 hint file(s) written to data/families/hints/.
Wrote family manifest to data/families/family-R03051-lm-manifest.json (15 variant(s) total).
Parent R03051: witness stressMeta.witnessSolution (len 124, 7 jump(s)), 55 movable object instance(s) under strict inventory.
  variant 1 (rotation): accepted F03051-sym-01
  variant 2 (rotation): accepted F03051-sym-02
  variant 3 (rotation): accepted F03051-sym-03
  variant 4 (reflection): accepted F03051-sym-04
  variant 5 (reflection): accepted F03051-sym-05
  variant 6 (reflection): accepted F03051-sym-06
  variant 7 (reflection): accepted F03051-sym-07

7/7 new symmetry sibling(s) generated for R03051 in 7 attempt(s) (budget 7); 7 total in data/families/family-R03051-sym.json.
Wrote 7 level(s) total to data/families/family-R03051-sym.json (changed=true), 7 hint file(s) written to data/families/hints/.
Wrote family manifest to data/families/family-R03051-sym-manifest.json (7 variant(s) total).
portfolio-solve-sweep: corpus=data/families/family-R03051-lm.json levels=15 (15 to solve) scheduler-mode=legacy budget=8000ms node-budget=20000000 workers=4 save-hints=true
  [1/15] L4 (F03051-lm-04) ok=✗
  [2/15] L3 (F03051-lm-03) ok=✗
  [3/15] L2 (F03051-lm-02) ok=✗
  [4/15] L1 (F03051-lm-01) ok=✗
  [5/15] L5 (F03051-lm-05) ok=✗
  [6/15] L7 (F03051-lm-07) ok=✗
  [7/15] L6 (F03051-lm-06) ok=✗
  [8/15] L8 (F03051-lm-08) ok=✗
  [9/15] L9 (F03051-lm-09) ok=✗
  [10/15] L10 (F03051-lm-10) ok=✗
  [11/15] L11 (F03051-lm-11) ok=✗
  [12/15] L12 (F03051-lm-12) ok=✗
  [13/15] L15 (F03051-lm-15) ok=✗
  [14/15] L13 (F03051-lm-13) ok=✗
  [15/15] L14 (F03051-lm-14) ok=✗
Hints: appended to 0 level(s); 0 hint file(s) changed on disk.
Result: solved=0/15, solvedBeforeFallback=0, fallbackOnly=0, unsolved=15
Wrote logs/family-census/solve-R03051-lm.json
Wrote logs/family-census/solve-R03051-lm-summary.md
portfolio-solve-sweep: corpus=data/families/family-R03051-sym.json levels=7 (7 to solve) scheduler-mode=legacy budget=8000ms node-budget=20000000 workers=4 save-hints=true
  [1/7] L4 (F03051-sym-04) ok=✗
  [2/7] L2 (F03051-sym-02) ok=✗
  [3/7] L3 (F03051-sym-03) ok=✗
  [4/7] L1 (F03051-sym-01) ok=✗
  [5/7] L5 (F03051-sym-05) ok=✗
  [6/7] L7 (F03051-sym-07) ok=✗
  [7/7] L6 (F03051-sym-06) ok=✗
Hints: appended to 0 level(s); 0 hint file(s) changed on disk.
Result: solved=0/7, solvedBeforeFallback=0, fallbackOnly=0, unsolved=7
Wrote logs/family-census/solve-R03051-sym.json
Wrote logs/family-census/solve-R03051-sym-summary.md
[02:00:47] DONE R03051
[02:00:47] START R03079
Parent R03079: witness hint[0] (len 96, 7 jump(s)), 43 movable object instance(s) under strict inventory.
  attempt 1: accepted F03079-lm-01 — moved blocks (0,12) -> (7,11)
  attempt 2: accepted F03079-lm-02 — moved library (8,0) -> (6,7)
  attempt 3: accepted F03079-lm-03 — moved blocks (3,13) -> (3,8)
  attempt 4: accepted F03079-lm-04 — moved blocks (1,4) -> (0,8)
  attempt 5: accepted F03079-lm-05 — moved blocks (2,10) -> (8,6)
  attempt 6: accepted F03079-lm-06 — moved park (5,1) -> (6,0)
  attempt 7: accepted F03079-lm-07 — moved mustPass (0,1) -> (11,3)
  attempt 8: accepted F03079-lm-08 — moved blocks (4,4) -> (8,6)
  attempt 9: accepted F03079-lm-09 — moved falseGoals (2,7) -> (3,2)
  attempt 10: accepted F03079-lm-10 — moved flippingFilters (9,12) -> (1,2)
  attempt 11: accepted F03079-lm-11 — moved lamppost (10,8) -> (3,9)
  attempt 12: accepted F03079-lm-12 — moved blocks (1,4) -> (6,4)
  attempt 13: accepted F03079-lm-13 — moved falseGoals (8,4) -> (6,13)
  attempt 14: accepted F03079-lm-14 — moved falseGoals (0,4) -> (6,12)
  attempt 15: accepted F03079-lm-15 — moved blocks (1,4) -> (1,8)

15/15 new local-mutant sibling(s) generated for R03079 in 15 attempt(s) (budget 600); 15 total in data/families/family-R03079-lm.json.
Wrote 15 level(s) total to data/families/family-R03079-lm.json (changed=true), 15 hint file(s) written to data/families/hints/.
Wrote family manifest to data/families/family-R03079-lm-manifest.json (15 variant(s) total).
Parent R03079: witness hint[0] (len 96, 7 jump(s)), 43 movable object instance(s) under strict inventory.
  variant 1 (rotation): accepted F03079-sym-01
  variant 2 (rotation): accepted F03079-sym-02
  variant 3 (rotation): accepted F03079-sym-03
  variant 4 (reflection): accepted F03079-sym-04
  variant 5 (reflection): accepted F03079-sym-05
  variant 6 (reflection): accepted F03079-sym-06
  variant 7 (reflection): accepted F03079-sym-07

7/7 new symmetry sibling(s) generated for R03079 in 7 attempt(s) (budget 7); 7 total in data/families/family-R03079-sym.json.
Wrote 7 level(s) total to data/families/family-R03079-sym.json (changed=true), 7 hint file(s) written to data/families/hints/.
Wrote family manifest to data/families/family-R03079-sym-manifest.json (7 variant(s) total).
portfolio-solve-sweep: corpus=data/families/family-R03079-lm.json levels=15 (15 to solve) scheduler-mode=legacy budget=8000ms node-budget=20000000 workers=4 save-hints=true
  [1/15] L3 (F03079-lm-03) ok=✓ legacy [hint saved]
  [2/15] L5 (F03079-lm-05) ok=✓ legacy [hint saved]
  [3/15] L2 (F03079-lm-02) ok=✓ legacy [hint saved]
  [4/15] L6 (F03079-lm-06) ok=✓ legacy [hint saved]
  [5/15] L7 (F03079-lm-07) ok=✓ legacy [hint saved]
  [6/15] L8 (F03079-lm-08) ok=✓ legacy [hint saved]
  [7/15] L4 (F03079-lm-04) ok=✗
  [8/15] L1 (F03079-lm-01) ok=✗
  [9/15] L11 (F03079-lm-11) ok=✓ legacy [hint saved]
  [10/15] L9 (F03079-lm-09) ok=✗
  [11/15] L10 (F03079-lm-10) ok=✗
  [12/15] L12 (F03079-lm-12) ok=✗
  [13/15] L13 (F03079-lm-13) ok=✗
  [14/15] L15 (F03079-lm-15) ok=✗
  [15/15] L14 (F03079-lm-14) ok=✗
Hints: appended to 7 level(s); 7 hint file(s) changed on disk.
Result: solved=7/15, solvedBeforeFallback=0, fallbackOnly=7, unsolved=8
Wrote logs/family-census/solve-R03079-lm.json
Wrote logs/family-census/solve-R03079-lm-summary.md
portfolio-solve-sweep: corpus=data/families/family-R03079-sym.json levels=7 (7 to solve) scheduler-mode=legacy budget=8000ms node-budget=20000000 workers=4 save-hints=true
  [1/7] L1 (F03079-sym-01) ok=✗
  [2/7] L4 (F03079-sym-04) ok=✗
  [3/7] L2 (F03079-sym-02) ok=✗
  [4/7] L3 (F03079-sym-03) ok=✗
  [5/7] L7 (F03079-sym-07) ok=✗
  [6/7] L6 (F03079-sym-06) ok=✗
  [7/7] L5 (F03079-sym-05) ok=✗
Hints: appended to 0 level(s); 0 hint file(s) changed on disk.
Result: solved=0/7, solvedBeforeFallback=0, fallbackOnly=0, unsolved=7
Wrote logs/family-census/solve-R03079-sym.json
Wrote logs/family-census/solve-R03079-sym-summary.md
[02:02:54] DONE R03079
[02:02:54] START R03114
Parent R03114: witness stressMeta.witnessSolution (len 83, 4 jump(s)), 49 movable object instance(s) under strict inventory.
  attempt 1: accepted F03114-lm-01 — moved flippingFilters (8,5) -> (9,8)
  attempt 2: accepted F03114-lm-02 — moved flippingFilters (0,3) -> (4,3)
  attempt 3: accepted F03114-lm-03 — moved mustPass (7,6) -> (4,4)
  attempt 4: accepted F03114-lm-04 — moved mustPass (8,8) -> (2,1)
  attempt 5: accepted F03114-lm-05 — moved flippingFilters (7,10) -> (4,3)
  attempt 6: accepted F03114-lm-06 — moved flippingFilters (0,0) -> (9,8)
  attempt 7: accepted F03114-lm-07 — moved flippingFilters (8,4) -> (10,9)
  attempt 8: accepted F03114-lm-08 — moved mustPass (2,4) -> (8,6)
  attempt 9: accepted F03114-lm-09 — moved mustPass (7,6) -> (1,8)
  attempt 10: accepted F03114-lm-10 — moved flippingFilters (0,0) -> (3,1)
  attempt 11: accepted F03114-lm-11 — moved mustPass (2,4) -> (1,10)
  attempt 12: accepted F03114-lm-12 — moved flippingFilters (0,3) -> (8,9)
  attempt 13: accepted F03114-lm-13 — moved flippingFilters (4,0) -> (10,9)
  attempt 14: accepted F03114-lm-14 — moved flippingFilters (8,5) -> (4,3)
  attempt 15: accepted F03114-lm-15 — moved mustPass (0,7) -> (9,0)

15/15 new local-mutant sibling(s) generated for R03114 in 15 attempt(s) (budget 600); 15 total in data/families/family-R03114-lm.json.
Wrote 15 level(s) total to data/families/family-R03114-lm.json (changed=true), 15 hint file(s) written to data/families/hints/.
Wrote family manifest to data/families/family-R03114-lm-manifest.json (15 variant(s) total).
Parent R03114: witness stressMeta.witnessSolution (len 83, 4 jump(s)), 49 movable object instance(s) under strict inventory.
  variant 1 (rotation): accepted F03114-sym-01
  variant 2 (rotation): accepted F03114-sym-02
  variant 3 (rotation): accepted F03114-sym-03
  variant 4 (reflection): accepted F03114-sym-04
  variant 5 (reflection): accepted F03114-sym-05
  variant 6 (reflection): accepted F03114-sym-06
  variant 7 (reflection): accepted F03114-sym-07

7/7 new symmetry sibling(s) generated for R03114 in 7 attempt(s) (budget 7); 7 total in data/families/family-R03114-sym.json.
Wrote 7 level(s) total to data/families/family-R03114-sym.json (changed=true), 7 hint file(s) written to data/families/hints/.
Wrote family manifest to data/families/family-R03114-sym-manifest.json (7 variant(s) total).
portfolio-solve-sweep: corpus=data/families/family-R03114-lm.json levels=15 (15 to solve) scheduler-mode=legacy budget=8000ms node-budget=20000000 workers=4 save-hints=true
  [1/15] L3 (F03114-lm-03) ok=✗
  [2/15] L4 (F03114-lm-04) ok=✗
  [3/15] L1 (F03114-lm-01) ok=✗
  [4/15] L2 (F03114-lm-02) ok=✗
  [5/15] L5 (F03114-lm-05) ok=✗
  [6/15] L8 (F03114-lm-08) ok=✗
  [7/15] L7 (F03114-lm-07) ok=✗
  [8/15] L6 (F03114-lm-06) ok=✗
  [9/15] L9 (F03114-lm-09) ok=✗
  [10/15] L11 (F03114-lm-11) ok=✗
  [11/15] L12 (F03114-lm-12) ok=✗
  [12/15] L10 (F03114-lm-10) ok=✗
  [13/15] L13 (F03114-lm-13) ok=✗
  [14/15] L14 (F03114-lm-14) ok=✗
  [15/15] L15 (F03114-lm-15) ok=✗
Hints: appended to 0 level(s); 0 hint file(s) changed on disk.
Result: solved=0/15, solvedBeforeFallback=0, fallbackOnly=0, unsolved=15
Wrote logs/family-census/solve-R03114-lm.json
Wrote logs/family-census/solve-R03114-lm-summary.md
portfolio-solve-sweep: corpus=data/families/family-R03114-sym.json levels=7 (7 to solve) scheduler-mode=legacy budget=8000ms node-budget=20000000 workers=4 save-hints=true
  [1/7] L3 (F03114-sym-03) ok=✗
  [2/7] L4 (F03114-sym-04) ok=✗
  [3/7] L2 (F03114-sym-02) ok=✗
  [4/7] L1 (F03114-sym-01) ok=✗
  [5/7] L5 (F03114-sym-05) ok=✗
  [6/7] L6 (F03114-sym-06) ok=✗
  [7/7] L7 (F03114-sym-07) ok=✗
Hints: appended to 0 level(s); 0 hint file(s) changed on disk.
Result: solved=0/7, solvedBeforeFallback=0, fallbackOnly=0, unsolved=7
Wrote logs/family-census/solve-R03114-sym.json
Wrote logs/family-census/solve-R03114-sym-summary.md
[02:04:07] DONE R03114
[02:04:07] START R03143
Parent R03143: witness stressMeta.witnessSolution (len 152, 5 jump(s)), 45 movable object instance(s) under strict inventory.
  attempt 1: accepted F03143-lm-01 — moved blocks (6,14) -> (13,6)
  attempt 2: accepted F03143-lm-02 — moved library (12,10) -> (2,6)
  attempt 3: accepted F03143-lm-03 — moved library (12,10) -> (9,8)
  attempt 4: accepted F03143-lm-04 — moved blocks (8,5) -> (8,1)
  attempt 5: accepted F03143-lm-05 — moved flippingFilters (11,14) -> (5,9)
  attempt 6: accepted F03143-lm-06 — moved statue (6,9) -> (8,3)
  attempt 7: accepted F03143-lm-07 — moved flippingFilters (12,4) -> (11,12)
  attempt 8: accepted F03143-lm-08 — moved library (13,7) -> (4,10)
  attempt 9: accepted F03143-lm-09 — moved falseGoals (9,14) -> (8,14)
  attempt 10: accepted F03143-lm-10 — moved mustCross (11,5) -> (1,2)
  attempt 11: accepted F03143-lm-11 — moved blocks (6,6) -> (5,14)
  attempt 12: accepted F03143-lm-12 — moved park (6,0) -> (10,14)
  attempt 13: accepted F03143-lm-13 — moved blocks (4,7) -> (7,8)
  attempt 14: accepted F03143-lm-14 — moved library (12,10) -> (11,7)
  attempt 15: accepted F03143-lm-15 — moved lamppost (0,7) -> (0,5)

15/15 new local-mutant sibling(s) generated for R03143 in 15 attempt(s) (budget 600); 15 total in data/families/family-R03143-lm.json.
Wrote 15 level(s) total to data/families/family-R03143-lm.json (changed=true), 15 hint file(s) written to data/families/hints/.
Wrote family manifest to data/families/family-R03143-lm-manifest.json (15 variant(s) total).
Parent R03143: witness stressMeta.witnessSolution (len 152, 5 jump(s)), 45 movable object instance(s) under strict inventory.
  variant 1 (rotation): accepted F03143-sym-01
  variant 2 (rotation): accepted F03143-sym-02
  variant 3 (rotation): accepted F03143-sym-03
  variant 4 (reflection): accepted F03143-sym-04
  variant 5 (reflection): accepted F03143-sym-05
  variant 6 (reflection): accepted F03143-sym-06
  variant 7 (reflection): accepted F03143-sym-07

7/7 new symmetry sibling(s) generated for R03143 in 7 attempt(s) (budget 7); 7 total in data/families/family-R03143-sym.json.
Wrote 7 level(s) total to data/families/family-R03143-sym.json (changed=true), 7 hint file(s) written to data/families/hints/.
Wrote family manifest to data/families/family-R03143-sym-manifest.json (7 variant(s) total).
portfolio-solve-sweep: corpus=data/families/family-R03143-lm.json levels=15 (15 to solve) scheduler-mode=legacy budget=8000ms node-budget=20000000 workers=4 save-hints=true
  [1/15] L2 (F03143-lm-02) ok=✗
  [2/15] L1 (F03143-lm-01) ok=✗
  [3/15] L3 (F03143-lm-03) ok=✗
  [4/15] L4 (F03143-lm-04) ok=✗
  [5/15] L7 (F03143-lm-07) ok=✗
  [6/15] L8 (F03143-lm-08) ok=✗
  [7/15] L5 (F03143-lm-05) ok=✗
  [8/15] L6 (F03143-lm-06) ok=✗
  [9/15] L11 (F03143-lm-11) ok=✗
  [10/15] L10 (F03143-lm-10) ok=✗
  [11/15] L12 (F03143-lm-12) ok=✗
  [12/15] L9 (F03143-lm-09) ok=✗
  [13/15] L14 (F03143-lm-14) ok=✗
  [14/15] L13 (F03143-lm-13) ok=✗
  [15/15] L15 (F03143-lm-15) ok=✗
Hints: appended to 0 level(s); 0 hint file(s) changed on disk.
Result: solved=0/15, solvedBeforeFallback=0, fallbackOnly=0, unsolved=15
Wrote logs/family-census/solve-R03143-lm.json
Wrote logs/family-census/solve-R03143-lm-summary.md
portfolio-solve-sweep: corpus=data/families/family-R03143-sym.json levels=7 (7 to solve) scheduler-mode=legacy budget=8000ms node-budget=20000000 workers=4 save-hints=true
  [1/7] L4 (F03143-sym-04) ok=✗
  [2/7] L2 (F03143-sym-02) ok=✗
  [3/7] L1 (F03143-sym-01) ok=✗
  [4/7] L3 (F03143-sym-03) ok=✗
  [5/7] L7 (F03143-sym-07) ok=✗
  [6/7] L6 (F03143-sym-06) ok=✗
  [7/7] L5 (F03143-sym-05) ok=✗
Hints: appended to 0 level(s); 0 hint file(s) changed on disk.
Result: solved=0/7, solvedBeforeFallback=0, fallbackOnly=0, unsolved=7
Wrote logs/family-census/solve-R03143-sym.json
Wrote logs/family-census/solve-R03143-sym-summary.md
[02:10:39] DONE R03143
[02:10:39] START R03175
Parent R03175: witness stressMeta.witnessSolution (len 97, 0 jump(s)), 60 movable object instance(s) under strict inventory.
  attempt 1: accepted F03175-lm-01 — moved blocks (9,7) -> (5,3)
  attempt 2: accepted F03175-lm-02 — moved flippingFilters (2,1) -> (3,0)
  attempt 3: accepted F03175-lm-03 — moved flippingFilters (9,1) -> (6,7)
  attempt 4: accepted F03175-lm-04 — moved geese (0,5) -> (4,0)
  attempt 5: accepted F03175-lm-05 — moved blocks (10,0) -> (8,7)
  attempt 6: accepted F03175-lm-06 — moved fountain (5,4) -> (4,1)
  attempt 7: accepted F03175-lm-07 — moved mustPass (1,11) -> (1,6)
  attempt 8: accepted F03175-lm-08 — moved flippingFilters (4,3) -> (2,0)
  attempt 9: accepted F03175-lm-09 — moved blocks (10,11) -> (9,9)
  attempt 10: accepted F03175-lm-10 — moved geese (3,4) -> (11,11)
  attempt 11: accepted F03175-lm-11 — moved flippingFilters (9,8) -> (5,3)
  attempt 12: accepted F03175-lm-12 — moved blocks (9,11) -> (5,3)
  attempt 13: accepted F03175-lm-13 — moved blocks (1,0) -> (3,3)
  attempt 14: accepted F03175-lm-14 — moved mustCross (5,6) -> (2,8)
  attempt 15: accepted F03175-lm-15 — moved blocks (10,1) -> (11,2)

15/15 new local-mutant sibling(s) generated for R03175 in 15 attempt(s) (budget 600); 15 total in data/families/family-R03175-lm.json.
Wrote 15 level(s) total to data/families/family-R03175-lm.json (changed=true), 15 hint file(s) written to data/families/hints/.
Wrote family manifest to data/families/family-R03175-lm-manifest.json (15 variant(s) total).
Parent R03175: witness stressMeta.witnessSolution (len 97, 0 jump(s)), 60 movable object instance(s) under strict inventory.
  variant 1 (rotation): accepted F03175-sym-01
  variant 2 (rotation): accepted F03175-sym-02
  variant 3 (rotation): accepted F03175-sym-03
  variant 4 (reflection): accepted F03175-sym-04
  variant 5 (reflection): accepted F03175-sym-05
  variant 6 (reflection): accepted F03175-sym-06
  variant 7 (reflection): accepted F03175-sym-07

7/7 new symmetry sibling(s) generated for R03175 in 7 attempt(s) (budget 7); 7 total in data/families/family-R03175-sym.json.
Wrote 7 level(s) total to data/families/family-R03175-sym.json (changed=true), 7 hint file(s) written to data/families/hints/.
Wrote family manifest to data/families/family-R03175-sym-manifest.json (7 variant(s) total).
portfolio-solve-sweep: corpus=data/families/family-R03175-lm.json levels=15 (15 to solve) scheduler-mode=legacy budget=8000ms node-budget=20000000 workers=4 save-hints=true
  [1/15] L4 (F03175-lm-04) ok=✗
  [2/15] L3 (F03175-lm-03) ok=✗
  [3/15] L1 (F03175-lm-01) ok=✗
  [4/15] L2 (F03175-lm-02) ok=✗
  [5/15] L6 (F03175-lm-06) ok=✗
  [6/15] L7 (F03175-lm-07) ok=✗
  [7/15] L5 (F03175-lm-05) ok=✗
  [8/15] L8 (F03175-lm-08) ok=✗
  [9/15] L9 (F03175-lm-09) ok=✗
  [10/15] L10 (F03175-lm-10) ok=✗
  [11/15] L12 (F03175-lm-12) ok=✗
  [12/15] L11 (F03175-lm-11) ok=✗
  [13/15] L15 (F03175-lm-15) ok=✗
  [14/15] L14 (F03175-lm-14) ok=✗
  [15/15] L13 (F03175-lm-13) ok=✗
Hints: appended to 0 level(s); 0 hint file(s) changed on disk.
Result: solved=0/15, solvedBeforeFallback=0, fallbackOnly=0, unsolved=15
Wrote logs/family-census/solve-R03175-lm.json
Wrote logs/family-census/solve-R03175-lm-summary.md
portfolio-solve-sweep: corpus=data/families/family-R03175-sym.json levels=7 (7 to solve) scheduler-mode=legacy budget=8000ms node-budget=20000000 workers=4 save-hints=true
  [1/7] L3 (F03175-sym-03) ok=✗
  [2/7] L2 (F03175-sym-02) ok=✗
  [3/7] L4 (F03175-sym-04) ok=✗
  [4/7] L1 (F03175-sym-01) ok=✗
  [5/7] L5 (F03175-sym-05) ok=✗
  [6/7] L6 (F03175-sym-06) ok=✗
  [7/7] L7 (F03175-sym-07) ok=✗
Hints: appended to 0 level(s); 0 hint file(s) changed on disk.
Result: solved=0/7, solvedBeforeFallback=0, fallbackOnly=0, unsolved=7
Wrote logs/family-census/solve-R03175-sym.json
Wrote logs/family-census/solve-R03175-sym-summary.md
[02:16:09] DONE R03175
[02:16:09] START R03203
Parent R03203: witness hint[0] (len 89, 4 jump(s)), 33 movable object instance(s) under strict inventory.
  attempt 1: accepted F03203-lm-01 — moved flippingFilters (2,1) -> (6,10)
  attempt 2: accepted F03203-lm-02 — moved blocks (5,6) -> (8,2)
  attempt 3: accepted F03203-lm-03 — moved flippingFilters (0,10) -> (8,2)
  attempt 4: accepted F03203-lm-04 — moved mustPass (1,5) -> (7,3)
  attempt 5: accepted F03203-lm-05 — moved falseGoals (2,0) -> (8,2)
  attempt 6: accepted F03203-lm-06 — moved mustCross (5,8) -> (4,9)
  attempt 7: accepted F03203-lm-07 — moved flippingFilters (1,1) -> (3,7)
  attempt 8: accepted F03203-lm-08 — moved mustPass (2,4) -> (3,7)
  attempt 9: accepted F03203-lm-09 — moved flippingFilters (5,5) -> (6,8)
  attempt 10: accepted F03203-lm-10 — moved flippingFilters (1,1) -> (9,2)
  attempt 11: accepted F03203-lm-11 — moved flippingFilters (0,10) -> (6,8)
  attempt 12: accepted F03203-lm-12 — moved mustPass (1,5) -> (3,9)
  attempt 13: accepted F03203-lm-13 — moved falseGoals (8,6) -> (1,0)
  attempt 14: accepted F03203-lm-14 — moved mustPass (5,2) -> (9,2)
  attempt 15: accepted F03203-lm-15 — moved falseGoals (2,0) -> (10,1)

15/15 new local-mutant sibling(s) generated for R03203 in 15 attempt(s) (budget 600); 15 total in data/families/family-R03203-lm.json.
Wrote 15 level(s) total to data/families/family-R03203-lm.json (changed=true), 15 hint file(s) written to data/families/hints/.
Wrote family manifest to data/families/family-R03203-lm-manifest.json (15 variant(s) total).
Parent R03203: witness hint[0] (len 89, 4 jump(s)), 33 movable object instance(s) under strict inventory.
  variant 1 (rotation): accepted F03203-sym-01
  variant 2 (rotation): accepted F03203-sym-02
  variant 3 (rotation): accepted F03203-sym-03
  variant 4 (reflection): accepted F03203-sym-04
  variant 5 (reflection): accepted F03203-sym-05
  variant 6 (reflection): accepted F03203-sym-06
  variant 7 (reflection): accepted F03203-sym-07

7/7 new symmetry sibling(s) generated for R03203 in 7 attempt(s) (budget 7); 7 total in data/families/family-R03203-sym.json.
Wrote 7 level(s) total to data/families/family-R03203-sym.json (changed=true), 7 hint file(s) written to data/families/hints/.
Wrote family manifest to data/families/family-R03203-sym-manifest.json (7 variant(s) total).
portfolio-solve-sweep: corpus=data/families/family-R03203-lm.json levels=15 (15 to solve) scheduler-mode=legacy budget=8000ms node-budget=20000000 workers=4 save-hints=true
  [1/15] L2 (F03203-lm-02) ok=✗
  [2/15] L4 (F03203-lm-04) ok=✗
  [3/15] L1 (F03203-lm-01) ok=✗
  [4/15] L3 (F03203-lm-03) ok=✗
  [5/15] L7 (F03203-lm-07) ok=✗
  [6/15] L5 (F03203-lm-05) ok=✗
  [7/15] L6 (F03203-lm-06) ok=✗
  [8/15] L8 (F03203-lm-08) ok=✗
  [9/15] L9 (F03203-lm-09) ok=✗
  [10/15] L10 (F03203-lm-10) ok=✗
  [11/15] L11 (F03203-lm-11) ok=✗
  [12/15] L12 (F03203-lm-12) ok=✗
  [13/15] L13 (F03203-lm-13) ok=✗
  [14/15] L14 (F03203-lm-14) ok=✗
  [15/15] L15 (F03203-lm-15) ok=✗
Hints: appended to 0 level(s); 0 hint file(s) changed on disk.
Result: solved=0/15, solvedBeforeFallback=0, fallbackOnly=0, unsolved=15
Wrote logs/family-census/solve-R03203-lm.json
Wrote logs/family-census/solve-R03203-lm-summary.md
portfolio-solve-sweep: corpus=data/families/family-R03203-sym.json levels=7 (7 to solve) scheduler-mode=legacy budget=8000ms node-budget=20000000 workers=4 save-hints=true
  [1/7] L3 (F03203-sym-03) ok=✗
  [2/7] L2 (F03203-sym-02) ok=✗
  [3/7] L1 (F03203-sym-01) ok=✗
  [4/7] L4 (F03203-sym-04) ok=✗
  [5/7] L5 (F03203-sym-05) ok=✗
  [6/7] L6 (F03203-sym-06) ok=✗
  [7/7] L7 (F03203-sym-07) ok=✗
Hints: appended to 0 level(s); 0 hint file(s) changed on disk.
Result: solved=0/7, solvedBeforeFallback=0, fallbackOnly=0, unsolved=7
Wrote logs/family-census/solve-R03203-sym.json
Wrote logs/family-census/solve-R03203-sym-summary.md
[02:20:59] DONE R03203
[02:20:59] START R03247
Parent R03247: witness stressMeta.witnessSolution (len 128, 4 jump(s)), 64 movable object instance(s) under strict inventory.
  attempt 1: accepted F03247-lm-01 — moved mustPass (5,14) -> (9,13)
  attempt 2: accepted F03247-lm-02 — moved mustCross (8,13) -> (11,9)
  attempt 3: accepted F03247-lm-03 — moved blocks (12,13) -> (11,13)
  attempt 4: accepted F03247-lm-04 — moved blocks (0,8) -> (11,1)
  attempt 5: accepted F03247-lm-05 — moved park (13,9) -> (14,3)
  attempt 6: accepted F03247-lm-06 — moved mustCross (7,11) -> (12,3)
  attempt 7: accepted F03247-lm-07 — moved blocks (14,2) -> (5,7)
  attempt 8: accepted F03247-lm-08 — moved blocks (6,3) -> (8,0)
  attempt 9: accepted F03247-lm-09 — moved park (13,9) -> (11,6)
  attempt 10: accepted F03247-lm-10 — moved mustPass (5,14) -> (4,12)
  attempt 11: accepted F03247-lm-11 — moved blocks (0,8) -> (5,6)
  attempt 12: accepted F03247-lm-12 — moved mustCross (10,11) -> (11,9)
  attempt 13: accepted F03247-lm-13 — moved park (8,1) -> (6,5)
  attempt 14: accepted F03247-lm-14 — moved blocks (2,13) -> (5,6)
  attempt 15: accepted F03247-lm-15 — moved statue (10,2) -> (11,1)

15/15 new local-mutant sibling(s) generated for R03247 in 15 attempt(s) (budget 600); 15 total in data/families/family-R03247-lm.json.
Wrote 15 level(s) total to data/families/family-R03247-lm.json (changed=true), 15 hint file(s) written to data/families/hints/.
Wrote family manifest to data/families/family-R03247-lm-manifest.json (15 variant(s) total).
Parent R03247: witness stressMeta.witnessSolution (len 128, 4 jump(s)), 64 movable object instance(s) under strict inventory.
  variant 1 (rotation): accepted F03247-sym-01
  variant 2 (rotation): accepted F03247-sym-02
  variant 3 (rotation): accepted F03247-sym-03
  variant 4 (reflection): accepted F03247-sym-04
  variant 5 (reflection): accepted F03247-sym-05
  variant 6 (reflection): accepted F03247-sym-06
  variant 7 (reflection): accepted F03247-sym-07

7/7 new symmetry sibling(s) generated for R03247 in 7 attempt(s) (budget 7); 7 total in data/families/family-R03247-sym.json.
Wrote 7 level(s) total to data/families/family-R03247-sym.json (changed=true), 7 hint file(s) written to data/families/hints/.
Wrote family manifest to data/families/family-R03247-sym-manifest.json (7 variant(s) total).
portfolio-solve-sweep: corpus=data/families/family-R03247-lm.json levels=15 (15 to solve) scheduler-mode=legacy budget=8000ms node-budget=20000000 workers=4 save-hints=true
  [1/15] L2 (F03247-lm-02) ok=✗
  [2/15] L1 (F03247-lm-01) ok=✗
  [3/15] L4 (F03247-lm-04) ok=✗
  [4/15] L3 (F03247-lm-03) ok=✗
  [5/15] L7 (F03247-lm-07) ok=✗
  [6/15] L5 (F03247-lm-05) ok=✗
  [7/15] L8 (F03247-lm-08) ok=✗
  [8/15] L6 (F03247-lm-06) ok=✗
  [9/15] L9 (F03247-lm-09) ok=✗
  [10/15] L12 (F03247-lm-12) ok=✗
  [11/15] L11 (F03247-lm-11) ok=✗
  [12/15] L10 (F03247-lm-10) ok=✗
  [13/15] L15 (F03247-lm-15) ok=✗
  [14/15] L13 (F03247-lm-13) ok=✗
  [15/15] L14 (F03247-lm-14) ok=✗
Hints: appended to 0 level(s); 0 hint file(s) changed on disk.
Result: solved=0/15, solvedBeforeFallback=0, fallbackOnly=0, unsolved=15
Wrote logs/family-census/solve-R03247-lm.json
Wrote logs/family-census/solve-R03247-lm-summary.md
portfolio-solve-sweep: corpus=data/families/family-R03247-sym.json levels=7 (7 to solve) scheduler-mode=legacy budget=8000ms node-budget=20000000 workers=4 save-hints=true
  [1/7] L1 (F03247-sym-01) ok=✗
  [2/7] L2 (F03247-sym-02) ok=✗
  [3/7] L3 (F03247-sym-03) ok=✗
  [4/7] L4 (F03247-sym-04) ok=✗
  [5/7] L7 (F03247-sym-07) ok=✗
  [6/7] L6 (F03247-sym-06) ok=✗
  [7/7] L5 (F03247-sym-05) ok=✗
Hints: appended to 0 level(s); 0 hint file(s) changed on disk.
Result: solved=0/7, solvedBeforeFallback=0, fallbackOnly=0, unsolved=7
Wrote logs/family-census/solve-R03247-sym.json
Wrote logs/family-census/solve-R03247-sym-summary.md
[02:31:15] DONE R03247
[02:31:15] START R03286
Parent R03286: witness hint[0] (len 117, 0 jump(s)), 45 movable object instance(s) under strict inventory.
  attempt 1: accepted F03286-lm-01 — moved blocks (0,9) -> (7,13)
  attempt 2: accepted F03286-lm-02 — moved fountain (6,2) -> (12,8)
  attempt 3: accepted F03286-lm-03 — moved fountain (4,13) -> (13,5)
  attempt 4: accepted F03286-lm-04 — moved blocks (4,5) -> (13,5)
  attempt 5: accepted F03286-lm-05 — moved blocks (11,5) -> (10,8)
  attempt 6: accepted F03286-lm-06 — moved geese (4,7) -> (7,12)
  attempt 7: accepted F03286-lm-07 — moved blocks (2,4) -> (6,11)
  attempt 8: accepted F03286-lm-08 — moved blocks (11,12) -> (7,1)
  attempt 9: accepted F03286-lm-09 — moved fountain (4,13) -> (11,10)
  attempt 10: accepted F03286-lm-10 — moved blocks (3,4) -> (6,12)
  attempt 11: accepted F03286-lm-11 — moved blocks (9,13) -> (10,8)
  attempt 12: accepted F03286-lm-12 — moved geese (4,7) -> (13,5)
  attempt 13: accepted F03286-lm-13 — moved blocks (12,5) -> (13,7)
  attempt 14: accepted F03286-lm-14 — moved blocks (3,6) -> (1,12)
  attempt 15: accepted F03286-lm-15 — moved blocks (10,4) -> (1,3)

15/15 new local-mutant sibling(s) generated for R03286 in 15 attempt(s) (budget 600); 15 total in data/families/family-R03286-lm.json.
Wrote 15 level(s) total to data/families/family-R03286-lm.json (changed=true), 15 hint file(s) written to data/families/hints/.
Wrote family manifest to data/families/family-R03286-lm-manifest.json (15 variant(s) total).
Parent R03286: witness hint[0] (len 117, 0 jump(s)), 45 movable object instance(s) under strict inventory.
  variant 1 (rotation): accepted F03286-sym-01
  variant 2 (rotation): accepted F03286-sym-02
  variant 3 (rotation): accepted F03286-sym-03
  variant 4 (reflection): accepted F03286-sym-04
  variant 5 (reflection): accepted F03286-sym-05
  variant 6 (reflection): accepted F03286-sym-06
  variant 7 (reflection): accepted F03286-sym-07

7/7 new symmetry sibling(s) generated for R03286 in 7 attempt(s) (budget 7); 7 total in data/families/family-R03286-sym.json.
Wrote 7 level(s) total to data/families/family-R03286-sym.json (changed=true), 7 hint file(s) written to data/families/hints/.
Wrote family manifest to data/families/family-R03286-sym-manifest.json (7 variant(s) total).
portfolio-solve-sweep: corpus=data/families/family-R03286-lm.json levels=15 (15 to solve) scheduler-mode=legacy budget=8000ms node-budget=20000000 workers=4 save-hints=true
  [1/15] L1 (F03286-lm-01) ok=✗
  [2/15] L4 (F03286-lm-04) ok=✗
  [3/15] L2 (F03286-lm-02) ok=✗
  [4/15] L3 (F03286-lm-03) ok=✗
  [5/15] L6 (F03286-lm-06) ok=✗
  [6/15] L5 (F03286-lm-05) ok=✗
  [7/15] L7 (F03286-lm-07) ok=✗
  [8/15] L8 (F03286-lm-08) ok=✗
  [9/15] L9 (F03286-lm-09) ok=✗
  [10/15] L10 (F03286-lm-10) ok=✗
  [11/15] L11 (F03286-lm-11) ok=✗
  [12/15] L12 (F03286-lm-12) ok=✗
  [13/15] L13 (F03286-lm-13) ok=✗
  [14/15] L15 (F03286-lm-15) ok=✗
  [15/15] L14 (F03286-lm-14) ok=✗
Hints: appended to 0 level(s); 0 hint file(s) changed on disk.
Result: solved=0/15, solvedBeforeFallback=0, fallbackOnly=0, unsolved=15
Wrote logs/family-census/solve-R03286-lm.json
Wrote logs/family-census/solve-R03286-lm-summary.md
portfolio-solve-sweep: corpus=data/families/family-R03286-sym.json levels=7 (7 to solve) scheduler-mode=legacy budget=8000ms node-budget=20000000 workers=4 save-hints=true
  [1/7] L3 (F03286-sym-03) ok=✗
  [2/7] L1 (F03286-sym-01) ok=✗
  [3/7] L4 (F03286-sym-04) ok=✗
  [4/7] L2 (F03286-sym-02) ok=✗
  [5/7] L6 (F03286-sym-06) ok=✗
  [6/7] L7 (F03286-sym-07) ok=✗
  [7/7] L5 (F03286-sym-05) ok=✗
Hints: appended to 0 level(s); 0 hint file(s) changed on disk.
Result: solved=0/7, solvedBeforeFallback=0, fallbackOnly=0, unsolved=7
Wrote logs/family-census/solve-R03286-sym.json
Wrote logs/family-census/solve-R03286-sym-summary.md
[02:38:11] DONE R03286
[02:38:11] START R03315
Parent R03315: witness stressMeta.witnessSolution (len 91, 4 jump(s)), 32 movable object instance(s) under strict inventory.
  attempt 1: accepted F03315-lm-01 — moved blocks (0,5) -> (0,7)
  attempt 2: accepted F03315-lm-02 — moved blocks (4,2) -> (1,7)
  attempt 3: accepted F03315-lm-03 — moved blocks (10,2) -> (0,7)
  attempt 4: accepted F03315-lm-04 — moved park (3,10) -> (2,9)
  attempt 5: accepted F03315-lm-05 — moved lamppost (4,0) -> (8,7)
  attempt 6: accepted F03315-lm-06 — moved blocks (4,2) -> (0,7)
  attempt 7: accepted F03315-lm-07 — moved falseGoals (3,2) -> (1,7)
  attempt 8: accepted F03315-lm-08 — moved statue (8,6) -> (2,4)
  attempt 9: accepted F03315-lm-09 — moved falseGoals (4,3) -> (2,4)
  attempt 10: accepted F03315-lm-10 — moved falseGoals (4,3) -> (0,7)
  attempt 11: accepted F03315-lm-11 — moved falseGoals (10,3) -> (8,7)
  attempt 12: accepted F03315-lm-12 — moved falseGoals (3,2) -> (8,7)
  attempt 13: accepted F03315-lm-13 — moved market (1,6) -> (0,7)
  attempt 14: accepted F03315-lm-14 — moved blocks (6,0) -> (1,7)
  attempt 15: accepted F03315-lm-15 — moved park (0,6) -> (1,7)

15/15 new local-mutant sibling(s) generated for R03315 in 15 attempt(s) (budget 600); 15 total in data/families/family-R03315-lm.json.
Wrote 15 level(s) total to data/families/family-R03315-lm.json (changed=true), 15 hint file(s) written to data/families/hints/.
Wrote family manifest to data/families/family-R03315-lm-manifest.json (15 variant(s) total).
Parent R03315: witness stressMeta.witnessSolution (len 91, 4 jump(s)), 32 movable object instance(s) under strict inventory.
  variant 1 (rotation): accepted F03315-sym-01
  variant 2 (rotation): accepted F03315-sym-02
  variant 3 (rotation): accepted F03315-sym-03
  variant 4 (reflection): accepted F03315-sym-04
  variant 5 (reflection): accepted F03315-sym-05
  variant 6 (reflection): accepted F03315-sym-06
  variant 7 (reflection): accepted F03315-sym-07

7/7 new symmetry sibling(s) generated for R03315 in 7 attempt(s) (budget 7); 7 total in data/families/family-R03315-sym.json.
Wrote 7 level(s) total to data/families/family-R03315-sym.json (changed=true), 7 hint file(s) written to data/families/hints/.
Wrote family manifest to data/families/family-R03315-sym-manifest.json (7 variant(s) total).
portfolio-solve-sweep: corpus=data/families/family-R03315-lm.json levels=15 (15 to solve) scheduler-mode=legacy budget=8000ms node-budget=20000000 workers=4 save-hints=true
  [1/15] L2 (F03315-lm-02) ok=✗
  [2/15] L1 (F03315-lm-01) ok=✗
  [3/15] L4 (F03315-lm-04) ok=✗
  [4/15] L3 (F03315-lm-03) ok=✗
  [5/15] L5 (F03315-lm-05) ok=✗
  [6/15] L8 (F03315-lm-08) ok=✗
  [7/15] L7 (F03315-lm-07) ok=✗
  [8/15] L6 (F03315-lm-06) ok=✗
  [9/15] L9 (F03315-lm-09) ok=✗
  [10/15] L11 (F03315-lm-11) ok=✗
  [11/15] L12 (F03315-lm-12) ok=✗
  [12/15] L10 (F03315-lm-10) ok=✗
  [13/15] L15 (F03315-lm-15) ok=✗
  [14/15] L14 (F03315-lm-14) ok=✗
  [15/15] L13 (F03315-lm-13) ok=✗
Hints: appended to 0 level(s); 0 hint file(s) changed on disk.
Result: solved=0/15, solvedBeforeFallback=0, fallbackOnly=0, unsolved=15
Wrote logs/family-census/solve-R03315-lm.json
Wrote logs/family-census/solve-R03315-lm-summary.md
portfolio-solve-sweep: corpus=data/families/family-R03315-sym.json levels=7 (7 to solve) scheduler-mode=legacy budget=8000ms node-budget=20000000 workers=4 save-hints=true
  [1/7] L2 (F03315-sym-02) ok=✗
  [2/7] L4 (F03315-sym-04) ok=✗
  [3/7] L1 (F03315-sym-01) ok=✗
  [4/7] L3 (F03315-sym-03) ok=✗
  [5/7] L5 (F03315-sym-05) ok=✗
  [6/7] L7 (F03315-sym-07) ok=✗
  [7/7] L6 (F03315-sym-06) ok=✗
Hints: appended to 0 level(s); 0 hint file(s) changed on disk.
Result: solved=0/7, solvedBeforeFallback=0, fallbackOnly=0, unsolved=7
Wrote logs/family-census/solve-R03315-sym.json
Wrote logs/family-census/solve-R03315-sym-summary.md
[02:39:42] DONE R03315
[02:39:42] START R03347
Parent R03347: witness stressMeta.witnessSolution (len 111, 0 jump(s)), 55 movable object instance(s) under strict inventory.
  attempt 1: accepted F03347-lm-01 — moved fountain (14,5) -> (3,6)
  attempt 2: accepted F03347-lm-02 — moved blocks (7,4) -> (5,13)
  attempt 3: accepted F03347-lm-03 — moved fountain (11,5) -> (6,0)
  attempt 4: accepted F03347-lm-04 — moved blocks (10,7) -> (2,14)
  attempt 5: accepted F03347-lm-05 — moved blocks (10,9) -> (2,9)
  attempt 6: accepted F03347-lm-06 — moved blocks (14,8) -> (8,4)
  attempt 7: accepted F03347-lm-07 — moved blocks (2,7) -> (8,4)
  attempt 8: accepted F03347-lm-08 — moved blocks (10,9) -> (3,8)
  attempt 9: accepted F03347-lm-09 — moved blocks (1,13) -> (13,6)
  attempt 10: accepted F03347-lm-10 — moved fountain (11,5) -> (13,13)
  attempt 11: accepted F03347-lm-11 — moved blocks (2,12) -> (3,6)
  attempt 12: accepted F03347-lm-12 — moved park (9,13) -> (5,3)
  attempt 13: accepted F03347-lm-13 — moved blocks (1,9) -> (1,2)
  attempt 14: accepted F03347-lm-14 — moved blocks (1,4) -> (2,6)
  attempt 15: accepted F03347-lm-15 — moved blocks (0,9) -> (2,5)

15/15 new local-mutant sibling(s) generated for R03347 in 15 attempt(s) (budget 600); 15 total in data/families/family-R03347-lm.json.
Wrote 15 level(s) total to data/families/family-R03347-lm.json (changed=true), 15 hint file(s) written to data/families/hints/.
Wrote family manifest to data/families/family-R03347-lm-manifest.json (15 variant(s) total).
Parent R03347: witness stressMeta.witnessSolution (len 111, 0 jump(s)), 55 movable object instance(s) under strict inventory.
  variant 1 (rotation): accepted F03347-sym-01
  variant 2 (rotation): accepted F03347-sym-02
  variant 3 (rotation): accepted F03347-sym-03
  variant 4 (reflection): accepted F03347-sym-04
  variant 5 (reflection): accepted F03347-sym-05
  variant 6 (reflection): accepted F03347-sym-06
  variant 7 (reflection): accepted F03347-sym-07

7/7 new symmetry sibling(s) generated for R03347 in 7 attempt(s) (budget 7); 7 total in data/families/family-R03347-sym.json.
Wrote 7 level(s) total to data/families/family-R03347-sym.json (changed=true), 7 hint file(s) written to data/families/hints/.
Wrote family manifest to data/families/family-R03347-sym-manifest.json (7 variant(s) total).
portfolio-solve-sweep: corpus=data/families/family-R03347-lm.json levels=15 (15 to solve) scheduler-mode=legacy budget=8000ms node-budget=20000000 workers=4 save-hints=true
  [1/15] L2 (F03347-lm-02) ok=✓ legacy [hint saved]
  [2/15] L1 (F03347-lm-01) ok=✓ legacy [hint saved]
  [3/15] L4 (F03347-lm-04) ok=✗
  [4/15] L3 (F03347-lm-03) ok=✗
  [5/15] L5 (F03347-lm-05) ok=✗
  [6/15] L6 (F03347-lm-06) ok=✗
  [7/15] L7 (F03347-lm-07) ok=✗
  [8/15] L8 (F03347-lm-08) ok=✗
  [9/15] L9 (F03347-lm-09) ok=✗
  [10/15] L10 (F03347-lm-10) ok=✗
  [11/15] L14 (F03347-lm-14) ok=✓ legacy [hint saved]
  [12/15] L11 (F03347-lm-11) ok=✗
  [13/15] L15 (F03347-lm-15) ok=✓ legacy [hint saved]
  [14/15] L13 (F03347-lm-13) ok=✗
  [15/15] L12 (F03347-lm-12) ok=✗
Hints: appended to 4 level(s); 4 hint file(s) changed on disk.
Result: solved=4/15, solvedBeforeFallback=0, fallbackOnly=4, unsolved=11
Wrote logs/family-census/solve-R03347-lm.json
Wrote logs/family-census/solve-R03347-lm-summary.md
portfolio-solve-sweep: corpus=data/families/family-R03347-sym.json levels=7 (7 to solve) scheduler-mode=legacy budget=8000ms node-budget=20000000 workers=4 save-hints=true
  [1/7] L4 (F03347-sym-04) ok=✗
  [2/7] L2 (F03347-sym-02) ok=✗
  [3/7] L1 (F03347-sym-01) ok=✗
  [4/7] L3 (F03347-sym-03) ok=✗
  [5/7] L6 (F03347-sym-06) ok=✗
  [6/7] L7 (F03347-sym-07) ok=✗
  [7/7] L5 (F03347-sym-05) ok=✗
Hints: appended to 0 level(s); 0 hint file(s) changed on disk.
Result: solved=0/7, solvedBeforeFallback=0, fallbackOnly=0, unsolved=7
Wrote logs/family-census/solve-R03347-sym.json
Wrote logs/family-census/solve-R03347-sym-summary.md
[02:46:38] DONE R03347
