[23:10:33] START R00209
Parent R00209: witness stressMeta.witnessSolution (len 97, 0 jump(s)), 61 movable object instance(s) under strict inventory.
  attempt 1: accepted F00209-lm-01 — moved blocks (8,4) -> (1,9)
  attempt 2: accepted F00209-lm-02 — moved geese (1,0) -> (7,9)
  attempt 3: accepted F00209-lm-03 — moved blocks (1,1) -> (8,6)
  attempt 4: accepted F00209-lm-04 — moved geese (1,2) -> (9,5)
  attempt 5: accepted F00209-lm-05 — moved fountain (10,10) -> (1,9)
  attempt 6: accepted F00209-lm-06 — moved blocks (2,11) -> (7,12)
  attempt 7: accepted F00209-lm-07 — moved blocks (8,12) -> (0,12)
  attempt 8: accepted F00209-lm-08 — moved market (5,9) -> (0,7)
  attempt 9: accepted F00209-lm-09 — moved blocks (0,6) -> (1,9)
  attempt 10: accepted F00209-lm-10 — moved statue (10,12) -> (9,0)
  attempt 11: accepted F00209-lm-11 — moved statue (0,5) -> (8,5)
  attempt 12: accepted F00209-lm-12 — moved market (5,9) -> (4,8)
  attempt 13: accepted F00209-lm-13 — moved library (7,3) -> (7,12)
  attempt 14: accepted F00209-lm-14 — moved fountain (12,2) -> (1,11)
  attempt 15: accepted F00209-lm-15 — moved market (7,8) -> (2,8)

15/15 new local-mutant sibling(s) generated for R00209 in 15 attempt(s) (budget 600); 15 total in data/families/family-R00209-lm.json.
Wrote 15 level(s) total to data/families/family-R00209-lm.json (changed=true), 15 hint file(s) written to data/families/hints/.
Wrote family manifest to data/families/family-R00209-lm-manifest.json (15 variant(s) total).
Parent R00209: witness stressMeta.witnessSolution (len 97, 0 jump(s)), 61 movable object instance(s) under strict inventory.
  variant 1 (rotation): accepted F00209-sym-01
  variant 2 (rotation): accepted F00209-sym-02
  variant 3 (rotation): accepted F00209-sym-03
  variant 4 (reflection): accepted F00209-sym-04
  variant 5 (reflection): accepted F00209-sym-05
  variant 6 (reflection): accepted F00209-sym-06
  variant 7 (reflection): accepted F00209-sym-07

7/7 new symmetry sibling(s) generated for R00209 in 7 attempt(s) (budget 7); 7 total in data/families/family-R00209-sym.json.
Wrote 7 level(s) total to data/families/family-R00209-sym.json (changed=true), 7 hint file(s) written to data/families/hints/.
Wrote family manifest to data/families/family-R00209-sym-manifest.json (7 variant(s) total).
portfolio-solve-sweep: corpus=data/families/family-R00209-lm.json levels=15 (15 to solve) scheduler-mode=legacy budget=8000ms node-budget=20000000 workers=4 save-hints=true
  [1/15] L2 (F00209-lm-02) ok=✗
  [2/15] L1 (F00209-lm-01) ok=✗
  [3/15] L3 (F00209-lm-03) ok=✗
  [4/15] L4 (F00209-lm-04) ok=✗
  [5/15] L5 (F00209-lm-05) ok=✗
  [6/15] L6 (F00209-lm-06) ok=✗
  [7/15] L8 (F00209-lm-08) ok=✗
  [8/15] L7 (F00209-lm-07) ok=✗
  [9/15] L9 (F00209-lm-09) ok=✗
  [10/15] L10 (F00209-lm-10) ok=✗
  [11/15] L12 (F00209-lm-12) ok=✗
  [12/15] L11 (F00209-lm-11) ok=✗
  [13/15] L15 (F00209-lm-15) ok=✓ legacy [hint saved]
  [14/15] L13 (F00209-lm-13) ok=✗
  [15/15] L14 (F00209-lm-14) ok=✗
Hints: appended to 1 level(s); 1 hint file(s) changed on disk.
Result: solved=1/15, solvedBeforeFallback=0, fallbackOnly=1, unsolved=14
Wrote logs/family-census/solve-R00209-lm.json
Wrote logs/family-census/solve-R00209-lm-summary.md
portfolio-solve-sweep: corpus=data/families/family-R00209-sym.json levels=7 (7 to solve) scheduler-mode=legacy budget=8000ms node-budget=20000000 workers=4 save-hints=true
  [1/7] L2 (F00209-sym-02) ok=✗
  [2/7] L3 (F00209-sym-03) ok=✗
  [3/7] L4 (F00209-sym-04) ok=✗
  [4/7] L1 (F00209-sym-01) ok=✗
  [5/7] L7 (F00209-sym-07) ok=✗
  [6/7] L6 (F00209-sym-06) ok=✗
  [7/7] L5 (F00209-sym-05) ok=✗
Hints: appended to 0 level(s); 0 hint file(s) changed on disk.
Result: solved=0/7, solvedBeforeFallback=0, fallbackOnly=0, unsolved=7
Wrote logs/family-census/solve-R00209-sym.json
Wrote logs/family-census/solve-R00209-sym-summary.md
[23:15:12] DONE R00209
[23:15:12] START R00440
Parent R00440: witness stressMeta.witnessSolution (len 128, 0 jump(s)), 57 movable object instance(s) under strict inventory.
  attempt 1: accepted F00440-lm-01 — moved mustCross (11,11) -> (12,11)
  attempt 2: accepted F00440-lm-02 — moved blocks (11,5) -> (7,8)
  attempt 3: accepted F00440-lm-03 — moved market (3,9) -> (14,14)
  attempt 4: accepted F00440-lm-04 — moved blocks (3,10) -> (7,7)
  attempt 5: accepted F00440-lm-05 — moved blocks (5,13) -> (2,1)
  attempt 6: accepted F00440-lm-06 — moved statue (5,1) -> (14,1)
  attempt 7: accepted F00440-lm-07 — moved library (6,14) -> (5,11)
  attempt 8: accepted F00440-lm-08 — moved falseGoals (0,11) -> (3,14)
  attempt 9: accepted F00440-lm-09 — moved library (2,0) -> (3,13)
  attempt 10: accepted F00440-lm-10 — moved blocks (4,14) -> (3,6)
  attempt 11: accepted F00440-lm-11 — moved falseGoals (0,9) -> (0,14)
  attempt 12: accepted F00440-lm-12 — moved statue (2,4) -> (3,6)
  attempt 13: accepted F00440-lm-13 — moved mustCross (9,4) -> (7,12)
  attempt 14: accepted F00440-lm-14 — moved falseGoals (9,6) -> (10,8)
  attempt 15: accepted F00440-lm-15 — moved blocks (0,1) -> (1,10)

15/15 new local-mutant sibling(s) generated for R00440 in 15 attempt(s) (budget 600); 15 total in data/families/family-R00440-lm.json.
Wrote 15 level(s) total to data/families/family-R00440-lm.json (changed=true), 15 hint file(s) written to data/families/hints/.
Wrote family manifest to data/families/family-R00440-lm-manifest.json (15 variant(s) total).
Parent R00440: witness stressMeta.witnessSolution (len 128, 0 jump(s)), 57 movable object instance(s) under strict inventory.
  variant 1 (rotation): accepted F00440-sym-01
  variant 2 (rotation): accepted F00440-sym-02
  variant 3 (rotation): accepted F00440-sym-03
  variant 4 (reflection): accepted F00440-sym-04
  variant 5 (reflection): accepted F00440-sym-05
  variant 6 (reflection): accepted F00440-sym-06
  variant 7 (reflection): accepted F00440-sym-07

7/7 new symmetry sibling(s) generated for R00440 in 7 attempt(s) (budget 7); 7 total in data/families/family-R00440-sym.json.
Wrote 7 level(s) total to data/families/family-R00440-sym.json (changed=true), 7 hint file(s) written to data/families/hints/.
Wrote family manifest to data/families/family-R00440-sym-manifest.json (7 variant(s) total).
portfolio-solve-sweep: corpus=data/families/family-R00440-lm.json levels=15 (15 to solve) scheduler-mode=legacy budget=8000ms node-budget=20000000 workers=4 save-hints=true
  [1/15] L1 (F00440-lm-01) ok=✗
  [2/15] L3 (F00440-lm-03) ok=✗
  [3/15] L2 (F00440-lm-02) ok=✗
  [4/15] L4 (F00440-lm-04) ok=✗
  [5/15] L6 (F00440-lm-06) ok=✓ legacy [hint saved]
  [6/15] L5 (F00440-lm-05) ok=✓ legacy [hint saved]
  [7/15] L7 (F00440-lm-07) ok=✗
  [8/15] L8 (F00440-lm-08) ok=✗
  [9/15] L9 (F00440-lm-09) ok=✗
  [10/15] L10 (F00440-lm-10) ok=✗
  [11/15] L11 (F00440-lm-11) ok=✗
  [12/15] L12 (F00440-lm-12) ok=✗
  [13/15] L13 (F00440-lm-13) ok=✗
  [14/15] L14 (F00440-lm-14) ok=✗
  [15/15] L15 (F00440-lm-15) ok=✗
Hints: appended to 2 level(s); 2 hint file(s) changed on disk.
Result: solved=2/15, solvedBeforeFallback=0, fallbackOnly=2, unsolved=13
Wrote logs/family-census/solve-R00440-lm.json
Wrote logs/family-census/solve-R00440-lm-summary.md
portfolio-solve-sweep: corpus=data/families/family-R00440-sym.json levels=7 (7 to solve) scheduler-mode=legacy budget=8000ms node-budget=20000000 workers=4 save-hints=true
  [1/7] L1 (F00440-sym-01) ok=✓ legacy [hint saved]
  [2/7] L3 (F00440-sym-03) ok=✓ legacy [hint saved]
  [3/7] L6 (F00440-sym-06) ok=✓ legacy [hint saved]
  [4/7] L2 (F00440-sym-02) ok=✗
  [5/7] L7 (F00440-sym-07) ok=✓ legacy [hint saved]
  [6/7] L4 (F00440-sym-04) ok=✗
  [7/7] L5 (F00440-sym-05) ok=✗
Hints: appended to 4 level(s); 4 hint file(s) changed on disk.
Result: solved=4/7, solvedBeforeFallback=0, fallbackOnly=4, unsolved=3
Wrote logs/family-census/solve-R00440-sym.json
Wrote logs/family-census/solve-R00440-sym-summary.md
[23:19:04] DONE R00440
[23:19:04] START R00573
Parent R00573: witness stressMeta.witnessSolution (len 105, 4 jump(s)), 67 movable object instance(s) under strict inventory.
  attempt 1: accepted F00573-lm-01 — moved library (9,7) -> (5,6)
  attempt 2: accepted F00573-lm-02 — moved mustPass (7,2) -> (9,0)
  attempt 3: accepted F00573-lm-03 — moved blocks (2,5) -> (5,6)
  attempt 4: accepted F00573-lm-04 — moved blocks (3,7) -> (11,4)
  attempt 5: accepted F00573-lm-05 — moved blocks (1,7) -> (8,7)
  attempt 6: accepted F00573-lm-06 — moved mustPass (6,7) -> (6,11)
  attempt 7: accepted F00573-lm-07 — moved mustPass (7,2) -> (8,5)
  attempt 8: accepted F00573-lm-08 — moved blocks (10,6) -> (2,9)
  attempt 9: accepted F00573-lm-09 — moved blocks (13,2) -> (0,12)
  attempt 10: accepted F00573-lm-10 — moved blocks (2,0) -> (1,13)
  attempt 11: accepted F00573-lm-11 — moved mustPass (7,2) -> (5,11)
  attempt 12: accepted F00573-lm-12 — moved blocks (1,5) -> (1,12)
  attempt 13: accepted F00573-lm-13 — moved blocks (2,11) -> (1,4)
  attempt 14: accepted F00573-lm-14 — moved blocks (1,5) -> (8,8)
  attempt 15: accepted F00573-lm-15 — moved blocks (2,5) -> (12,6)

15/15 new local-mutant sibling(s) generated for R00573 in 15 attempt(s) (budget 600); 15 total in data/families/family-R00573-lm.json.
Wrote 15 level(s) total to data/families/family-R00573-lm.json (changed=true), 15 hint file(s) written to data/families/hints/.
Wrote family manifest to data/families/family-R00573-lm-manifest.json (15 variant(s) total).
Parent R00573: witness stressMeta.witnessSolution (len 105, 4 jump(s)), 67 movable object instance(s) under strict inventory.
  variant 1 (rotation): accepted F00573-sym-01
  variant 2 (rotation): accepted F00573-sym-02
  variant 3 (rotation): accepted F00573-sym-03
  variant 4 (reflection): accepted F00573-sym-04
  variant 5 (reflection): accepted F00573-sym-05
  variant 6 (reflection): accepted F00573-sym-06
  variant 7 (reflection): accepted F00573-sym-07

7/7 new symmetry sibling(s) generated for R00573 in 7 attempt(s) (budget 7); 7 total in data/families/family-R00573-sym.json.
Wrote 7 level(s) total to data/families/family-R00573-sym.json (changed=true), 7 hint file(s) written to data/families/hints/.
Wrote family manifest to data/families/family-R00573-sym-manifest.json (7 variant(s) total).
portfolio-solve-sweep: corpus=data/families/family-R00573-lm.json levels=15 (15 to solve) scheduler-mode=legacy budget=8000ms node-budget=20000000 workers=4 save-hints=true
  [1/15] L3 (F00573-lm-03) ok=✗
  [2/15] L4 (F00573-lm-04) ok=✗
  [3/15] L2 (F00573-lm-02) ok=✗
  [4/15] L1 (F00573-lm-01) ok=✗
  [5/15] L5 (F00573-lm-05) ok=✗
  [6/15] L7 (F00573-lm-07) ok=✗
  [7/15] L6 (F00573-lm-06) ok=✗
  [8/15] L8 (F00573-lm-08) ok=✗
  [9/15] L10 (F00573-lm-10) ok=✗
  [10/15] L9 (F00573-lm-09) ok=✗
  [11/15] L11 (F00573-lm-11) ok=✗
  [12/15] L12 (F00573-lm-12) ok=✗
  [13/15] L15 (F00573-lm-15) ok=✗
  [14/15] L13 (F00573-lm-13) ok=✗
  [15/15] L14 (F00573-lm-14) ok=✗
Hints: appended to 0 level(s); 0 hint file(s) changed on disk.
Result: solved=0/15, solvedBeforeFallback=0, fallbackOnly=0, unsolved=15
Wrote logs/family-census/solve-R00573-lm.json
Wrote logs/family-census/solve-R00573-lm-summary.md
portfolio-solve-sweep: corpus=data/families/family-R00573-sym.json levels=7 (7 to solve) scheduler-mode=legacy budget=8000ms node-budget=20000000 workers=4 save-hints=true
  [1/7] L2 (F00573-sym-02) ok=✗
  [2/7] L1 (F00573-sym-01) ok=✗
  [3/7] L4 (F00573-sym-04) ok=✗
  [4/7] L3 (F00573-sym-03) ok=✗
  [5/7] L6 (F00573-sym-06) ok=✗
  [6/7] L5 (F00573-sym-05) ok=✗
  [7/7] L7 (F00573-sym-07) ok=✗
Hints: appended to 0 level(s); 0 hint file(s) changed on disk.
Result: solved=0/7, solvedBeforeFallback=0, fallbackOnly=0, unsolved=7
Wrote logs/family-census/solve-R00573-sym.json
Wrote logs/family-census/solve-R00573-sym-summary.md
[23:27:30] DONE R00573
[23:27:30] START R00720
Parent R00720: witness hint[0] (len 71, 6 jump(s)), 36 movable object instance(s) under strict inventory.
  attempt 1: accepted F00720-lm-01 — moved blocks (2,3) -> (10,6)
  attempt 2: accepted F00720-lm-02 — moved falseGoals (10,7) -> (6,2)
  attempt 3: accepted F00720-lm-03 — moved market (5,4) -> (7,9)
  attempt 4: accepted F00720-lm-04 — moved blocks (2,2) -> (2,8)
  attempt 5: accepted F00720-lm-05 — moved falseGoals (1,1) -> (2,8)
  attempt 6: accepted F00720-lm-06 — moved falseGoals (2,1) -> (9,3)
  attempt 7: accepted F00720-lm-07 — moved blocks (8,5) -> (8,0)
  attempt 8: accepted F00720-lm-08 — moved falseGoals (10,4) -> (10,6)
  attempt 9: accepted F00720-lm-09 — moved falseGoals (2,1) -> (5,3)
  attempt 10: accepted F00720-lm-10 — moved blocks (9,5) -> (1,8)
  attempt 11: accepted F00720-lm-11 — moved market (5,4) -> (0,3)
  attempt 12: accepted F00720-lm-12 — moved falseGoals (2,6) -> (6,6)
  attempt 13: accepted F00720-lm-13 — moved lamppost (0,9) -> (1,3)
  attempt 14: accepted F00720-lm-14 — moved blocks (8,4) -> (6,2)
  attempt 15: accepted F00720-lm-15 — moved market (5,4) -> (10,8)

15/15 new local-mutant sibling(s) generated for R00720 in 15 attempt(s) (budget 600); 15 total in data/families/family-R00720-lm.json.
Wrote 15 level(s) total to data/families/family-R00720-lm.json (changed=true), 15 hint file(s) written to data/families/hints/.
Wrote family manifest to data/families/family-R00720-lm-manifest.json (15 variant(s) total).
Parent R00720: witness hint[0] (len 71, 6 jump(s)), 36 movable object instance(s) under strict inventory.
  variant 1 (rotation): accepted F00720-sym-01
  variant 2 (rotation): accepted F00720-sym-02
  variant 3 (rotation): accepted F00720-sym-03
  variant 4 (reflection): accepted F00720-sym-04
  variant 5 (reflection): accepted F00720-sym-05
  variant 6 (reflection): accepted F00720-sym-06
  variant 7 (reflection): accepted F00720-sym-07

7/7 new symmetry sibling(s) generated for R00720 in 7 attempt(s) (budget 7); 7 total in data/families/family-R00720-sym.json.
Wrote 7 level(s) total to data/families/family-R00720-sym.json (changed=true), 7 hint file(s) written to data/families/hints/.
Wrote family manifest to data/families/family-R00720-sym-manifest.json (7 variant(s) total).
portfolio-solve-sweep: corpus=data/families/family-R00720-lm.json levels=15 (15 to solve) scheduler-mode=legacy budget=8000ms node-budget=20000000 workers=4 save-hints=true
  [1/15] L4 (F00720-lm-04) ok=✗
  [2/15] L1 (F00720-lm-01) ok=✗
  [3/15] L2 (F00720-lm-02) ok=✗
  [4/15] L3 (F00720-lm-03) ok=✗
  [5/15] L5 (F00720-lm-05) ok=✗
  [6/15] L7 (F00720-lm-07) ok=✗
  [7/15] L6 (F00720-lm-06) ok=✗
  [8/15] L8 (F00720-lm-08) ok=✗
  [9/15] L9 (F00720-lm-09) ok=✗
  [10/15] L10 (F00720-lm-10) ok=✗
  [11/15] L11 (F00720-lm-11) ok=✗
  [12/15] L12 (F00720-lm-12) ok=✗
  [13/15] L14 (F00720-lm-14) ok=✗
  [14/15] L15 (F00720-lm-15) ok=✗
  [15/15] L13 (F00720-lm-13) ok=✗
Hints: appended to 0 level(s); 0 hint file(s) changed on disk.
Result: solved=0/15, solvedBeforeFallback=0, fallbackOnly=0, unsolved=15
Wrote logs/family-census/solve-R00720-lm.json
Wrote logs/family-census/solve-R00720-lm-summary.md
portfolio-solve-sweep: corpus=data/families/family-R00720-sym.json levels=7 (7 to solve) scheduler-mode=legacy budget=8000ms node-budget=20000000 workers=4 save-hints=true
  [1/7] L2 (F00720-sym-02) ok=✗
  [2/7] L4 (F00720-sym-04) ok=✗
  [3/7] L1 (F00720-sym-01) ok=✗
  [4/7] L3 (F00720-sym-03) ok=✗
  [5/7] L6 (F00720-sym-06) ok=✗
  [6/7] L7 (F00720-sym-07) ok=✗
  [7/7] L5 (F00720-sym-05) ok=✗
Hints: appended to 0 level(s); 0 hint file(s) changed on disk.
Result: solved=0/7, solvedBeforeFallback=0, fallbackOnly=0, unsolved=7
Wrote logs/family-census/solve-R00720-sym.json
Wrote logs/family-census/solve-R00720-sym-summary.md
[23:28:59] DONE R00720
[23:28:59] START R00930
Parent R00930: witness stressMeta.witnessSolution (len 103, 0 jump(s)), 32 movable object instance(s) under strict inventory.
  attempt 1: accepted F00930-lm-01 — moved blocks (11,0) -> (8,2)
  attempt 2: accepted F00930-lm-02 — moved fountain (0,6) -> (11,11)
  attempt 3: accepted F00930-lm-03 — moved geese (11,9) -> (10,3)
  attempt 4: accepted F00930-lm-04 — moved geese (8,7) -> (8,2)
  attempt 5: accepted F00930-lm-05 — moved blocks (5,0) -> (10,3)
  attempt 6: accepted F00930-lm-06 — moved fountain (10,9) -> (10,7)
  attempt 7: accepted F00930-lm-07 — moved market (4,11) -> (11,11)
  attempt 8: accepted F00930-lm-08 — moved geese (10,2) -> (10,3)
  attempt 9: accepted F00930-lm-09 — moved library (7,10) -> (10,0)
  attempt 10: accepted F00930-lm-10 — moved geese (11,9) -> (11,11)
  attempt 11: accepted F00930-lm-11 — moved geese (8,7) -> (11,5)
  attempt 12: rejected — degenerate duplicate of parent or another accepted variant
  attempt 13: accepted F00930-lm-12 — moved blocks (8,1) -> (7,9)
  attempt 14: accepted F00930-lm-13 — moved geese (8,7) -> (7,6)
  attempt 15: accepted F00930-lm-14 — moved geese (10,2) -> (11,8)
  attempt 16: accepted F00930-lm-15 — moved geese (11,9) -> (7,5)

15/15 new local-mutant sibling(s) generated for R00930 in 16 attempt(s) (budget 600); 15 total in data/families/family-R00930-lm.json.
Wrote 15 level(s) total to data/families/family-R00930-lm.json (changed=true), 15 hint file(s) written to data/families/hints/.
Wrote family manifest to data/families/family-R00930-lm-manifest.json (15 variant(s) total).
Parent R00930: witness stressMeta.witnessSolution (len 103, 0 jump(s)), 32 movable object instance(s) under strict inventory.
  variant 1 (rotation): accepted F00930-sym-01
  variant 2 (rotation): accepted F00930-sym-02
  variant 3 (rotation): accepted F00930-sym-03
  variant 4 (reflection): accepted F00930-sym-04
  variant 5 (reflection): accepted F00930-sym-05
  variant 6 (reflection): accepted F00930-sym-06
  variant 7 (reflection): accepted F00930-sym-07

7/7 new symmetry sibling(s) generated for R00930 in 7 attempt(s) (budget 7); 7 total in data/families/family-R00930-sym.json.
Wrote 7 level(s) total to data/families/family-R00930-sym.json (changed=true), 7 hint file(s) written to data/families/hints/.
Wrote family manifest to data/families/family-R00930-sym-manifest.json (7 variant(s) total).
portfolio-solve-sweep: corpus=data/families/family-R00930-lm.json levels=15 (15 to solve) scheduler-mode=legacy budget=8000ms node-budget=20000000 workers=4 save-hints=true
  [1/15] L4 (F00930-lm-04) ok=✗
  [2/15] L1 (F00930-lm-01) ok=✗
  [3/15] L3 (F00930-lm-03) ok=✗
  [4/15] L2 (F00930-lm-02) ok=✗
  [5/15] L5 (F00930-lm-05) ok=✗
  [6/15] L7 (F00930-lm-07) ok=✗
  [7/15] L6 (F00930-lm-06) ok=✗
  [8/15] L8 (F00930-lm-08) ok=✗
  [9/15] L9 (F00930-lm-09) ok=✗
  [10/15] L11 (F00930-lm-11) ok=✗
  [11/15] L10 (F00930-lm-10) ok=✗
  [12/15] L12 (F00930-lm-12) ok=✗
  [13/15] L14 (F00930-lm-14) ok=✗
  [14/15] L13 (F00930-lm-13) ok=✗
  [15/15] L15 (F00930-lm-15) ok=✗
Hints: appended to 0 level(s); 0 hint file(s) changed on disk.
Result: solved=0/15, solvedBeforeFallback=0, fallbackOnly=0, unsolved=15
Wrote logs/family-census/solve-R00930-lm.json
Wrote logs/family-census/solve-R00930-lm-summary.md
portfolio-solve-sweep: corpus=data/families/family-R00930-sym.json levels=7 (7 to solve) scheduler-mode=legacy budget=8000ms node-budget=20000000 workers=4 save-hints=true
  [1/7] L4 (F00930-sym-04) ok=✗
  [2/7] L2 (F00930-sym-02) ok=✗
  [3/7] L3 (F00930-sym-03) ok=✗
  [4/7] L1 (F00930-sym-01) ok=✗
  [5/7] L5 (F00930-sym-05) ok=✗
  [6/7] L7 (F00930-sym-07) ok=✗
  [7/7] L6 (F00930-sym-06) ok=✗
Hints: appended to 0 level(s); 0 hint file(s) changed on disk.
Result: solved=0/7, solvedBeforeFallback=0, fallbackOnly=0, unsolved=7
Wrote logs/family-census/solve-R00930-sym.json
Wrote logs/family-census/solve-R00930-sym-summary.md
[23:31:14] DONE R00930
[23:31:14] START R01142
Parent R01142: witness stressMeta.witnessSolution (len 135, 4 jump(s)), 74 movable object instance(s) under strict inventory.
  attempt 1: accepted F01142-lm-01 — moved falseGoals (7,0) -> (6,8)
  attempt 2: accepted F01142-lm-02 — moved geese (13,5) -> (5,14)
  attempt 3: accepted F01142-lm-03 — moved falseGoals (7,0) -> (14,0)
  attempt 4: accepted F01142-lm-04 — moved blocks (0,14) -> (6,8)
  attempt 5: accepted F01142-lm-05 — moved blocks (10,14) -> (0,8)
  attempt 6: accepted F01142-lm-06 — moved flippingFilters (1,7) -> (0,6)
  attempt 7: accepted F01142-lm-07 — moved geese (0,1) -> (9,13)
  attempt 8: accepted F01142-lm-08 — moved blocks (1,12) -> (8,13)
  attempt 9: accepted F01142-lm-09 — moved blocks (10,12) -> (2,7)
  attempt 10: accepted F01142-lm-10 — moved blocks (2,14) -> (2,5)
  attempt 11: accepted F01142-lm-11 — moved blocks (13,12) -> (14,12)
  attempt 12: accepted F01142-lm-12 — moved blocks (13,13) -> (6,9)
  attempt 13: accepted F01142-lm-13 — moved blocks (10,5) -> (9,13)
  attempt 14: accepted F01142-lm-14 — moved geese (0,1) -> (6,9)
  attempt 15: accepted F01142-lm-15 — moved blocks (3,11) -> (0,11)

15/15 new local-mutant sibling(s) generated for R01142 in 15 attempt(s) (budget 600); 15 total in data/families/family-R01142-lm.json.
Wrote 15 level(s) total to data/families/family-R01142-lm.json (changed=true), 15 hint file(s) written to data/families/hints/.
Wrote family manifest to data/families/family-R01142-lm-manifest.json (15 variant(s) total).
Parent R01142: witness stressMeta.witnessSolution (len 135, 4 jump(s)), 74 movable object instance(s) under strict inventory.
  variant 1 (rotation): accepted F01142-sym-01
  variant 2 (rotation): accepted F01142-sym-02
  variant 3 (rotation): accepted F01142-sym-03
  variant 4 (reflection): accepted F01142-sym-04
  variant 5 (reflection): accepted F01142-sym-05
  variant 6 (reflection): accepted F01142-sym-06
  variant 7 (reflection): accepted F01142-sym-07

7/7 new symmetry sibling(s) generated for R01142 in 7 attempt(s) (budget 7); 7 total in data/families/family-R01142-sym.json.
Wrote 7 level(s) total to data/families/family-R01142-sym.json (changed=true), 7 hint file(s) written to data/families/hints/.
Wrote family manifest to data/families/family-R01142-sym-manifest.json (7 variant(s) total).
portfolio-solve-sweep: corpus=data/families/family-R01142-lm.json levels=15 (15 to solve) scheduler-mode=legacy budget=8000ms node-budget=20000000 workers=4 save-hints=true
  [1/15] L1 (F01142-lm-01) ok=✗
  [2/15] L3 (F01142-lm-03) ok=✗
  [3/15] L4 (F01142-lm-04) ok=✗
  [4/15] L2 (F01142-lm-02) ok=✗
  [5/15] L6 (F01142-lm-06) ok=✗
  [6/15] L5 (F01142-lm-05) ok=✗
  [7/15] L7 (F01142-lm-07) ok=✗
  [8/15] L8 (F01142-lm-08) ok=✗
  [9/15] L9 (F01142-lm-09) ok=✗
  [10/15] L11 (F01142-lm-11) ok=✗
  [11/15] L10 (F01142-lm-10) ok=✗
  [12/15] L12 (F01142-lm-12) ok=✗
  [13/15] L14 (F01142-lm-14) ok=✗
  [14/15] L13 (F01142-lm-13) ok=✗
  [15/15] L15 (F01142-lm-15) ok=✗
Hints: appended to 0 level(s); 0 hint file(s) changed on disk.
Result: solved=0/15, solvedBeforeFallback=0, fallbackOnly=0, unsolved=15
Wrote logs/family-census/solve-R01142-lm.json
Wrote logs/family-census/solve-R01142-lm-summary.md
portfolio-solve-sweep: corpus=data/families/family-R01142-sym.json levels=7 (7 to solve) scheduler-mode=legacy budget=8000ms node-budget=20000000 workers=4 save-hints=true
  [1/7] L4 (F01142-sym-04) ok=✗
  [2/7] L1 (F01142-sym-01) ok=✗
  [3/7] L2 (F01142-sym-02) ok=✗
  [4/7] L3 (F01142-sym-03) ok=✗
  [5/7] L7 (F01142-sym-07) ok=✗
  [6/7] L5 (F01142-sym-05) ok=✗
  [7/7] L6 (F01142-sym-06) ok=✗
Hints: appended to 0 level(s); 0 hint file(s) changed on disk.
Result: solved=0/7, solvedBeforeFallback=0, fallbackOnly=0, unsolved=7
Wrote logs/family-census/solve-R01142-sym.json
Wrote logs/family-census/solve-R01142-sym-summary.md
[23:36:13] DONE R01142
[23:36:13] START R01344
Parent R01344: witness stressMeta.witnessSolution (len 127, 0 jump(s)), 50 movable object instance(s) under strict inventory.
  attempt 1: accepted F01344-lm-01 — moved blocks (12,6) -> (5,9)
  attempt 2: accepted F01344-lm-02 — moved library (5,11) -> (12,3)
  attempt 3: accepted F01344-lm-03 — moved statue (5,3) -> (2,3)
  attempt 4: accepted F01344-lm-04 — moved statue (4,12) -> (5,7)
  attempt 5: accepted F01344-lm-05 — moved blocks (8,8) -> (11,6)
  attempt 6: accepted F01344-lm-06 — moved blocks (11,5) -> (0,12)
  attempt 7: accepted F01344-lm-07 — moved falseGoals (8,7) -> (11,6)
  attempt 8: accepted F01344-lm-08 — moved blocks (0,10) -> (11,6)
  attempt 9: accepted F01344-lm-09 — moved geese (9,1) -> (5,9)
  attempt 10: accepted F01344-lm-10 — moved geese (10,2) -> (5,9)
  attempt 11: accepted F01344-lm-11 — moved statue (2,5) -> (9,2)
  attempt 12: accepted F01344-lm-12 — moved blocks (8,5) -> (4,10)
  attempt 13: accepted F01344-lm-13 — moved library (0,7) -> (11,8)
  attempt 14: accepted F01344-lm-14 — moved library (12,9) -> (11,8)
  attempt 15: accepted F01344-lm-15 — moved statue (2,5) -> (0,12)

15/15 new local-mutant sibling(s) generated for R01344 in 15 attempt(s) (budget 600); 15 total in data/families/family-R01344-lm.json.
Wrote 15 level(s) total to data/families/family-R01344-lm.json (changed=true), 15 hint file(s) written to data/families/hints/.
Wrote family manifest to data/families/family-R01344-lm-manifest.json (15 variant(s) total).
Parent R01344: witness stressMeta.witnessSolution (len 127, 0 jump(s)), 50 movable object instance(s) under strict inventory.
  variant 1 (rotation): accepted F01344-sym-01
  variant 2 (rotation): accepted F01344-sym-02
  variant 3 (rotation): accepted F01344-sym-03
  variant 4 (reflection): accepted F01344-sym-04
  variant 5 (reflection): accepted F01344-sym-05
  variant 6 (reflection): accepted F01344-sym-06
  variant 7 (reflection): accepted F01344-sym-07

7/7 new symmetry sibling(s) generated for R01344 in 7 attempt(s) (budget 7); 7 total in data/families/family-R01344-sym.json.
Wrote 7 level(s) total to data/families/family-R01344-sym.json (changed=true), 7 hint file(s) written to data/families/hints/.
Wrote family manifest to data/families/family-R01344-sym-manifest.json (7 variant(s) total).
portfolio-solve-sweep: corpus=data/families/family-R01344-lm.json levels=15 (15 to solve) scheduler-mode=legacy budget=8000ms node-budget=20000000 workers=4 save-hints=true
  [1/15] L4 (F01344-lm-04) ok=✗
  [2/15] L3 (F01344-lm-03) ok=✗
  [3/15] L2 (F01344-lm-02) ok=✗
  [4/15] L1 (F01344-lm-01) ok=✗
  [5/15] L5 (F01344-lm-05) ok=✗
  [6/15] L7 (F01344-lm-07) ok=✗
  [7/15] L6 (F01344-lm-06) ok=✗
  [8/15] L8 (F01344-lm-08) ok=✗
  [9/15] L9 (F01344-lm-09) ok=✗
  [10/15] L10 (F01344-lm-10) ok=✗
  [11/15] L11 (F01344-lm-11) ok=✗
  [12/15] L12 (F01344-lm-12) ok=✗
  [13/15] L13 (F01344-lm-13) ok=✗
  [14/15] L15 (F01344-lm-15) ok=✗
  [15/15] L14 (F01344-lm-14) ok=✗
Hints: appended to 0 level(s); 0 hint file(s) changed on disk.
Result: solved=0/15, solvedBeforeFallback=0, fallbackOnly=0, unsolved=15
Wrote logs/family-census/solve-R01344-lm.json
Wrote logs/family-census/solve-R01344-lm-summary.md
portfolio-solve-sweep: corpus=data/families/family-R01344-sym.json levels=7 (7 to solve) scheduler-mode=legacy budget=8000ms node-budget=20000000 workers=4 save-hints=true
  [1/7] L2 (F01344-sym-02) ok=✗
  [2/7] L1 (F01344-sym-01) ok=✗
  [3/7] L3 (F01344-sym-03) ok=✗
  [4/7] L4 (F01344-sym-04) ok=✗
  [5/7] L6 (F01344-sym-06) ok=✗
  [6/7] L7 (F01344-sym-07) ok=✗
  [7/7] L5 (F01344-sym-05) ok=✗
Hints: appended to 0 level(s); 0 hint file(s) changed on disk.
Result: solved=0/7, solvedBeforeFallback=0, fallbackOnly=0, unsolved=7
Wrote logs/family-census/solve-R01344-sym.json
Wrote logs/family-census/solve-R01344-sym-summary.md
[23:41:51] DONE R01344
[23:41:51] START R01501
Parent R01501: witness hint[0] (len 134, 5 jump(s)), 45 movable object instance(s) under strict inventory.
  attempt 1: accepted F01501-lm-01 — moved blocks (2,3) -> (1,12)
  attempt 2: accepted F01501-lm-02 — moved blocks (3,8) -> (3,9)
  attempt 3: accepted F01501-lm-03 — moved blocks (0,4) -> (8,2)
  attempt 4: accepted F01501-lm-04 — moved blocks (1,7) -> (2,7)
  attempt 5: accepted F01501-lm-05 — moved blocks (8,8) -> (12,13)
  attempt 6: accepted F01501-lm-06 — moved blocks (1,8) -> (2,7)
  attempt 7: accepted F01501-lm-07 — moved blocks (6,0) -> (13,13)
  attempt 8: accepted F01501-lm-08 — moved statue (5,6) -> (2,7)
  attempt 9: accepted F01501-lm-09 — moved fountain (2,0) -> (8,4)
  attempt 10: accepted F01501-lm-10 — moved geese (10,7) -> (2,7)
  attempt 11: accepted F01501-lm-11 — moved fountain (2,0) -> (3,10)
  attempt 12: accepted F01501-lm-12 — moved blocks (2,12) -> (2,11)
  attempt 13: accepted F01501-lm-13 — moved market (8,5) -> (2,8)
  attempt 14: accepted F01501-lm-14 — moved geese (0,11) -> (3,9)
  attempt 15: accepted F01501-lm-15 — moved lamppost (1,3) -> (0,3)

15/15 new local-mutant sibling(s) generated for R01501 in 15 attempt(s) (budget 600); 15 total in data/families/family-R01501-lm.json.
Wrote 15 level(s) total to data/families/family-R01501-lm.json (changed=true), 15 hint file(s) written to data/families/hints/.
Wrote family manifest to data/families/family-R01501-lm-manifest.json (15 variant(s) total).
Parent R01501: witness hint[0] (len 134, 5 jump(s)), 45 movable object instance(s) under strict inventory.
  variant 1 (rotation): accepted F01501-sym-01
  variant 2 (rotation): accepted F01501-sym-02
  variant 3 (rotation): accepted F01501-sym-03
  variant 4 (reflection): accepted F01501-sym-04
  variant 5 (reflection): accepted F01501-sym-05
  variant 6 (reflection): accepted F01501-sym-06
  variant 7 (reflection): accepted F01501-sym-07

7/7 new symmetry sibling(s) generated for R01501 in 7 attempt(s) (budget 7); 7 total in data/families/family-R01501-sym.json.
Wrote 7 level(s) total to data/families/family-R01501-sym.json (changed=true), 7 hint file(s) written to data/families/hints/.
Wrote family manifest to data/families/family-R01501-sym-manifest.json (7 variant(s) total).
portfolio-solve-sweep: corpus=data/families/family-R01501-lm.json levels=15 (15 to solve) scheduler-mode=legacy budget=8000ms node-budget=20000000 workers=4 save-hints=true
  [1/15] L2 (F01501-lm-02) ok=✗
  [2/15] L3 (F01501-lm-03) ok=✗
  [3/15] L4 (F01501-lm-04) ok=✗
  [4/15] L1 (F01501-lm-01) ok=✗
  [5/15] L5 (F01501-lm-05) ok=✗
  [6/15] L8 (F01501-lm-08) ok=✗
  [7/15] L7 (F01501-lm-07) ok=✗
  [8/15] L6 (F01501-lm-06) ok=✗
  [9/15] L10 (F01501-lm-10) ok=✗
  [10/15] L9 (F01501-lm-09) ok=✗
  [11/15] L11 (F01501-lm-11) ok=✗
  [12/15] L12 (F01501-lm-12) ok=✗
  [13/15] L13 (F01501-lm-13) ok=✗
  [14/15] L14 (F01501-lm-14) ok=✗
  [15/15] L15 (F01501-lm-15) ok=✗
Hints: appended to 0 level(s); 0 hint file(s) changed on disk.
Result: solved=0/15, solvedBeforeFallback=0, fallbackOnly=0, unsolved=15
Wrote logs/family-census/solve-R01501-lm.json
Wrote logs/family-census/solve-R01501-lm-summary.md
portfolio-solve-sweep: corpus=data/families/family-R01501-sym.json levels=7 (7 to solve) scheduler-mode=legacy budget=8000ms node-budget=20000000 workers=4 save-hints=true
  [1/7] L2 (F01501-sym-02) ok=✗
  [2/7] L4 (F01501-sym-04) ok=✗
  [3/7] L3 (F01501-sym-03) ok=✗
  [4/7] L1 (F01501-sym-01) ok=✗
  [5/7] L7 (F01501-sym-07) ok=✗
  [6/7] L5 (F01501-sym-05) ok=✗
  [7/7] L6 (F01501-sym-06) ok=✗
Hints: appended to 0 level(s); 0 hint file(s) changed on disk.
Result: solved=0/7, solvedBeforeFallback=0, fallbackOnly=0, unsolved=7
Wrote logs/family-census/solve-R01501-sym.json
Wrote logs/family-census/solve-R01501-sym-summary.md
[23:44:56] DONE R01501
[23:44:56] START R01672
Parent R01672: witness stressMeta.witnessSolution (len 84, 6 jump(s)), 46 movable object instance(s) under strict inventory.
  attempt 1: accepted F01672-lm-01 — moved blocks (10,5) -> (1,4)
  attempt 2: accepted F01672-lm-02 — moved blocks (11,3) -> (10,6)
  attempt 3: accepted F01672-lm-03 — moved statue (5,3) -> (12,0)
  attempt 4: accepted F01672-lm-04 — moved blocks (5,1) -> (3,5)
  attempt 5: accepted F01672-lm-05 — moved blocks (10,5) -> (2,12)
  attempt 6: accepted F01672-lm-06 — moved blocks (12,7) -> (0,3)
  attempt 7: accepted F01672-lm-07 — moved blocks (5,0) -> (11,6)
  attempt 8: accepted F01672-lm-08 — moved blocks (2,11) -> (4,5)
  attempt 9: accepted F01672-lm-09 — moved blocks (0,10) -> (7,2)
  attempt 10: accepted F01672-lm-10 — moved mustPass (8,5) -> (4,9)
  attempt 11: accepted F01672-lm-11 — moved flippingFilters (0,2) -> (3,6)
  attempt 12: accepted F01672-lm-12 — moved blocks (5,0) -> (0,3)
  attempt 13: accepted F01672-lm-13 — moved mustPass (7,5) -> (0,9)
  attempt 14: accepted F01672-lm-14 — moved blocks (7,10) -> (7,1)
  attempt 15: accepted F01672-lm-15 — moved blocks (5,0) -> (10,6)

15/15 new local-mutant sibling(s) generated for R01672 in 15 attempt(s) (budget 600); 15 total in data/families/family-R01672-lm.json.
Wrote 15 level(s) total to data/families/family-R01672-lm.json (changed=true), 15 hint file(s) written to data/families/hints/.
Wrote family manifest to data/families/family-R01672-lm-manifest.json (15 variant(s) total).
Parent R01672: witness stressMeta.witnessSolution (len 84, 6 jump(s)), 46 movable object instance(s) under strict inventory.
  variant 1 (rotation): accepted F01672-sym-01
  variant 2 (rotation): accepted F01672-sym-02
  variant 3 (rotation): accepted F01672-sym-03
  variant 4 (reflection): accepted F01672-sym-04
  variant 5 (reflection): accepted F01672-sym-05
  variant 6 (reflection): accepted F01672-sym-06
  variant 7 (reflection): accepted F01672-sym-07

7/7 new symmetry sibling(s) generated for R01672 in 7 attempt(s) (budget 7); 7 total in data/families/family-R01672-sym.json.
Wrote 7 level(s) total to data/families/family-R01672-sym.json (changed=true), 7 hint file(s) written to data/families/hints/.
Wrote family manifest to data/families/family-R01672-sym-manifest.json (7 variant(s) total).
portfolio-solve-sweep: corpus=data/families/family-R01672-lm.json levels=15 (15 to solve) scheduler-mode=legacy budget=8000ms node-budget=20000000 workers=4 save-hints=true
  [1/15] L1 (F01672-lm-01) ok=✗
  [2/15] L3 (F01672-lm-03) ok=✗
  [3/15] L2 (F01672-lm-02) ok=✗
  [4/15] L4 (F01672-lm-04) ok=✗
  [5/15] L6 (F01672-lm-06) ok=✗
  [6/15] L7 (F01672-lm-07) ok=✗
  [7/15] L5 (F01672-lm-05) ok=✗
  [8/15] L8 (F01672-lm-08) ok=✗
  [9/15] L9 (F01672-lm-09) ok=✗
  [10/15] L11 (F01672-lm-11) ok=✗
  [11/15] L10 (F01672-lm-10) ok=✗
  [12/15] L12 (F01672-lm-12) ok=✗
  [13/15] L15 (F01672-lm-15) ok=✗
  [14/15] L13 (F01672-lm-13) ok=✗
  [15/15] L14 (F01672-lm-14) ok=✗
Hints: appended to 0 level(s); 0 hint file(s) changed on disk.
Result: solved=0/15, solvedBeforeFallback=0, fallbackOnly=0, unsolved=15
Wrote logs/family-census/solve-R01672-lm.json
Wrote logs/family-census/solve-R01672-lm-summary.md
portfolio-solve-sweep: corpus=data/families/family-R01672-sym.json levels=7 (7 to solve) scheduler-mode=legacy budget=8000ms node-budget=20000000 workers=4 save-hints=true
  [1/7] L1 (F01672-sym-01) ok=✗
  [2/7] L4 (F01672-sym-04) ok=✗
  [3/7] L2 (F01672-sym-02) ok=✗
  [4/7] L3 (F01672-sym-03) ok=✗
  [5/7] L7 (F01672-sym-07) ok=✗
  [6/7] L6 (F01672-sym-06) ok=✗
  [7/7] L5 (F01672-sym-05) ok=✗
Hints: appended to 0 level(s); 0 hint file(s) changed on disk.
Result: solved=0/7, solvedBeforeFallback=0, fallbackOnly=0, unsolved=7
Wrote logs/family-census/solve-R01672-sym.json
Wrote logs/family-census/solve-R01672-sym-summary.md
[23:46:52] DONE R01672
[23:46:52] START R01799
Parent R01799: witness stressMeta.witnessSolution (len 69, 7 jump(s)), 13 movable object instance(s) under strict inventory.
  attempt 1: accepted F01799-lm-01 — moved statue (3,4) -> (3,1)
  attempt 2: accepted F01799-lm-02 — moved library (7,4) -> (3,2)
  attempt 3: accepted F01799-lm-03 — moved park (4,4) -> (4,6)
  attempt 4: accepted F01799-lm-04 — moved flippingFilters (0,8) -> (5,7)
  attempt 5: accepted F01799-lm-05 — moved flippingFilters (1,4) -> (6,0)
  attempt 6: accepted F01799-lm-06 — moved statue (3,4) -> (4,2)
  attempt 7: rejected — degenerate duplicate of parent or another accepted variant
  attempt 8: accepted F01799-lm-07 — moved flippingFilters (1,4) -> (8,10)
  attempt 9: accepted F01799-lm-08 — moved library (7,4) -> (3,6)
  attempt 10: accepted F01799-lm-09 — moved market (0,3) -> (3,6)
  attempt 11: accepted F01799-lm-10 — moved flippingFilters (4,3) -> (7,1)
  attempt 12: accepted F01799-lm-11 — moved park (4,4) -> (8,1)
  attempt 13: accepted F01799-lm-12 — moved flippingFilters (9,7) -> (8,8)
  attempt 14: accepted F01799-lm-13 — moved flippingFilters (2,10) -> (8,6)
  attempt 15: accepted F01799-lm-14 — moved statue (5,2) -> (5,10)
  attempt 16: accepted F01799-lm-15 — moved flippingFilters (1,4) -> (7,2)

15/15 new local-mutant sibling(s) generated for R01799 in 16 attempt(s) (budget 600); 15 total in data/families/family-R01799-lm.json.
Wrote 15 level(s) total to data/families/family-R01799-lm.json (changed=true), 15 hint file(s) written to data/families/hints/.
Wrote family manifest to data/families/family-R01799-lm-manifest.json (15 variant(s) total).
Parent R01799: witness stressMeta.witnessSolution (len 69, 7 jump(s)), 13 movable object instance(s) under strict inventory.
  variant 1 (rotation): accepted F01799-sym-01
  variant 2 (rotation): accepted F01799-sym-02
  variant 3 (rotation): accepted F01799-sym-03
  variant 4 (reflection): accepted F01799-sym-04
  variant 5 (reflection): accepted F01799-sym-05
  variant 6 (reflection): accepted F01799-sym-06
  variant 7 (reflection): accepted F01799-sym-07

7/7 new symmetry sibling(s) generated for R01799 in 7 attempt(s) (budget 7); 7 total in data/families/family-R01799-sym.json.
Wrote 7 level(s) total to data/families/family-R01799-sym.json (changed=true), 7 hint file(s) written to data/families/hints/.
Wrote family manifest to data/families/family-R01799-sym-manifest.json (7 variant(s) total).
portfolio-solve-sweep: corpus=data/families/family-R01799-lm.json levels=15 (15 to solve) scheduler-mode=legacy budget=8000ms node-budget=20000000 workers=4 save-hints=true
  [1/15] L3 (F01799-lm-03) ok=✗
  [2/15] L4 (F01799-lm-04) ok=✗
  [3/15] L1 (F01799-lm-01) ok=✗
  [4/15] L2 (F01799-lm-02) ok=✗
  [5/15] L8 (F01799-lm-08) ok=✗
  [6/15] L5 (F01799-lm-05) ok=✗
  [7/15] L6 (F01799-lm-06) ok=✗
  [8/15] L7 (F01799-lm-07) ok=✗
  [9/15] L9 (F01799-lm-09) ok=✗
  [10/15] L10 (F01799-lm-10) ok=✗
  [11/15] L12 (F01799-lm-12) ok=✗
  [12/15] L11 (F01799-lm-11) ok=✗
  [13/15] L14 (F01799-lm-14) ok=✗
  [14/15] L13 (F01799-lm-13) ok=✗
  [15/15] L15 (F01799-lm-15) ok=✗
Hints: appended to 0 level(s); 0 hint file(s) changed on disk.
Result: solved=0/15, solvedBeforeFallback=0, fallbackOnly=0, unsolved=15
Wrote logs/family-census/solve-R01799-lm.json
Wrote logs/family-census/solve-R01799-lm-summary.md
portfolio-solve-sweep: corpus=data/families/family-R01799-sym.json levels=7 (7 to solve) scheduler-mode=legacy budget=8000ms node-budget=20000000 workers=4 save-hints=true
  [1/7] L2 (F01799-sym-02) ok=✗
  [2/7] L3 (F01799-sym-03) ok=✗
  [3/7] L1 (F01799-sym-01) ok=✗
  [4/7] L4 (F01799-sym-04) ok=✗
  [5/7] L7 (F01799-sym-07) ok=✗
  [6/7] L6 (F01799-sym-06) ok=✗
  [7/7] L5 (F01799-sym-05) ok=✗
Hints: appended to 0 level(s); 0 hint file(s) changed on disk.
Result: solved=0/7, solvedBeforeFallback=0, fallbackOnly=0, unsolved=7
Wrote logs/family-census/solve-R01799-sym.json
Wrote logs/family-census/solve-R01799-sym-summary.md
[23:48:58] DONE R01799
[23:48:58] START R02011
Parent R02011: witness stressMeta.witnessSolution (len 78, 7 jump(s)), 53 movable object instance(s) under strict inventory.
  attempt 1: accepted F02011-lm-01 — moved lamppost (2,4) -> (6,4)
  attempt 2: accepted F02011-lm-02 — moved flippingFilters (2,0) -> (9,7)
  attempt 3: accepted F02011-lm-03 — moved fountain (3,10) -> (3,9)
  attempt 4: accepted F02011-lm-04 — moved mustPass (2,3) -> (8,1)
  attempt 5: accepted F02011-lm-05 — moved geese (7,8) -> (6,5)
  attempt 6: accepted F02011-lm-06 — moved statue (4,7) -> (7,5)
  attempt 7: accepted F02011-lm-07 — moved flippingFilters (5,7) -> (0,5)
  attempt 8: accepted F02011-lm-08 — moved fountain (3,1) -> (7,9)
  attempt 9: accepted F02011-lm-09 — moved falseGoals (11,8) -> (7,10)
  attempt 10: accepted F02011-lm-10 — moved lamppost (5,9) -> (1,8)
  attempt 11: accepted F02011-lm-11 — moved flippingFilters (11,2) -> (6,5)
  attempt 12: accepted F02011-lm-12 — moved blocks (11,5) -> (10,3)
  attempt 13: accepted F02011-lm-13 — moved lamppost (5,9) -> (5,5)
  attempt 14: accepted F02011-lm-14 — moved flippingFilters (5,7) -> (9,7)
  attempt 15: accepted F02011-lm-15 — moved fountain (3,10) -> (2,7)

15/15 new local-mutant sibling(s) generated for R02011 in 15 attempt(s) (budget 600); 15 total in data/families/family-R02011-lm.json.
Wrote 15 level(s) total to data/families/family-R02011-lm.json (changed=true), 15 hint file(s) written to data/families/hints/.
Wrote family manifest to data/families/family-R02011-lm-manifest.json (15 variant(s) total).
Parent R02011: witness stressMeta.witnessSolution (len 78, 7 jump(s)), 53 movable object instance(s) under strict inventory.
  variant 1 (rotation): accepted F02011-sym-01
  variant 2 (rotation): accepted F02011-sym-02
  variant 3 (rotation): accepted F02011-sym-03
  variant 4 (reflection): accepted F02011-sym-04
  variant 5 (reflection): accepted F02011-sym-05
  variant 6 (reflection): accepted F02011-sym-06
  variant 7 (reflection): accepted F02011-sym-07

7/7 new symmetry sibling(s) generated for R02011 in 7 attempt(s) (budget 7); 7 total in data/families/family-R02011-sym.json.
Wrote 7 level(s) total to data/families/family-R02011-sym.json (changed=true), 7 hint file(s) written to data/families/hints/.
Wrote family manifest to data/families/family-R02011-sym-manifest.json (7 variant(s) total).
portfolio-solve-sweep: corpus=data/families/family-R02011-lm.json levels=15 (15 to solve) scheduler-mode=legacy budget=8000ms node-budget=20000000 workers=4 save-hints=true
  [1/15] L2 (F02011-lm-02) ok=✗
  [2/15] L4 (F02011-lm-04) ok=✗
  [3/15] L3 (F02011-lm-03) ok=✗
  [4/15] L1 (F02011-lm-01) ok=✗
  [5/15] L6 (F02011-lm-06) ok=✗
  [6/15] L5 (F02011-lm-05) ok=✗
  [7/15] L7 (F02011-lm-07) ok=✗
  [8/15] L8 (F02011-lm-08) ok=✗
  [9/15] L9 (F02011-lm-09) ok=✗
  [10/15] L10 (F02011-lm-10) ok=✗
  [11/15] L11 (F02011-lm-11) ok=✗
  [12/15] L12 (F02011-lm-12) ok=✗
  [13/15] L14 (F02011-lm-14) ok=✗
  [14/15] L13 (F02011-lm-13) ok=✗
  [15/15] L15 (F02011-lm-15) ok=✗
Hints: appended to 0 level(s); 0 hint file(s) changed on disk.
Result: solved=0/15, solvedBeforeFallback=0, fallbackOnly=0, unsolved=15
Wrote logs/family-census/solve-R02011-lm.json
Wrote logs/family-census/solve-R02011-lm-summary.md
portfolio-solve-sweep: corpus=data/families/family-R02011-sym.json levels=7 (7 to solve) scheduler-mode=legacy budget=8000ms node-budget=20000000 workers=4 save-hints=true
  [1/7] L4 (F02011-sym-04) ok=✗
  [2/7] L1 (F02011-sym-01) ok=✗
  [3/7] L3 (F02011-sym-03) ok=✗
  [4/7] L2 (F02011-sym-02) ok=✗
  [5/7] L6 (F02011-sym-06) ok=✗
  [6/7] L5 (F02011-sym-05) ok=✗
  [7/7] L7 (F02011-sym-07) ok=✗
Hints: appended to 0 level(s); 0 hint file(s) changed on disk.
Result: solved=0/7, solvedBeforeFallback=0, fallbackOnly=0, unsolved=7
Wrote logs/family-census/solve-R02011-sym.json
Wrote logs/family-census/solve-R02011-sym-summary.md
[23:51:56] DONE R02011
[23:51:56] START R02049
Parent R02049: witness stressMeta.witnessSolution (len 123, 0 jump(s)), 77 movable object instance(s) under strict inventory.
  attempt 1: accepted F02049-lm-01 — moved lamppost (2,6) -> (2,14)
  attempt 2: accepted F02049-lm-02 — moved geese (1,13) -> (12,1)
  attempt 3: accepted F02049-lm-03 — moved fountain (14,12) -> (3,2)
  attempt 4: accepted F02049-lm-04 — moved blocks (6,14) -> (10,5)
  attempt 5: accepted F02049-lm-05 — moved geese (10,7) -> (1,1)
  attempt 6: accepted F02049-lm-06 — moved blocks (11,10) -> (12,11)
  attempt 7: accepted F02049-lm-07 — moved statue (4,0) -> (1,4)
  attempt 8: accepted F02049-lm-08 — moved park (8,5) -> (6,8)
  attempt 9: accepted F02049-lm-09 — moved blocks (14,2) -> (12,0)
  attempt 10: accepted F02049-lm-10 — moved blocks (0,1) -> (12,3)
  attempt 11: accepted F02049-lm-11 — moved mustCross (8,9) -> (7,10)
  attempt 12: accepted F02049-lm-12 — moved blocks (6,14) -> (13,4)
  attempt 13: accepted F02049-lm-13 — moved blocks (0,13) -> (1,1)
  attempt 14: accepted F02049-lm-14 — moved mustCross (8,10) -> (6,3)
  attempt 15: accepted F02049-lm-15 — moved statue (1,12) -> (3,14)

15/15 new local-mutant sibling(s) generated for R02049 in 15 attempt(s) (budget 600); 15 total in data/families/family-R02049-lm.json.
Wrote 15 level(s) total to data/families/family-R02049-lm.json (changed=true), 15 hint file(s) written to data/families/hints/.
Wrote family manifest to data/families/family-R02049-lm-manifest.json (15 variant(s) total).
Parent R02049: witness stressMeta.witnessSolution (len 123, 0 jump(s)), 77 movable object instance(s) under strict inventory.
  variant 1 (rotation): accepted F02049-sym-01
  variant 2 (rotation): accepted F02049-sym-02
  variant 3 (rotation): accepted F02049-sym-03
  variant 4 (reflection): accepted F02049-sym-04
  variant 5 (reflection): accepted F02049-sym-05
  variant 6 (reflection): accepted F02049-sym-06
  variant 7 (reflection): accepted F02049-sym-07

7/7 new symmetry sibling(s) generated for R02049 in 7 attempt(s) (budget 7); 7 total in data/families/family-R02049-sym.json.
Wrote 7 level(s) total to data/families/family-R02049-sym.json (changed=true), 7 hint file(s) written to data/families/hints/.
Wrote family manifest to data/families/family-R02049-sym-manifest.json (7 variant(s) total).
portfolio-solve-sweep: corpus=data/families/family-R02049-lm.json levels=15 (15 to solve) scheduler-mode=legacy budget=8000ms node-budget=20000000 workers=4 save-hints=true
  [1/15] L3 (F02049-lm-03) ok=✗
  [2/15] L2 (F02049-lm-02) ok=✗
  [3/15] L1 (F02049-lm-01) ok=✗
  [4/15] L4 (F02049-lm-04) ok=✗
  [5/15] L6 (F02049-lm-06) ok=✗
  [6/15] L5 (F02049-lm-05) ok=✗
  [7/15] L7 (F02049-lm-07) ok=✗
  [8/15] L8 (F02049-lm-08) ok=✗
  [9/15] L10 (F02049-lm-10) ok=✗
  [10/15] L11 (F02049-lm-11) ok=✗
  [11/15] L9 (F02049-lm-09) ok=✗
  [12/15] L12 (F02049-lm-12) ok=✗
  [13/15] L15 (F02049-lm-15) ok=✗
  [14/15] L14 (F02049-lm-14) ok=✗
  [15/15] L13 (F02049-lm-13) ok=✗
Hints: appended to 0 level(s); 0 hint file(s) changed on disk.
Result: solved=0/15, solvedBeforeFallback=0, fallbackOnly=0, unsolved=15
Wrote logs/family-census/solve-R02049-lm.json
Wrote logs/family-census/solve-R02049-lm-summary.md
portfolio-solve-sweep: corpus=data/families/family-R02049-sym.json levels=7 (7 to solve) scheduler-mode=legacy budget=8000ms node-budget=20000000 workers=4 save-hints=true
  [1/7] L1 (F02049-sym-01) ok=✗
  [2/7] L4 (F02049-sym-04) ok=✗
  [3/7] L3 (F02049-sym-03) ok=✗
  [4/7] L2 (F02049-sym-02) ok=✗
  [5/7] L6 (F02049-sym-06) ok=✗
  [6/7] L7 (F02049-sym-07) ok=✗
  [7/7] L5 (F02049-sym-05) ok=✗
Hints: appended to 0 level(s); 0 hint file(s) changed on disk.
Result: solved=0/7, solvedBeforeFallback=0, fallbackOnly=0, unsolved=7
Wrote logs/family-census/solve-R02049-sym.json
Wrote logs/family-census/solve-R02049-sym-summary.md
[23:59:55] DONE R02049
[23:59:55] START R02084
Parent R02084: witness stressMeta.witnessSolution (len 88, 0 jump(s)), 40 movable object instance(s) under strict inventory.
  attempt 1: accepted F02084-lm-01 — moved statue (4,4) -> (9,6)
  attempt 2: accepted F02084-lm-02 — moved flippingFilters (3,8) -> (0,10)
  attempt 3: accepted F02084-lm-03 — moved geese (2,9) -> (10,0)
  attempt 4: accepted F02084-lm-04 — moved park (6,5) -> (5,9)
  attempt 5: accepted F02084-lm-05 — moved park (6,5) -> (6,10)
  attempt 6: accepted F02084-lm-06 — moved blocks (2,4) -> (10,1)
  attempt 7: accepted F02084-lm-07 — moved park (4,1) -> (10,2)
  attempt 8: accepted F02084-lm-08 — moved flippingFilters (9,7) -> (4,5)
  attempt 9: accepted F02084-lm-09 — moved blocks (1,8) -> (7,4)
  attempt 10: accepted F02084-lm-10 — moved blocks (1,5) -> (10,2)
  attempt 11: accepted F02084-lm-11 — moved statue (7,8) -> (8,2)
  attempt 12: accepted F02084-lm-12 — moved library (7,5) -> (0,0)
  attempt 13: accepted F02084-lm-13 — moved statue (8,5) -> (9,5)
  attempt 14: accepted F02084-lm-14 — moved blocks (1,8) -> (10,1)
  attempt 15: accepted F02084-lm-15 — moved blocks (1,8) -> (10,2)

15/15 new local-mutant sibling(s) generated for R02084 in 15 attempt(s) (budget 600); 15 total in data/families/family-R02084-lm.json.
Wrote 15 level(s) total to data/families/family-R02084-lm.json (changed=true), 15 hint file(s) written to data/families/hints/.
Wrote family manifest to data/families/family-R02084-lm-manifest.json (15 variant(s) total).
Parent R02084: witness stressMeta.witnessSolution (len 88, 0 jump(s)), 40 movable object instance(s) under strict inventory.
  variant 1 (rotation): accepted F02084-sym-01
  variant 2 (rotation): accepted F02084-sym-02
  variant 3 (rotation): accepted F02084-sym-03
  variant 4 (reflection): accepted F02084-sym-04
  variant 5 (reflection): accepted F02084-sym-05
  variant 6 (reflection): accepted F02084-sym-06
  variant 7 (reflection): accepted F02084-sym-07

7/7 new symmetry sibling(s) generated for R02084 in 7 attempt(s) (budget 7); 7 total in data/families/family-R02084-sym.json.
Wrote 7 level(s) total to data/families/family-R02084-sym.json (changed=true), 7 hint file(s) written to data/families/hints/.
Wrote family manifest to data/families/family-R02084-sym-manifest.json (7 variant(s) total).
portfolio-solve-sweep: corpus=data/families/family-R02084-lm.json levels=15 (15 to solve) scheduler-mode=legacy budget=8000ms node-budget=20000000 workers=4 save-hints=true
  [1/15] L3 (F02084-lm-03) ok=✗
  [2/15] L2 (F02084-lm-02) ok=✗
  [3/15] L1 (F02084-lm-01) ok=✗
  [4/15] L4 (F02084-lm-04) ok=✗
  [5/15] L6 (F02084-lm-06) ok=✗
  [6/15] L7 (F02084-lm-07) ok=✗
  [7/15] L5 (F02084-lm-05) ok=✗
  [8/15] L9 (F02084-lm-09) ok=✗
  [9/15] L8 (F02084-lm-08) ok=✗
  [10/15] L10 (F02084-lm-10) ok=✗
  [11/15] L11 (F02084-lm-11) ok=✗
  [12/15] L14 (F02084-lm-14) ok=✗
  [13/15] L12 (F02084-lm-12) ok=✗
  [14/15] L13 (F02084-lm-13) ok=✗
  [15/15] L15 (F02084-lm-15) ok=✗
Hints: appended to 0 level(s); 0 hint file(s) changed on disk.
Result: solved=0/15, solvedBeforeFallback=0, fallbackOnly=0, unsolved=15
Wrote logs/family-census/solve-R02084-lm.json
Wrote logs/family-census/solve-R02084-lm-summary.md
portfolio-solve-sweep: corpus=data/families/family-R02084-sym.json levels=7 (7 to solve) scheduler-mode=legacy budget=8000ms node-budget=20000000 workers=4 save-hints=true
  [1/7] L1 (F02084-sym-01) ok=✗
  [2/7] L3 (F02084-sym-03) ok=✗
  [3/7] L2 (F02084-sym-02) ok=✗
  [4/7] L4 (F02084-sym-04) ok=✗
  [5/7] L5 (F02084-sym-05) ok=✗
  [6/7] L6 (F02084-sym-06) ok=✗
  [7/7] L7 (F02084-sym-07) ok=✗
Hints: appended to 0 level(s); 0 hint file(s) changed on disk.
Result: solved=0/7, solvedBeforeFallback=0, fallbackOnly=0, unsolved=7
Wrote logs/family-census/solve-R02084-sym.json
Wrote logs/family-census/solve-R02084-sym-summary.md
[00:04:03] DONE R02084
[00:04:03] START R02117
Parent R02117: witness stressMeta.witnessSolution (len 107, 7 jump(s)), 39 movable object instance(s) under strict inventory.
  attempt 1: accepted F02117-lm-01 — moved falseGoals (0,2) -> (9,2)
  attempt 2: accepted F02117-lm-02 — moved blocks (11,7) -> (7,2)
  attempt 3: accepted F02117-lm-03 — moved flippingFilters (10,0) -> (9,2)
  attempt 4: accepted F02117-lm-04 — moved falseGoals (1,0) -> (12,0)
  attempt 5: accepted F02117-lm-05 — moved flippingFilters (3,7) -> (2,4)
  attempt 6: accepted F02117-lm-06 — moved flippingFilters (10,0) -> (3,8)
  attempt 7: accepted F02117-lm-07 — moved flippingFilters (4,3) -> (3,8)
  attempt 8: accepted F02117-lm-08 — moved flippingFilters (4,3) -> (8,2)
  attempt 9: accepted F02117-lm-09 — moved blocks (4,6) -> (11,1)
  attempt 10: accepted F02117-lm-10 — moved fountain (8,8) -> (6,3)
  attempt 11: accepted F02117-lm-11 — moved blocks (9,11) -> (9,2)
  attempt 12: accepted F02117-lm-12 — moved statue (7,5) -> (0,5)
  attempt 13: accepted F02117-lm-13 — moved flippingFilters (4,3) -> (10,6)
  attempt 14: accepted F02117-lm-14 — moved flippingFilters (8,5) -> (12,5)
  attempt 15: accepted F02117-lm-15 — moved blocks (0,3) -> (1,2)

15/15 new local-mutant sibling(s) generated for R02117 in 15 attempt(s) (budget 600); 15 total in data/families/family-R02117-lm.json.
Wrote 15 level(s) total to data/families/family-R02117-lm.json (changed=true), 15 hint file(s) written to data/families/hints/.
Wrote family manifest to data/families/family-R02117-lm-manifest.json (15 variant(s) total).
Parent R02117: witness stressMeta.witnessSolution (len 107, 7 jump(s)), 39 movable object instance(s) under strict inventory.
  variant 1 (rotation): accepted F02117-sym-01
  variant 2 (rotation): accepted F02117-sym-02
  variant 3 (rotation): accepted F02117-sym-03
  variant 4 (reflection): accepted F02117-sym-04
  variant 5 (reflection): accepted F02117-sym-05
  variant 6 (reflection): accepted F02117-sym-06
  variant 7 (reflection): accepted F02117-sym-07

7/7 new symmetry sibling(s) generated for R02117 in 7 attempt(s) (budget 7); 7 total in data/families/family-R02117-sym.json.
Wrote 7 level(s) total to data/families/family-R02117-sym.json (changed=true), 7 hint file(s) written to data/families/hints/.
Wrote family manifest to data/families/family-R02117-sym-manifest.json (7 variant(s) total).
portfolio-solve-sweep: corpus=data/families/family-R02117-lm.json levels=15 (15 to solve) scheduler-mode=legacy budget=8000ms node-budget=20000000 workers=4 save-hints=true
  [1/15] L2 (F02117-lm-02) ok=✗
  [2/15] L4 (F02117-lm-04) ok=✗
  [3/15] L1 (F02117-lm-01) ok=✗
  [4/15] L3 (F02117-lm-03) ok=✗
  [5/15] L6 (F02117-lm-06) ok=✗
  [6/15] L5 (F02117-lm-05) ok=✗
  [7/15] L7 (F02117-lm-07) ok=✗
  [8/15] L8 (F02117-lm-08) ok=✗
  [9/15] L9 (F02117-lm-09) ok=✗
  [10/15] L12 (F02117-lm-12) ok=✗
  [11/15] L11 (F02117-lm-11) ok=✗
  [12/15] L10 (F02117-lm-10) ok=✗
  [13/15] L13 (F02117-lm-13) ok=✗
  [14/15] L14 (F02117-lm-14) ok=✗
  [15/15] L15 (F02117-lm-15) ok=✗
Hints: appended to 0 level(s); 0 hint file(s) changed on disk.
Result: solved=0/15, solvedBeforeFallback=0, fallbackOnly=0, unsolved=15
Wrote logs/family-census/solve-R02117-lm.json
Wrote logs/family-census/solve-R02117-lm-summary.md
portfolio-solve-sweep: corpus=data/families/family-R02117-sym.json levels=7 (7 to solve) scheduler-mode=legacy budget=8000ms node-budget=20000000 workers=4 save-hints=true
  [1/7] L1 (F02117-sym-01) ok=✗
  [2/7] L3 (F02117-sym-03) ok=✗
  [3/7] L2 (F02117-sym-02) ok=✗
  [4/7] L4 (F02117-sym-04) ok=✗
  [5/7] L7 (F02117-sym-07) ok=✗
  [6/7] L6 (F02117-sym-06) ok=✗
  [7/7] L5 (F02117-sym-05) ok=✗
Hints: appended to 0 level(s); 0 hint file(s) changed on disk.
Result: solved=0/7, solvedBeforeFallback=0, fallbackOnly=0, unsolved=7
Wrote logs/family-census/solve-R02117-sym.json
Wrote logs/family-census/solve-R02117-sym-summary.md
[00:06:04] DONE R02117
[00:06:04] START R02159
Parent R02159: witness stressMeta.witnessSolution (len 129, 6 jump(s)), 47 movable object instance(s) under strict inventory.
  attempt 1: accepted F02159-lm-01 — moved blocks (3,6) -> (9,12)
  attempt 2: accepted F02159-lm-02 — moved library (1,13) -> (12,14)
  attempt 3: accepted F02159-lm-03 — moved blocks (2,5) -> (5,12)
  attempt 4: accepted F02159-lm-04 — moved blocks (10,12) -> (7,1)
  attempt 5: accepted F02159-lm-05 — moved blocks (2,6) -> (8,10)
  attempt 6: accepted F02159-lm-06 — moved blocks (13,0) -> (12,0)
  attempt 7: accepted F02159-lm-07 — moved blocks (1,11) -> (4,4)
  attempt 8: accepted F02159-lm-08 — moved blocks (7,13) -> (12,8)
  attempt 9: accepted F02159-lm-09 — moved blocks (9,9) -> (9,0)
  attempt 10: accepted F02159-lm-10 — moved blocks (2,7) -> (13,6)
  attempt 11: accepted F02159-lm-11 — moved blocks (4,9) -> (10,7)
  attempt 12: accepted F02159-lm-12 — moved flippingFilters (10,1) -> (4,4)
  attempt 13: accepted F02159-lm-13 — moved blocks (7,13) -> (13,7)
  attempt 14: accepted F02159-lm-14 — moved blocks (10,12) -> (3,3)
  attempt 15: accepted F02159-lm-15 — moved flippingFilters (7,3) -> (3,10)

15/15 new local-mutant sibling(s) generated for R02159 in 15 attempt(s) (budget 600); 15 total in data/families/family-R02159-lm.json.
Wrote 15 level(s) total to data/families/family-R02159-lm.json (changed=true), 15 hint file(s) written to data/families/hints/.
Wrote family manifest to data/families/family-R02159-lm-manifest.json (15 variant(s) total).
Parent R02159: witness stressMeta.witnessSolution (len 129, 6 jump(s)), 47 movable object instance(s) under strict inventory.
  variant 1 (rotation): accepted F02159-sym-01
  variant 2 (rotation): accepted F02159-sym-02
  variant 3 (rotation): accepted F02159-sym-03
  variant 4 (reflection): accepted F02159-sym-04
  variant 5 (reflection): accepted F02159-sym-05
  variant 6 (reflection): accepted F02159-sym-06
  variant 7 (reflection): accepted F02159-sym-07

7/7 new symmetry sibling(s) generated for R02159 in 7 attempt(s) (budget 7); 7 total in data/families/family-R02159-sym.json.
Wrote 7 level(s) total to data/families/family-R02159-sym.json (changed=true), 7 hint file(s) written to data/families/hints/.
Wrote family manifest to data/families/family-R02159-sym-manifest.json (7 variant(s) total).
portfolio-solve-sweep: corpus=data/families/family-R02159-lm.json levels=15 (15 to solve) scheduler-mode=legacy budget=8000ms node-budget=20000000 workers=4 save-hints=true
  [1/15] L4 (F02159-lm-04) ok=✗
  [2/15] L2 (F02159-lm-02) ok=✗
  [3/15] L1 (F02159-lm-01) ok=✗
  [4/15] L3 (F02159-lm-03) ok=✗
  [5/15] L5 (F02159-lm-05) ok=✗
  [6/15] L6 (F02159-lm-06) ok=✗
  [7/15] L8 (F02159-lm-08) ok=✗
  [8/15] L7 (F02159-lm-07) ok=✗
  [9/15] L9 (F02159-lm-09) ok=✗
  [10/15] L10 (F02159-lm-10) ok=✗
  [11/15] L11 (F02159-lm-11) ok=✗
  [12/15] L12 (F02159-lm-12) ok=✗
  [13/15] L15 (F02159-lm-15) ok=✗
  [14/15] L13 (F02159-lm-13) ok=✗
  [15/15] L14 (F02159-lm-14) ok=✗
Hints: appended to 0 level(s); 0 hint file(s) changed on disk.
Result: solved=0/15, solvedBeforeFallback=0, fallbackOnly=0, unsolved=15
Wrote logs/family-census/solve-R02159-lm.json
Wrote logs/family-census/solve-R02159-lm-summary.md
portfolio-solve-sweep: corpus=data/families/family-R02159-sym.json levels=7 (7 to solve) scheduler-mode=legacy budget=8000ms node-budget=20000000 workers=4 save-hints=true
  [1/7] L1 (F02159-sym-01) ok=✗
  [2/7] L3 (F02159-sym-03) ok=✗
  [3/7] L4 (F02159-sym-04) ok=✗
  [4/7] L2 (F02159-sym-02) ok=✗
  [5/7] L6 (F02159-sym-06) ok=✗
  [6/7] L5 (F02159-sym-05) ok=✗
  [7/7] L7 (F02159-sym-07) ok=✗
Hints: appended to 0 level(s); 0 hint file(s) changed on disk.
Result: solved=0/7, solvedBeforeFallback=0, fallbackOnly=0, unsolved=7
Wrote logs/family-census/solve-R02159-sym.json
Wrote logs/family-census/solve-R02159-sym-summary.md
[00:08:21] DONE R02159
[00:08:21] START R02189
Parent R02189: witness hint[0] (len 78, 4 jump(s)), 41 movable object instance(s) under strict inventory.
  attempt 1: accepted F02189-lm-01 — moved library (1,8) -> (8,2)
  attempt 2: accepted F02189-lm-02 — moved falseGoals (6,10) -> (9,2)
  attempt 3: accepted F02189-lm-03 — moved statue (1,7) -> (0,11)
  attempt 4: accepted F02189-lm-04 — moved library (1,8) -> (3,11)
  attempt 5: accepted F02189-lm-05 — moved lamppost (2,0) -> (8,11)
  attempt 6: accepted F02189-lm-06 — moved geese (1,1) -> (11,9)
  attempt 7: accepted F02189-lm-07 — moved flippingFilters (8,4) -> (0,8)
  attempt 8: accepted F02189-lm-08 — moved flippingFilters (0,0) -> (7,8)
  attempt 9: accepted F02189-lm-09 — moved geese (1,0) -> (11,9)
  attempt 10: accepted F02189-lm-10 — moved flippingFilters (11,5) -> (7,1)
  attempt 11: accepted F02189-lm-11 — moved geese (5,4) -> (0,10)
  attempt 12: accepted F02189-lm-12 — moved falseGoals (6,10) -> (8,1)
  attempt 13: accepted F02189-lm-13 — moved market (3,0) -> (7,11)
  attempt 14: accepted F02189-lm-14 — moved falseGoals (0,9) -> (7,11)
  attempt 15: accepted F02189-lm-15 — moved geese (1,1) -> (10,0)

15/15 new local-mutant sibling(s) generated for R02189 in 15 attempt(s) (budget 600); 15 total in data/families/family-R02189-lm.json.
Wrote 15 level(s) total to data/families/family-R02189-lm.json (changed=true), 15 hint file(s) written to data/families/hints/.
Wrote family manifest to data/families/family-R02189-lm-manifest.json (15 variant(s) total).
Parent R02189: witness hint[0] (len 78, 4 jump(s)), 41 movable object instance(s) under strict inventory.
  variant 1 (rotation): accepted F02189-sym-01
  variant 2 (rotation): accepted F02189-sym-02
  variant 3 (rotation): accepted F02189-sym-03
  variant 4 (reflection): accepted F02189-sym-04
  variant 5 (reflection): accepted F02189-sym-05
  variant 6 (reflection): accepted F02189-sym-06
  variant 7 (reflection): accepted F02189-sym-07

7/7 new symmetry sibling(s) generated for R02189 in 7 attempt(s) (budget 7); 7 total in data/families/family-R02189-sym.json.
Wrote 7 level(s) total to data/families/family-R02189-sym.json (changed=true), 7 hint file(s) written to data/families/hints/.
Wrote family manifest to data/families/family-R02189-sym-manifest.json (7 variant(s) total).
portfolio-solve-sweep: corpus=data/families/family-R02189-lm.json levels=15 (15 to solve) scheduler-mode=legacy budget=8000ms node-budget=20000000 workers=4 save-hints=true
  [1/15] L4 (F02189-lm-04) ok=✓ legacy [hint saved]
  [2/15] L1 (F02189-lm-01) ok=✓ legacy [hint saved]
  [3/15] L3 (F02189-lm-03) ok=✓ legacy [hint saved]
  [4/15] L2 (F02189-lm-02) ok=✓ legacy [hint saved]
  [5/15] L6 (F02189-lm-06) ok=✓ legacy [hint saved]
  [6/15] L5 (F02189-lm-05) ok=✓ legacy [hint saved]
  [7/15] L8 (F02189-lm-08) ok=✓ legacy [hint saved]
  [8/15] L7 (F02189-lm-07) ok=✓ legacy [hint saved]
  [9/15] L9 (F02189-lm-09) ok=✓ legacy [hint saved]
  [10/15] L11 (F02189-lm-11) ok=✓ legacy [hint saved]
  [11/15] L10 (F02189-lm-10) ok=✓ legacy [hint saved]
  [12/15] L12 (F02189-lm-12) ok=✓ legacy [hint saved]
  [13/15] L13 (F02189-lm-13) ok=✓ legacy [hint saved]
  [14/15] L15 (F02189-lm-15) ok=✓ legacy [hint saved]
  [15/15] L14 (F02189-lm-14) ok=✗
Hints: appended to 14 level(s); 14 hint file(s) changed on disk.
Result: solved=14/15, solvedBeforeFallback=0, fallbackOnly=14, unsolved=1
Wrote logs/family-census/solve-R02189-lm.json
Wrote logs/family-census/solve-R02189-lm-summary.md
portfolio-solve-sweep: corpus=data/families/family-R02189-sym.json levels=7 (7 to solve) scheduler-mode=legacy budget=8000ms node-budget=20000000 workers=4 save-hints=true
  [1/7] L2 (F02189-sym-02) ok=✓ legacy [hint saved]
  [2/7] L4 (F02189-sym-04) ok=✓ legacy [hint saved]
  [3/7] L1 (F02189-sym-01) ok=✗
  [4/7] L3 (F02189-sym-03) ok=✗
  [5/7] L5 (F02189-sym-05) ok=✓ legacy [hint saved]
  [6/7] L6 (F02189-sym-06) ok=✗
  [7/7] L7 (F02189-sym-07) ok=✗
Hints: appended to 3 level(s); 3 hint file(s) changed on disk.
Result: solved=3/7, solvedBeforeFallback=0, fallbackOnly=3, unsolved=4
Wrote logs/family-census/solve-R02189-sym.json
Wrote logs/family-census/solve-R02189-sym-summary.md
[00:10:51] DONE R02189
[00:10:51] START R02233
Parent R02233: witness stressMeta.witnessSolution (len 81, 4 jump(s)), 36 movable object instance(s) under strict inventory.
  attempt 1: accepted F02233-lm-01 — moved blocks (3,7) -> (1,10)
  attempt 2: accepted F02233-lm-02 — moved lamppost (1,11) -> (1,4)
  attempt 3: accepted F02233-lm-03 — moved blocks (10,10) -> (7,9)
  attempt 4: accepted F02233-lm-04 — moved geese (11,8) -> (9,7)
  attempt 5: accepted F02233-lm-05 — moved geese (10,9) -> (4,11)
  attempt 6: accepted F02233-lm-06 — moved lamppost (8,0) -> (11,0)
  attempt 7: accepted F02233-lm-07 — moved mustPass (10,0) -> (3,9)
  attempt 8: accepted F02233-lm-08 — moved blocks (7,3) -> (11,10)
  attempt 9: accepted F02233-lm-09 — moved statue (8,6) -> (7,0)
  attempt 10: accepted F02233-lm-10 — moved geese (6,2) -> (6,11)
  attempt 11: accepted F02233-lm-11 — moved mustPass (9,2) -> (8,2)
  attempt 12: accepted F02233-lm-12 — moved blocks (10,10) -> (8,4)
  attempt 13: accepted F02233-lm-13 — moved fountain (6,3) -> (11,0)
  attempt 14: accepted F02233-lm-14 — moved library (10,8) -> (11,6)
  attempt 15: accepted F02233-lm-15 — moved blocks (7,3) -> (0,11)

15/15 new local-mutant sibling(s) generated for R02233 in 15 attempt(s) (budget 600); 15 total in data/families/family-R02233-lm.json.
Wrote 15 level(s) total to data/families/family-R02233-lm.json (changed=true), 15 hint file(s) written to data/families/hints/.
Wrote family manifest to data/families/family-R02233-lm-manifest.json (15 variant(s) total).
Parent R02233: witness stressMeta.witnessSolution (len 81, 4 jump(s)), 36 movable object instance(s) under strict inventory.
  variant 1 (rotation): accepted F02233-sym-01
  variant 2 (rotation): accepted F02233-sym-02
  variant 3 (rotation): accepted F02233-sym-03
  variant 4 (reflection): accepted F02233-sym-04
  variant 5 (reflection): accepted F02233-sym-05
  variant 6 (reflection): accepted F02233-sym-06
  variant 7 (reflection): accepted F02233-sym-07

7/7 new symmetry sibling(s) generated for R02233 in 7 attempt(s) (budget 7); 7 total in data/families/family-R02233-sym.json.
Wrote 7 level(s) total to data/families/family-R02233-sym.json (changed=true), 7 hint file(s) written to data/families/hints/.
Wrote family manifest to data/families/family-R02233-sym-manifest.json (7 variant(s) total).
portfolio-solve-sweep: corpus=data/families/family-R02233-lm.json levels=15 (15 to solve) scheduler-mode=legacy budget=8000ms node-budget=20000000 workers=4 save-hints=true
  [1/15] L2 (F02233-lm-02) ok=✗
  [2/15] L4 (F02233-lm-04) ok=✗
  [3/15] L3 (F02233-lm-03) ok=✗
  [4/15] L1 (F02233-lm-01) ok=✗
  [5/15] L6 (F02233-lm-06) ok=✗
  [6/15] L5 (F02233-lm-05) ok=✗
  [7/15] L7 (F02233-lm-07) ok=✗
  [8/15] L8 (F02233-lm-08) ok=✗
  [9/15] L9 (F02233-lm-09) ok=✗
  [10/15] L10 (F02233-lm-10) ok=✗
  [11/15] L11 (F02233-lm-11) ok=✗
  [12/15] L12 (F02233-lm-12) ok=✗
  [13/15] L14 (F02233-lm-14) ok=✗
  [14/15] L15 (F02233-lm-15) ok=✗
  [15/15] L13 (F02233-lm-13) ok=✗
Hints: appended to 0 level(s); 0 hint file(s) changed on disk.
Result: solved=0/15, solvedBeforeFallback=0, fallbackOnly=0, unsolved=15
Wrote logs/family-census/solve-R02233-lm.json
Wrote logs/family-census/solve-R02233-lm-summary.md
portfolio-solve-sweep: corpus=data/families/family-R02233-sym.json levels=7 (7 to solve) scheduler-mode=legacy budget=8000ms node-budget=20000000 workers=4 save-hints=true
  [1/7] L4 (F02233-sym-04) ok=✗
  [2/7] L3 (F02233-sym-03) ok=✗
  [3/7] L2 (F02233-sym-02) ok=✗
  [4/7] L1 (F02233-sym-01) ok=✗
  [5/7] L7 (F02233-sym-07) ok=✓ legacy [hint saved]
  [6/7] L5 (F02233-sym-05) ok=✗
  [7/7] L6 (F02233-sym-06) ok=✗
Hints: appended to 1 level(s); 1 hint file(s) changed on disk.
Result: solved=1/7, solvedBeforeFallback=0, fallbackOnly=1, unsolved=6
Wrote logs/family-census/solve-R02233-sym.json
Wrote logs/family-census/solve-R02233-sym-summary.md
[00:18:36] DONE R02233
[00:18:36] START R02274
Parent R02274: witness stressMeta.witnessSolution (len 106, 5 jump(s)), 52 movable object instance(s) under strict inventory.
  attempt 1: accepted F02274-lm-01 — moved fountain (6,2) -> (5,8)
  attempt 2: accepted F02274-lm-02 — moved lamppost (10,6) -> (5,8)
  attempt 3: accepted F02274-lm-03 — moved blocks (11,9) -> (5,8)
  attempt 4: accepted F02274-lm-04 — moved falseGoals (6,9) -> (5,8)
  attempt 5: accepted F02274-lm-05 — moved blocks (9,4) -> (5,8)
  attempt 6: accepted F02274-lm-06 — moved mustPass (8,6) -> (3,9)
  attempt 7: accepted F02274-lm-07 — moved falseGoals (10,4) -> (5,8)
  attempt 8: accepted F02274-lm-08 — moved geese (1,5) -> (5,8)
  attempt 9: accepted F02274-lm-09 — moved mustPass (7,2) -> (1,6)
  attempt 10: accepted F02274-lm-10 — moved falseGoals (4,9) -> (5,8)
  attempt 11: rejected — degenerate duplicate of parent or another accepted variant
  attempt 12: rejected — degenerate duplicate of parent or another accepted variant
  attempt 13: rejected — degenerate duplicate of parent or another accepted variant
  attempt 14: rejected — degenerate duplicate of parent or another accepted variant
  attempt 15: accepted F02274-lm-11 — moved blocks (11,11) -> (5,8)
  attempt 16: accepted F02274-lm-12 — moved falseGoals (7,8) -> (5,8)
  attempt 17: accepted F02274-lm-13 — moved blocks (5,9) -> (5,8)
  attempt 18: accepted F02274-lm-14 — moved geese (4,7) -> (5,8)
  attempt 19: accepted F02274-lm-15 — moved fountain (8,4) -> (5,8)

15/15 new local-mutant sibling(s) generated for R02274 in 19 attempt(s) (budget 600); 15 total in data/families/family-R02274-lm.json.
Wrote 15 level(s) total to data/families/family-R02274-lm.json (changed=true), 15 hint file(s) written to data/families/hints/.
Wrote family manifest to data/families/family-R02274-lm-manifest.json (15 variant(s) total).
Parent R02274: witness stressMeta.witnessSolution (len 106, 5 jump(s)), 52 movable object instance(s) under strict inventory.
  variant 1 (rotation): accepted F02274-sym-01
  variant 2 (rotation): accepted F02274-sym-02
  variant 3 (rotation): accepted F02274-sym-03
  variant 4 (reflection): accepted F02274-sym-04
  variant 5 (reflection): accepted F02274-sym-05
  variant 6 (reflection): accepted F02274-sym-06
  variant 7 (reflection): accepted F02274-sym-07

7/7 new symmetry sibling(s) generated for R02274 in 7 attempt(s) (budget 7); 7 total in data/families/family-R02274-sym.json.
Wrote 7 level(s) total to data/families/family-R02274-sym.json (changed=true), 7 hint file(s) written to data/families/hints/.
Wrote family manifest to data/families/family-R02274-sym-manifest.json (7 variant(s) total).
portfolio-solve-sweep: corpus=data/families/family-R02274-lm.json levels=15 (15 to solve) scheduler-mode=legacy budget=8000ms node-budget=20000000 workers=4 save-hints=true
  [1/15] L3 (F02274-lm-03) ok=✗
  [2/15] L4 (F02274-lm-04) ok=✗
  [3/15] L2 (F02274-lm-02) ok=✗
  [4/15] L1 (F02274-lm-01) ok=✗
  [5/15] L5 (F02274-lm-05) ok=✗
  [6/15] L6 (F02274-lm-06) ok=✗
  [7/15] L7 (F02274-lm-07) ok=✗
  [8/15] L8 (F02274-lm-08) ok=✗
  [9/15] L9 (F02274-lm-09) ok=✗
  [10/15] L10 (F02274-lm-10) ok=✗
  [11/15] L11 (F02274-lm-11) ok=✗
  [12/15] L12 (F02274-lm-12) ok=✗
  [13/15] L14 (F02274-lm-14) ok=✗
  [14/15] L13 (F02274-lm-13) ok=✗
  [15/15] L15 (F02274-lm-15) ok=✗
Hints: appended to 0 level(s); 0 hint file(s) changed on disk.
Result: solved=0/15, solvedBeforeFallback=0, fallbackOnly=0, unsolved=15
Wrote logs/family-census/solve-R02274-lm.json
Wrote logs/family-census/solve-R02274-lm-summary.md
portfolio-solve-sweep: corpus=data/families/family-R02274-sym.json levels=7 (7 to solve) scheduler-mode=legacy budget=8000ms node-budget=20000000 workers=4 save-hints=true
  [1/7] L3 (F02274-sym-03) ok=✗
  [2/7] L2 (F02274-sym-02) ok=✗
  [3/7] L4 (F02274-sym-04) ok=✗
  [4/7] L1 (F02274-sym-01) ok=✗
  [5/7] L6 (F02274-sym-06) ok=✗
  [6/7] L5 (F02274-sym-05) ok=✗
  [7/7] L7 (F02274-sym-07) ok=✗
Hints: appended to 0 level(s); 0 hint file(s) changed on disk.
Result: solved=0/7, solvedBeforeFallback=0, fallbackOnly=0, unsolved=7
Wrote logs/family-census/solve-R02274-sym.json
Wrote logs/family-census/solve-R02274-sym-summary.md
[00:22:33] DONE R02274
[00:22:33] START R02309
Parent R02309: witness stressMeta.witnessSolution (len 92, 4 jump(s)), 52 movable object instance(s) under strict inventory.
  attempt 1: accepted F02309-lm-01 — moved library (7,8) -> (3,9)
  attempt 2: accepted F02309-lm-02 — moved fountain (6,11) -> (11,0)
  attempt 3: accepted F02309-lm-03 — moved blocks (0,2) -> (10,5)
  attempt 4: accepted F02309-lm-04 — moved blocks (6,7) -> (11,5)
  attempt 5: accepted F02309-lm-05 — moved market (4,10) -> (9,0)
  attempt 6: accepted F02309-lm-06 — moved blocks (0,1) -> (9,9)
  attempt 7: accepted F02309-lm-07 — moved market (4,10) -> (11,3)
  attempt 8: accepted F02309-lm-08 — moved blocks (1,0) -> (10,10)
  attempt 9: accepted F02309-lm-09 — moved geese (3,1) -> (0,3)
  attempt 10: accepted F02309-lm-10 — moved blocks (1,0) -> (3,5)
  attempt 11: accepted F02309-lm-11 — moved blocks (1,4) -> (2,2)
  attempt 12: accepted F02309-lm-12 — moved market (3,11) -> (11,0)
  attempt 13: accepted F02309-lm-13 — moved statue (6,4) -> (10,10)
  attempt 14: accepted F02309-lm-14 — moved geese (11,4) -> (3,2)
  attempt 15: accepted F02309-lm-15 — moved geese (2,0) -> (10,5)

15/15 new local-mutant sibling(s) generated for R02309 in 15 attempt(s) (budget 600); 15 total in data/families/family-R02309-lm.json.
Wrote 15 level(s) total to data/families/family-R02309-lm.json (changed=true), 15 hint file(s) written to data/families/hints/.
Wrote family manifest to data/families/family-R02309-lm-manifest.json (15 variant(s) total).
Parent R02309: witness stressMeta.witnessSolution (len 92, 4 jump(s)), 52 movable object instance(s) under strict inventory.
  variant 1 (rotation): accepted F02309-sym-01
  variant 2 (rotation): accepted F02309-sym-02
  variant 3 (rotation): accepted F02309-sym-03
  variant 4 (reflection): accepted F02309-sym-04
  variant 5 (reflection): accepted F02309-sym-05
  variant 6 (reflection): accepted F02309-sym-06
  variant 7 (reflection): accepted F02309-sym-07

7/7 new symmetry sibling(s) generated for R02309 in 7 attempt(s) (budget 7); 7 total in data/families/family-R02309-sym.json.
Wrote 7 level(s) total to data/families/family-R02309-sym.json (changed=true), 7 hint file(s) written to data/families/hints/.
Wrote family manifest to data/families/family-R02309-sym-manifest.json (7 variant(s) total).
portfolio-solve-sweep: corpus=data/families/family-R02309-lm.json levels=15 (15 to solve) scheduler-mode=legacy budget=8000ms node-budget=20000000 workers=4 save-hints=true
  [1/15] L1 (F02309-lm-01) ok=✗
  [2/15] L4 (F02309-lm-04) ok=✗
  [3/15] L2 (F02309-lm-02) ok=✗
  [4/15] L3 (F02309-lm-03) ok=✗
  [5/15] L5 (F02309-lm-05) ok=✗
  [6/15] L6 (F02309-lm-06) ok=✗
  [7/15] L7 (F02309-lm-07) ok=✗
  [8/15] L8 (F02309-lm-08) ok=✗
  [9/15] L9 (F02309-lm-09) ok=✗
  [10/15] L11 (F02309-lm-11) ok=✗
  [11/15] L10 (F02309-lm-10) ok=✗
  [12/15] L12 (F02309-lm-12) ok=✗
  [13/15] L13 (F02309-lm-13) ok=✗
  [14/15] L14 (F02309-lm-14) ok=✗
  [15/15] L15 (F02309-lm-15) ok=✗
Hints: appended to 0 level(s); 0 hint file(s) changed on disk.
Result: solved=0/15, solvedBeforeFallback=0, fallbackOnly=0, unsolved=15
Wrote logs/family-census/solve-R02309-lm.json
Wrote logs/family-census/solve-R02309-lm-summary.md
portfolio-solve-sweep: corpus=data/families/family-R02309-sym.json levels=7 (7 to solve) scheduler-mode=legacy budget=8000ms node-budget=20000000 workers=4 save-hints=true
  [1/7] L1 (F02309-sym-01) ok=✗
  [2/7] L2 (F02309-sym-02) ok=✗
  [3/7] L4 (F02309-sym-04) ok=✗
  [4/7] L3 (F02309-sym-03) ok=✗
  [5/7] L5 (F02309-sym-05) ok=✗
  [6/7] L6 (F02309-sym-06) ok=✗
  [7/7] L7 (F02309-sym-07) ok=✗
Hints: appended to 0 level(s); 0 hint file(s) changed on disk.
Result: solved=0/7, solvedBeforeFallback=0, fallbackOnly=0, unsolved=7
Wrote logs/family-census/solve-R02309-sym.json
Wrote logs/family-census/solve-R02309-sym-summary.md
[00:28:56] DONE R02309
[00:28:56] START R02348
Parent R02348: witness stressMeta.witnessSolution (len 108, 7 jump(s)), 56 movable object instance(s) under strict inventory.
  attempt 1: accepted F02348-lm-01 — moved library (3,3) -> (9,7)
  attempt 2: accepted F02348-lm-02 — moved statue (3,5) -> (10,8)
  attempt 3: accepted F02348-lm-03 — moved blocks (6,10) -> (11,8)
  attempt 4: accepted F02348-lm-04 — moved flippingFilters (1,8) -> (11,2)
  attempt 5: accepted F02348-lm-05 — moved market (10,7) -> (9,6)
  attempt 6: accepted F02348-lm-06 — moved blocks (13,13) -> (2,13)
  attempt 7: accepted F02348-lm-07 — moved blocks (9,10) -> (2,13)
  attempt 8: accepted F02348-lm-08 — moved statue (10,3) -> (1,5)
  attempt 9: accepted F02348-lm-09 — moved geese (3,13) -> (7,6)
  attempt 10: accepted F02348-lm-10 — moved fountain (13,2) -> (4,11)
  attempt 11: accepted F02348-lm-11 — moved blocks (10,5) -> (7,6)
  attempt 12: accepted F02348-lm-12 — moved blocks (13,12) -> (8,6)
  attempt 13: accepted F02348-lm-13 — moved blocks (10,6) -> (11,8)
  attempt 14: accepted F02348-lm-14 — moved blocks (10,10) -> (0,5)
  attempt 15: rejected — degenerate duplicate of parent or another accepted variant
  attempt 16: accepted F02348-lm-15 — moved blocks (10,12) -> (12,12)

15/15 new local-mutant sibling(s) generated for R02348 in 16 attempt(s) (budget 600); 15 total in data/families/family-R02348-lm.json.
Wrote 15 level(s) total to data/families/family-R02348-lm.json (changed=true), 15 hint file(s) written to data/families/hints/.
Wrote family manifest to data/families/family-R02348-lm-manifest.json (15 variant(s) total).
Parent R02348: witness stressMeta.witnessSolution (len 108, 7 jump(s)), 56 movable object instance(s) under strict inventory.
  variant 1 (rotation): accepted F02348-sym-01
  variant 2 (rotation): accepted F02348-sym-02
  variant 3 (rotation): accepted F02348-sym-03
  variant 4 (reflection): accepted F02348-sym-04
  variant 5 (reflection): accepted F02348-sym-05
  variant 6 (reflection): accepted F02348-sym-06
  variant 7 (reflection): accepted F02348-sym-07

7/7 new symmetry sibling(s) generated for R02348 in 7 attempt(s) (budget 7); 7 total in data/families/family-R02348-sym.json.
Wrote 7 level(s) total to data/families/family-R02348-sym.json (changed=true), 7 hint file(s) written to data/families/hints/.
Wrote family manifest to data/families/family-R02348-sym-manifest.json (7 variant(s) total).
portfolio-solve-sweep: corpus=data/families/family-R02348-lm.json levels=15 (15 to solve) scheduler-mode=legacy budget=8000ms node-budget=20000000 workers=4 save-hints=true
  [1/15] L2 (F02348-lm-02) ok=✗
  [2/15] L4 (F02348-lm-04) ok=✗
  [3/15] L1 (F02348-lm-01) ok=✗
  [4/15] L3 (F02348-lm-03) ok=✗
  [5/15] L6 (F02348-lm-06) ok=✗
  [6/15] L7 (F02348-lm-07) ok=✗
  [7/15] L5 (F02348-lm-05) ok=✗
  [8/15] L8 (F02348-lm-08) ok=✗
  [9/15] L9 (F02348-lm-09) ok=✗
  [10/15] L10 (F02348-lm-10) ok=✗
  [11/15] L11 (F02348-lm-11) ok=✗
  [12/15] L12 (F02348-lm-12) ok=✗
  [13/15] L13 (F02348-lm-13) ok=✗
  [14/15] L14 (F02348-lm-14) ok=✗
  [15/15] L15 (F02348-lm-15) ok=✗
Hints: appended to 0 level(s); 0 hint file(s) changed on disk.
Result: solved=0/15, solvedBeforeFallback=0, fallbackOnly=0, unsolved=15
Wrote logs/family-census/solve-R02348-lm.json
Wrote logs/family-census/solve-R02348-lm-summary.md
portfolio-solve-sweep: corpus=data/families/family-R02348-sym.json levels=7 (7 to solve) scheduler-mode=legacy budget=8000ms node-budget=20000000 workers=4 save-hints=true
  [1/7] L4 (F02348-sym-04) ok=✗
  [2/7] L2 (F02348-sym-02) ok=✗
  [3/7] L1 (F02348-sym-01) ok=✓ legacy [hint saved]
  [4/7] L3 (F02348-sym-03) ok=✓ legacy [hint saved]
  [5/7] L7 (F02348-sym-07) ok=✗
  [6/7] L5 (F02348-sym-05) ok=✗
  [7/7] L6 (F02348-sym-06) ok=✗
Hints: appended to 2 level(s); 2 hint file(s) changed on disk.
Result: solved=2/7, solvedBeforeFallback=0, fallbackOnly=2, unsolved=5
Wrote logs/family-census/solve-R02348-sym.json
Wrote logs/family-census/solve-R02348-sym-summary.md
[00:31:05] DONE R02348
[00:31:05] START R02388
Parent R02388: witness hint[0] (len 90, 4 jump(s)), 56 movable object instance(s) under strict inventory.
  attempt 1: accepted F02388-lm-01 — moved park (1,8) -> (1,2)
  attempt 2: accepted F02388-lm-02 — moved falseGoals (0,6) -> (3,4)
  attempt 3: accepted F02388-lm-03 — moved geese (9,6) -> (5,5)
  attempt 4: accepted F02388-lm-04 — moved falseGoals (0,11) -> (0,10)
  attempt 5: accepted F02388-lm-05 — moved blocks (9,7) -> (8,2)
  attempt 6: accepted F02388-lm-06 — moved blocks (0,8) -> (1,2)
  attempt 7: accepted F02388-lm-07 — moved blocks (0,8) -> (5,5)
  attempt 8: accepted F02388-lm-08 — moved falseGoals (2,5) -> (10,9)
  attempt 9: accepted F02388-lm-09 — moved geese (4,3) -> (1,4)
  attempt 10: accepted F02388-lm-10 — moved blocks (9,1) -> (1,9)
  attempt 11: accepted F02388-lm-11 — moved blocks (8,7) -> (1,9)
  attempt 12: accepted F02388-lm-12 — moved falseGoals (0,6) -> (9,0)
  attempt 13: accepted F02388-lm-13 — moved blocks (1,3) -> (4,9)
  attempt 14: accepted F02388-lm-14 — moved park (1,8) -> (10,9)
  attempt 15: accepted F02388-lm-15 — moved falseGoals (2,5) -> (4,9)

15/15 new local-mutant sibling(s) generated for R02388 in 15 attempt(s) (budget 600); 15 total in data/families/family-R02388-lm.json.
Wrote 15 level(s) total to data/families/family-R02388-lm.json (changed=true), 15 hint file(s) written to data/families/hints/.
Wrote family manifest to data/families/family-R02388-lm-manifest.json (15 variant(s) total).
Parent R02388: witness hint[0] (len 90, 4 jump(s)), 56 movable object instance(s) under strict inventory.
  variant 1 (rotation): accepted F02388-sym-01
  variant 2 (rotation): accepted F02388-sym-02
  variant 3 (rotation): accepted F02388-sym-03
  variant 4 (reflection): accepted F02388-sym-04
  variant 5 (reflection): accepted F02388-sym-05
  variant 6 (reflection): accepted F02388-sym-06
  variant 7 (reflection): accepted F02388-sym-07

7/7 new symmetry sibling(s) generated for R02388 in 7 attempt(s) (budget 7); 7 total in data/families/family-R02388-sym.json.
Wrote 7 level(s) total to data/families/family-R02388-sym.json (changed=true), 7 hint file(s) written to data/families/hints/.
Wrote family manifest to data/families/family-R02388-sym-manifest.json (7 variant(s) total).
portfolio-solve-sweep: corpus=data/families/family-R02388-lm.json levels=15 (15 to solve) scheduler-mode=legacy budget=8000ms node-budget=20000000 workers=4 save-hints=true
  [1/15] L2 (F02388-lm-02) ok=✗
  [2/15] L1 (F02388-lm-01) ok=✗
  [3/15] L4 (F02388-lm-04) ok=✗
  [4/15] L3 (F02388-lm-03) ok=✗
  [5/15] L5 (F02388-lm-05) ok=✗
  [6/15] L7 (F02388-lm-07) ok=✗
  [7/15] L6 (F02388-lm-06) ok=✗
  [8/15] L8 (F02388-lm-08) ok=✗
  [9/15] L9 (F02388-lm-09) ok=✗
  [10/15] L10 (F02388-lm-10) ok=✗
  [11/15] L11 (F02388-lm-11) ok=✗
  [12/15] L12 (F02388-lm-12) ok=✗
  [13/15] L13 (F02388-lm-13) ok=✗
  [14/15] L15 (F02388-lm-15) ok=✗
  [15/15] L14 (F02388-lm-14) ok=✗
Hints: appended to 0 level(s); 0 hint file(s) changed on disk.
Result: solved=0/15, solvedBeforeFallback=0, fallbackOnly=0, unsolved=15
Wrote logs/family-census/solve-R02388-lm.json
Wrote logs/family-census/solve-R02388-lm-summary.md
portfolio-solve-sweep: corpus=data/families/family-R02388-sym.json levels=7 (7 to solve) scheduler-mode=legacy budget=8000ms node-budget=20000000 workers=4 save-hints=true
  [1/7] L4 (F02388-sym-04) ok=✗
  [2/7] L3 (F02388-sym-03) ok=✗
  [3/7] L1 (F02388-sym-01) ok=✗
  [4/7] L2 (F02388-sym-02) ok=✗
  [5/7] L7 (F02388-sym-07) ok=✗
  [6/7] L6 (F02388-sym-06) ok=✗
  [7/7] L5 (F02388-sym-05) ok=✗
Hints: appended to 0 level(s); 0 hint file(s) changed on disk.
Result: solved=0/7, solvedBeforeFallback=0, fallbackOnly=0, unsolved=7
Wrote logs/family-census/solve-R02388-sym.json
Wrote logs/family-census/solve-R02388-sym-summary.md
[00:33:49] DONE R02388
[00:33:49] START R02429
Parent R02429: witness stressMeta.witnessSolution (len 123, 5 jump(s)), 43 movable object instance(s) under strict inventory.
  attempt 1: accepted F02429-lm-01 — moved blocks (10,11) -> (9,8)
  attempt 2: accepted F02429-lm-02 — moved market (7,2) -> (12,7)
  attempt 3: accepted F02429-lm-03 — moved library (3,5) -> (9,5)
  attempt 4: accepted F02429-lm-04 — moved blocks (6,0) -> (1,1)
  attempt 5: accepted F02429-lm-05 — moved falseGoals (8,0) -> (12,7)
  attempt 6: accepted F02429-lm-06 — moved blocks (11,10) -> (12,2)
  attempt 7: accepted F02429-lm-07 — moved flippingFilters (5,12) -> (12,7)
  attempt 8: accepted F02429-lm-08 — moved market (9,10) -> (12,3)
  attempt 9: accepted F02429-lm-09 — moved fountain (11,12) -> (9,5)
  attempt 10: accepted F02429-lm-10 — moved statue (10,10) -> (5,2)
  attempt 11: accepted F02429-lm-11 — moved lamppost (12,5) -> (12,3)
  attempt 12: accepted F02429-lm-12 — moved falseGoals (8,0) -> (12,2)
  attempt 13: accepted F02429-lm-13 — moved lamppost (0,12) -> (9,12)
  attempt 14: accepted F02429-lm-14 — moved blocks (12,8) -> (12,2)
  attempt 15: accepted F02429-lm-15 — moved market (12,12) -> (3,2)

15/15 new local-mutant sibling(s) generated for R02429 in 15 attempt(s) (budget 600); 15 total in data/families/family-R02429-lm.json.
Wrote 15 level(s) total to data/families/family-R02429-lm.json (changed=true), 15 hint file(s) written to data/families/hints/.
Wrote family manifest to data/families/family-R02429-lm-manifest.json (15 variant(s) total).
Parent R02429: witness stressMeta.witnessSolution (len 123, 5 jump(s)), 43 movable object instance(s) under strict inventory.
  variant 1 (rotation): accepted F02429-sym-01
  variant 2 (rotation): accepted F02429-sym-02
  variant 3 (rotation): accepted F02429-sym-03
  variant 4 (reflection): accepted F02429-sym-04
  variant 5 (reflection): accepted F02429-sym-05
  variant 6 (reflection): accepted F02429-sym-06
  variant 7 (reflection): accepted F02429-sym-07

7/7 new symmetry sibling(s) generated for R02429 in 7 attempt(s) (budget 7); 7 total in data/families/family-R02429-sym.json.
Wrote 7 level(s) total to data/families/family-R02429-sym.json (changed=true), 7 hint file(s) written to data/families/hints/.
Wrote family manifest to data/families/family-R02429-sym-manifest.json (7 variant(s) total).
portfolio-solve-sweep: corpus=data/families/family-R02429-lm.json levels=15 (15 to solve) scheduler-mode=legacy budget=8000ms node-budget=20000000 workers=4 save-hints=true
  [1/15] L3 (F02429-lm-03) ok=✗
  [2/15] L2 (F02429-lm-02) ok=✗
  [3/15] L1 (F02429-lm-01) ok=✗
  [4/15] L4 (F02429-lm-04) ok=✗
  [5/15] L6 (F02429-lm-06) ok=✗
  [6/15] L5 (F02429-lm-05) ok=✗
  [7/15] L7 (F02429-lm-07) ok=✗
  [8/15] L8 (F02429-lm-08) ok=✗
  [9/15] L10 (F02429-lm-10) ok=✗
  [10/15] L9 (F02429-lm-09) ok=✗
  [11/15] L11 (F02429-lm-11) ok=✗
  [12/15] L12 (F02429-lm-12) ok=✗
  [13/15] L13 (F02429-lm-13) ok=✗
  [14/15] L14 (F02429-lm-14) ok=✗
  [15/15] L15 (F02429-lm-15) ok=✗
Hints: appended to 0 level(s); 0 hint file(s) changed on disk.
Result: solved=0/15, solvedBeforeFallback=0, fallbackOnly=0, unsolved=15
Wrote logs/family-census/solve-R02429-lm.json
Wrote logs/family-census/solve-R02429-lm-summary.md
portfolio-solve-sweep: corpus=data/families/family-R02429-sym.json levels=7 (7 to solve) scheduler-mode=legacy budget=8000ms node-budget=20000000 workers=4 save-hints=true
  [1/7] L3 (F02429-sym-03) ok=✗
  [2/7] L1 (F02429-sym-01) ok=✗
  [3/7] L4 (F02429-sym-04) ok=✗
  [4/7] L2 (F02429-sym-02) ok=✗
  [5/7] L7 (F02429-sym-07) ok=✗
  [6/7] L5 (F02429-sym-05) ok=✗
  [7/7] L6 (F02429-sym-06) ok=✗
Hints: appended to 0 level(s); 0 hint file(s) changed on disk.
Result: solved=0/7, solvedBeforeFallback=0, fallbackOnly=0, unsolved=7
Wrote logs/family-census/solve-R02429-sym.json
Wrote logs/family-census/solve-R02429-sym-summary.md
[00:39:28] DONE R02429
[00:39:28] START R02462
Parent R02462: witness stressMeta.witnessSolution (len 108, 5 jump(s)), 30 movable object instance(s) under strict inventory.
  attempt 1: accepted F02462-lm-01 — moved market (1,0) -> (2,11)
  attempt 2: accepted F02462-lm-02 — moved falseGoals (11,5) -> (0,11)
  attempt 3: accepted F02462-lm-03 — moved fountain (9,1) -> (2,11)
  attempt 4: accepted F02462-lm-04 — moved library (6,7) -> (8,3)
  attempt 5: accepted F02462-lm-05 — moved statue (0,3) -> (3,1)
  attempt 6: accepted F02462-lm-06 — moved falseGoals (2,10) -> (1,8)
  attempt 7: accepted F02462-lm-07 — moved fountain (10,11) -> (7,11)
  attempt 8: accepted F02462-lm-08 — moved geese (1,1) -> (1,8)
  attempt 9: accepted F02462-lm-09 — moved fountain (9,1) -> (9,6)
  attempt 10: accepted F02462-lm-10 — moved geese (0,9) -> (10,0)
  attempt 11: accepted F02462-lm-11 — moved statue (0,3) -> (0,4)
  attempt 12: accepted F02462-lm-12 — moved market (2,9) -> (3,1)
  attempt 13: accepted F02462-lm-13 — moved library (5,0) -> (7,0)
  attempt 14: accepted F02462-lm-14 — moved statue (0,3) -> (9,6)
  attempt 15: accepted F02462-lm-15 — moved library (0,0) -> (5,5)

15/15 new local-mutant sibling(s) generated for R02462 in 15 attempt(s) (budget 600); 15 total in data/families/family-R02462-lm.json.
Wrote 15 level(s) total to data/families/family-R02462-lm.json (changed=true), 15 hint file(s) written to data/families/hints/.
Wrote family manifest to data/families/family-R02462-lm-manifest.json (15 variant(s) total).
Parent R02462: witness stressMeta.witnessSolution (len 108, 5 jump(s)), 30 movable object instance(s) under strict inventory.
  variant 1 (rotation): accepted F02462-sym-01
  variant 2 (rotation): accepted F02462-sym-02
  variant 3 (rotation): accepted F02462-sym-03
  variant 4 (reflection): accepted F02462-sym-04
  variant 5 (reflection): accepted F02462-sym-05
  variant 6 (reflection): accepted F02462-sym-06
  variant 7 (reflection): accepted F02462-sym-07

7/7 new symmetry sibling(s) generated for R02462 in 7 attempt(s) (budget 7); 7 total in data/families/family-R02462-sym.json.
Wrote 7 level(s) total to data/families/family-R02462-sym.json (changed=true), 7 hint file(s) written to data/families/hints/.
Wrote family manifest to data/families/family-R02462-sym-manifest.json (7 variant(s) total).
portfolio-solve-sweep: corpus=data/families/family-R02462-lm.json levels=15 (15 to solve) scheduler-mode=legacy budget=8000ms node-budget=20000000 workers=4 save-hints=true
  [1/15] L1 (F02462-lm-01) ok=✗
  [2/15] L3 (F02462-lm-03) ok=✗
  [3/15] L2 (F02462-lm-02) ok=✗
  [4/15] L4 (F02462-lm-04) ok=✗
  [5/15] L6 (F02462-lm-06) ok=✗
  [6/15] L8 (F02462-lm-08) ok=✗
  [7/15] L5 (F02462-lm-05) ok=✗
  [8/15] L7 (F02462-lm-07) ok=✗
  [9/15] L9 (F02462-lm-09) ok=✗
  [10/15] L10 (F02462-lm-10) ok=✗
  [11/15] L12 (F02462-lm-12) ok=✗
  [12/15] L11 (F02462-lm-11) ok=✗
  [13/15] L15 (F02462-lm-15) ok=✗
  [14/15] L13 (F02462-lm-13) ok=✗
  [15/15] L14 (F02462-lm-14) ok=✗
Hints: appended to 0 level(s); 0 hint file(s) changed on disk.
Result: solved=0/15, solvedBeforeFallback=0, fallbackOnly=0, unsolved=15
Wrote logs/family-census/solve-R02462-lm.json
Wrote logs/family-census/solve-R02462-lm-summary.md
portfolio-solve-sweep: corpus=data/families/family-R02462-sym.json levels=7 (7 to solve) scheduler-mode=legacy budget=8000ms node-budget=20000000 workers=4 save-hints=true
  [1/7] L2 (F02462-sym-02) ok=✗
  [2/7] L4 (F02462-sym-04) ok=✗
  [3/7] L1 (F02462-sym-01) ok=✗
  [4/7] L3 (F02462-sym-03) ok=✗
  [5/7] L7 (F02462-sym-07) ok=✗
  [6/7] L5 (F02462-sym-05) ok=✗
  [7/7] L6 (F02462-sym-06) ok=✗
Hints: appended to 0 level(s); 0 hint file(s) changed on disk.
Result: solved=0/7, solvedBeforeFallback=0, fallbackOnly=0, unsolved=7
Wrote logs/family-census/solve-R02462-sym.json
Wrote logs/family-census/solve-R02462-sym-summary.md
[00:42:59] DONE R02462
[00:42:59] START R02505
Parent R02505: witness hint[0] (len 98, 3 jump(s)), 49 movable object instance(s) under strict inventory.
  attempt 1: accepted F02505-lm-01 — moved mustPass (8,3) -> (3,2)
  attempt 2: accepted F02505-lm-02 — moved market (0,12) -> (12,6)
  attempt 3: accepted F02505-lm-03 — moved blocks (9,6) -> (2,4)
  attempt 4: accepted F02505-lm-04 — moved falseGoals (6,2) -> (4,6)
  attempt 5: accepted F02505-lm-05 — moved blocks (11,3) -> (1,12)
  attempt 6: accepted F02505-lm-06 — moved blocks (10,6) -> (1,4)
  attempt 7: accepted F02505-lm-07 — moved statue (5,5) -> (1,3)
  attempt 8: accepted F02505-lm-08 — moved blocks (1,7) -> (1,8)
  attempt 9: accepted F02505-lm-09 — moved lamppost (8,2) -> (4,6)
  attempt 10: accepted F02505-lm-10 — moved blocks (11,3) -> (2,6)
  attempt 11: accepted F02505-lm-11 — moved falseGoals (5,6) -> (3,6)
  attempt 12: accepted F02505-lm-12 — moved blocks (8,7) -> (12,7)
  attempt 13: accepted F02505-lm-13 — moved flippingFilters (10,3) -> (11,6)
  attempt 14: accepted F02505-lm-14 — moved park (0,2) -> (3,7)
  attempt 15: accepted F02505-lm-15 — moved flippingFilters (0,5) -> (5,0)

15/15 new local-mutant sibling(s) generated for R02505 in 15 attempt(s) (budget 600); 15 total in data/families/family-R02505-lm.json.
Wrote 15 level(s) total to data/families/family-R02505-lm.json (changed=true), 15 hint file(s) written to data/families/hints/.
Wrote family manifest to data/families/family-R02505-lm-manifest.json (15 variant(s) total).
Parent R02505: witness hint[0] (len 98, 3 jump(s)), 49 movable object instance(s) under strict inventory.
  variant 1 (rotation): accepted F02505-sym-01
  variant 2 (rotation): accepted F02505-sym-02
  variant 3 (rotation): accepted F02505-sym-03
  variant 4 (reflection): accepted F02505-sym-04
  variant 5 (reflection): accepted F02505-sym-05
  variant 6 (reflection): accepted F02505-sym-06
  variant 7 (reflection): accepted F02505-sym-07

7/7 new symmetry sibling(s) generated for R02505 in 7 attempt(s) (budget 7); 7 total in data/families/family-R02505-sym.json.
Wrote 7 level(s) total to data/families/family-R02505-sym.json (changed=true), 7 hint file(s) written to data/families/hints/.
Wrote family manifest to data/families/family-R02505-sym-manifest.json (7 variant(s) total).
portfolio-solve-sweep: corpus=data/families/family-R02505-lm.json levels=15 (15 to solve) scheduler-mode=legacy budget=8000ms node-budget=20000000 workers=4 save-hints=true
  [1/15] L2 (F02505-lm-02) ok=✓ legacy [hint saved]
  [2/15] L4 (F02505-lm-04) ok=✓ legacy [hint saved]
  [3/15] L3 (F02505-lm-03) ok=✗
  [4/15] L1 (F02505-lm-01) ok=✗
  [5/15] L5 (F02505-lm-05) ok=✗
  [6/15] L6 (F02505-lm-06) ok=✗
  [7/15] L9 (F02505-lm-09) ok=✓ legacy [hint saved]
  [8/15] L8 (F02505-lm-08) ok=✗
  [9/15] L7 (F02505-lm-07) ok=✗
  [10/15] L12 (F02505-lm-12) ok=✓ legacy [hint saved]
  [11/15] L10 (F02505-lm-10) ok=✗
  [12/15] L11 (F02505-lm-11) ok=✗
  [13/15] L13 (F02505-lm-13) ok=✗
  [14/15] L15 (F02505-lm-15) ok=✗
  [15/15] L14 (F02505-lm-14) ok=✗
Hints: appended to 4 level(s); 4 hint file(s) changed on disk.
Result: solved=4/15, solvedBeforeFallback=0, fallbackOnly=4, unsolved=11
Wrote logs/family-census/solve-R02505-lm.json
Wrote logs/family-census/solve-R02505-lm-summary.md
portfolio-solve-sweep: corpus=data/families/family-R02505-sym.json levels=7 (7 to solve) scheduler-mode=legacy budget=8000ms node-budget=20000000 workers=4 save-hints=true
  [1/7] L3 (F02505-sym-03) ok=✗
  [2/7] L4 (F02505-sym-04) ok=✗
  [3/7] L1 (F02505-sym-01) ok=✗
  [4/7] L2 (F02505-sym-02) ok=✗
  [5/7] L6 (F02505-sym-06) ok=✗
  [6/7] L7 (F02505-sym-07) ok=✗
  [7/7] L5 (F02505-sym-05) ok=✗
Hints: appended to 0 level(s); 0 hint file(s) changed on disk.
Result: solved=0/7, solvedBeforeFallback=0, fallbackOnly=0, unsolved=7
Wrote logs/family-census/solve-R02505-sym.json
Wrote logs/family-census/solve-R02505-sym-summary.md
[00:45:18] DONE R02505
[00:45:18] START R02543
Parent R02543: witness hint[0] (len 116, 0 jump(s)), 34 movable object instance(s) under strict inventory.
  attempt 1: accepted F02543-lm-01 — moved mustCross (6,8) -> (12,12)
  attempt 2: accepted F02543-lm-02 — moved mustCross (1,9) -> (12,12)
  attempt 3: accepted F02543-lm-03 — moved mustPass (6,2) -> (10,8)
  attempt 4: accepted F02543-lm-04 — moved library (5,14) -> (9,6)
  attempt 5: accepted F02543-lm-05 — moved market (11,5) -> (12,1)
  attempt 6: accepted F02543-lm-06 — moved falseGoals (0,7) -> (3,14)
  attempt 7: accepted F02543-lm-07 — moved market (11,5) -> (3,0)
  attempt 8: accepted F02543-lm-08 — moved falseGoals (6,0) -> (12,7)
  attempt 9: accepted F02543-lm-09 — moved market (0,12) -> (0,3)
  attempt 10: accepted F02543-lm-10 — moved falseGoals (6,0) -> (9,11)
  attempt 11: accepted F02543-lm-11 — moved statue (10,1) -> (5,9)
  attempt 12: accepted F02543-lm-12 — moved library (2,2) -> (5,9)
  attempt 13: accepted F02543-lm-13 — moved mustPass (12,4) -> (5,10)
  attempt 14: accepted F02543-lm-14 — moved fountain (12,14) -> (14,9)
  attempt 15: accepted F02543-lm-15 — moved lamppost (9,13) -> (2,13)

15/15 new local-mutant sibling(s) generated for R02543 in 15 attempt(s) (budget 600); 15 total in data/families/family-R02543-lm.json.
Wrote 15 level(s) total to data/families/family-R02543-lm.json (changed=true), 15 hint file(s) written to data/families/hints/.
Wrote family manifest to data/families/family-R02543-lm-manifest.json (15 variant(s) total).
Parent R02543: witness hint[0] (len 116, 0 jump(s)), 34 movable object instance(s) under strict inventory.
  variant 1 (rotation): accepted F02543-sym-01
  variant 2 (rotation): accepted F02543-sym-02
  variant 3 (rotation): accepted F02543-sym-03
  variant 4 (reflection): accepted F02543-sym-04
  variant 5 (reflection): accepted F02543-sym-05
  variant 6 (reflection): accepted F02543-sym-06
  variant 7 (reflection): accepted F02543-sym-07

7/7 new symmetry sibling(s) generated for R02543 in 7 attempt(s) (budget 7); 7 total in data/families/family-R02543-sym.json.
Wrote 7 level(s) total to data/families/family-R02543-sym.json (changed=true), 7 hint file(s) written to data/families/hints/.
Wrote family manifest to data/families/family-R02543-sym-manifest.json (7 variant(s) total).
portfolio-solve-sweep: corpus=data/families/family-R02543-lm.json levels=15 (15 to solve) scheduler-mode=legacy budget=8000ms node-budget=20000000 workers=4 save-hints=true
  [1/15] L3 (F02543-lm-03) ok=✗
  [2/15] L4 (F02543-lm-04) ok=✗
  [3/15] L1 (F02543-lm-01) ok=✗
  [4/15] L2 (F02543-lm-02) ok=✗
  [5/15] L6 (F02543-lm-06) ok=✗
  [6/15] L5 (F02543-lm-05) ok=✗
  [7/15] L7 (F02543-lm-07) ok=✗
  [8/15] L8 (F02543-lm-08) ok=✗
  [9/15] L11 (F02543-lm-11) ok=✗
  [10/15] L12 (F02543-lm-12) ok=✗
  [11/15] L10 (F02543-lm-10) ok=✗
  [12/15] L9 (F02543-lm-09) ok=✗
  [13/15] L13 (F02543-lm-13) ok=✗
  [14/15] L14 (F02543-lm-14) ok=✗
  [15/15] L15 (F02543-lm-15) ok=✗
Hints: appended to 0 level(s); 0 hint file(s) changed on disk.
Result: solved=0/15, solvedBeforeFallback=0, fallbackOnly=0, unsolved=15
Wrote logs/family-census/solve-R02543-lm.json
Wrote logs/family-census/solve-R02543-lm-summary.md
portfolio-solve-sweep: corpus=data/families/family-R02543-sym.json levels=7 (7 to solve) scheduler-mode=legacy budget=8000ms node-budget=20000000 workers=4 save-hints=true
  [1/7] L4 (F02543-sym-04) ok=✗
  [2/7] L1 (F02543-sym-01) ok=✗
  [3/7] L2 (F02543-sym-02) ok=✗
  [4/7] L3 (F02543-sym-03) ok=✗
  [5/7] L7 (F02543-sym-07) ok=✗
  [6/7] L6 (F02543-sym-06) ok=✗
  [7/7] L5 (F02543-sym-05) ok=✗
Hints: appended to 0 level(s); 0 hint file(s) changed on disk.
Result: solved=0/7, solvedBeforeFallback=0, fallbackOnly=0, unsolved=7
Wrote logs/family-census/solve-R02543-sym.json
Wrote logs/family-census/solve-R02543-sym-summary.md
[00:55:42] DONE R02543
[00:55:42] START R02578
Parent R02578: witness stressMeta.witnessSolution (len 102, 5 jump(s)), 53 movable object instance(s) under strict inventory.
  attempt 1: accepted F02578-lm-01 — moved lamppost (0,11) -> (8,11)
  attempt 2: accepted F02578-lm-02 — moved market (2,4) -> (0,12)
  attempt 3: accepted F02578-lm-03 — moved geese (11,7) -> (12,3)
  attempt 4: accepted F02578-lm-04 — moved park (1,11) -> (6,4)
  attempt 5: accepted F02578-lm-05 — moved flippingFilters (3,6) -> (10,8)
  attempt 6: accepted F02578-lm-06 — moved blocks (8,1) -> (7,11)
  attempt 7: accepted F02578-lm-07 — moved geese (0,7) -> (6,4)
  attempt 8: accepted F02578-lm-08 — moved blocks (1,12) -> (10,8)
  attempt 9: accepted F02578-lm-09 — moved library (2,7) -> (10,9)
  attempt 10: accepted F02578-lm-10 — moved library (12,11) -> (12,7)
  attempt 11: accepted F02578-lm-11 — moved lamppost (9,4) -> (5,3)
  attempt 12: accepted F02578-lm-12 — moved blocks (10,6) -> (9,6)
  attempt 13: accepted F02578-lm-13 — moved statue (0,3) -> (7,7)
  attempt 14: accepted F02578-lm-14 — moved statue (12,10) -> (6,4)
  attempt 15: accepted F02578-lm-15 — moved blocks (6,11) -> (8,11)

15/15 new local-mutant sibling(s) generated for R02578 in 15 attempt(s) (budget 600); 15 total in data/families/family-R02578-lm.json.
Wrote 15 level(s) total to data/families/family-R02578-lm.json (changed=true), 15 hint file(s) written to data/families/hints/.
Wrote family manifest to data/families/family-R02578-lm-manifest.json (15 variant(s) total).
Parent R02578: witness stressMeta.witnessSolution (len 102, 5 jump(s)), 53 movable object instance(s) under strict inventory.
  variant 1 (rotation): accepted F02578-sym-01
  variant 2 (rotation): accepted F02578-sym-02
  variant 3 (rotation): accepted F02578-sym-03
  variant 4 (reflection): accepted F02578-sym-04
  variant 5 (reflection): accepted F02578-sym-05
  variant 6 (reflection): accepted F02578-sym-06
  variant 7 (reflection): accepted F02578-sym-07

7/7 new symmetry sibling(s) generated for R02578 in 7 attempt(s) (budget 7); 7 total in data/families/family-R02578-sym.json.
Wrote 7 level(s) total to data/families/family-R02578-sym.json (changed=true), 7 hint file(s) written to data/families/hints/.
Wrote family manifest to data/families/family-R02578-sym-manifest.json (7 variant(s) total).
portfolio-solve-sweep: corpus=data/families/family-R02578-lm.json levels=15 (15 to solve) scheduler-mode=legacy budget=8000ms node-budget=20000000 workers=4 save-hints=true
  [1/15] L2 (F02578-lm-02) ok=✗
  [2/15] L3 (F02578-lm-03) ok=✗
  [3/15] L1 (F02578-lm-01) ok=✗
  [4/15] L4 (F02578-lm-04) ok=✗
  [5/15] L5 (F02578-lm-05) ok=✗
  [6/15] L7 (F02578-lm-07) ok=✗
  [7/15] L6 (F02578-lm-06) ok=✗
  [8/15] L8 (F02578-lm-08) ok=✗
  [9/15] L9 (F02578-lm-09) ok=✗
  [10/15] L11 (F02578-lm-11) ok=✗
  [11/15] L10 (F02578-lm-10) ok=✗
  [12/15] L12 (F02578-lm-12) ok=✗
  [13/15] L15 (F02578-lm-15) ok=✗
  [14/15] L14 (F02578-lm-14) ok=✗
  [15/15] L13 (F02578-lm-13) ok=✗
Hints: appended to 0 level(s); 0 hint file(s) changed on disk.
Result: solved=0/15, solvedBeforeFallback=0, fallbackOnly=0, unsolved=15
Wrote logs/family-census/solve-R02578-lm.json
Wrote logs/family-census/solve-R02578-lm-summary.md
portfolio-solve-sweep: corpus=data/families/family-R02578-sym.json levels=7 (7 to solve) scheduler-mode=legacy budget=8000ms node-budget=20000000 workers=4 save-hints=true
  [1/7] L4 (F02578-sym-04) ok=✗
  [2/7] L1 (F02578-sym-01) ok=✗
  [3/7] L3 (F02578-sym-03) ok=✗
  [4/7] L2 (F02578-sym-02) ok=✗
  [5/7] L6 (F02578-sym-06) ok=✗
  [6/7] L7 (F02578-sym-07) ok=✗
  [7/7] L5 (F02578-sym-05) ok=✗
Hints: appended to 0 level(s); 0 hint file(s) changed on disk.
Result: solved=0/7, solvedBeforeFallback=0, fallbackOnly=0, unsolved=7
Wrote logs/family-census/solve-R02578-sym.json
Wrote logs/family-census/solve-R02578-sym-summary.md
[01:02:03] DONE R02578
[01:02:03] START R02615
Parent R02615: witness stressMeta.witnessSolution (len 112, 0 jump(s)), 50 movable object instance(s) under strict inventory.
  attempt 1: accepted F02615-lm-01 — moved blocks (10,0) -> (2,11)
  attempt 2: accepted F02615-lm-02 — moved blocks (0,12) -> (2,10)
  attempt 3: accepted F02615-lm-03 — moved fountain (2,2) -> (7,1)
  attempt 4: accepted F02615-lm-04 — moved park (3,0) -> (10,1)
  attempt 5: accepted F02615-lm-05 — moved blocks (1,12) -> (12,0)
  attempt 6: accepted F02615-lm-06 — moved blocks (6,3) -> (10,2)
  attempt 7: accepted F02615-lm-07 — moved falseGoals (4,10) -> (7,12)
  attempt 8: accepted F02615-lm-08 — moved falseGoals (4,10) -> (2,10)
  attempt 9: accepted F02615-lm-09 — moved lamppost (3,9) -> (6,10)
  attempt 10: accepted F02615-lm-10 — moved library (5,1) -> (4,11)
  attempt 11: accepted F02615-lm-11 — moved library (5,9) -> (11,0)
  attempt 12: accepted F02615-lm-12 — moved library (4,3) -> (5,11)
  attempt 13: accepted F02615-lm-13 — moved blocks (1,12) -> (9,6)
  attempt 14: accepted F02615-lm-14 — moved fountain (1,11) -> (6,10)
  attempt 15: accepted F02615-lm-15 — moved mustPass (12,9) -> (2,7)

15/15 new local-mutant sibling(s) generated for R02615 in 15 attempt(s) (budget 600); 15 total in data/families/family-R02615-lm.json.
Wrote 15 level(s) total to data/families/family-R02615-lm.json (changed=true), 15 hint file(s) written to data/families/hints/.
Wrote family manifest to data/families/family-R02615-lm-manifest.json (15 variant(s) total).
Parent R02615: witness stressMeta.witnessSolution (len 112, 0 jump(s)), 50 movable object instance(s) under strict inventory.
  variant 1 (rotation): accepted F02615-sym-01
  variant 2 (rotation): accepted F02615-sym-02
  variant 3 (rotation): accepted F02615-sym-03
  variant 4 (reflection): accepted F02615-sym-04
  variant 5 (reflection): accepted F02615-sym-05
  variant 6 (reflection): accepted F02615-sym-06
  variant 7 (reflection): accepted F02615-sym-07

7/7 new symmetry sibling(s) generated for R02615 in 7 attempt(s) (budget 7); 7 total in data/families/family-R02615-sym.json.
Wrote 7 level(s) total to data/families/family-R02615-sym.json (changed=true), 7 hint file(s) written to data/families/hints/.
Wrote family manifest to data/families/family-R02615-sym-manifest.json (7 variant(s) total).
portfolio-solve-sweep: corpus=data/families/family-R02615-lm.json levels=15 (15 to solve) scheduler-mode=legacy budget=8000ms node-budget=20000000 workers=4 save-hints=true
  [1/15] L1 (F02615-lm-01) ok=✗
  [2/15] L3 (F02615-lm-03) ok=✗
  [3/15] L4 (F02615-lm-04) ok=✗
  [4/15] L2 (F02615-lm-02) ok=✗
  [5/15] L8 (F02615-lm-08) ok=✗
  [6/15] L7 (F02615-lm-07) ok=✗
  [7/15] L5 (F02615-lm-05) ok=✗
  [8/15] L6 (F02615-lm-06) ok=✗
  [9/15] L9 (F02615-lm-09) ok=✗
  [10/15] L10 (F02615-lm-10) ok=✗
  [11/15] L12 (F02615-lm-12) ok=✗
  [12/15] L11 (F02615-lm-11) ok=✗
  [13/15] L13 (F02615-lm-13) ok=✗
  [14/15] L15 (F02615-lm-15) ok=✗
  [15/15] L14 (F02615-lm-14) ok=✗
Hints: appended to 0 level(s); 0 hint file(s) changed on disk.
Result: solved=0/15, solvedBeforeFallback=0, fallbackOnly=0, unsolved=15
Wrote logs/family-census/solve-R02615-lm.json
Wrote logs/family-census/solve-R02615-lm-summary.md
portfolio-solve-sweep: corpus=data/families/family-R02615-sym.json levels=7 (7 to solve) scheduler-mode=legacy budget=8000ms node-budget=20000000 workers=4 save-hints=true
  [1/7] L1 (F02615-sym-01) ok=✗
  [2/7] L4 (F02615-sym-04) ok=✗
  [3/7] L5 (F02615-sym-05) ok=✓ legacy [hint saved]
  [4/7] L3 (F02615-sym-03) ok=✗
  [5/7] L2 (F02615-sym-02) ok=✗
  [6/7] L7 (F02615-sym-07) ok=✗
  [7/7] L6 (F02615-sym-06) ok=✗
Hints: appended to 1 level(s); 1 hint file(s) changed on disk.
Result: solved=1/7, solvedBeforeFallback=0, fallbackOnly=1, unsolved=6
Wrote logs/family-census/solve-R02615-sym.json
Wrote logs/family-census/solve-R02615-sym-summary.md
[01:04:55] DONE R02615
[01:04:55] START R02654
Parent R02654: witness hint[0] (len 96, 4 jump(s)), 28 movable object instance(s) under strict inventory.
  attempt 1: accepted F02654-lm-01 — moved blocks (2,4) -> (1,2)
  attempt 2: accepted F02654-lm-02 — moved falseGoals (6,7) -> (0,5)
  attempt 3: accepted F02654-lm-03 — moved falseGoals (3,8) -> (8,0)
  attempt 4: accepted F02654-lm-04 — moved blocks (10,1) -> (11,3)
  attempt 5: accepted F02654-lm-05 — moved blocks (11,2) -> (1,8)
  attempt 6: accepted F02654-lm-06 — moved blocks (10,1) -> (7,5)
  attempt 7: accepted F02654-lm-07 — moved park (11,4) -> (4,9)
  attempt 8: accepted F02654-lm-08 — moved falseGoals (1,5) -> (3,11)
  attempt 9: accepted F02654-lm-09 — moved park (4,1) -> (8,6)
  attempt 10: accepted F02654-lm-10 — moved library (5,3) -> (7,10)
  attempt 11: accepted F02654-lm-11 — moved falseGoals (1,7) -> (0,11)
  attempt 12: accepted F02654-lm-12 — moved blocks (1,9) -> (10,9)
  attempt 13: accepted F02654-lm-13 — moved park (11,4) -> (5,10)
  attempt 14: accepted F02654-lm-14 — moved blocks (11,2) -> (0,11)
  attempt 15: accepted F02654-lm-15 — moved falseGoals (3,8) -> (2,10)

15/15 new local-mutant sibling(s) generated for R02654 in 15 attempt(s) (budget 600); 15 total in data/families/family-R02654-lm.json.
Wrote 15 level(s) total to data/families/family-R02654-lm.json (changed=true), 15 hint file(s) written to data/families/hints/.
Wrote family manifest to data/families/family-R02654-lm-manifest.json (15 variant(s) total).
Parent R02654: witness hint[0] (len 96, 4 jump(s)), 28 movable object instance(s) under strict inventory.
  variant 1 (rotation): accepted F02654-sym-01
  variant 2 (rotation): accepted F02654-sym-02
  variant 3 (rotation): accepted F02654-sym-03
  variant 4 (reflection): accepted F02654-sym-04
  variant 5 (reflection): accepted F02654-sym-05
  variant 6 (reflection): accepted F02654-sym-06
  variant 7 (reflection): accepted F02654-sym-07

7/7 new symmetry sibling(s) generated for R02654 in 7 attempt(s) (budget 7); 7 total in data/families/family-R02654-sym.json.
Wrote 7 level(s) total to data/families/family-R02654-sym.json (changed=true), 7 hint file(s) written to data/families/hints/.
Wrote family manifest to data/families/family-R02654-sym-manifest.json (7 variant(s) total).
portfolio-solve-sweep: corpus=data/families/family-R02654-lm.json levels=15 (15 to solve) scheduler-mode=legacy budget=8000ms node-budget=20000000 workers=4 save-hints=true
  [1/15] L2 (F02654-lm-02) ok=✓ legacy [hint saved]
  [2/15] L4 (F02654-lm-04) ok=✗
  [3/15] L3 (F02654-lm-03) ok=✗
  [4/15] L1 (F02654-lm-01) ok=✗
  [5/15] L5 (F02654-lm-05) ok=✗
  [6/15] L6 (F02654-lm-06) ok=✗
  [7/15] L7 (F02654-lm-07) ok=✗
  [8/15] L8 (F02654-lm-08) ok=✗
  [9/15] L9 (F02654-lm-09) ok=✗
  [10/15] L13 (F02654-lm-13) ok=✓ legacy [hint saved]
  [11/15] L10 (F02654-lm-10) ok=✗
  [12/15] L11 (F02654-lm-11) ok=✗
  [13/15] L12 (F02654-lm-12) ok=✗
  [14/15] L14 (F02654-lm-14) ok=✗
  [15/15] L15 (F02654-lm-15) ok=✗
Hints: appended to 2 level(s); 2 hint file(s) changed on disk.
Result: solved=2/15, solvedBeforeFallback=0, fallbackOnly=2, unsolved=13
Wrote logs/family-census/solve-R02654-lm.json
Wrote logs/family-census/solve-R02654-lm-summary.md
portfolio-solve-sweep: corpus=data/families/family-R02654-sym.json levels=7 (7 to solve) scheduler-mode=legacy budget=8000ms node-budget=20000000 workers=4 save-hints=true
  [1/7] L3 (F02654-sym-03) ok=✓ legacy [hint saved]
  [2/7] L5 (F02654-sym-05) ok=✗
  [3/7] L1 (F02654-sym-01) ok=✗
  [4/7] L2 (F02654-sym-02) ok=✗
  [5/7] L4 (F02654-sym-04) ok=✗
  [6/7] L6 (F02654-sym-06) ok=✗
  [7/7] L7 (F02654-sym-07) ok=✗
Hints: appended to 1 level(s); 1 hint file(s) changed on disk.
Result: solved=1/7, solvedBeforeFallback=0, fallbackOnly=1, unsolved=6
Wrote logs/family-census/solve-R02654-sym.json
Wrote logs/family-census/solve-R02654-sym-summary.md
[01:09:02] DONE R02654
[01:09:02] START R02695
Parent R02695: witness hint[0] (len 99, 4 jump(s)), 45 movable object instance(s) under strict inventory.
  attempt 1: accepted F02695-lm-01 — moved blocks (6,4) -> (0,7)
  attempt 2: accepted F02695-lm-02 — moved blocks (6,5) -> (2,11)
  attempt 3: accepted F02695-lm-03 — moved falseGoals (4,10) -> (0,11)
  attempt 4: accepted F02695-lm-04 — moved mustPass (11,6) -> (6,7)
  attempt 5: accepted F02695-lm-05 — moved mustPass (10,2) -> (11,8)
  attempt 6: accepted F02695-lm-06 — moved blocks (2,10) -> (3,0)
  attempt 7: accepted F02695-lm-07 — moved blocks (7,4) -> (8,2)
  attempt 8: accepted F02695-lm-08 — moved flippingFilters (11,0) -> (3,3)
  attempt 9: accepted F02695-lm-09 — moved flippingFilters (11,0) -> (11,11)
  attempt 10: accepted F02695-lm-10 — moved statue (2,2) -> (8,1)
  attempt 11: accepted F02695-lm-11 — moved flippingFilters (10,3) -> (7,12)
  attempt 12: accepted F02695-lm-12 — moved park (9,6) -> (8,1)
  attempt 13: accepted F02695-lm-13 — moved park (4,7) -> (9,12)
  attempt 14: accepted F02695-lm-14 — moved blocks (6,5) -> (11,12)
  attempt 15: accepted F02695-lm-15 — moved park (4,7) -> (3,11)

15/15 new local-mutant sibling(s) generated for R02695 in 15 attempt(s) (budget 600); 15 total in data/families/family-R02695-lm.json.
Wrote 15 level(s) total to data/families/family-R02695-lm.json (changed=true), 15 hint file(s) written to data/families/hints/.
Wrote family manifest to data/families/family-R02695-lm-manifest.json (15 variant(s) total).
Parent R02695: witness hint[0] (len 99, 4 jump(s)), 45 movable object instance(s) under strict inventory.
  variant 1 (rotation): accepted F02695-sym-01
  variant 2 (rotation): accepted F02695-sym-02
  variant 3 (rotation): accepted F02695-sym-03
  variant 4 (reflection): accepted F02695-sym-04
  variant 5 (reflection): accepted F02695-sym-05
  variant 6 (reflection): accepted F02695-sym-06
  variant 7 (reflection): accepted F02695-sym-07

7/7 new symmetry sibling(s) generated for R02695 in 7 attempt(s) (budget 7); 7 total in data/families/family-R02695-sym.json.
Wrote 7 level(s) total to data/families/family-R02695-sym.json (changed=true), 7 hint file(s) written to data/families/hints/.
Wrote family manifest to data/families/family-R02695-sym-manifest.json (7 variant(s) total).
portfolio-solve-sweep: corpus=data/families/family-R02695-lm.json levels=15 (15 to solve) scheduler-mode=legacy budget=8000ms node-budget=20000000 workers=4 save-hints=true
  [1/15] L1 (F02695-lm-01) ok=✗
  [2/15] L4 (F02695-lm-04) ok=✗
  [3/15] L2 (F02695-lm-02) ok=✗
  [4/15] L3 (F02695-lm-03) ok=✗
  [5/15] L5 (F02695-lm-05) ok=✓ legacy [hint saved]
  [6/15] L9 (F02695-lm-09) ok=✓ legacy [hint saved]
  [7/15] L7 (F02695-lm-07) ok=✗
  [8/15] L6 (F02695-lm-06) ok=✗
  [9/15] L10 (F02695-lm-10) ok=✗
  [10/15] L8 (F02695-lm-08) ok=✗
  [11/15] L11 (F02695-lm-11) ok=✗
  [12/15] L12 (F02695-lm-12) ok=✗
  [13/15] L13 (F02695-lm-13) ok=✗
  [14/15] L14 (F02695-lm-14) ok=✗
  [15/15] L15 (F02695-lm-15) ok=✗
Hints: appended to 2 level(s); 2 hint file(s) changed on disk.
Result: solved=2/15, solvedBeforeFallback=0, fallbackOnly=2, unsolved=13
Wrote logs/family-census/solve-R02695-lm.json
Wrote logs/family-census/solve-R02695-lm-summary.md
portfolio-solve-sweep: corpus=data/families/family-R02695-sym.json levels=7 (7 to solve) scheduler-mode=legacy budget=8000ms node-budget=20000000 workers=4 save-hints=true
  [1/7] L1 (F02695-sym-01) ok=✓ legacy [hint saved]
  [2/7] L2 (F02695-sym-02) ok=✗
  [3/7] L5 (F02695-sym-05) ok=✗
  [4/7] L3 (F02695-sym-03) ok=✗
  [5/7] L4 (F02695-sym-04) ok=✗
  [6/7] L7 (F02695-sym-07) ok=✗
  [7/7] L6 (F02695-sym-06) ok=✗
Hints: appended to 1 level(s); 1 hint file(s) changed on disk.
Result: solved=1/7, solvedBeforeFallback=0, fallbackOnly=1, unsolved=6
Wrote logs/family-census/solve-R02695-sym.json
Wrote logs/family-census/solve-R02695-sym-summary.md
[01:13:13] DONE R02695
[01:13:13] START R02744
Parent R02744: witness stressMeta.witnessSolution (len 78, 0 jump(s)), 42 movable object instance(s) under strict inventory.
  attempt 1: accepted F02744-lm-01 — moved blocks (0,3) -> (1,6)
  attempt 2: accepted F02744-lm-02 — moved fountain (10,0) -> (2,3)
  attempt 3: accepted F02744-lm-03 — moved flippingFilters (4,2) -> (0,8)
  attempt 4: accepted F02744-lm-04 — moved mustPass (4,5) -> (8,9)
  attempt 5: accepted F02744-lm-05 — moved mustPass (9,2) -> (5,10)
  attempt 6: accepted F02744-lm-06 — moved blocks (5,3) -> (0,8)
  attempt 7: accepted F02744-lm-07 — moved library (7,3) -> (7,2)
  attempt 8: accepted F02744-lm-08 — moved market (4,10) -> (8,3)
  attempt 9: accepted F02744-lm-09 — moved library (7,3) -> (0,10)
  attempt 10: accepted F02744-lm-10 — moved library (2,0) -> (2,3)
  attempt 11: accepted F02744-lm-11 — moved blocks (1,0) -> (0,4)
  attempt 12: accepted F02744-lm-12 — moved blocks (0,3) -> (0,6)
  attempt 13: accepted F02744-lm-13 — moved blocks (6,3) -> (8,3)
  attempt 14: accepted F02744-lm-14 — moved mustPass (4,8) -> (8,7)
  attempt 15: accepted F02744-lm-15 — moved blocks (1,8) -> (4,9)

15/15 new local-mutant sibling(s) generated for R02744 in 15 attempt(s) (budget 600); 15 total in data/families/family-R02744-lm.json.
Wrote 15 level(s) total to data/families/family-R02744-lm.json (changed=true), 15 hint file(s) written to data/families/hints/.
Wrote family manifest to data/families/family-R02744-lm-manifest.json (15 variant(s) total).
Parent R02744: witness stressMeta.witnessSolution (len 78, 0 jump(s)), 42 movable object instance(s) under strict inventory.
  variant 1 (rotation): accepted F02744-sym-01
  variant 2 (rotation): accepted F02744-sym-02
  variant 3 (rotation): accepted F02744-sym-03
  variant 4 (reflection): accepted F02744-sym-04
  variant 5 (reflection): accepted F02744-sym-05
  variant 6 (reflection): accepted F02744-sym-06
  variant 7 (reflection): accepted F02744-sym-07

7/7 new symmetry sibling(s) generated for R02744 in 7 attempt(s) (budget 7); 7 total in data/families/family-R02744-sym.json.
Wrote 7 level(s) total to data/families/family-R02744-sym.json (changed=true), 7 hint file(s) written to data/families/hints/.
Wrote family manifest to data/families/family-R02744-sym-manifest.json (7 variant(s) total).
portfolio-solve-sweep: corpus=data/families/family-R02744-lm.json levels=15 (15 to solve) scheduler-mode=legacy budget=8000ms node-budget=20000000 workers=4 save-hints=true
  [1/15] L1 (F02744-lm-01) ok=✗
  [2/15] L3 (F02744-lm-03) ok=✗
  [3/15] L2 (F02744-lm-02) ok=✗
  [4/15] L4 (F02744-lm-04) ok=✗
  [5/15] L5 (F02744-lm-05) ok=✗
  [6/15] L6 (F02744-lm-06) ok=✗
  [7/15] L7 (F02744-lm-07) ok=✗
  [8/15] L8 (F02744-lm-08) ok=✗
  [9/15] L9 (F02744-lm-09) ok=✗
  [10/15] L11 (F02744-lm-11) ok=✗
  [11/15] L10 (F02744-lm-10) ok=✗
  [12/15] L12 (F02744-lm-12) ok=✗
  [13/15] L13 (F02744-lm-13) ok=✗
  [14/15] L15 (F02744-lm-15) ok=✗
  [15/15] L14 (F02744-lm-14) ok=✗
Hints: appended to 0 level(s); 0 hint file(s) changed on disk.
Result: solved=0/15, solvedBeforeFallback=0, fallbackOnly=0, unsolved=15
Wrote logs/family-census/solve-R02744-lm.json
Wrote logs/family-census/solve-R02744-lm-summary.md
portfolio-solve-sweep: corpus=data/families/family-R02744-sym.json levels=7 (7 to solve) scheduler-mode=legacy budget=8000ms node-budget=20000000 workers=4 save-hints=true
  [1/7] L2 (F02744-sym-02) ok=✗
  [2/7] L3 (F02744-sym-03) ok=✗
  [3/7] L1 (F02744-sym-01) ok=✗
  [4/7] L4 (F02744-sym-04) ok=✗
  [5/7] L6 (F02744-sym-06) ok=✗
  [6/7] L5 (F02744-sym-05) ok=✗
  [7/7] L7 (F02744-sym-07) ok=✗
Hints: appended to 0 level(s); 0 hint file(s) changed on disk.
Result: solved=0/7, solvedBeforeFallback=0, fallbackOnly=0, unsolved=7
Wrote logs/family-census/solve-R02744-sym.json
Wrote logs/family-census/solve-R02744-sym-summary.md
[01:15:39] DONE R02744
[01:15:39] START R02774
Parent R02774: witness stressMeta.witnessSolution (len 107, 6 jump(s)), 49 movable object instance(s) under strict inventory.
  attempt 1: accepted F02774-lm-01 — moved geese (1,6) -> (0,6)
  attempt 2: accepted F02774-lm-02 — moved market (6,1) -> (7,8)
  attempt 3: accepted F02774-lm-03 — moved blocks (1,7) -> (4,10)
  attempt 4: accepted F02774-lm-04 — moved geese (0,8) -> (4,10)
  attempt 5: accepted F02774-lm-05 — moved blocks (10,9) -> (0,6)
  attempt 6: accepted F02774-lm-06 — moved mustPass (7,1) -> (6,11)
  attempt 7: accepted F02774-lm-07 — moved flippingFilters (9,6) -> (3,6)
  attempt 8: accepted F02774-lm-08 — moved blocks (4,8) -> (0,6)
  attempt 9: rejected — degenerate duplicate of parent or another accepted variant
  attempt 10: accepted F02774-lm-09 — moved flippingFilters (4,5) -> (6,7)
  attempt 11: accepted F02774-lm-10 — moved flippingFilters (3,5) -> (2,11)
  attempt 12: accepted F02774-lm-11 — moved fountain (8,0) -> (9,8)
  attempt 13: accepted F02774-lm-12 — moved fountain (8,0) -> (6,10)
  attempt 14: accepted F02774-lm-13 — moved market (11,3) -> (2,1)
  attempt 15: rejected — degenerate duplicate of parent or another accepted variant
  attempt 16: accepted F02774-lm-14 — moved geese (5,11) -> (0,6)
  attempt 17: accepted F02774-lm-15 — moved fountain (8,0) -> (9,4)

15/15 new local-mutant sibling(s) generated for R02774 in 17 attempt(s) (budget 600); 15 total in data/families/family-R02774-lm.json.
Wrote 15 level(s) total to data/families/family-R02774-lm.json (changed=true), 15 hint file(s) written to data/families/hints/.
Wrote family manifest to data/families/family-R02774-lm-manifest.json (15 variant(s) total).
Parent R02774: witness stressMeta.witnessSolution (len 107, 6 jump(s)), 49 movable object instance(s) under strict inventory.
  variant 1 (rotation): accepted F02774-sym-01
  variant 2 (rotation): accepted F02774-sym-02
  variant 3 (rotation): accepted F02774-sym-03
  variant 4 (reflection): accepted F02774-sym-04
  variant 5 (reflection): accepted F02774-sym-05
  variant 6 (reflection): accepted F02774-sym-06
  variant 7 (reflection): accepted F02774-sym-07

7/7 new symmetry sibling(s) generated for R02774 in 7 attempt(s) (budget 7); 7 total in data/families/family-R02774-sym.json.
Wrote 7 level(s) total to data/families/family-R02774-sym.json (changed=true), 7 hint file(s) written to data/families/hints/.
Wrote family manifest to data/families/family-R02774-sym-manifest.json (7 variant(s) total).
portfolio-solve-sweep: corpus=data/families/family-R02774-lm.json levels=15 (15 to solve) scheduler-mode=legacy budget=8000ms node-budget=20000000 workers=4 save-hints=true
  [1/15] L3 (F02774-lm-03) ok=✗
  [2/15] L2 (F02774-lm-02) ok=✗
  [3/15] L1 (F02774-lm-01) ok=✗
  [4/15] L4 (F02774-lm-04) ok=✗
  [5/15] L6 (F02774-lm-06) ok=✗
  [6/15] L8 (F02774-lm-08) ok=✗
  [7/15] L7 (F02774-lm-07) ok=✗
  [8/15] L5 (F02774-lm-05) ok=✗
  [9/15] L9 (F02774-lm-09) ok=✗
  [10/15] L10 (F02774-lm-10) ok=✗
  [11/15] L12 (F02774-lm-12) ok=✗
  [12/15] L11 (F02774-lm-11) ok=✗
  [13/15] L13 (F02774-lm-13) ok=✗
  [14/15] L15 (F02774-lm-15) ok=✗
  [15/15] L14 (F02774-lm-14) ok=✗
Hints: appended to 0 level(s); 0 hint file(s) changed on disk.
Result: solved=0/15, solvedBeforeFallback=0, fallbackOnly=0, unsolved=15
Wrote logs/family-census/solve-R02774-lm.json
Wrote logs/family-census/solve-R02774-lm-summary.md
portfolio-solve-sweep: corpus=data/families/family-R02774-sym.json levels=7 (7 to solve) scheduler-mode=legacy budget=8000ms node-budget=20000000 workers=4 save-hints=true
  [1/7] L1 (F02774-sym-01) ok=✗
  [2/7] L4 (F02774-sym-04) ok=✗
  [3/7] L2 (F02774-sym-02) ok=✗
  [4/7] L3 (F02774-sym-03) ok=✗
  [5/7] L6 (F02774-sym-06) ok=✗
  [6/7] L7 (F02774-sym-07) ok=✗
  [7/7] L5 (F02774-sym-05) ok=✗
Hints: appended to 0 level(s); 0 hint file(s) changed on disk.
Result: solved=0/7, solvedBeforeFallback=0, fallbackOnly=0, unsolved=7
Wrote logs/family-census/solve-R02774-sym.json
Wrote logs/family-census/solve-R02774-sym-summary.md
[01:23:53] DONE R02774
[01:23:53] START R02807
Parent R02807: witness stressMeta.witnessSolution (len 91, 5 jump(s)), 33 movable object instance(s) under strict inventory.
  attempt 1: accepted F02807-lm-01 — moved statue (2,4) -> (7,6)
  attempt 2: accepted F02807-lm-02 — moved statue (3,9) -> (5,11)
  attempt 3: accepted F02807-lm-03 — moved geese (7,10) -> (9,0)
  attempt 4: accepted F02807-lm-04 — moved library (7,7) -> (1,3)
  attempt 5: accepted F02807-lm-05 — moved falseGoals (1,2) -> (8,11)
  attempt 6: accepted F02807-lm-06 — moved market (8,5) -> (11,11)
  attempt 7: accepted F02807-lm-07 — moved statue (2,4) -> (7,3)
  attempt 8: accepted F02807-lm-08 — moved geese (7,10) -> (5,3)
  attempt 9: accepted F02807-lm-09 — moved falseGoals (7,0) -> (2,0)
  attempt 10: accepted F02807-lm-10 — moved geese (10,3) -> (10,2)
  attempt 11: accepted F02807-lm-11 — moved falseGoals (0,11) -> (0,3)
  attempt 12: accepted F02807-lm-12 — moved market (8,5) -> (5,11)
  attempt 13: accepted F02807-lm-13 — moved library (7,7) -> (9,2)
  attempt 14: accepted F02807-lm-14 — moved library (5,5) -> (7,1)
  attempt 15: accepted F02807-lm-15 — moved falseGoals (2,11) -> (8,0)

15/15 new local-mutant sibling(s) generated for R02807 in 15 attempt(s) (budget 600); 15 total in data/families/family-R02807-lm.json.
Wrote 15 level(s) total to data/families/family-R02807-lm.json (changed=true), 15 hint file(s) written to data/families/hints/.
Wrote family manifest to data/families/family-R02807-lm-manifest.json (15 variant(s) total).
Parent R02807: witness stressMeta.witnessSolution (len 91, 5 jump(s)), 33 movable object instance(s) under strict inventory.
  variant 1 (rotation): accepted F02807-sym-01
  variant 2 (rotation): accepted F02807-sym-02
  variant 3 (rotation): accepted F02807-sym-03
  variant 4 (reflection): accepted F02807-sym-04
  variant 5 (reflection): accepted F02807-sym-05
  variant 6 (reflection): accepted F02807-sym-06
  variant 7 (reflection): accepted F02807-sym-07

7/7 new symmetry sibling(s) generated for R02807 in 7 attempt(s) (budget 7); 7 total in data/families/family-R02807-sym.json.
Wrote 7 level(s) total to data/families/family-R02807-sym.json (changed=true), 7 hint file(s) written to data/families/hints/.
Wrote family manifest to data/families/family-R02807-sym-manifest.json (7 variant(s) total).
portfolio-solve-sweep: corpus=data/families/family-R02807-lm.json levels=15 (15 to solve) scheduler-mode=legacy budget=8000ms node-budget=20000000 workers=4 save-hints=true
  [1/15] L3 (F02807-lm-03) ok=✗
  [2/15] L1 (F02807-lm-01) ok=✗
  [3/15] L2 (F02807-lm-02) ok=✗
  [4/15] L4 (F02807-lm-04) ok=✗
  [5/15] L8 (F02807-lm-08) ok=✓ legacy [hint saved]
  [6/15] L5 (F02807-lm-05) ok=✗
  [7/15] L6 (F02807-lm-06) ok=✗
  [8/15] L7 (F02807-lm-07) ok=✗
  [9/15] L12 (F02807-lm-12) ok=✓ legacy [hint saved]
  [10/15] L9 (F02807-lm-09) ok=✗
  [11/15] L10 (F02807-lm-10) ok=✗
  [12/15] L14 (F02807-lm-14) ok=✓ legacy [hint saved]
  [13/15] L11 (F02807-lm-11) ok=✗
  [14/15] L13 (F02807-lm-13) ok=✗
  [15/15] L15 (F02807-lm-15) ok=✓ legacy [hint saved]
Hints: appended to 4 level(s); 4 hint file(s) changed on disk.
Result: solved=4/15, solvedBeforeFallback=0, fallbackOnly=4, unsolved=11
Wrote logs/family-census/solve-R02807-lm.json
Wrote logs/family-census/solve-R02807-lm-summary.md
portfolio-solve-sweep: corpus=data/families/family-R02807-sym.json levels=7 (7 to solve) scheduler-mode=legacy budget=8000ms node-budget=20000000 workers=4 save-hints=true
  [1/7] L3 (F02807-sym-03) ok=✗
  [2/7] L1 (F02807-sym-01) ok=✗
  [3/7] L2 (F02807-sym-02) ok=✗
  [4/7] L4 (F02807-sym-04) ok=✗
  [5/7] L6 (F02807-sym-06) ok=✗
  [6/7] L7 (F02807-sym-07) ok=✗
  [7/7] L5 (F02807-sym-05) ok=✗
Hints: appended to 0 level(s); 0 hint file(s) changed on disk.
Result: solved=0/7, solvedBeforeFallback=0, fallbackOnly=0, unsolved=7
Wrote logs/family-census/solve-R02807-sym.json
Wrote logs/family-census/solve-R02807-sym-summary.md
[01:29:06] DONE R02807
[01:29:06] START R02848
Parent R02848: witness stressMeta.witnessSolution (len 106, 4 jump(s)), 45 movable object instance(s) under strict inventory.
  attempt 1: accepted F02848-lm-01 — moved blocks (0,11) -> (9,8)
  attempt 2: accepted F02848-lm-02 — moved blocks (0,11) -> (1,12)
  attempt 3: accepted F02848-lm-03 — moved fountain (8,0) -> (2,6)
  attempt 4: accepted F02848-lm-04 — moved statue (3,12) -> (0,5)
  attempt 5: accepted F02848-lm-05 — moved blocks (8,9) -> (9,8)
  attempt 6: accepted F02848-lm-06 — moved flippingFilters (7,9) -> (11,9)
  attempt 7: accepted F02848-lm-07 — moved lamppost (6,11) -> (0,7)
  attempt 8: accepted F02848-lm-08 — moved blocks (2,0) -> (0,5)
  attempt 9: accepted F02848-lm-09 — moved lamppost (4,1) -> (3,8)
  attempt 10: accepted F02848-lm-10 — moved library (12,0) -> (3,0)
  attempt 11: accepted F02848-lm-11 — moved flippingFilters (9,9) -> (2,10)
  attempt 12: accepted F02848-lm-12 — moved library (3,2) -> (9,11)
  attempt 13: accepted F02848-lm-13 — moved blocks (0,12) -> (12,3)
  attempt 14: accepted F02848-lm-14 — moved lamppost (6,11) -> (9,12)
  attempt 15: accepted F02848-lm-15 — moved statue (3,11) -> (9,11)

15/15 new local-mutant sibling(s) generated for R02848 in 15 attempt(s) (budget 600); 15 total in data/families/family-R02848-lm.json.
Wrote 15 level(s) total to data/families/family-R02848-lm.json (changed=true), 15 hint file(s) written to data/families/hints/.
Wrote family manifest to data/families/family-R02848-lm-manifest.json (15 variant(s) total).
Parent R02848: witness stressMeta.witnessSolution (len 106, 4 jump(s)), 45 movable object instance(s) under strict inventory.
  variant 1 (rotation): accepted F02848-sym-01
  variant 2 (rotation): accepted F02848-sym-02
  variant 3 (rotation): accepted F02848-sym-03
  variant 4 (reflection): accepted F02848-sym-04
  variant 5 (reflection): accepted F02848-sym-05
  variant 6 (reflection): accepted F02848-sym-06
  variant 7 (reflection): accepted F02848-sym-07

7/7 new symmetry sibling(s) generated for R02848 in 7 attempt(s) (budget 7); 7 total in data/families/family-R02848-sym.json.
Wrote 7 level(s) total to data/families/family-R02848-sym.json (changed=true), 7 hint file(s) written to data/families/hints/.
Wrote family manifest to data/families/family-R02848-sym-manifest.json (7 variant(s) total).
portfolio-solve-sweep: corpus=data/families/family-R02848-lm.json levels=15 (15 to solve) scheduler-mode=legacy budget=8000ms node-budget=20000000 workers=4 save-hints=true
  [1/15] L4 (F02848-lm-04) ok=✗
  [2/15] L2 (F02848-lm-02) ok=✗
  [3/15] L3 (F02848-lm-03) ok=✗
  [4/15] L1 (F02848-lm-01) ok=✗
  [5/15] L5 (F02848-lm-05) ok=✗
  [6/15] L6 (F02848-lm-06) ok=✗
  [7/15] L7 (F02848-lm-07) ok=✗
  [8/15] L8 (F02848-lm-08) ok=✗
  [9/15] L10 (F02848-lm-10) ok=✗
  [10/15] L9 (F02848-lm-09) ok=✗
  [11/15] L11 (F02848-lm-11) ok=✗
  [12/15] L12 (F02848-lm-12) ok=✗
  [13/15] L13 (F02848-lm-13) ok=✗
  [14/15] L14 (F02848-lm-14) ok=✗
  [15/15] L15 (F02848-lm-15) ok=✗
Hints: appended to 0 level(s); 0 hint file(s) changed on disk.
Result: solved=0/15, solvedBeforeFallback=0, fallbackOnly=0, unsolved=15
Wrote logs/family-census/solve-R02848-lm.json
Wrote logs/family-census/solve-R02848-lm-summary.md
portfolio-solve-sweep: corpus=data/families/family-R02848-sym.json levels=7 (7 to solve) scheduler-mode=legacy budget=8000ms node-budget=20000000 workers=4 save-hints=true
  [1/7] L1 (F02848-sym-01) ok=✗
  [2/7] L2 (F02848-sym-02) ok=✗
  [3/7] L3 (F02848-sym-03) ok=✗
  [4/7] L4 (F02848-sym-04) ok=✗
  [5/7] L6 (F02848-sym-06) ok=✗
  [6/7] L7 (F02848-sym-07) ok=✗
  [7/7] L5 (F02848-sym-05) ok=✗
Hints: appended to 0 level(s); 0 hint file(s) changed on disk.
Result: solved=0/7, solvedBeforeFallback=0, fallbackOnly=0, unsolved=7
Wrote logs/family-census/solve-R02848-sym.json
Wrote logs/family-census/solve-R02848-sym-summary.md
[01:38:11] DONE R02848
[01:38:11] START R02883
Parent R02883: witness stressMeta.witnessSolution (len 76, 0 jump(s)), 35 movable object instance(s) under strict inventory.
  attempt 1: accepted F02883-lm-01 — moved blocks (10,0) -> (10,2)
  attempt 2: accepted F02883-lm-02 — moved lamppost (8,10) -> (6,9)
  attempt 3: accepted F02883-lm-03 — moved falseGoals (9,3) -> (10,3)
  attempt 4: accepted F02883-lm-04 — moved falseGoals (7,0) -> (0,10)
  attempt 5: accepted F02883-lm-05 — moved blocks (4,7) -> (9,0)
  attempt 6: accepted F02883-lm-06 — moved blocks (9,7) -> (1,10)
  attempt 7: accepted F02883-lm-07 — moved blocks (1,9) -> (10,2)
  attempt 8: accepted F02883-lm-08 — moved falseGoals (9,3) -> (8,0)
  attempt 9: accepted F02883-lm-09 — moved geese (8,2) -> (10,6)
  attempt 10: accepted F02883-lm-10 — moved falseGoals (9,3) -> (10,4)
  attempt 11: accepted F02883-lm-11 — moved market (10,7) -> (1,10)
  attempt 12: accepted F02883-lm-12 — moved blocks (8,3) -> (8,0)
  attempt 13: accepted F02883-lm-13 — moved falseGoals (6,7) -> (0,8)
  attempt 14: accepted F02883-lm-14 — moved blocks (9,6) -> (7,5)
  attempt 15: accepted F02883-lm-15 — moved falseGoals (10,5) -> (0,8)

15/15 new local-mutant sibling(s) generated for R02883 in 15 attempt(s) (budget 600); 15 total in data/families/family-R02883-lm.json.
Wrote 15 level(s) total to data/families/family-R02883-lm.json (changed=true), 15 hint file(s) written to data/families/hints/.
Wrote family manifest to data/families/family-R02883-lm-manifest.json (15 variant(s) total).
Parent R02883: witness stressMeta.witnessSolution (len 76, 0 jump(s)), 35 movable object instance(s) under strict inventory.
  variant 1 (rotation): accepted F02883-sym-01
  variant 2 (rotation): accepted F02883-sym-02
  variant 3 (rotation): accepted F02883-sym-03
  variant 4 (reflection): accepted F02883-sym-04
  variant 5 (reflection): accepted F02883-sym-05
  variant 6 (reflection): accepted F02883-sym-06
  variant 7 (reflection): accepted F02883-sym-07

7/7 new symmetry sibling(s) generated for R02883 in 7 attempt(s) (budget 7); 7 total in data/families/family-R02883-sym.json.
Wrote 7 level(s) total to data/families/family-R02883-sym.json (changed=true), 7 hint file(s) written to data/families/hints/.
Wrote family manifest to data/families/family-R02883-sym-manifest.json (7 variant(s) total).
portfolio-solve-sweep: corpus=data/families/family-R02883-lm.json levels=15 (15 to solve) scheduler-mode=legacy budget=8000ms node-budget=20000000 workers=4 save-hints=true
  [1/15] L2 (F02883-lm-02) ok=✗
  [2/15] L3 (F02883-lm-03) ok=✗
  [3/15] L1 (F02883-lm-01) ok=✗
  [4/15] L4 (F02883-lm-04) ok=✗
  [5/15] L5 (F02883-lm-05) ok=✗
  [6/15] L8 (F02883-lm-08) ok=✗
  [7/15] L6 (F02883-lm-06) ok=✗
  [8/15] L7 (F02883-lm-07) ok=✗
  [9/15] L9 (F02883-lm-09) ok=✗
  [10/15] L10 (F02883-lm-10) ok=✗
  [11/15] L12 (F02883-lm-12) ok=✗
  [12/15] L11 (F02883-lm-11) ok=✗
  [13/15] L13 (F02883-lm-13) ok=✗
  [14/15] L14 (F02883-lm-14) ok=✗
  [15/15] L15 (F02883-lm-15) ok=✗
Hints: appended to 0 level(s); 0 hint file(s) changed on disk.
Result: solved=0/15, solvedBeforeFallback=0, fallbackOnly=0, unsolved=15
Wrote logs/family-census/solve-R02883-lm.json
Wrote logs/family-census/solve-R02883-lm-summary.md
portfolio-solve-sweep: corpus=data/families/family-R02883-sym.json levels=7 (7 to solve) scheduler-mode=legacy budget=8000ms node-budget=20000000 workers=4 save-hints=true
  [1/7] L2 (F02883-sym-02) ok=✗
  [2/7] L4 (F02883-sym-04) ok=✗
  [3/7] L3 (F02883-sym-03) ok=✗
  [4/7] L1 (F02883-sym-01) ok=✗
  [5/7] L7 (F02883-sym-07) ok=✗
  [6/7] L5 (F02883-sym-05) ok=✗
  [7/7] L6 (F02883-sym-06) ok=✗
Hints: appended to 0 level(s); 0 hint file(s) changed on disk.
Result: solved=0/7, solvedBeforeFallback=0, fallbackOnly=0, unsolved=7
Wrote logs/family-census/solve-R02883-sym.json
Wrote logs/family-census/solve-R02883-sym-summary.md
[01:40:23] DONE R02883
[01:40:23] START R02926
Parent R02926: witness stressMeta.witnessSolution (len 138, 6 jump(s)), 50 movable object instance(s) under strict inventory.
  attempt 1: accepted F02926-lm-01 — moved blocks (0,11) -> (2,6)
  attempt 2: accepted F02926-lm-02 — moved blocks (4,4) -> (12,4)
  attempt 3: accepted F02926-lm-03 — moved lamppost (9,3) -> (2,8)
  attempt 4: accepted F02926-lm-04 — moved park (2,3) -> (2,6)
  attempt 5: accepted F02926-lm-05 — moved geese (8,8) -> (8,1)
  attempt 6: accepted F02926-lm-06 — moved geese (8,12) -> (2,6)
  attempt 7: accepted F02926-lm-07 — moved blocks (5,11) -> (2,6)
  attempt 8: accepted F02926-lm-08 — moved statue (8,0) -> (1,3)
  attempt 9: accepted F02926-lm-09 — moved blocks (11,13) -> (2,9)
  attempt 10: accepted F02926-lm-10 — moved lamppost (6,13) -> (7,12)
  attempt 11: accepted F02926-lm-11 — moved geese (8,12) -> (3,3)
  attempt 12: accepted F02926-lm-12 — moved blocks (10,8) -> (8,1)
  attempt 13: accepted F02926-lm-13 — moved statue (5,2) -> (3,11)
  attempt 14: accepted F02926-lm-14 — moved flippingFilters (2,5) -> (5,6)
  attempt 15: accepted F02926-lm-15 — moved park (2,3) -> (12,4)

15/15 new local-mutant sibling(s) generated for R02926 in 15 attempt(s) (budget 600); 15 total in data/families/family-R02926-lm.json.
Wrote 15 level(s) total to data/families/family-R02926-lm.json (changed=true), 15 hint file(s) written to data/families/hints/.
Wrote family manifest to data/families/family-R02926-lm-manifest.json (15 variant(s) total).
Parent R02926: witness stressMeta.witnessSolution (len 138, 6 jump(s)), 50 movable object instance(s) under strict inventory.
  variant 1 (rotation): accepted F02926-sym-01
  variant 2 (rotation): accepted F02926-sym-02
  variant 3 (rotation): accepted F02926-sym-03
  variant 4 (reflection): accepted F02926-sym-04
  variant 5 (reflection): accepted F02926-sym-05
  variant 6 (reflection): accepted F02926-sym-06
  variant 7 (reflection): accepted F02926-sym-07

7/7 new symmetry sibling(s) generated for R02926 in 7 attempt(s) (budget 7); 7 total in data/families/family-R02926-sym.json.
Wrote 7 level(s) total to data/families/family-R02926-sym.json (changed=true), 7 hint file(s) written to data/families/hints/.
Wrote family manifest to data/families/family-R02926-sym-manifest.json (7 variant(s) total).
portfolio-solve-sweep: corpus=data/families/family-R02926-lm.json levels=15 (15 to solve) scheduler-mode=legacy budget=8000ms node-budget=20000000 workers=4 save-hints=true
  [1/15] L1 (F02926-lm-01) ok=✗
  [2/15] L2 (F02926-lm-02) ok=✗
  [3/15] L4 (F02926-lm-04) ok=✗
  [4/15] L3 (F02926-lm-03) ok=✗
  [5/15] L5 (F02926-lm-05) ok=✗
  [6/15] L6 (F02926-lm-06) ok=✗
  [7/15] L7 (F02926-lm-07) ok=✗
  [8/15] L8 (F02926-lm-08) ok=✗
  [9/15] L9 (F02926-lm-09) ok=✗
  [10/15] L10 (F02926-lm-10) ok=✗
  [11/15] L11 (F02926-lm-11) ok=✗
  [12/15] L12 (F02926-lm-12) ok=✗
  [13/15] L15 (F02926-lm-15) ok=✗
  [14/15] L13 (F02926-lm-13) ok=✗
  [15/15] L14 (F02926-lm-14) ok=✗
Hints: appended to 0 level(s); 0 hint file(s) changed on disk.
Result: solved=0/15, solvedBeforeFallback=0, fallbackOnly=0, unsolved=15
Wrote logs/family-census/solve-R02926-lm.json
Wrote logs/family-census/solve-R02926-lm-summary.md
portfolio-solve-sweep: corpus=data/families/family-R02926-sym.json levels=7 (7 to solve) scheduler-mode=legacy budget=8000ms node-budget=20000000 workers=4 save-hints=true
  [1/7] L3 (F02926-sym-03) ok=✗
  [2/7] L4 (F02926-sym-04) ok=✗
  [3/7] L1 (F02926-sym-01) ok=✗
  [4/7] L2 (F02926-sym-02) ok=✗
  [5/7] L5 (F02926-sym-05) ok=✗
  [6/7] L7 (F02926-sym-07) ok=✗
  [7/7] L6 (F02926-sym-06) ok=✗
Hints: appended to 0 level(s); 0 hint file(s) changed on disk.
Result: solved=0/7, solvedBeforeFallback=0, fallbackOnly=0, unsolved=7
Wrote logs/family-census/solve-R02926-sym.json
Wrote logs/family-census/solve-R02926-sym-summary.md
[01:44:18] DONE R02926
[01:44:18] START R02963
Parent R02963: witness stressMeta.witnessSolution (len 127, 5 jump(s)), 53 movable object instance(s) under strict inventory.
  attempt 1: accepted F02963-lm-01 — moved fountain (8,10) -> (9,6)
  attempt 2: accepted F02963-lm-02 — moved library (2,1) -> (4,10)
  attempt 3: accepted F02963-lm-03 — moved falseGoals (11,11) -> (13,1)
  attempt 4: accepted F02963-lm-04 — moved blocks (4,12) -> (2,8)
  attempt 5: accepted F02963-lm-05 — moved library (2,1) -> (0,5)
  attempt 6: accepted F02963-lm-06 — moved blocks (5,7) -> (9,12)
  attempt 7: accepted F02963-lm-07 — moved blocks (1,9) -> (11,3)
  attempt 8: accepted F02963-lm-08 — moved blocks (11,10) -> (6,1)
  attempt 9: accepted F02963-lm-09 — moved blocks (0,12) -> (4,1)
  attempt 10: accepted F02963-lm-10 — moved fountain (8,10) -> (10,9)
  attempt 11: accepted F02963-lm-11 — moved falseGoals (11,11) -> (12,13)
  attempt 12: accepted F02963-lm-12 — moved blocks (2,13) -> (13,12)
  attempt 13: accepted F02963-lm-13 — moved fountain (8,10) -> (7,12)
  attempt 14: accepted F02963-lm-14 — moved blocks (8,12) -> (10,6)
  attempt 15: accepted F02963-lm-15 — moved geese (1,13) -> (12,13)

15/15 new local-mutant sibling(s) generated for R02963 in 15 attempt(s) (budget 600); 15 total in data/families/family-R02963-lm.json.
Wrote 15 level(s) total to data/families/family-R02963-lm.json (changed=true), 15 hint file(s) written to data/families/hints/.
Wrote family manifest to data/families/family-R02963-lm-manifest.json (15 variant(s) total).
Parent R02963: witness stressMeta.witnessSolution (len 127, 5 jump(s)), 53 movable object instance(s) under strict inventory.
  variant 1 (rotation): accepted F02963-sym-01
  variant 2 (rotation): accepted F02963-sym-02
  variant 3 (rotation): accepted F02963-sym-03
  variant 4 (reflection): accepted F02963-sym-04
  variant 5 (reflection): accepted F02963-sym-05
  variant 6 (reflection): accepted F02963-sym-06
  variant 7 (reflection): accepted F02963-sym-07

7/7 new symmetry sibling(s) generated for R02963 in 7 attempt(s) (budget 7); 7 total in data/families/family-R02963-sym.json.
Wrote 7 level(s) total to data/families/family-R02963-sym.json (changed=true), 7 hint file(s) written to data/families/hints/.
Wrote family manifest to data/families/family-R02963-sym-manifest.json (7 variant(s) total).
portfolio-solve-sweep: corpus=data/families/family-R02963-lm.json levels=15 (15 to solve) scheduler-mode=legacy budget=8000ms node-budget=20000000 workers=4 save-hints=true
  [1/15] L1 (F02963-lm-01) ok=✗
  [2/15] L3 (F02963-lm-03) ok=✗
  [3/15] L4 (F02963-lm-04) ok=✗
  [4/15] L2 (F02963-lm-02) ok=✗
  [5/15] L5 (F02963-lm-05) ok=✗
  [6/15] L6 (F02963-lm-06) ok=✗
  [7/15] L7 (F02963-lm-07) ok=✗
  [8/15] L8 (F02963-lm-08) ok=✗
  [9/15] L9 (F02963-lm-09) ok=✗
  [10/15] L10 (F02963-lm-10) ok=✗
  [11/15] L11 (F02963-lm-11) ok=✗
  [12/15] L12 (F02963-lm-12) ok=✗
  [13/15] L15 (F02963-lm-15) ok=✗
  [14/15] L14 (F02963-lm-14) ok=✗
  [15/15] L13 (F02963-lm-13) ok=✗
Hints: appended to 0 level(s); 0 hint file(s) changed on disk.
Result: solved=0/15, solvedBeforeFallback=0, fallbackOnly=0, unsolved=15
Wrote logs/family-census/solve-R02963-lm.json
Wrote logs/family-census/solve-R02963-lm-summary.md
portfolio-solve-sweep: corpus=data/families/family-R02963-sym.json levels=7 (7 to solve) scheduler-mode=legacy budget=8000ms node-budget=20000000 workers=4 save-hints=true
  [1/7] L3 (F02963-sym-03) ok=✗
  [2/7] L1 (F02963-sym-01) ok=✗
  [3/7] L2 (F02963-sym-02) ok=✗
  [4/7] L4 (F02963-sym-04) ok=✗
  [5/7] L7 (F02963-sym-07) ok=✗
  [6/7] L6 (F02963-sym-06) ok=✗
  [7/7] L5 (F02963-sym-05) ok=✗
Hints: appended to 0 level(s); 0 hint file(s) changed on disk.
Result: solved=0/7, solvedBeforeFallback=0, fallbackOnly=0, unsolved=7
Wrote logs/family-census/solve-R02963-sym.json
Wrote logs/family-census/solve-R02963-sym-summary.md
[01:50:29] DONE R02963
[01:50:29] START R03008
Parent R03008: witness stressMeta.witnessSolution (len 141, 4 jump(s)), 54 movable object instance(s) under strict inventory.
  attempt 1: accepted F03008-lm-01 — moved blocks (3,14) -> (12,13)
  attempt 2: accepted F03008-lm-02 — moved blocks (14,0) -> (12,5)
  attempt 3: accepted F03008-lm-03 — moved blocks (8,1) -> (9,1)
  attempt 4: accepted F03008-lm-04 — moved blocks (8,4) -> (0,9)
  attempt 5: accepted F03008-lm-05 — moved mustPass (11,10) -> (0,10)
  attempt 6: accepted F03008-lm-06 — moved statue (14,3) -> (8,10)
  attempt 7: accepted F03008-lm-07 — moved blocks (6,2) -> (14,11)
  attempt 8: accepted F03008-lm-08 — moved blocks (9,3) -> (13,13)
  attempt 9: accepted F03008-lm-09 — moved park (1,1) -> (4,6)
  attempt 10: accepted F03008-lm-10 — moved blocks (3,7) -> (5,0)
  attempt 11: accepted F03008-lm-11 — moved blocks (7,3) -> (12,13)
  attempt 12: accepted F03008-lm-12 — moved falseGoals (12,14) -> (4,14)
  attempt 13: accepted F03008-lm-13 — moved blocks (1,6) -> (9,1)
  attempt 14: accepted F03008-lm-14 — moved mustPass (5,11) -> (12,7)
  attempt 15: accepted F03008-lm-15 — moved blocks (7,11) -> (6,1)

15/15 new local-mutant sibling(s) generated for R03008 in 15 attempt(s) (budget 600); 15 total in data/families/family-R03008-lm.json.
Wrote 15 level(s) total to data/families/family-R03008-lm.json (changed=true), 15 hint file(s) written to data/families/hints/.
Wrote family manifest to data/families/family-R03008-lm-manifest.json (15 variant(s) total).
Parent R03008: witness stressMeta.witnessSolution (len 141, 4 jump(s)), 54 movable object instance(s) under strict inventory.
  variant 1 (rotation): accepted F03008-sym-01
  variant 2 (rotation): accepted F03008-sym-02
  variant 3 (rotation): accepted F03008-sym-03
  variant 4 (reflection): accepted F03008-sym-04
  variant 5 (reflection): accepted F03008-sym-05
  variant 6 (reflection): accepted F03008-sym-06
  variant 7 (reflection): accepted F03008-sym-07

7/7 new symmetry sibling(s) generated for R03008 in 7 attempt(s) (budget 7); 7 total in data/families/family-R03008-sym.json.
Wrote 7 level(s) total to data/families/family-R03008-sym.json (changed=true), 7 hint file(s) written to data/families/hints/.
Wrote family manifest to data/families/family-R03008-sym-manifest.json (7 variant(s) total).
portfolio-solve-sweep: corpus=data/families/family-R03008-lm.json levels=15 (15 to solve) scheduler-mode=legacy budget=8000ms node-budget=20000000 workers=4 save-hints=true
  [1/15] L2 (F03008-lm-02) ok=✗
  [2/15] L1 (F03008-lm-01) ok=✗
  [3/15] L3 (F03008-lm-03) ok=✗
  [4/15] L4 (F03008-lm-04) ok=✗
  [5/15] L5 (F03008-lm-05) ok=✗
  [6/15] L6 (F03008-lm-06) ok=✗
  [7/15] L8 (F03008-lm-08) ok=✗
  [8/15] L7 (F03008-lm-07) ok=✗
  [9/15] L9 (F03008-lm-09) ok=✗
  [10/15] L10 (F03008-lm-10) ok=✗
  [11/15] L12 (F03008-lm-12) ok=✗
  [12/15] L11 (F03008-lm-11) ok=✗
  [13/15] L15 (F03008-lm-15) ok=✗
  [14/15] L14 (F03008-lm-14) ok=✗
  [15/15] L13 (F03008-lm-13) ok=✗
Hints: appended to 0 level(s); 0 hint file(s) changed on disk.
Result: solved=0/15, solvedBeforeFallback=0, fallbackOnly=0, unsolved=15
Wrote logs/family-census/solve-R03008-lm.json
Wrote logs/family-census/solve-R03008-lm-summary.md
portfolio-solve-sweep: corpus=data/families/family-R03008-sym.json levels=7 (7 to solve) scheduler-mode=legacy budget=8000ms node-budget=20000000 workers=4 save-hints=true
  [1/7] L2 (F03008-sym-02) ok=✗
  [2/7] L4 (F03008-sym-04) ok=✗
  [3/7] L1 (F03008-sym-01) ok=✗
  [4/7] L3 (F03008-sym-03) ok=✗
  [5/7] L5 (F03008-sym-05) ok=✗
  [6/7] L7 (F03008-sym-07) ok=✗
  [7/7] L6 (F03008-sym-06) ok=✗
Hints: appended to 0 level(s); 0 hint file(s) changed on disk.
Result: solved=0/7, solvedBeforeFallback=0, fallbackOnly=0, unsolved=7
Wrote logs/family-census/solve-R03008-sym.json
Wrote logs/family-census/solve-R03008-sym-summary.md
[01:53:50] DONE R03008
[01:53:50] START R03042
Parent R03042: witness hint[0] (len 68, 0 jump(s)), 41 movable object instance(s) under strict inventory.
  attempt 1: accepted F03042-lm-01 — moved statue (9,2) -> (2,5)
  attempt 2: accepted F03042-lm-02 — moved mustPass (10,6) -> (4,5)
  attempt 3: accepted F03042-lm-03 — moved fountain (4,9) -> (3,7)
  attempt 4: accepted F03042-lm-04 — moved park (5,4) -> (6,6)
  attempt 5: accepted F03042-lm-05 — moved blocks (7,10) -> (8,0)
  attempt 6: accepted F03042-lm-06 — moved blocks (0,0) -> (8,10)
  attempt 7: accepted F03042-lm-07 — moved statue (3,9) -> (4,8)
  attempt 8: accepted F03042-lm-08 — moved blocks (1,5) -> (0,4)
  attempt 9: accepted F03042-lm-09 — moved blocks (8,4) -> (7,9)
  attempt 10: accepted F03042-lm-10 — moved mustPass (7,8) -> (8,3)
  attempt 11: accepted F03042-lm-11 — moved park (5,4) -> (5,2)
  attempt 12: accepted F03042-lm-12 — moved flippingFilters (3,8) -> (0,5)
  attempt 13: accepted F03042-lm-13 — moved blocks (2,1) -> (3,0)
  attempt 14: accepted F03042-lm-14 — moved mustPass (6,2) -> (10,3)
  attempt 15: accepted F03042-lm-15 — moved market (9,8) -> (9,0)

15/15 new local-mutant sibling(s) generated for R03042 in 15 attempt(s) (budget 600); 15 total in data/families/family-R03042-lm.json.
Wrote 15 level(s) total to data/families/family-R03042-lm.json (changed=true), 15 hint file(s) written to data/families/hints/.
Wrote family manifest to data/families/family-R03042-lm-manifest.json (15 variant(s) total).
Parent R03042: witness hint[0] (len 68, 0 jump(s)), 41 movable object instance(s) under strict inventory.
  variant 1 (rotation): accepted F03042-sym-01
  variant 2 (rotation): accepted F03042-sym-02
  variant 3 (rotation): accepted F03042-sym-03
  variant 4 (reflection): accepted F03042-sym-04
  variant 5 (reflection): accepted F03042-sym-05
  variant 6 (reflection): accepted F03042-sym-06
  variant 7 (reflection): accepted F03042-sym-07

7/7 new symmetry sibling(s) generated for R03042 in 7 attempt(s) (budget 7); 7 total in data/families/family-R03042-sym.json.
Wrote 7 level(s) total to data/families/family-R03042-sym.json (changed=true), 7 hint file(s) written to data/families/hints/.
Wrote family manifest to data/families/family-R03042-sym-manifest.json (7 variant(s) total).
portfolio-solve-sweep: corpus=data/families/family-R03042-lm.json levels=15 (15 to solve) scheduler-mode=legacy budget=8000ms node-budget=20000000 workers=4 save-hints=true
  [1/15] L4 (F03042-lm-04) ok=✗
  [2/15] L1 (F03042-lm-01) ok=✗
  [3/15] L2 (F03042-lm-02) ok=✗
  [4/15] L3 (F03042-lm-03) ok=✗
  [5/15] L5 (F03042-lm-05) ok=✗
  [6/15] L6 (F03042-lm-06) ok=✗
  [7/15] L7 (F03042-lm-07) ok=✗
  [8/15] L8 (F03042-lm-08) ok=✗
  [9/15] L10 (F03042-lm-10) ok=✓ legacy [hint saved]
  [10/15] L9 (F03042-lm-09) ok=✓ legacy [hint saved]
  [11/15] L11 (F03042-lm-11) ok=✗
  [12/15] L15 (F03042-lm-15) ok=✓ legacy [hint saved]
  [13/15] L12 (F03042-lm-12) ok=✗
  [14/15] L13 (F03042-lm-13) ok=✗
  [15/15] L14 (F03042-lm-14) ok=✓ legacy [hint saved]
Hints: appended to 4 level(s); 4 hint file(s) changed on disk.
Result: solved=4/15, solvedBeforeFallback=0, fallbackOnly=4, unsolved=11
Wrote logs/family-census/solve-R03042-lm.json
Wrote logs/family-census/solve-R03042-lm-summary.md
portfolio-solve-sweep: corpus=data/families/family-R03042-sym.json levels=7 (7 to solve) scheduler-mode=legacy budget=8000ms node-budget=20000000 workers=4 save-hints=true
  [1/7] L3 (F03042-sym-03) ok=✓ legacy [hint saved]
  [2/7] L4 (F03042-sym-04) ok=✗
  [3/7] L2 (F03042-sym-02) ok=✗
  [4/7] L1 (F03042-sym-01) ok=✗
  [5/7] L5 (F03042-sym-05) ok=✗
  [6/7] L6 (F03042-sym-06) ok=✓ legacy [hint saved]
  [7/7] L7 (F03042-sym-07) ok=✗
Hints: appended to 2 level(s); 2 hint file(s) changed on disk.
Result: solved=2/7, solvedBeforeFallback=0, fallbackOnly=2, unsolved=5
Wrote logs/family-census/solve-R03042-sym.json
Wrote logs/family-census/solve-R03042-sym-summary.md
[01:59:15] DONE R03042
[01:59:15] START R03068
Parent R03068: witness stressMeta.witnessSolution (len 134, 6 jump(s)), 51 movable object instance(s) under strict inventory.
  attempt 1: accepted F03068-lm-01 — moved falseGoals (8,0) -> (14,11)
  attempt 2: accepted F03068-lm-02 — moved blocks (14,14) -> (13,7)
  attempt 3: accepted F03068-lm-03 — moved falseGoals (6,14) -> (1,3)
  attempt 4: accepted F03068-lm-04 — moved market (12,9) -> (14,11)
  attempt 5: accepted F03068-lm-05 — moved falseGoals (12,4) -> (13,6)
  attempt 6: accepted F03068-lm-06 — moved blocks (14,13) -> (12,14)
  attempt 7: accepted F03068-lm-07 — moved blocks (7,14) -> (8,14)
  attempt 8: accepted F03068-lm-08 — moved blocks (13,2) -> (4,10)
  attempt 9: accepted F03068-lm-09 — moved falseGoals (13,1) -> (8,13)
  attempt 10: accepted F03068-lm-10 — moved falseGoals (6,12) -> (11,8)
  attempt 11: accepted F03068-lm-11 — moved blocks (3,2) -> (1,4)
  attempt 12: accepted F03068-lm-12 — moved blocks (9,1) -> (8,10)
  attempt 13: accepted F03068-lm-13 — moved blocks (0,2) -> (14,11)
  attempt 14: accepted F03068-lm-14 — moved blocks (0,2) -> (11,0)
  attempt 15: accepted F03068-lm-15 — moved geese (8,1) -> (13,14)

15/15 new local-mutant sibling(s) generated for R03068 in 15 attempt(s) (budget 600); 15 total in data/families/family-R03068-lm.json.
Wrote 15 level(s) total to data/families/family-R03068-lm.json (changed=true), 15 hint file(s) written to data/families/hints/.
Wrote family manifest to data/families/family-R03068-lm-manifest.json (15 variant(s) total).
Parent R03068: witness stressMeta.witnessSolution (len 134, 6 jump(s)), 51 movable object instance(s) under strict inventory.
  variant 1 (rotation): accepted F03068-sym-01
  variant 2 (rotation): accepted F03068-sym-02
  variant 3 (rotation): accepted F03068-sym-03
  variant 4 (reflection): accepted F03068-sym-04
  variant 5 (reflection): accepted F03068-sym-05
  variant 6 (reflection): accepted F03068-sym-06
  variant 7 (reflection): accepted F03068-sym-07

7/7 new symmetry sibling(s) generated for R03068 in 7 attempt(s) (budget 7); 7 total in data/families/family-R03068-sym.json.
Wrote 7 level(s) total to data/families/family-R03068-sym.json (changed=true), 7 hint file(s) written to data/families/hints/.
Wrote family manifest to data/families/family-R03068-sym-manifest.json (7 variant(s) total).
portfolio-solve-sweep: corpus=data/families/family-R03068-lm.json levels=15 (15 to solve) scheduler-mode=legacy budget=8000ms node-budget=20000000 workers=4 save-hints=true
  [1/15] L1 (F03068-lm-01) ok=✗
  [2/15] L3 (F03068-lm-03) ok=✗
  [3/15] L4 (F03068-lm-04) ok=✗
  [4/15] L6 (F03068-lm-06) ok=✓ legacy [hint saved]
  [5/15] L2 (F03068-lm-02) ok=✗
  [6/15] L5 (F03068-lm-05) ok=✗
  [7/15] L7 (F03068-lm-07) ok=✗
  [8/15] L8 (F03068-lm-08) ok=✗
  [9/15] L9 (F03068-lm-09) ok=✗
  [10/15] L10 (F03068-lm-10) ok=✗
  [11/15] L13 (F03068-lm-13) ok=✗
  [12/15] L12 (F03068-lm-12) ok=✗
  [13/15] L11 (F03068-lm-11) ok=✗
  [14/15] L14 (F03068-lm-14) ok=✗
  [15/15] L15 (F03068-lm-15) ok=✗
Hints: appended to 1 level(s); 1 hint file(s) changed on disk.
Result: solved=1/15, solvedBeforeFallback=0, fallbackOnly=1, unsolved=14
Wrote logs/family-census/solve-R03068-lm.json
Wrote logs/family-census/solve-R03068-lm-summary.md
portfolio-solve-sweep: corpus=data/families/family-R03068-sym.json levels=7 (7 to solve) scheduler-mode=legacy budget=8000ms node-budget=20000000 workers=4 save-hints=true
  [1/7] L1 (F03068-sym-01) ok=✓ legacy [hint saved]
  [2/7] L2 (F03068-sym-02) ok=✗
  [3/7] L4 (F03068-sym-04) ok=✗
  [4/7] L3 (F03068-sym-03) ok=✗
  [5/7] L5 (F03068-sym-05) ok=✗
  [6/7] L6 (F03068-sym-06) ok=✗
  [7/7] L7 (F03068-sym-07) ok=✗
Hints: appended to 1 level(s); 1 hint file(s) changed on disk.
Result: solved=1/7, solvedBeforeFallback=0, fallbackOnly=1, unsolved=6
Wrote logs/family-census/solve-R03068-sym.json
Wrote logs/family-census/solve-R03068-sym-summary.md
[02:01:18] DONE R03068
[02:01:18] START R03098
Parent R03098: witness stressMeta.witnessSolution (len 92, 5 jump(s)), 49 movable object instance(s) under strict inventory.
  attempt 1: accepted F03098-lm-01 — moved geese (1,3) -> (3,3)
  attempt 2: accepted F03098-lm-02 — moved blocks (5,10) -> (3,5)
  attempt 3: accepted F03098-lm-03 — moved market (0,11) -> (4,7)
  attempt 4: accepted F03098-lm-04 — moved blocks (3,6) -> (3,5)
  attempt 5: accepted F03098-lm-05 — moved blocks (9,11) -> (5,11)
  attempt 6: accepted F03098-lm-06 — moved blocks (11,10) -> (8,9)
  attempt 7: accepted F03098-lm-07 — moved geese (9,7) -> (6,10)
  attempt 8: accepted F03098-lm-08 — moved geese (0,0) -> (6,10)
  attempt 9: accepted F03098-lm-09 — moved geese (0,0) -> (7,11)
  attempt 10: accepted F03098-lm-10 — moved flippingFilters (3,4) -> (1,6)
  attempt 11: accepted F03098-lm-11 — moved blocks (4,11) -> (2,0)
  attempt 12: accepted F03098-lm-12 — moved statue (2,2) -> (0,10)
  attempt 13: accepted F03098-lm-13 — moved blocks (0,1) -> (0,2)
  attempt 14: accepted F03098-lm-14 — moved flippingFilters (8,11) -> (5,11)
  attempt 15: accepted F03098-lm-15 — moved market (0,11) -> (6,2)

15/15 new local-mutant sibling(s) generated for R03098 in 15 attempt(s) (budget 600); 15 total in data/families/family-R03098-lm.json.
Wrote 15 level(s) total to data/families/family-R03098-lm.json (changed=true), 15 hint file(s) written to data/families/hints/.
Wrote family manifest to data/families/family-R03098-lm-manifest.json (15 variant(s) total).
Parent R03098: witness stressMeta.witnessSolution (len 92, 5 jump(s)), 49 movable object instance(s) under strict inventory.
  variant 1 (rotation): accepted F03098-sym-01
  variant 2 (rotation): accepted F03098-sym-02
  variant 3 (rotation): accepted F03098-sym-03
  variant 4 (reflection): accepted F03098-sym-04
  variant 5 (reflection): accepted F03098-sym-05
  variant 6 (reflection): accepted F03098-sym-06
  variant 7 (reflection): accepted F03098-sym-07

7/7 new symmetry sibling(s) generated for R03098 in 7 attempt(s) (budget 7); 7 total in data/families/family-R03098-sym.json.
Wrote 7 level(s) total to data/families/family-R03098-sym.json (changed=true), 7 hint file(s) written to data/families/hints/.
Wrote family manifest to data/families/family-R03098-sym-manifest.json (7 variant(s) total).
portfolio-solve-sweep: corpus=data/families/family-R03098-lm.json levels=15 (15 to solve) scheduler-mode=legacy budget=8000ms node-budget=20000000 workers=4 save-hints=true
  [1/15] L3 (F03098-lm-03) ok=✗
  [2/15] L2 (F03098-lm-02) ok=✗
  [3/15] L4 (F03098-lm-04) ok=✗
  [4/15] L1 (F03098-lm-01) ok=✗
  [5/15] L5 (F03098-lm-05) ok=✗
  [6/15] L8 (F03098-lm-08) ok=✗
  [7/15] L7 (F03098-lm-07) ok=✗
  [8/15] L6 (F03098-lm-06) ok=✗
  [9/15] L9 (F03098-lm-09) ok=✗
  [10/15] L10 (F03098-lm-10) ok=✗
  [11/15] L11 (F03098-lm-11) ok=✗
  [12/15] L12 (F03098-lm-12) ok=✗
  [13/15] L15 (F03098-lm-15) ok=✗
  [14/15] L13 (F03098-lm-13) ok=✗
  [15/15] L14 (F03098-lm-14) ok=✗
Hints: appended to 0 level(s); 0 hint file(s) changed on disk.
Result: solved=0/15, solvedBeforeFallback=0, fallbackOnly=0, unsolved=15
Wrote logs/family-census/solve-R03098-lm.json
Wrote logs/family-census/solve-R03098-lm-summary.md
portfolio-solve-sweep: corpus=data/families/family-R03098-sym.json levels=7 (7 to solve) scheduler-mode=legacy budget=8000ms node-budget=20000000 workers=4 save-hints=true
  [1/7] L4 (F03098-sym-04) ok=✗
  [2/7] L3 (F03098-sym-03) ok=✗
  [3/7] L1 (F03098-sym-01) ok=✗
  [4/7] L2 (F03098-sym-02) ok=✗
  [5/7] L7 (F03098-sym-07) ok=✗
  [6/7] L6 (F03098-sym-06) ok=✗
  [7/7] L5 (F03098-sym-05) ok=✗
Hints: appended to 0 level(s); 0 hint file(s) changed on disk.
Result: solved=0/7, solvedBeforeFallback=0, fallbackOnly=0, unsolved=7
Wrote logs/family-census/solve-R03098-sym.json
Wrote logs/family-census/solve-R03098-sym-summary.md
[02:07:11] DONE R03098
[02:07:11] START R03129
Parent R03129: witness stressMeta.witnessSolution (len 127, 6 jump(s)), 67 movable object instance(s) under strict inventory.
  attempt 1: accepted F03129-lm-01 — moved library (7,5) -> (12,7)
  attempt 2: accepted F03129-lm-02 — moved mustPass (9,12) -> (0,4)
  attempt 3: accepted F03129-lm-03 — moved library (3,12) -> (12,4)
  attempt 4: accepted F03129-lm-04 — moved flippingFilters (0,9) -> (6,3)
  attempt 5: accepted F03129-lm-05 — moved lamppost (1,1) -> (2,10)
  attempt 6: accepted F03129-lm-06 — moved blocks (7,7) -> (3,11)
  attempt 7: accepted F03129-lm-07 — moved blocks (14,2) -> (13,9)
  attempt 8: accepted F03129-lm-08 — moved mustPass (0,5) -> (0,2)
  attempt 9: accepted F03129-lm-09 — moved mustPass (8,6) -> (8,10)
  attempt 10: accepted F03129-lm-10 — moved fountain (4,11) -> (9,3)
  attempt 11: accepted F03129-lm-11 — moved blocks (12,6) -> (1,10)
  attempt 12: accepted F03129-lm-12 — moved park (3,8) -> (13,6)
  attempt 13: accepted F03129-lm-13 — moved flippingFilters (12,2) -> (12,4)
  attempt 14: accepted F03129-lm-14 — moved mustPass (8,6) -> (9,7)
  attempt 15: accepted F03129-lm-15 — moved blocks (14,11) -> (2,8)

15/15 new local-mutant sibling(s) generated for R03129 in 15 attempt(s) (budget 600); 15 total in data/families/family-R03129-lm.json.
Wrote 15 level(s) total to data/families/family-R03129-lm.json (changed=true), 15 hint file(s) written to data/families/hints/.
Wrote family manifest to data/families/family-R03129-lm-manifest.json (15 variant(s) total).
Parent R03129: witness stressMeta.witnessSolution (len 127, 6 jump(s)), 67 movable object instance(s) under strict inventory.
  variant 1 (rotation): accepted F03129-sym-01
  variant 2 (rotation): accepted F03129-sym-02
  variant 3 (rotation): accepted F03129-sym-03
  variant 4 (reflection): accepted F03129-sym-04
  variant 5 (reflection): accepted F03129-sym-05
  variant 6 (reflection): accepted F03129-sym-06
  variant 7 (reflection): accepted F03129-sym-07

7/7 new symmetry sibling(s) generated for R03129 in 7 attempt(s) (budget 7); 7 total in data/families/family-R03129-sym.json.
Wrote 7 level(s) total to data/families/family-R03129-sym.json (changed=true), 7 hint file(s) written to data/families/hints/.
Wrote family manifest to data/families/family-R03129-sym-manifest.json (7 variant(s) total).
portfolio-solve-sweep: corpus=data/families/family-R03129-lm.json levels=15 (15 to solve) scheduler-mode=legacy budget=8000ms node-budget=20000000 workers=4 save-hints=true
  [1/15] L2 (F03129-lm-02) ok=✗
  [2/15] L3 (F03129-lm-03) ok=✗
  [3/15] L4 (F03129-lm-04) ok=✗
  [4/15] L1 (F03129-lm-01) ok=✗
  [5/15] L6 (F03129-lm-06) ok=✗
  [6/15] L5 (F03129-lm-05) ok=✗
  [7/15] L7 (F03129-lm-07) ok=✗
  [8/15] L8 (F03129-lm-08) ok=✗
  [9/15] L9 (F03129-lm-09) ok=✗
  [10/15] L10 (F03129-lm-10) ok=✗
  [11/15] L11 (F03129-lm-11) ok=✗
  [12/15] L12 (F03129-lm-12) ok=✗
  [13/15] L15 (F03129-lm-15) ok=✗
  [14/15] L13 (F03129-lm-13) ok=✗
  [15/15] L14 (F03129-lm-14) ok=✗
Hints: appended to 0 level(s); 0 hint file(s) changed on disk.
Result: solved=0/15, solvedBeforeFallback=0, fallbackOnly=0, unsolved=15
Wrote logs/family-census/solve-R03129-lm.json
Wrote logs/family-census/solve-R03129-lm-summary.md
portfolio-solve-sweep: corpus=data/families/family-R03129-sym.json levels=7 (7 to solve) scheduler-mode=legacy budget=8000ms node-budget=20000000 workers=4 save-hints=true
  [1/7] L4 (F03129-sym-04) ok=✗
  [2/7] L1 (F03129-sym-01) ok=✗
  [3/7] L3 (F03129-sym-03) ok=✗
  [4/7] L2 (F03129-sym-02) ok=✗
  [5/7] L5 (F03129-sym-05) ok=✗
  [6/7] L7 (F03129-sym-07) ok=✗
  [7/7] L6 (F03129-sym-06) ok=✗
Hints: appended to 0 level(s); 0 hint file(s) changed on disk.
Result: solved=0/7, solvedBeforeFallback=0, fallbackOnly=0, unsolved=7
Wrote logs/family-census/solve-R03129-sym.json
Wrote logs/family-census/solve-R03129-sym-summary.md
[02:12:22] DONE R03129
[02:12:22] START R03163
Parent R03163: witness stressMeta.witnessSolution (len 116, 0 jump(s)), 39 movable object instance(s) under strict inventory.
  attempt 1: accepted F03163-lm-01 — moved flippingFilters (6,3) -> (6,6)
  attempt 2: accepted F03163-lm-02 — moved flippingFilters (0,13) -> (7,0)
  attempt 3: accepted F03163-lm-03 — moved mustCross (8,10) -> (11,3)
  attempt 4: accepted F03163-lm-04 — moved park (11,11) -> (3,1)
  attempt 5: accepted F03163-lm-05 — moved falseGoals (4,3) -> (12,10)
  attempt 6: accepted F03163-lm-06 — moved library (9,5) -> (3,11)
  attempt 7: accepted F03163-lm-07 — moved park (11,11) -> (11,5)
  attempt 8: accepted F03163-lm-08 — moved falseGoals (13,9) -> (7,6)
  attempt 9: accepted F03163-lm-09 — moved falseGoals (13,8) -> (12,0)
  attempt 10: accepted F03163-lm-10 — moved falseGoals (5,7) -> (7,2)
  attempt 11: accepted F03163-lm-11 — moved flippingFilters (3,6) -> (1,12)
  attempt 12: accepted F03163-lm-12 — moved mustCross (6,12) -> (7,10)
  attempt 13: accepted F03163-lm-13 — moved mustCross (11,7) -> (11,3)
  attempt 14: accepted F03163-lm-14 — moved geese (1,4) -> (7,1)
  attempt 15: accepted F03163-lm-15 — moved mustCross (9,6) -> (11,3)

15/15 new local-mutant sibling(s) generated for R03163 in 15 attempt(s) (budget 600); 15 total in data/families/family-R03163-lm.json.
Wrote 15 level(s) total to data/families/family-R03163-lm.json (changed=true), 15 hint file(s) written to data/families/hints/.
Wrote family manifest to data/families/family-R03163-lm-manifest.json (15 variant(s) total).
Parent R03163: witness stressMeta.witnessSolution (len 116, 0 jump(s)), 39 movable object instance(s) under strict inventory.
  variant 1 (rotation): accepted F03163-sym-01
  variant 2 (rotation): accepted F03163-sym-02
  variant 3 (rotation): accepted F03163-sym-03
  variant 4 (reflection): accepted F03163-sym-04
  variant 5 (reflection): accepted F03163-sym-05
  variant 6 (reflection): accepted F03163-sym-06
  variant 7 (reflection): accepted F03163-sym-07

7/7 new symmetry sibling(s) generated for R03163 in 7 attempt(s) (budget 7); 7 total in data/families/family-R03163-sym.json.
Wrote 7 level(s) total to data/families/family-R03163-sym.json (changed=true), 7 hint file(s) written to data/families/hints/.
Wrote family manifest to data/families/family-R03163-sym-manifest.json (7 variant(s) total).
portfolio-solve-sweep: corpus=data/families/family-R03163-lm.json levels=15 (15 to solve) scheduler-mode=legacy budget=8000ms node-budget=20000000 workers=4 save-hints=true
  [1/15] L2 (F03163-lm-02) ok=✗
  [2/15] L1 (F03163-lm-01) ok=✗
  [3/15] L3 (F03163-lm-03) ok=✗
  [4/15] L4 (F03163-lm-04) ok=✗
  [5/15] L5 (F03163-lm-05) ok=✗
  [6/15] L6 (F03163-lm-06) ok=✗
  [7/15] L7 (F03163-lm-07) ok=✗
  [8/15] L8 (F03163-lm-08) ok=✗
  [9/15] L10 (F03163-lm-10) ok=✗
  [10/15] L9 (F03163-lm-09) ok=✗
  [11/15] L11 (F03163-lm-11) ok=✗
  [12/15] L12 (F03163-lm-12) ok=✗
  [13/15] L15 (F03163-lm-15) ok=✗
  [14/15] L13 (F03163-lm-13) ok=✗
  [15/15] L14 (F03163-lm-14) ok=✗
Hints: appended to 0 level(s); 0 hint file(s) changed on disk.
Result: solved=0/15, solvedBeforeFallback=0, fallbackOnly=0, unsolved=15
Wrote logs/family-census/solve-R03163-lm.json
Wrote logs/family-census/solve-R03163-lm-summary.md
portfolio-solve-sweep: corpus=data/families/family-R03163-sym.json levels=7 (7 to solve) scheduler-mode=legacy budget=8000ms node-budget=20000000 workers=4 save-hints=true
  [1/7] L3 (F03163-sym-03) ok=✗
  [2/7] L2 (F03163-sym-02) ok=✗
  [3/7] L1 (F03163-sym-01) ok=✗
  [4/7] L4 (F03163-sym-04) ok=✗
  [5/7] L5 (F03163-sym-05) ok=✗
  [6/7] L7 (F03163-sym-07) ok=✗
  [7/7] L6 (F03163-sym-06) ok=✗
Hints: appended to 0 level(s); 0 hint file(s) changed on disk.
Result: solved=0/7, solvedBeforeFallback=0, fallbackOnly=0, unsolved=7
Wrote logs/family-census/solve-R03163-sym.json
Wrote logs/family-census/solve-R03163-sym-summary.md
[02:21:17] DONE R03163
[02:21:17] START R03193
Parent R03193: witness stressMeta.witnessSolution (len 102, 4 jump(s)), 45 movable object instance(s) under strict inventory.
  attempt 1: accepted F03193-lm-01 — moved blocks (7,11) -> (0,5)
  attempt 2: accepted F03193-lm-02 — moved statue (3,0) -> (7,9)
  attempt 3: accepted F03193-lm-03 — moved market (9,5) -> (3,9)
  attempt 4: accepted F03193-lm-04 — moved fountain (11,5) -> (5,2)
  attempt 5: accepted F03193-lm-05 — moved market (4,9) -> (8,5)
  attempt 6: accepted F03193-lm-06 — moved blocks (4,7) -> (4,4)
  attempt 7: accepted F03193-lm-07 — moved blocks (1,3) -> (0,6)
  attempt 8: accepted F03193-lm-08 — moved market (4,0) -> (3,3)
  attempt 9: accepted F03193-lm-09 — moved statue (3,0) -> (9,7)
  attempt 10: accepted F03193-lm-10 — moved blocks (3,6) -> (8,7)
  attempt 11: accepted F03193-lm-11 — moved blocks (7,7) -> (0,5)
  attempt 12: accepted F03193-lm-12 — moved library (5,6) -> (6,10)
  attempt 13: accepted F03193-lm-13 — moved blocks (1,0) -> (7,9)
  attempt 14: accepted F03193-lm-14 — moved blocks (3,6) -> (2,0)
  attempt 15: accepted F03193-lm-15 — moved blocks (0,0) -> (8,8)

15/15 new local-mutant sibling(s) generated for R03193 in 15 attempt(s) (budget 600); 15 total in data/families/family-R03193-lm.json.
Wrote 15 level(s) total to data/families/family-R03193-lm.json (changed=true), 15 hint file(s) written to data/families/hints/.
Wrote family manifest to data/families/family-R03193-lm-manifest.json (15 variant(s) total).
Parent R03193: witness stressMeta.witnessSolution (len 102, 4 jump(s)), 45 movable object instance(s) under strict inventory.
  variant 1 (rotation): accepted F03193-sym-01
  variant 2 (rotation): accepted F03193-sym-02
  variant 3 (rotation): accepted F03193-sym-03
  variant 4 (reflection): accepted F03193-sym-04
  variant 5 (reflection): accepted F03193-sym-05
  variant 6 (reflection): accepted F03193-sym-06
  variant 7 (reflection): accepted F03193-sym-07

7/7 new symmetry sibling(s) generated for R03193 in 7 attempt(s) (budget 7); 7 total in data/families/family-R03193-sym.json.
Wrote 7 level(s) total to data/families/family-R03193-sym.json (changed=true), 7 hint file(s) written to data/families/hints/.
Wrote family manifest to data/families/family-R03193-sym-manifest.json (7 variant(s) total).
portfolio-solve-sweep: corpus=data/families/family-R03193-lm.json levels=15 (15 to solve) scheduler-mode=legacy budget=8000ms node-budget=20000000 workers=4 save-hints=true
  [1/15] L2 (F03193-lm-02) ok=✗
  [2/15] L3 (F03193-lm-03) ok=✗
  [3/15] L4 (F03193-lm-04) ok=✗
  [4/15] L1 (F03193-lm-01) ok=✗
  [5/15] L6 (F03193-lm-06) ok=✗
  [6/15] L5 (F03193-lm-05) ok=✗
  [7/15] L8 (F03193-lm-08) ok=✗
  [8/15] L7 (F03193-lm-07) ok=✗
  [9/15] L9 (F03193-lm-09) ok=✗
  [10/15] L10 (F03193-lm-10) ok=✗
  [11/15] L11 (F03193-lm-11) ok=✗
  [12/15] L12 (F03193-lm-12) ok=✗
  [13/15] L14 (F03193-lm-14) ok=✗
  [14/15] L13 (F03193-lm-13) ok=✗
  [15/15] L15 (F03193-lm-15) ok=✗
Hints: appended to 0 level(s); 0 hint file(s) changed on disk.
Result: solved=0/15, solvedBeforeFallback=0, fallbackOnly=0, unsolved=15
Wrote logs/family-census/solve-R03193-lm.json
Wrote logs/family-census/solve-R03193-lm-summary.md
portfolio-solve-sweep: corpus=data/families/family-R03193-sym.json levels=7 (7 to solve) scheduler-mode=legacy budget=8000ms node-budget=20000000 workers=4 save-hints=true
  [1/7] L3 (F03193-sym-03) ok=✗
  [2/7] L1 (F03193-sym-01) ok=✗
  [3/7] L2 (F03193-sym-02) ok=✗
  [4/7] L4 (F03193-sym-04) ok=✗
  [5/7] L6 (F03193-sym-06) ok=✗
  [6/7] L5 (F03193-sym-05) ok=✗
  [7/7] L7 (F03193-sym-07) ok=✗
Hints: appended to 0 level(s); 0 hint file(s) changed on disk.
Result: solved=0/7, solvedBeforeFallback=0, fallbackOnly=0, unsolved=7
Wrote logs/family-census/solve-R03193-sym.json
Wrote logs/family-census/solve-R03193-sym-summary.md
[02:30:18] DONE R03193
[02:30:18] START R03226
Parent R03226: witness stressMeta.witnessSolution (len 80, 5 jump(s)), 43 movable object instance(s) under strict inventory.
  attempt 1: accepted F03226-lm-01 — moved blocks (8,4) -> (0,9)
  attempt 2: accepted F03226-lm-02 — moved lamppost (5,4) -> (8,6)
  attempt 3: accepted F03226-lm-03 — moved mustPass (10,9) -> (6,3)
  attempt 4: accepted F03226-lm-04 — moved mustPass (10,0) -> (5,10)
  attempt 5: accepted F03226-lm-05 — moved park (9,7) -> (5,8)
  attempt 6: accepted F03226-lm-06 — moved fountain (8,10) -> (0,9)
  attempt 7: accepted F03226-lm-07 — moved park (9,7) -> (8,7)
  attempt 8: accepted F03226-lm-08 — moved fountain (8,10) -> (8,6)
  attempt 9: accepted F03226-lm-09 — moved blocks (3,2) -> (10,8)
  attempt 10: accepted F03226-lm-10 — moved park (10,7) -> (3,4)
  attempt 11: accepted F03226-lm-11 — moved blocks (2,6) -> (10,8)
  attempt 12: accepted F03226-lm-12 — moved market (5,1) -> (8,2)
  attempt 13: accepted F03226-lm-13 — moved park (0,0) -> (5,6)
  attempt 14: accepted F03226-lm-14 — moved blocks (10,6) -> (10,8)
  attempt 15: accepted F03226-lm-15 — moved blocks (2,8) -> (10,4)

15/15 new local-mutant sibling(s) generated for R03226 in 15 attempt(s) (budget 600); 15 total in data/families/family-R03226-lm.json.
Wrote 15 level(s) total to data/families/family-R03226-lm.json (changed=true), 15 hint file(s) written to data/families/hints/.
Wrote family manifest to data/families/family-R03226-lm-manifest.json (15 variant(s) total).
Parent R03226: witness stressMeta.witnessSolution (len 80, 5 jump(s)), 43 movable object instance(s) under strict inventory.
  variant 1 (rotation): accepted F03226-sym-01
  variant 2 (rotation): accepted F03226-sym-02
  variant 3 (rotation): accepted F03226-sym-03
  variant 4 (reflection): accepted F03226-sym-04
  variant 5 (reflection): accepted F03226-sym-05
  variant 6 (reflection): accepted F03226-sym-06
  variant 7 (reflection): accepted F03226-sym-07

7/7 new symmetry sibling(s) generated for R03226 in 7 attempt(s) (budget 7); 7 total in data/families/family-R03226-sym.json.
Wrote 7 level(s) total to data/families/family-R03226-sym.json (changed=true), 7 hint file(s) written to data/families/hints/.
Wrote family manifest to data/families/family-R03226-sym-manifest.json (7 variant(s) total).
portfolio-solve-sweep: corpus=data/families/family-R03226-lm.json levels=15 (15 to solve) scheduler-mode=legacy budget=8000ms node-budget=20000000 workers=4 save-hints=true
  [1/15] L4 (F03226-lm-04) ok=✗
  [2/15] L1 (F03226-lm-01) ok=✗
  [3/15] L2 (F03226-lm-02) ok=✗
  [4/15] L3 (F03226-lm-03) ok=✗
  [5/15] L5 (F03226-lm-05) ok=✗
  [6/15] L6 (F03226-lm-06) ok=✗
  [7/15] L7 (F03226-lm-07) ok=✗
  [8/15] L8 (F03226-lm-08) ok=✗
  [9/15] L9 (F03226-lm-09) ok=✗
  [10/15] L10 (F03226-lm-10) ok=✗
  [11/15] L11 (F03226-lm-11) ok=✗
  [12/15] L12 (F03226-lm-12) ok=✗
  [13/15] L15 (F03226-lm-15) ok=✗
  [14/15] L13 (F03226-lm-13) ok=✗
  [15/15] L14 (F03226-lm-14) ok=✗
Hints: appended to 0 level(s); 0 hint file(s) changed on disk.
Result: solved=0/15, solvedBeforeFallback=0, fallbackOnly=0, unsolved=15
Wrote logs/family-census/solve-R03226-lm.json
Wrote logs/family-census/solve-R03226-lm-summary.md
portfolio-solve-sweep: corpus=data/families/family-R03226-sym.json levels=7 (7 to solve) scheduler-mode=legacy budget=8000ms node-budget=20000000 workers=4 save-hints=true
  [1/7] L4 (F03226-sym-04) ok=✗
  [2/7] L1 (F03226-sym-01) ok=✗
  [3/7] L3 (F03226-sym-03) ok=✗
  [4/7] L2 (F03226-sym-02) ok=✗
  [5/7] L6 (F03226-sym-06) ok=✗
  [6/7] L7 (F03226-sym-07) ok=✗
  [7/7] L5 (F03226-sym-05) ok=✗
Hints: appended to 0 level(s); 0 hint file(s) changed on disk.
Result: solved=0/7, solvedBeforeFallback=0, fallbackOnly=0, unsolved=7
Wrote logs/family-census/solve-R03226-sym.json
Wrote logs/family-census/solve-R03226-sym-summary.md
[02:37:22] DONE R03226
[02:37:22] START R03274
Parent R03274: witness stressMeta.witnessSolution (len 124, 4 jump(s)), 65 movable object instance(s) under strict inventory.
  attempt 1: accepted F03274-lm-01 — moved flippingFilters (13,11) -> (14,12)
  attempt 2: accepted F03274-lm-02 — moved blocks (14,6) -> (10,3)
  attempt 3: accepted F03274-lm-03 — moved blocks (8,12) -> (13,5)
  attempt 4: accepted F03274-lm-04 — moved blocks (0,1) -> (8,14)
  attempt 5: accepted F03274-lm-05 — moved blocks (3,13) -> (14,14)
  attempt 6: accepted F03274-lm-06 — moved blocks (0,14) -> (11,3)
  attempt 7: accepted F03274-lm-07 — moved flippingFilters (8,9) -> (13,6)
  attempt 8: accepted F03274-lm-08 — moved blocks (11,9) -> (5,13)
  attempt 9: accepted F03274-lm-09 — moved blocks (2,5) -> (2,12)
  attempt 10: accepted F03274-lm-10 — moved blocks (3,14) -> (8,14)
  attempt 11: accepted F03274-lm-11 — moved blocks (2,5) -> (7,12)
  attempt 12: accepted F03274-lm-12 — moved flippingFilters (6,13) -> (4,1)
  attempt 13: accepted F03274-lm-13 — moved blocks (5,3) -> (7,12)
  attempt 14: accepted F03274-lm-14 — moved blocks (3,3) -> (0,13)
  attempt 15: accepted F03274-lm-15 — moved blocks (8,11) -> (13,6)

15/15 new local-mutant sibling(s) generated for R03274 in 15 attempt(s) (budget 600); 15 total in data/families/family-R03274-lm.json.
Wrote 15 level(s) total to data/families/family-R03274-lm.json (changed=true), 15 hint file(s) written to data/families/hints/.
Wrote family manifest to data/families/family-R03274-lm-manifest.json (15 variant(s) total).
Parent R03274: witness stressMeta.witnessSolution (len 124, 4 jump(s)), 65 movable object instance(s) under strict inventory.
  variant 1 (rotation): accepted F03274-sym-01
  variant 2 (rotation): accepted F03274-sym-02
  variant 3 (rotation): accepted F03274-sym-03
  variant 4 (reflection): accepted F03274-sym-04
  variant 5 (reflection): accepted F03274-sym-05
  variant 6 (reflection): accepted F03274-sym-06
  variant 7 (reflection): accepted F03274-sym-07

7/7 new symmetry sibling(s) generated for R03274 in 7 attempt(s) (budget 7); 7 total in data/families/family-R03274-sym.json.
Wrote 7 level(s) total to data/families/family-R03274-sym.json (changed=true), 7 hint file(s) written to data/families/hints/.
Wrote family manifest to data/families/family-R03274-sym-manifest.json (7 variant(s) total).
portfolio-solve-sweep: corpus=data/families/family-R03274-lm.json levels=15 (15 to solve) scheduler-mode=legacy budget=8000ms node-budget=20000000 workers=4 save-hints=true
  [1/15] L3 (F03274-lm-03) ok=✗
  [2/15] L2 (F03274-lm-02) ok=✗
  [3/15] L4 (F03274-lm-04) ok=✗
  [4/15] L1 (F03274-lm-01) ok=✗
  [5/15] L5 (F03274-lm-05) ok=✗
  [6/15] L6 (F03274-lm-06) ok=✗
  [7/15] L7 (F03274-lm-07) ok=✗
  [8/15] L8 (F03274-lm-08) ok=✗
  [9/15] L9 (F03274-lm-09) ok=✗
  [10/15] L11 (F03274-lm-11) ok=✗
  [11/15] L10 (F03274-lm-10) ok=✗
  [12/15] L12 (F03274-lm-12) ok=✗
  [13/15] L14 (F03274-lm-14) ok=✗
  [14/15] L13 (F03274-lm-13) ok=✗
  [15/15] L15 (F03274-lm-15) ok=✗
Hints: appended to 0 level(s); 0 hint file(s) changed on disk.
Result: solved=0/15, solvedBeforeFallback=0, fallbackOnly=0, unsolved=15
Wrote logs/family-census/solve-R03274-lm.json
Wrote logs/family-census/solve-R03274-lm-summary.md
portfolio-solve-sweep: corpus=data/families/family-R03274-sym.json levels=7 (7 to solve) scheduler-mode=legacy budget=8000ms node-budget=20000000 workers=4 save-hints=true
  [1/7] L3 (F03274-sym-03) ok=✗
  [2/7] L1 (F03274-sym-01) ok=✗
  [3/7] L4 (F03274-sym-04) ok=✗
  [4/7] L2 (F03274-sym-02) ok=✗
  [5/7] L6 (F03274-sym-06) ok=✗
  [6/7] L7 (F03274-sym-07) ok=✗
  [7/7] L5 (F03274-sym-05) ok=✗
Hints: appended to 0 level(s); 0 hint file(s) changed on disk.
Result: solved=0/7, solvedBeforeFallback=0, fallbackOnly=0, unsolved=7
Wrote logs/family-census/solve-R03274-sym.json
Wrote logs/family-census/solve-R03274-sym-summary.md
[02:40:37] DONE R03274
[02:40:37] START R03302
Parent R03302: witness hint[0] (len 74, 6 jump(s)), 47 movable object instance(s) under strict inventory.
  attempt 1: accepted F03302-lm-01 — moved flippingFilters (4,10) -> (1,0)
  attempt 2: accepted F03302-lm-02 — moved flippingFilters (2,6) -> (10,8)
  attempt 3: accepted F03302-lm-03 — moved flippingFilters (10,1) -> (6,3)
  attempt 4: accepted F03302-lm-04 — moved flippingFilters (2,6) -> (6,3)
  attempt 5: accepted F03302-lm-05 — moved flippingFilters (9,10) -> (1,0)
  attempt 6: accepted F03302-lm-06 — moved flippingFilters (2,8) -> (5,4)
  attempt 7: accepted F03302-lm-07 — moved flippingFilters (2,6) -> (5,4)
  attempt 8: accepted F03302-lm-08 — moved flippingFilters (10,2) -> (5,9)
  attempt 9: accepted F03302-lm-09 — moved flippingFilters (4,10) -> (1,10)
  attempt 10: accepted F03302-lm-10 — moved flippingFilters (10,1) -> (1,0)
  attempt 11: accepted F03302-lm-11 — moved flippingFilters (10,2) -> (4,4)
  attempt 12: accepted F03302-lm-12 — moved flippingFilters (10,2) -> (1,10)
  attempt 13: rejected — degenerate duplicate of parent or another accepted variant
  attempt 14: accepted F03302-lm-13 — moved flippingFilters (2,8) -> (9,9)
  attempt 15: rejected — degenerate duplicate of parent or another accepted variant
  attempt 16: accepted F03302-lm-14 — moved flippingFilters (10,2) -> (5,4)
  attempt 17: accepted F03302-lm-15 — moved flippingFilters (2,6) -> (4,4)

15/15 new local-mutant sibling(s) generated for R03302 in 17 attempt(s) (budget 600); 15 total in data/families/family-R03302-lm.json.
Wrote 15 level(s) total to data/families/family-R03302-lm.json (changed=true), 15 hint file(s) written to data/families/hints/.
Wrote family manifest to data/families/family-R03302-lm-manifest.json (15 variant(s) total).
Parent R03302: witness hint[0] (len 74, 6 jump(s)), 47 movable object instance(s) under strict inventory.
  variant 1 (rotation): accepted F03302-sym-01
  variant 2 (rotation): accepted F03302-sym-02
  variant 3 (rotation): accepted F03302-sym-03
  variant 4 (reflection): accepted F03302-sym-04
  variant 5 (reflection): accepted F03302-sym-05
  variant 6 (reflection): accepted F03302-sym-06
  variant 7 (reflection): accepted F03302-sym-07

7/7 new symmetry sibling(s) generated for R03302 in 7 attempt(s) (budget 7); 7 total in data/families/family-R03302-sym.json.
Wrote 7 level(s) total to data/families/family-R03302-sym.json (changed=true), 7 hint file(s) written to data/families/hints/.
Wrote family manifest to data/families/family-R03302-sym-manifest.json (7 variant(s) total).
portfolio-solve-sweep: corpus=data/families/family-R03302-lm.json levels=15 (15 to solve) scheduler-mode=legacy budget=8000ms node-budget=20000000 workers=4 save-hints=true
  [1/15] L2 (F03302-lm-02) ok=✓ legacy [hint saved]
  [2/15] L4 (F03302-lm-04) ok=✗
  [3/15] L3 (F03302-lm-03) ok=✗
  [4/15] L1 (F03302-lm-01) ok=✗
  [5/15] L5 (F03302-lm-05) ok=✗
  [6/15] L7 (F03302-lm-07) ok=✓ legacy [hint saved]
  [7/15] L6 (F03302-lm-06) ok=✓ legacy [hint saved]
  [8/15] L8 (F03302-lm-08) ok=✗
  [9/15] L11 (F03302-lm-11) ok=✓ legacy [hint saved]
  [10/15] L9 (F03302-lm-09) ok=✗
  [11/15] L10 (F03302-lm-10) ok=✗
  [12/15] L12 (F03302-lm-12) ok=✗
  [13/15] L15 (F03302-lm-15) ok=✓ legacy [hint saved]
  [14/15] L13 (F03302-lm-13) ok=✓ legacy [hint saved]
  [15/15] L14 (F03302-lm-14) ok=✗
Hints: appended to 6 level(s); 6 hint file(s) changed on disk.
Result: solved=6/15, solvedBeforeFallback=0, fallbackOnly=6, unsolved=9
Wrote logs/family-census/solve-R03302-lm.json
Wrote logs/family-census/solve-R03302-lm-summary.md
portfolio-solve-sweep: corpus=data/families/family-R03302-sym.json levels=7 (7 to solve) scheduler-mode=legacy budget=8000ms node-budget=20000000 workers=4 save-hints=true
  [1/7] L1 (F03302-sym-01) ok=✗
  [2/7] L2 (F03302-sym-02) ok=✗
  [3/7] L4 (F03302-sym-04) ok=✗
  [4/7] L3 (F03302-sym-03) ok=✗
  [5/7] L6 (F03302-sym-06) ok=✗
  [6/7] L5 (F03302-sym-05) ok=✗
  [7/7] L7 (F03302-sym-07) ok=✗
Hints: appended to 0 level(s); 0 hint file(s) changed on disk.
Result: solved=0/7, solvedBeforeFallback=0, fallbackOnly=0, unsolved=7
Wrote logs/family-census/solve-R03302-sym.json
Wrote logs/family-census/solve-R03302-sym-summary.md
[02:42:53] DONE R03302
[02:42:53] START R03330
Parent R03330: witness stressMeta.witnessSolution (len 105, 6 jump(s)), 31 movable object instance(s) under strict inventory.
  attempt 1: accepted F03330-lm-01 — moved lamppost (10,7) -> (7,9)
  attempt 2: accepted F03330-lm-02 — moved mustPass (2,8) -> (1,0)
  attempt 3: accepted F03330-lm-03 — moved library (0,0) -> (1,5)
  attempt 4: accepted F03330-lm-04 — moved lamppost (4,10) -> (3,8)
  attempt 5: accepted F03330-lm-05 — moved statue (3,7) -> (10,8)
  attempt 6: accepted F03330-lm-06 — moved mustPass (5,7) -> (5,0)
  attempt 7: accepted F03330-lm-07 — moved mustPass (4,8) -> (6,4)
  attempt 8: accepted F03330-lm-08 — moved library (0,0) -> (1,0)
  attempt 9: accepted F03330-lm-09 — moved mustPass (8,2) -> (0,3)
  attempt 10: accepted F03330-lm-10 — moved mustPass (8,2) -> (3,4)
  attempt 11: accepted F03330-lm-11 — moved mustPass (9,4) -> (8,5)
  attempt 12: accepted F03330-lm-12 — moved lamppost (10,7) -> (7,2)
  attempt 13: accepted F03330-lm-13 — moved library (0,0) -> (10,6)
  attempt 14: accepted F03330-lm-14 — moved mustPass (9,4) -> (1,5)
  attempt 15: accepted F03330-lm-15 — moved mustPass (4,8) -> (7,9)

15/15 new local-mutant sibling(s) generated for R03330 in 15 attempt(s) (budget 600); 15 total in data/families/family-R03330-lm.json.
Wrote 15 level(s) total to data/families/family-R03330-lm.json (changed=true), 15 hint file(s) written to data/families/hints/.
Wrote family manifest to data/families/family-R03330-lm-manifest.json (15 variant(s) total).
Parent R03330: witness stressMeta.witnessSolution (len 105, 6 jump(s)), 31 movable object instance(s) under strict inventory.
  variant 1 (rotation): accepted F03330-sym-01
  variant 2 (rotation): accepted F03330-sym-02
  variant 3 (rotation): accepted F03330-sym-03
  variant 4 (reflection): accepted F03330-sym-04
  variant 5 (reflection): accepted F03330-sym-05
  variant 6 (reflection): accepted F03330-sym-06
  variant 7 (reflection): accepted F03330-sym-07

7/7 new symmetry sibling(s) generated for R03330 in 7 attempt(s) (budget 7); 7 total in data/families/family-R03330-sym.json.
Wrote 7 level(s) total to data/families/family-R03330-sym.json (changed=true), 7 hint file(s) written to data/families/hints/.
Wrote family manifest to data/families/family-R03330-sym-manifest.json (7 variant(s) total).
portfolio-solve-sweep: corpus=data/families/family-R03330-lm.json levels=15 (15 to solve) scheduler-mode=legacy budget=8000ms node-budget=20000000 workers=4 save-hints=true
  [1/15] L1 (F03330-lm-01) ok=✗
  [2/15] L4 (F03330-lm-04) ok=✗
  [3/15] L2 (F03330-lm-02) ok=✗
  [4/15] L3 (F03330-lm-03) ok=✗
  [5/15] L5 (F03330-lm-05) ok=✗
  [6/15] L6 (F03330-lm-06) ok=✗
  [7/15] L8 (F03330-lm-08) ok=✗
  [8/15] L7 (F03330-lm-07) ok=✗
  [9/15] L9 (F03330-lm-09) ok=✗
  [10/15] L10 (F03330-lm-10) ok=✗
  [11/15] L11 (F03330-lm-11) ok=✗
  [12/15] L12 (F03330-lm-12) ok=✗
  [13/15] L13 (F03330-lm-13) ok=✗
  [14/15] L14 (F03330-lm-14) ok=✗
  [15/15] L15 (F03330-lm-15) ok=✗
Hints: appended to 0 level(s); 0 hint file(s) changed on disk.
Result: solved=0/15, solvedBeforeFallback=0, fallbackOnly=0, unsolved=15
Wrote logs/family-census/solve-R03330-lm.json
Wrote logs/family-census/solve-R03330-lm-summary.md
portfolio-solve-sweep: corpus=data/families/family-R03330-sym.json levels=7 (7 to solve) scheduler-mode=legacy budget=8000ms node-budget=20000000 workers=4 save-hints=true
  [1/7] L1 (F03330-sym-01) ok=✗
  [2/7] L4 (F03330-sym-04) ok=✗
  [3/7] L2 (F03330-sym-02) ok=✗
  [4/7] L3 (F03330-sym-03) ok=✗
  [5/7] L6 (F03330-sym-06) ok=✗
  [6/7] L7 (F03330-sym-07) ok=✗
  [7/7] L5 (F03330-sym-05) ok=✗
Hints: appended to 0 level(s); 0 hint file(s) changed on disk.
Result: solved=0/7, solvedBeforeFallback=0, fallbackOnly=0, unsolved=7
Wrote logs/family-census/solve-R03330-sym.json
Wrote logs/family-census/solve-R03330-sym-summary.md
[02:45:23] DONE R03330
[02:45:23] START R03368
Parent R03368: witness stressMeta.witnessSolution (len 121, 6 jump(s)), 27 movable object instance(s) under strict inventory.
  attempt 1: accepted F03368-lm-01 — moved statue (7,4) -> (4,13)
  attempt 2: accepted F03368-lm-02 — moved statue (5,6) -> (9,4)
  attempt 3: accepted F03368-lm-03 — moved statue (1,11) -> (13,3)
  attempt 4: accepted F03368-lm-04 — moved mustCross (2,6) -> (3,5)
  attempt 5: accepted F03368-lm-05 — moved park (3,2) -> (7,8)
  attempt 6: accepted F03368-lm-06 — moved flippingFilters (5,13) -> (1,10)
  attempt 7: accepted F03368-lm-07 — moved mustCross (4,4) -> (4,3)
  attempt 8: rejected — degenerate duplicate of parent or another accepted variant
  attempt 9: accepted F03368-lm-08 — moved mustCross (9,7) -> (3,6)
  attempt 10: accepted F03368-lm-09 — moved market (7,7) -> (12,12)
  attempt 11: accepted F03368-lm-10 — moved flippingFilters (4,12) -> (9,13)
  attempt 12: accepted F03368-lm-11 — moved library (1,1) -> (2,0)
  attempt 13: accepted F03368-lm-12 — moved statue (7,4) -> (12,6)
  attempt 14: accepted F03368-lm-13 — moved statue (5,6) -> (2,11)
  attempt 15: accepted F03368-lm-14 — moved flippingFilters (0,7) -> (1,0)
  attempt 16: accepted F03368-lm-15 — moved statue (0,13) -> (3,0)

15/15 new local-mutant sibling(s) generated for R03368 in 16 attempt(s) (budget 600); 15 total in data/families/family-R03368-lm.json.
Wrote 15 level(s) total to data/families/family-R03368-lm.json (changed=true), 15 hint file(s) written to data/families/hints/.
Wrote family manifest to data/families/family-R03368-lm-manifest.json (15 variant(s) total).
Parent R03368: witness stressMeta.witnessSolution (len 121, 6 jump(s)), 27 movable object instance(s) under strict inventory.
  variant 1 (rotation): accepted F03368-sym-01
  variant 2 (rotation): accepted F03368-sym-02
  variant 3 (rotation): accepted F03368-sym-03
  variant 4 (reflection): accepted F03368-sym-04
  variant 5 (reflection): accepted F03368-sym-05
  variant 6 (reflection): accepted F03368-sym-06
  variant 7 (reflection): accepted F03368-sym-07

7/7 new symmetry sibling(s) generated for R03368 in 7 attempt(s) (budget 7); 7 total in data/families/family-R03368-sym.json.
Wrote 7 level(s) total to data/families/family-R03368-sym.json (changed=true), 7 hint file(s) written to data/families/hints/.
Wrote family manifest to data/families/family-R03368-sym-manifest.json (7 variant(s) total).
portfolio-solve-sweep: corpus=data/families/family-R03368-lm.json levels=15 (15 to solve) scheduler-mode=legacy budget=8000ms node-budget=20000000 workers=4 save-hints=true
  [1/15] L3 (F03368-lm-03) ok=✓ legacy [hint saved]
  [2/15] L1 (F03368-lm-01) ok=✓ legacy [hint saved]
  [3/15] L5 (F03368-lm-05) ok=✓ legacy [hint saved]
  [4/15] L4 (F03368-lm-04) ok=✗
  [5/15] L2 (F03368-lm-02) ok=✗
  [6/15] L6 (F03368-lm-06) ok=✗
  [7/15] L7 (F03368-lm-07) ok=✗
  [8/15] L11 (F03368-lm-11) ok=✓ legacy [hint saved]
  [9/15] L12 (F03368-lm-12) ok=✓ legacy [hint saved]
  [10/15] L13 (F03368-lm-13) ok=✓ legacy [hint saved]
  [11/15] L8 (F03368-lm-08) ok=✗
  [12/15] L14 (F03368-lm-14) ok=✓ legacy [hint saved]
  [13/15] L9 (F03368-lm-09) ok=✗
  [14/15] L10 (F03368-lm-10) ok=✗
  [15/15] L15 (F03368-lm-15) ok=✗
Hints: appended to 7 level(s); 7 hint file(s) changed on disk.
Result: solved=7/15, solvedBeforeFallback=0, fallbackOnly=7, unsolved=8
Wrote logs/family-census/solve-R03368-lm.json
Wrote logs/family-census/solve-R03368-lm-summary.md
portfolio-solve-sweep: corpus=data/families/family-R03368-sym.json levels=7 (7 to solve) scheduler-mode=legacy budget=8000ms node-budget=20000000 workers=4 save-hints=true
  [1/7] L4 (F03368-sym-04) ok=✓ legacy [hint saved]
  [2/7] L5 (F03368-sym-05) ok=✓ legacy [hint saved]
  [3/7] L2 (F03368-sym-02) ok=✓ legacy [hint saved]
  [4/7] L7 (F03368-sym-07) ok=✓ legacy [hint saved]
  [5/7] L1 (F03368-sym-01) ok=✗
  [6/7] L6 (F03368-sym-06) ok=✗
  [7/7] L3 (F03368-sym-03) ok=✗
Hints: appended to 4 level(s); 4 hint file(s) changed on disk.
Result: solved=4/7, solvedBeforeFallback=0, fallbackOnly=4, unsolved=3
Wrote logs/family-census/solve-R03368-sym.json
Wrote logs/family-census/solve-R03368-sym-summary.md
[02:48:33] DONE R03368
