[23:10:39] START R00112
Parent R00112: witness hint[0] (len 77, 4 jump(s)), 49 movable object instance(s) under strict inventory.
  attempt 1: accepted F00112-lm-01 — moved flippingFilters (5,3) -> (9,2)
  attempt 2: accepted F00112-lm-02 — moved flippingFilters (10,2) -> (9,1)
  attempt 3: accepted F00112-lm-03 — moved flippingFilters (5,3) -> (8,3)
  attempt 4: accepted F00112-lm-04 — moved flippingFilters (1,0) -> (8,3)
  attempt 5: accepted F00112-lm-05 — moved flippingFilters (5,5) -> (9,1)
  attempt 6: rejected — degenerate duplicate of parent or another accepted variant
  attempt 7: accepted F00112-lm-06 — moved flippingFilters (6,9) -> (4,7)
  attempt 8: accepted F00112-lm-07 — moved flippingFilters (10,2) -> (8,3)
  attempt 9: accepted F00112-lm-08 — moved flippingFilters (6,7) -> (9,2)
  attempt 10: accepted F00112-lm-09 — moved flippingFilters (0,0) -> (9,2)
  attempt 11: rejected — degenerate duplicate of parent or another accepted variant
  attempt 12: rejected — degenerate duplicate of parent or another accepted variant
  attempt 13: accepted F00112-lm-10 — moved flippingFilters (1,0) -> (9,2)
  attempt 14: rejected — degenerate duplicate of parent or another accepted variant
  attempt 15: accepted F00112-lm-11 — moved flippingFilters (5,5) -> (6,3)
  attempt 16: rejected — degenerate duplicate of parent or another accepted variant
  attempt 17: rejected — degenerate duplicate of parent or another accepted variant
  attempt 18: accepted F00112-lm-12 — moved flippingFilters (5,5) -> (3,1)
  attempt 19: accepted F00112-lm-13 — moved flippingFilters (5,5) -> (5,2)
  attempt 20: accepted F00112-lm-14 — moved flippingFilters (6,9) -> (7,8)
  attempt 21: accepted F00112-lm-15 — moved flippingFilters (6,9) -> (5,9)

15/15 new local-mutant sibling(s) generated for R00112 in 21 attempt(s) (budget 600); 15 total in data/families/family-R00112-lm.json.
Wrote 15 level(s) total to data/families/family-R00112-lm.json (changed=true), 15 hint file(s) written to data/families/hints/.
Wrote family manifest to data/families/family-R00112-lm-manifest.json (15 variant(s) total).
Parent R00112: witness hint[0] (len 77, 4 jump(s)), 49 movable object instance(s) under strict inventory.
  variant 1 (rotation): accepted F00112-sym-01
  variant 2 (rotation): accepted F00112-sym-02
  variant 3 (rotation): accepted F00112-sym-03
  variant 4 (reflection): accepted F00112-sym-04
  variant 5 (reflection): accepted F00112-sym-05
  variant 6 (reflection): accepted F00112-sym-06
  variant 7 (reflection): accepted F00112-sym-07

7/7 new symmetry sibling(s) generated for R00112 in 7 attempt(s) (budget 7); 7 total in data/families/family-R00112-sym.json.
Wrote 7 level(s) total to data/families/family-R00112-sym.json (changed=true), 7 hint file(s) written to data/families/hints/.
Wrote family manifest to data/families/family-R00112-sym-manifest.json (7 variant(s) total).
portfolio-solve-sweep: corpus=data/families/family-R00112-lm.json levels=15 (15 to solve) scheduler-mode=legacy budget=8000ms node-budget=20000000 workers=4 save-hints=true
  [1/15] L2 (F00112-lm-02) ok=✗
  [2/15] L3 (F00112-lm-03) ok=✓ legacy [hint saved]
  [3/15] L4 (F00112-lm-04) ok=✗
  [4/15] L1 (F00112-lm-01) ok=✗
  [5/15] L5 (F00112-lm-05) ok=✗
  [6/15] L6 (F00112-lm-06) ok=✗
  [7/15] L8 (F00112-lm-08) ok=✗
  [8/15] L7 (F00112-lm-07) ok=✗
  [9/15] L9 (F00112-lm-09) ok=✗
  [10/15] L11 (F00112-lm-11) ok=✗
  [11/15] L12 (F00112-lm-12) ok=✗
  [12/15] L10 (F00112-lm-10) ok=✗
  [13/15] L13 (F00112-lm-13) ok=✗
  [14/15] L15 (F00112-lm-15) ok=✗
  [15/15] L14 (F00112-lm-14) ok=✗
Hints: appended to 1 level(s); 1 hint file(s) changed on disk.
Result: solved=1/15, solvedBeforeFallback=0, fallbackOnly=1, unsolved=14
Wrote logs/family-census/solve-R00112-lm.json
Wrote logs/family-census/solve-R00112-lm-summary.md
portfolio-solve-sweep: corpus=data/families/family-R00112-sym.json levels=7 (7 to solve) scheduler-mode=legacy budget=8000ms node-budget=20000000 workers=4 save-hints=true
  [1/7] L2 (F00112-sym-02) ok=✗
  [2/7] L4 (F00112-sym-04) ok=✗
  [3/7] L1 (F00112-sym-01) ok=✗
  [4/7] L3 (F00112-sym-03) ok=✗
  [5/7] L5 (F00112-sym-05) ok=✗
  [6/7] L6 (F00112-sym-06) ok=✗
  [7/7] L7 (F00112-sym-07) ok=✗
Hints: appended to 0 level(s); 0 hint file(s) changed on disk.
Result: solved=0/7, solvedBeforeFallback=0, fallbackOnly=0, unsolved=7
Wrote logs/family-census/solve-R00112-sym.json
Wrote logs/family-census/solve-R00112-sym-summary.md
[23:11:43] DONE R00112
[23:11:43] START R00370
Parent R00370: witness stressMeta.witnessSolution (len 87, 7 jump(s)), 42 movable object instance(s) under strict inventory.
  attempt 1: accepted F00370-lm-01 — moved blocks (10,10) -> (0,6)
  attempt 2: accepted F00370-lm-02 — moved blocks (6,4) -> (4,2)
  attempt 3: accepted F00370-lm-03 — moved statue (6,6) -> (3,1)
  attempt 4: accepted F00370-lm-04 — moved blocks (10,9) -> (3,4)
  attempt 5: accepted F00370-lm-05 — moved statue (6,5) -> (5,2)
  attempt 6: accepted F00370-lm-06 — moved blocks (10,9) -> (10,2)
  attempt 7: accepted F00370-lm-07 — moved blocks (9,6) -> (5,0)
  attempt 8: accepted F00370-lm-08 — moved falseGoals (11,3) -> (3,7)
  attempt 9: accepted F00370-lm-09 — moved blocks (8,7) -> (11,6)
  attempt 10: accepted F00370-lm-10 — moved blocks (11,7) -> (3,1)
  attempt 11: accepted F00370-lm-11 — moved blocks (9,6) -> (4,6)
  attempt 12: accepted F00370-lm-12 — moved falseGoals (9,9) -> (9,7)
  attempt 13: accepted F00370-lm-13 — moved flippingFilters (0,5) -> (10,7)
  attempt 14: accepted F00370-lm-14 — moved blocks (8,7) -> (11,2)
  attempt 15: accepted F00370-lm-15 — moved blocks (5,8) -> (4,6)

15/15 new local-mutant sibling(s) generated for R00370 in 15 attempt(s) (budget 600); 15 total in data/families/family-R00370-lm.json.
Wrote 15 level(s) total to data/families/family-R00370-lm.json (changed=true), 15 hint file(s) written to data/families/hints/.
Wrote family manifest to data/families/family-R00370-lm-manifest.json (15 variant(s) total).
Parent R00370: witness stressMeta.witnessSolution (len 87, 7 jump(s)), 42 movable object instance(s) under strict inventory.
  variant 1 (rotation): accepted F00370-sym-01
  variant 2 (rotation): accepted F00370-sym-02
  variant 3 (rotation): accepted F00370-sym-03
  variant 4 (reflection): accepted F00370-sym-04
  variant 5 (reflection): accepted F00370-sym-05
  variant 6 (reflection): accepted F00370-sym-06
  variant 7 (reflection): accepted F00370-sym-07

7/7 new symmetry sibling(s) generated for R00370 in 7 attempt(s) (budget 7); 7 total in data/families/family-R00370-sym.json.
Wrote 7 level(s) total to data/families/family-R00370-sym.json (changed=true), 7 hint file(s) written to data/families/hints/.
Wrote family manifest to data/families/family-R00370-sym-manifest.json (7 variant(s) total).
portfolio-solve-sweep: corpus=data/families/family-R00370-lm.json levels=15 (15 to solve) scheduler-mode=legacy budget=8000ms node-budget=20000000 workers=4 save-hints=true
  [1/15] L2 (F00370-lm-02) ok=✗
  [2/15] L1 (F00370-lm-01) ok=✗
  [3/15] L4 (F00370-lm-04) ok=✗
  [4/15] L3 (F00370-lm-03) ok=✗
  [5/15] L8 (F00370-lm-08) ok=✓ legacy [hint saved]
  [6/15] L5 (F00370-lm-05) ok=✗
  [7/15] L7 (F00370-lm-07) ok=✗
  [8/15] L6 (F00370-lm-06) ok=✗
  [9/15] L9 (F00370-lm-09) ok=✗
  [10/15] L11 (F00370-lm-11) ok=✗
  [11/15] L10 (F00370-lm-10) ok=✗
  [12/15] L12 (F00370-lm-12) ok=✗
  [13/15] L13 (F00370-lm-13) ok=✗
  [14/15] L15 (F00370-lm-15) ok=✗
  [15/15] L14 (F00370-lm-14) ok=✗
Hints: appended to 1 level(s); 1 hint file(s) changed on disk.
Result: solved=1/15, solvedBeforeFallback=0, fallbackOnly=1, unsolved=14
Wrote logs/family-census/solve-R00370-lm.json
Wrote logs/family-census/solve-R00370-lm-summary.md
portfolio-solve-sweep: corpus=data/families/family-R00370-sym.json levels=7 (7 to solve) scheduler-mode=legacy budget=8000ms node-budget=20000000 workers=4 save-hints=true
  [1/7] L2 (F00370-sym-02) ok=✗
  [2/7] L4 (F00370-sym-04) ok=✗
  [3/7] L1 (F00370-sym-01) ok=✗
  [4/7] L3 (F00370-sym-03) ok=✗
  [5/7] L5 (F00370-sym-05) ok=✗
  [6/7] L7 (F00370-sym-07) ok=✗
  [7/7] L6 (F00370-sym-06) ok=✗
Hints: appended to 0 level(s); 0 hint file(s) changed on disk.
Result: solved=0/7, solvedBeforeFallback=0, fallbackOnly=0, unsolved=7
Wrote logs/family-census/solve-R00370-sym.json
Wrote logs/family-census/solve-R00370-sym-summary.md
[23:16:01] DONE R00370
[23:16:01] START R00544
Parent R00544: witness stressMeta.witnessSolution (len 112, 0 jump(s)), 49 movable object instance(s) under strict inventory.
  attempt 1: accepted F00544-lm-01 — moved geese (1,8) -> (11,3)
  attempt 2: accepted F00544-lm-02 — moved blocks (2,9) -> (2,8)
  attempt 3: accepted F00544-lm-03 — moved geese (4,4) -> (5,2)
  attempt 4: accepted F00544-lm-04 — moved flippingFilters (10,5) -> (11,12)
  attempt 5: accepted F00544-lm-05 — moved statue (7,1) -> (8,10)
  attempt 6: accepted F00544-lm-06 — moved blocks (2,9) -> (8,5)
  attempt 7: accepted F00544-lm-07 — moved flippingFilters (7,6) -> (5,2)
  attempt 8: accepted F00544-lm-08 — moved blocks (8,6) -> (11,3)
  attempt 9: accepted F00544-lm-09 — moved flippingFilters (7,9) -> (7,11)
  attempt 10: accepted F00544-lm-10 — moved geese (12,1) -> (4,10)
  attempt 11: accepted F00544-lm-11 — moved blocks (10,6) -> (5,4)
  attempt 12: accepted F00544-lm-12 — moved blocks (1,3) -> (0,4)
  attempt 13: accepted F00544-lm-13 — moved blocks (2,10) -> (8,8)
  attempt 14: accepted F00544-lm-14 — moved library (3,8) -> (5,9)
  attempt 15: accepted F00544-lm-15 — moved blocks (2,7) -> (10,0)

15/15 new local-mutant sibling(s) generated for R00544 in 15 attempt(s) (budget 600); 15 total in data/families/family-R00544-lm.json.
Wrote 15 level(s) total to data/families/family-R00544-lm.json (changed=true), 15 hint file(s) written to data/families/hints/.
Wrote family manifest to data/families/family-R00544-lm-manifest.json (15 variant(s) total).
Parent R00544: witness stressMeta.witnessSolution (len 112, 0 jump(s)), 49 movable object instance(s) under strict inventory.
  variant 1 (rotation): accepted F00544-sym-01
  variant 2 (rotation): accepted F00544-sym-02
  variant 3 (rotation): accepted F00544-sym-03
  variant 4 (reflection): accepted F00544-sym-04
  variant 5 (reflection): accepted F00544-sym-05
  variant 6 (reflection): accepted F00544-sym-06
  variant 7 (reflection): accepted F00544-sym-07

7/7 new symmetry sibling(s) generated for R00544 in 7 attempt(s) (budget 7); 7 total in data/families/family-R00544-sym.json.
Wrote 7 level(s) total to data/families/family-R00544-sym.json (changed=true), 7 hint file(s) written to data/families/hints/.
Wrote family manifest to data/families/family-R00544-sym-manifest.json (7 variant(s) total).
portfolio-solve-sweep: corpus=data/families/family-R00544-lm.json levels=15 (15 to solve) scheduler-mode=legacy budget=8000ms node-budget=20000000 workers=4 save-hints=true
  [1/15] L1 (F00544-lm-01) ok=✗
  [2/15] L3 (F00544-lm-03) ok=✗
  [3/15] L2 (F00544-lm-02) ok=✗
  [4/15] L4 (F00544-lm-04) ok=✗
  [5/15] L5 (F00544-lm-05) ok=✗
  [6/15] L8 (F00544-lm-08) ok=✗
  [7/15] L6 (F00544-lm-06) ok=✗
  [8/15] L7 (F00544-lm-07) ok=✗
  [9/15] L9 (F00544-lm-09) ok=✗
  [10/15] L10 (F00544-lm-10) ok=✗
  [11/15] L11 (F00544-lm-11) ok=✗
  [12/15] L12 (F00544-lm-12) ok=✗
  [13/15] L13 (F00544-lm-13) ok=✗
  [14/15] L15 (F00544-lm-15) ok=✗
  [15/15] L14 (F00544-lm-14) ok=✗
Hints: appended to 0 level(s); 0 hint file(s) changed on disk.
Result: solved=0/15, solvedBeforeFallback=0, fallbackOnly=0, unsolved=15
Wrote logs/family-census/solve-R00544-lm.json
Wrote logs/family-census/solve-R00544-lm-summary.md
portfolio-solve-sweep: corpus=data/families/family-R00544-sym.json levels=7 (7 to solve) scheduler-mode=legacy budget=8000ms node-budget=20000000 workers=4 save-hints=true
  [1/7] L4 (F00544-sym-04) ok=✗
  [2/7] L3 (F00544-sym-03) ok=✗
  [3/7] L2 (F00544-sym-02) ok=✗
  [4/7] L1 (F00544-sym-01) ok=✗
  [5/7] L7 (F00544-sym-07) ok=✗
  [6/7] L5 (F00544-sym-05) ok=✗
  [7/7] L6 (F00544-sym-06) ok=✗
Hints: appended to 0 level(s); 0 hint file(s) changed on disk.
Result: solved=0/7, solvedBeforeFallback=0, fallbackOnly=0, unsolved=7
Wrote logs/family-census/solve-R00544-sym.json
Wrote logs/family-census/solve-R00544-sym-summary.md
[23:18:16] DONE R00544
[23:18:16] START R00690
Parent R00690: witness stressMeta.witnessSolution (len 113, 6 jump(s)), 71 movable object instance(s) under strict inventory.
  attempt 1: accepted F00690-lm-01 — moved blocks (9,0) -> (12,2)
  attempt 2: accepted F00690-lm-02 — moved geese (7,9) -> (9,9)
  attempt 3: accepted F00690-lm-03 — moved statue (4,9) -> (10,11)
  attempt 4: accepted F00690-lm-04 — moved blocks (11,0) -> (7,7)
  attempt 5: accepted F00690-lm-05 — moved blocks (7,13) -> (1,8)
  attempt 6: accepted F00690-lm-06 — moved blocks (2,8) -> (0,13)
  attempt 7: accepted F00690-lm-07 — moved geese (7,12) -> (11,3)
  attempt 8: accepted F00690-lm-08 — moved blocks (7,6) -> (9,11)
  attempt 9: accepted F00690-lm-09 — moved geese (2,2) -> (0,13)
  attempt 10: accepted F00690-lm-10 — moved mustPass (5,6) -> (9,4)
  attempt 11: accepted F00690-lm-11 — moved library (0,5) -> (9,11)
  attempt 12: accepted F00690-lm-12 — moved blocks (11,2) -> (0,6)
  attempt 13: accepted F00690-lm-13 — moved blocks (13,3) -> (2,9)
  attempt 14: accepted F00690-lm-14 — moved library (12,7) -> (6,11)
  attempt 15: accepted F00690-lm-15 — moved blocks (9,2) -> (0,6)

15/15 new local-mutant sibling(s) generated for R00690 in 15 attempt(s) (budget 600); 15 total in data/families/family-R00690-lm.json.
Wrote 15 level(s) total to data/families/family-R00690-lm.json (changed=true), 15 hint file(s) written to data/families/hints/.
Wrote family manifest to data/families/family-R00690-lm-manifest.json (15 variant(s) total).
Parent R00690: witness stressMeta.witnessSolution (len 113, 6 jump(s)), 71 movable object instance(s) under strict inventory.
  variant 1 (rotation): accepted F00690-sym-01
  variant 2 (rotation): accepted F00690-sym-02
  variant 3 (rotation): accepted F00690-sym-03
  variant 4 (reflection): accepted F00690-sym-04
  variant 5 (reflection): accepted F00690-sym-05
  variant 6 (reflection): accepted F00690-sym-06
  variant 7 (reflection): accepted F00690-sym-07

7/7 new symmetry sibling(s) generated for R00690 in 7 attempt(s) (budget 7); 7 total in data/families/family-R00690-sym.json.
Wrote 7 level(s) total to data/families/family-R00690-sym.json (changed=true), 7 hint file(s) written to data/families/hints/.
Wrote family manifest to data/families/family-R00690-sym-manifest.json (7 variant(s) total).
portfolio-solve-sweep: corpus=data/families/family-R00690-lm.json levels=15 (15 to solve) scheduler-mode=legacy budget=8000ms node-budget=20000000 workers=4 save-hints=true
  [1/15] L3 (F00690-lm-03) ok=✗
  [2/15] L2 (F00690-lm-02) ok=✗
  [3/15] L1 (F00690-lm-01) ok=✗
  [4/15] L4 (F00690-lm-04) ok=✗
  [5/15] L5 (F00690-lm-05) ok=✗
  [6/15] L7 (F00690-lm-07) ok=✗
  [7/15] L6 (F00690-lm-06) ok=✗
  [8/15] L8 (F00690-lm-08) ok=✗
  [9/15] L9 (F00690-lm-09) ok=✗
  [10/15] L10 (F00690-lm-10) ok=✗
  [11/15] L11 (F00690-lm-11) ok=✗
  [12/15] L12 (F00690-lm-12) ok=✗
  [13/15] L14 (F00690-lm-14) ok=✗
  [14/15] L13 (F00690-lm-13) ok=✗
  [15/15] L15 (F00690-lm-15) ok=✗
Hints: appended to 0 level(s); 0 hint file(s) changed on disk.
Result: solved=0/15, solvedBeforeFallback=0, fallbackOnly=0, unsolved=15
Wrote logs/family-census/solve-R00690-lm.json
Wrote logs/family-census/solve-R00690-lm-summary.md
portfolio-solve-sweep: corpus=data/families/family-R00690-sym.json levels=7 (7 to solve) scheduler-mode=legacy budget=8000ms node-budget=20000000 workers=4 save-hints=true
  [1/7] L2 (F00690-sym-02) ok=✗
  [2/7] L4 (F00690-sym-04) ok=✗
  [3/7] L3 (F00690-sym-03) ok=✗
  [4/7] L1 (F00690-sym-01) ok=✗
  [5/7] L5 (F00690-sym-05) ok=✗
  [6/7] L7 (F00690-sym-07) ok=✗
  [7/7] L6 (F00690-sym-06) ok=✗
Hints: appended to 0 level(s); 0 hint file(s) changed on disk.
Result: solved=0/7, solvedBeforeFallback=0, fallbackOnly=0, unsolved=7
Wrote logs/family-census/solve-R00690-sym.json
Wrote logs/family-census/solve-R00690-sym-summary.md
[23:23:30] DONE R00690
[23:23:30] START R00866
Parent R00866: witness stressMeta.witnessSolution (len 88, 0 jump(s)), 31 movable object instance(s) under strict inventory.
  attempt 1: accepted F00866-lm-01 — moved geese (6,5) -> (2,4)
  attempt 2: accepted F00866-lm-02 — moved flippingFilters (1,0) -> (2,4)
  attempt 3: accepted F00866-lm-03 — moved blocks (0,2) -> (2,4)
  attempt 4: accepted F00866-lm-04 — moved blocks (3,7) -> (10,5)
  attempt 5: accepted F00866-lm-05 — moved blocks (3,3) -> (10,3)
  attempt 6: accepted F00866-lm-06 — moved blocks (1,6) -> (6,2)
  attempt 7: accepted F00866-lm-07 — moved falseGoals (3,6) -> (10,5)
  attempt 8: accepted F00866-lm-08 — moved blocks (3,7) -> (6,2)
  attempt 9: accepted F00866-lm-09 — moved falseGoals (3,4) -> (0,3)
  attempt 10: accepted F00866-lm-10 — moved geese (6,5) -> (8,7)
  attempt 11: accepted F00866-lm-11 — moved falseGoals (3,6) -> (7,6)
  attempt 12: accepted F00866-lm-12 — moved falseGoals (3,4) -> (7,6)
  attempt 13: accepted F00866-lm-13 — moved flippingFilters (10,4) -> (4,3)
  attempt 14: accepted F00866-lm-14 — moved falseGoals (7,5) -> (2,4)
  attempt 15: accepted F00866-lm-15 — moved falseGoals (7,5) -> (0,3)

15/15 new local-mutant sibling(s) generated for R00866 in 15 attempt(s) (budget 600); 15 total in data/families/family-R00866-lm.json.
Wrote 15 level(s) total to data/families/family-R00866-lm.json (changed=true), 15 hint file(s) written to data/families/hints/.
Wrote family manifest to data/families/family-R00866-lm-manifest.json (15 variant(s) total).
Parent R00866: witness stressMeta.witnessSolution (len 88, 0 jump(s)), 31 movable object instance(s) under strict inventory.
  variant 1 (rotation): accepted F00866-sym-01
  variant 2 (rotation): accepted F00866-sym-02
  variant 3 (rotation): accepted F00866-sym-03
  variant 4 (reflection): accepted F00866-sym-04
  variant 5 (reflection): accepted F00866-sym-05
  variant 6 (reflection): accepted F00866-sym-06
  variant 7 (reflection): accepted F00866-sym-07

7/7 new symmetry sibling(s) generated for R00866 in 7 attempt(s) (budget 7); 7 total in data/families/family-R00866-sym.json.
Wrote 7 level(s) total to data/families/family-R00866-sym.json (changed=true), 7 hint file(s) written to data/families/hints/.
Wrote family manifest to data/families/family-R00866-sym-manifest.json (7 variant(s) total).
portfolio-solve-sweep: corpus=data/families/family-R00866-lm.json levels=15 (15 to solve) scheduler-mode=legacy budget=8000ms node-budget=20000000 workers=4 save-hints=true
  [1/15] L3 (F00866-lm-03) ok=✗
  [2/15] L1 (F00866-lm-01) ok=✗
  [3/15] L2 (F00866-lm-02) ok=✗
  [4/15] L4 (F00866-lm-04) ok=✗
  [5/15] L5 (F00866-lm-05) ok=✗
  [6/15] L7 (F00866-lm-07) ok=✗
  [7/15] L6 (F00866-lm-06) ok=✗
  [8/15] L8 (F00866-lm-08) ok=✗
  [9/15] L10 (F00866-lm-10) ok=✓ legacy [hint saved]
  [10/15] L11 (F00866-lm-11) ok=✗
  [11/15] L9 (F00866-lm-09) ok=✗
  [12/15] L12 (F00866-lm-12) ok=✗
  [13/15] L13 (F00866-lm-13) ok=✗
  [14/15] L15 (F00866-lm-15) ok=✗
  [15/15] L14 (F00866-lm-14) ok=✗
Hints: appended to 1 level(s); 1 hint file(s) changed on disk.
Result: solved=1/15, solvedBeforeFallback=0, fallbackOnly=1, unsolved=14
Wrote logs/family-census/solve-R00866-lm.json
Wrote logs/family-census/solve-R00866-lm-summary.md
portfolio-solve-sweep: corpus=data/families/family-R00866-sym.json levels=7 (7 to solve) scheduler-mode=legacy budget=8000ms node-budget=20000000 workers=4 save-hints=true
  [1/7] L2 (F00866-sym-02) ok=✗
  [2/7] L4 (F00866-sym-04) ok=✗
  [3/7] L3 (F00866-sym-03) ok=✗
  [4/7] L1 (F00866-sym-01) ok=✗
  [5/7] L5 (F00866-sym-05) ok=✗
  [6/7] L6 (F00866-sym-06) ok=✗
  [7/7] L7 (F00866-sym-07) ok=✗
Hints: appended to 0 level(s); 0 hint file(s) changed on disk.
Result: solved=0/7, solvedBeforeFallback=0, fallbackOnly=0, unsolved=7
Wrote logs/family-census/solve-R00866-sym.json
Wrote logs/family-census/solve-R00866-sym-summary.md
[23:24:46] DONE R00866
[23:24:46] START R01058
Parent R01058: witness stressMeta.witnessSolution (len 132, 5 jump(s)), 46 movable object instance(s) under strict inventory.
  attempt 1: accepted F01058-lm-01 — moved mustCross (3,9) -> (13,1)
  attempt 2: accepted F01058-lm-02 — moved mustCross (7,7) -> (13,1)
  attempt 3: accepted F01058-lm-03 — moved fountain (11,4) -> (8,4)
  attempt 4: accepted F01058-lm-04 — moved park (5,6) -> (2,14)
  attempt 5: accepted F01058-lm-05 — moved mustCross (11,2) -> (13,1)
  attempt 6: accepted F01058-lm-06 — moved falseGoals (3,12) -> (1,0)
  attempt 7: accepted F01058-lm-07 — moved market (1,11) -> (4,8)
  attempt 8: accepted F01058-lm-08 — moved blocks (9,10) -> (8,4)
  attempt 9: rejected — degenerate duplicate of parent or another accepted variant
  attempt 10: accepted F01058-lm-09 — moved falseGoals (3,12) -> (13,5)
  attempt 11: accepted F01058-lm-10 — moved flippingFilters (2,12) -> (0,14)
  attempt 12: accepted F01058-lm-11 — moved library (10,1) -> (9,5)
  attempt 13: accepted F01058-lm-12 — moved falseGoals (0,6) -> (9,12)
  attempt 14: accepted F01058-lm-13 — moved mustCross (11,10) -> (13,1)
  attempt 15: accepted F01058-lm-14 — moved flippingFilters (2,12) -> (0,12)
  attempt 16: accepted F01058-lm-15 — moved falseGoals (0,7) -> (2,1)

15/15 new local-mutant sibling(s) generated for R01058 in 16 attempt(s) (budget 600); 15 total in data/families/family-R01058-lm.json.
Wrote 15 level(s) total to data/families/family-R01058-lm.json (changed=true), 15 hint file(s) written to data/families/hints/.
Wrote family manifest to data/families/family-R01058-lm-manifest.json (15 variant(s) total).
Parent R01058: witness stressMeta.witnessSolution (len 132, 5 jump(s)), 46 movable object instance(s) under strict inventory.
  variant 1 (rotation): accepted F01058-sym-01
  variant 2 (rotation): accepted F01058-sym-02
  variant 3 (rotation): accepted F01058-sym-03
  variant 4 (reflection): accepted F01058-sym-04
  variant 5 (reflection): accepted F01058-sym-05
  variant 6 (reflection): accepted F01058-sym-06
  variant 7 (reflection): accepted F01058-sym-07

7/7 new symmetry sibling(s) generated for R01058 in 7 attempt(s) (budget 7); 7 total in data/families/family-R01058-sym.json.
Wrote 7 level(s) total to data/families/family-R01058-sym.json (changed=true), 7 hint file(s) written to data/families/hints/.
Wrote family manifest to data/families/family-R01058-sym-manifest.json (7 variant(s) total).
portfolio-solve-sweep: corpus=data/families/family-R01058-lm.json levels=15 (15 to solve) scheduler-mode=legacy budget=8000ms node-budget=20000000 workers=4 save-hints=true
  [1/15] L2 (F01058-lm-02) ok=✗
  [2/15] L4 (F01058-lm-04) ok=✗
  [3/15] L1 (F01058-lm-01) ok=✗
  [4/15] L3 (F01058-lm-03) ok=✗
  [5/15] L5 (F01058-lm-05) ok=✗
  [6/15] L8 (F01058-lm-08) ok=✗
  [7/15] L7 (F01058-lm-07) ok=✗
  [8/15] L6 (F01058-lm-06) ok=✗
  [9/15] L9 (F01058-lm-09) ok=✗
  [10/15] L10 (F01058-lm-10) ok=✗
  [11/15] L11 (F01058-lm-11) ok=✗
  [12/15] L12 (F01058-lm-12) ok=✗
  [13/15] L13 (F01058-lm-13) ok=✗
  [14/15] L15 (F01058-lm-15) ok=✗
  [15/15] L14 (F01058-lm-14) ok=✗
Hints: appended to 0 level(s); 0 hint file(s) changed on disk.
Result: solved=0/15, solvedBeforeFallback=0, fallbackOnly=0, unsolved=15
Wrote logs/family-census/solve-R01058-lm.json
Wrote logs/family-census/solve-R01058-lm-summary.md
portfolio-solve-sweep: corpus=data/families/family-R01058-sym.json levels=7 (7 to solve) scheduler-mode=legacy budget=8000ms node-budget=20000000 workers=4 save-hints=true
  [1/7] L3 (F01058-sym-03) ok=✗
  [2/7] L2 (F01058-sym-02) ok=✗
  [3/7] L1 (F01058-sym-01) ok=✗
  [4/7] L4 (F01058-sym-04) ok=✗
  [5/7] L5 (F01058-sym-05) ok=✗
  [6/7] L6 (F01058-sym-06) ok=✗
  [7/7] L7 (F01058-sym-07) ok=✗
Hints: appended to 0 level(s); 0 hint file(s) changed on disk.
Result: solved=0/7, solvedBeforeFallback=0, fallbackOnly=0, unsolved=7
Wrote logs/family-census/solve-R01058-sym.json
Wrote logs/family-census/solve-R01058-sym-summary.md
[23:31:43] DONE R01058
[23:31:43] START R01280
Parent R01280: witness stressMeta.witnessSolution (len 98, 0 jump(s)), 59 movable object instance(s) under strict inventory.
  attempt 1: accepted F01280-lm-01 — moved blocks (0,10) -> (5,6)
  attempt 2: accepted F01280-lm-02 — moved mustPass (8,4) -> (8,8)
  attempt 3: accepted F01280-lm-03 — moved blocks (11,2) -> (10,4)
  attempt 4: accepted F01280-lm-04 — moved blocks (5,11) -> (1,3)
  attempt 5: accepted F01280-lm-05 — moved mustPass (9,10) -> (10,8)
  attempt 6: accepted F01280-lm-06 — moved mustPass (2,10) -> (4,9)
  attempt 7: accepted F01280-lm-07 — moved blocks (2,6) -> (2,2)
  attempt 8: accepted F01280-lm-08 — moved library (6,6) -> (10,4)
  attempt 9: accepted F01280-lm-09 — moved library (9,0) -> (1,3)
  attempt 10: accepted F01280-lm-10 — moved blocks (11,2) -> (7,7)
  attempt 11: accepted F01280-lm-11 — moved geese (11,4) -> (1,3)
  attempt 12: accepted F01280-lm-12 — moved falseGoals (1,10) -> (10,4)
  attempt 13: accepted F01280-lm-13 — moved blocks (4,0) -> (2,2)
  attempt 14: accepted F01280-lm-14 — moved blocks (2,7) -> (10,4)
  attempt 15: accepted F01280-lm-15 — moved blocks (11,8) -> (1,3)

15/15 new local-mutant sibling(s) generated for R01280 in 15 attempt(s) (budget 600); 15 total in data/families/family-R01280-lm.json.
Wrote 15 level(s) total to data/families/family-R01280-lm.json (changed=true), 15 hint file(s) written to data/families/hints/.
Wrote family manifest to data/families/family-R01280-lm-manifest.json (15 variant(s) total).
Parent R01280: witness stressMeta.witnessSolution (len 98, 0 jump(s)), 59 movable object instance(s) under strict inventory.
  variant 1 (rotation): accepted F01280-sym-01
  variant 2 (rotation): accepted F01280-sym-02
  variant 3 (rotation): accepted F01280-sym-03
  variant 4 (reflection): accepted F01280-sym-04
  variant 5 (reflection): accepted F01280-sym-05
  variant 6 (reflection): accepted F01280-sym-06
  variant 7 (reflection): accepted F01280-sym-07

7/7 new symmetry sibling(s) generated for R01280 in 7 attempt(s) (budget 7); 7 total in data/families/family-R01280-sym.json.
Wrote 7 level(s) total to data/families/family-R01280-sym.json (changed=true), 7 hint file(s) written to data/families/hints/.
Wrote family manifest to data/families/family-R01280-sym-manifest.json (7 variant(s) total).
portfolio-solve-sweep: corpus=data/families/family-R01280-lm.json levels=15 (15 to solve) scheduler-mode=legacy budget=8000ms node-budget=20000000 workers=4 save-hints=true
  [1/15] L1 (F01280-lm-01) ok=✗
  [2/15] L3 (F01280-lm-03) ok=✗
  [3/15] L4 (F01280-lm-04) ok=✗
  [4/15] L2 (F01280-lm-02) ok=✗
  [5/15] L5 (F01280-lm-05) ok=✗
  [6/15] L7 (F01280-lm-07) ok=✗
  [7/15] L6 (F01280-lm-06) ok=✗
  [8/15] L8 (F01280-lm-08) ok=✗
  [9/15] L9 (F01280-lm-09) ok=✗
  [10/15] L12 (F01280-lm-12) ok=✗
  [11/15] L11 (F01280-lm-11) ok=✗
  [12/15] L10 (F01280-lm-10) ok=✗
  [13/15] L14 (F01280-lm-14) ok=✗
  [14/15] L13 (F01280-lm-13) ok=✗
  [15/15] L15 (F01280-lm-15) ok=✗
Hints: appended to 0 level(s); 0 hint file(s) changed on disk.
Result: solved=0/15, solvedBeforeFallback=0, fallbackOnly=0, unsolved=15
Wrote logs/family-census/solve-R01280-lm.json
Wrote logs/family-census/solve-R01280-lm-summary.md
portfolio-solve-sweep: corpus=data/families/family-R01280-sym.json levels=7 (7 to solve) scheduler-mode=legacy budget=8000ms node-budget=20000000 workers=4 save-hints=true
  [1/7] L4 (F01280-sym-04) ok=✗
  [2/7] L3 (F01280-sym-03) ok=✗
  [3/7] L2 (F01280-sym-02) ok=✗
  [4/7] L1 (F01280-sym-01) ok=✗
  [5/7] L6 (F01280-sym-06) ok=✗
  [6/7] L5 (F01280-sym-05) ok=✗
  [7/7] L7 (F01280-sym-07) ok=✗
Hints: appended to 0 level(s); 0 hint file(s) changed on disk.
Result: solved=0/7, solvedBeforeFallback=0, fallbackOnly=0, unsolved=7
Wrote logs/family-census/solve-R01280-sym.json
Wrote logs/family-census/solve-R01280-sym-summary.md
[23:34:23] DONE R01280
[23:34:23] START R01428
Parent R01428: witness stressMeta.witnessSolution (len 92, 6 jump(s)), 25 movable object instance(s) under strict inventory.
  attempt 1: accepted F01428-lm-01 — moved statue (7,4) -> (8,3)
  attempt 2: accepted F01428-lm-02 — moved flippingFilters (5,5) -> (5,3)
  attempt 3: accepted F01428-lm-03 — moved lamppost (6,8) -> (5,7)
  attempt 4: accepted F01428-lm-04 — moved flippingFilters (6,10) -> (8,2)
  attempt 5: accepted F01428-lm-05 — moved falseGoals (10,4) -> (3,10)
  attempt 6: accepted F01428-lm-06 — moved geese (0,8) -> (4,5)
  attempt 7: accepted F01428-lm-07 — moved flippingFilters (6,10) -> (1,9)
  attempt 8: accepted F01428-lm-08 — moved flippingFilters (7,9) -> (10,6)
  attempt 9: accepted F01428-lm-09 — moved flippingFilters (9,0) -> (7,10)
  attempt 10: accepted F01428-lm-10 — moved flippingFilters (6,10) -> (1,0)
  attempt 11: accepted F01428-lm-11 — moved falseGoals (0,7) -> (10,0)
  attempt 12: accepted F01428-lm-12 — moved falseGoals (5,6) -> (0,9)
  attempt 13: accepted F01428-lm-13 — moved lamppost (6,8) -> (2,4)
  attempt 14: accepted F01428-lm-14 — moved geese (2,10) -> (7,1)
  attempt 15: accepted F01428-lm-15 — moved geese (7,7) -> (8,1)

15/15 new local-mutant sibling(s) generated for R01428 in 15 attempt(s) (budget 600); 15 total in data/families/family-R01428-lm.json.
Wrote 15 level(s) total to data/families/family-R01428-lm.json (changed=true), 15 hint file(s) written to data/families/hints/.
Wrote family manifest to data/families/family-R01428-lm-manifest.json (15 variant(s) total).
Parent R01428: witness stressMeta.witnessSolution (len 92, 6 jump(s)), 25 movable object instance(s) under strict inventory.
  variant 1 (rotation): accepted F01428-sym-01
  variant 2 (rotation): accepted F01428-sym-02
  variant 3 (rotation): accepted F01428-sym-03
  variant 4 (reflection): accepted F01428-sym-04
  variant 5 (reflection): accepted F01428-sym-05
  variant 6 (reflection): accepted F01428-sym-06
  variant 7 (reflection): accepted F01428-sym-07

7/7 new symmetry sibling(s) generated for R01428 in 7 attempt(s) (budget 7); 7 total in data/families/family-R01428-sym.json.
Wrote 7 level(s) total to data/families/family-R01428-sym.json (changed=true), 7 hint file(s) written to data/families/hints/.
Wrote family manifest to data/families/family-R01428-sym-manifest.json (7 variant(s) total).
portfolio-solve-sweep: corpus=data/families/family-R01428-lm.json levels=15 (15 to solve) scheduler-mode=legacy budget=8000ms node-budget=20000000 workers=4 save-hints=true
  [1/15] L2 (F01428-lm-02) ok=✗
  [2/15] L1 (F01428-lm-01) ok=✗
  [3/15] L3 (F01428-lm-03) ok=✗
  [4/15] L4 (F01428-lm-04) ok=✗
  [5/15] L5 (F01428-lm-05) ok=✗
  [6/15] L6 (F01428-lm-06) ok=✗
  [7/15] L8 (F01428-lm-08) ok=✗
  [8/15] L7 (F01428-lm-07) ok=✗
  [9/15] L9 (F01428-lm-09) ok=✗
  [10/15] L10 (F01428-lm-10) ok=✗
  [11/15] L12 (F01428-lm-12) ok=✗
  [12/15] L11 (F01428-lm-11) ok=✗
  [13/15] L15 (F01428-lm-15) ok=✗
  [14/15] L14 (F01428-lm-14) ok=✗
  [15/15] L13 (F01428-lm-13) ok=✗
Hints: appended to 0 level(s); 0 hint file(s) changed on disk.
Result: solved=0/15, solvedBeforeFallback=0, fallbackOnly=0, unsolved=15
Wrote logs/family-census/solve-R01428-lm.json
Wrote logs/family-census/solve-R01428-lm-summary.md
portfolio-solve-sweep: corpus=data/families/family-R01428-sym.json levels=7 (7 to solve) scheduler-mode=legacy budget=8000ms node-budget=20000000 workers=4 save-hints=true
  [1/7] L3 (F01428-sym-03) ok=✗
  [2/7] L1 (F01428-sym-01) ok=✗
  [3/7] L2 (F01428-sym-02) ok=✗
  [4/7] L4 (F01428-sym-04) ok=✗
  [5/7] L7 (F01428-sym-07) ok=✗
  [6/7] L6 (F01428-sym-06) ok=✗
  [7/7] L5 (F01428-sym-05) ok=✗
Hints: appended to 0 level(s); 0 hint file(s) changed on disk.
Result: solved=0/7, solvedBeforeFallback=0, fallbackOnly=0, unsolved=7
Wrote logs/family-census/solve-R01428-sym.json
Wrote logs/family-census/solve-R01428-sym-summary.md
[23:36:11] DONE R01428
[23:36:11] START R01613
Parent R01613: witness hint[0] (len 94, 0 jump(s)), 58 movable object instance(s) under strict inventory.
  attempt 1: accepted F01613-lm-01 — moved mustPass (11,11) -> (7,12)
  attempt 2: accepted F01613-lm-02 — moved lamppost (10,11) -> (10,9)
  attempt 3: accepted F01613-lm-03 — moved blocks (5,4) -> (1,7)
  attempt 4: accepted F01613-lm-04 — moved mustPass (11,6) -> (12,12)
  attempt 5: accepted F01613-lm-05 — moved blocks (3,8) -> (0,0)
  attempt 6: accepted F01613-lm-06 — moved blocks (4,10) -> (5,7)
  attempt 7: accepted F01613-lm-07 — moved blocks (2,10) -> (6,8)
  attempt 8: accepted F01613-lm-08 — moved blocks (1,11) -> (2,12)
  attempt 9: accepted F01613-lm-09 — moved market (0,9) -> (4,9)
  attempt 10: accepted F01613-lm-10 — moved blocks (12,0) -> (3,4)
  attempt 11: accepted F01613-lm-11 — moved library (2,7) -> (2,3)
  attempt 12: accepted F01613-lm-12 — moved market (0,9) -> (11,0)
  attempt 13: accepted F01613-lm-13 — moved blocks (5,11) -> (10,9)
  attempt 14: accepted F01613-lm-14 — moved blocks (1,11) -> (9,1)
  attempt 15: accepted F01613-lm-15 — moved blocks (1,5) -> (5,10)

15/15 new local-mutant sibling(s) generated for R01613 in 15 attempt(s) (budget 600); 15 total in data/families/family-R01613-lm.json.
Wrote 15 level(s) total to data/families/family-R01613-lm.json (changed=true), 15 hint file(s) written to data/families/hints/.
Wrote family manifest to data/families/family-R01613-lm-manifest.json (15 variant(s) total).
Parent R01613: witness hint[0] (len 94, 0 jump(s)), 58 movable object instance(s) under strict inventory.
  variant 1 (rotation): accepted F01613-sym-01
  variant 2 (rotation): accepted F01613-sym-02
  variant 3 (rotation): accepted F01613-sym-03
  variant 4 (reflection): accepted F01613-sym-04
  variant 5 (reflection): accepted F01613-sym-05
  variant 6 (reflection): accepted F01613-sym-06
  variant 7 (reflection): accepted F01613-sym-07

7/7 new symmetry sibling(s) generated for R01613 in 7 attempt(s) (budget 7); 7 total in data/families/family-R01613-sym.json.
Wrote 7 level(s) total to data/families/family-R01613-sym.json (changed=true), 7 hint file(s) written to data/families/hints/.
Wrote family manifest to data/families/family-R01613-sym-manifest.json (7 variant(s) total).
portfolio-solve-sweep: corpus=data/families/family-R01613-lm.json levels=15 (15 to solve) scheduler-mode=legacy budget=8000ms node-budget=20000000 workers=4 save-hints=true
  [1/15] L1 (F01613-lm-01) ok=✓ legacy [hint saved]
  [2/15] L2 (F01613-lm-02) ok=✗
  [3/15] L4 (F01613-lm-04) ok=✗
  [4/15] L3 (F01613-lm-03) ok=✗
  [5/15] L5 (F01613-lm-05) ok=✗
  [6/15] L6 (F01613-lm-06) ok=✗
  [7/15] L7 (F01613-lm-07) ok=✗
  [8/15] L8 (F01613-lm-08) ok=✗
  [9/15] L11 (F01613-lm-11) ok=✓ legacy [hint saved]
  [10/15] L9 (F01613-lm-09) ok=✗
  [11/15] L13 (F01613-lm-13) ok=✓ legacy [hint saved]
  [12/15] L10 (F01613-lm-10) ok=✗
  [13/15] L12 (F01613-lm-12) ok=✗
  [14/15] L14 (F01613-lm-14) ok=✗
  [15/15] L15 (F01613-lm-15) ok=✗
Hints: appended to 3 level(s); 3 hint file(s) changed on disk.
Result: solved=3/15, solvedBeforeFallback=0, fallbackOnly=3, unsolved=12
Wrote logs/family-census/solve-R01613-lm.json
Wrote logs/family-census/solve-R01613-lm-summary.md
portfolio-solve-sweep: corpus=data/families/family-R01613-sym.json levels=7 (7 to solve) scheduler-mode=legacy budget=8000ms node-budget=20000000 workers=4 save-hints=true
  [1/7] L4 (F01613-sym-04) ok=✗
  [2/7] L2 (F01613-sym-02) ok=✗
  [3/7] L3 (F01613-sym-03) ok=✗
  [4/7] L1 (F01613-sym-01) ok=✗
  [5/7] L6 (F01613-sym-06) ok=✗
  [6/7] L7 (F01613-sym-07) ok=✗
  [7/7] L5 (F01613-sym-05) ok=✗
Hints: appended to 0 level(s); 0 hint file(s) changed on disk.
Result: solved=0/7, solvedBeforeFallback=0, fallbackOnly=0, unsolved=7
Wrote logs/family-census/solve-R01613-sym.json
Wrote logs/family-census/solve-R01613-sym-summary.md
[23:38:21] DONE R01613
[23:38:21] START R01764
Parent R01764: witness stressMeta.witnessSolution (len 92, 6 jump(s)), 42 movable object instance(s) under strict inventory.
  attempt 1: accepted F01764-lm-01 — moved mustPass (8,10) -> (1,3)
  attempt 2: accepted F01764-lm-02 — moved statue (5,9) -> (7,5)
  attempt 3: accepted F01764-lm-03 — moved mustPass (5,8) -> (8,4)
  attempt 4: accepted F01764-lm-04 — moved mustPass (8,10) -> (6,1)
  attempt 5: accepted F01764-lm-05 — moved mustPass (3,8) -> (3,4)
  attempt 6: accepted F01764-lm-06 — moved mustPass (7,4) -> (9,4)
  attempt 7: accepted F01764-lm-07 — moved library (0,2) -> (8,9)
  attempt 8: accepted F01764-lm-08 — moved lamppost (7,7) -> (10,3)
  attempt 9: accepted F01764-lm-09 — moved library (6,2) -> (8,7)
  attempt 10: accepted F01764-lm-10 — moved flippingFilters (8,8) -> (2,7)
  attempt 11: accepted F01764-lm-11 — moved market (7,0) -> (8,7)
  attempt 12: accepted F01764-lm-12 — moved statue (3,7) -> (2,10)
  attempt 13: accepted F01764-lm-13 — moved park (8,0) -> (8,1)
  attempt 14: accepted F01764-lm-14 — moved mustPass (7,4) -> (9,9)
  attempt 15: accepted F01764-lm-15 — moved mustPass (2,3) -> (7,3)

15/15 new local-mutant sibling(s) generated for R01764 in 15 attempt(s) (budget 600); 15 total in data/families/family-R01764-lm.json.
Wrote 15 level(s) total to data/families/family-R01764-lm.json (changed=true), 15 hint file(s) written to data/families/hints/.
Wrote family manifest to data/families/family-R01764-lm-manifest.json (15 variant(s) total).
Parent R01764: witness stressMeta.witnessSolution (len 92, 6 jump(s)), 42 movable object instance(s) under strict inventory.
  variant 1 (rotation): accepted F01764-sym-01
  variant 2 (rotation): accepted F01764-sym-02
  variant 3 (rotation): accepted F01764-sym-03
  variant 4 (reflection): accepted F01764-sym-04
  variant 5 (reflection): accepted F01764-sym-05
  variant 6 (reflection): accepted F01764-sym-06
  variant 7 (reflection): accepted F01764-sym-07

7/7 new symmetry sibling(s) generated for R01764 in 7 attempt(s) (budget 7); 7 total in data/families/family-R01764-sym.json.
Wrote 7 level(s) total to data/families/family-R01764-sym.json (changed=true), 7 hint file(s) written to data/families/hints/.
Wrote family manifest to data/families/family-R01764-sym-manifest.json (7 variant(s) total).
portfolio-solve-sweep: corpus=data/families/family-R01764-lm.json levels=15 (15 to solve) scheduler-mode=legacy budget=8000ms node-budget=20000000 workers=4 save-hints=true
  [1/15] L1 (F01764-lm-01) ok=✗
  [2/15] L4 (F01764-lm-04) ok=✗
  [3/15] L3 (F01764-lm-03) ok=✗
  [4/15] L2 (F01764-lm-02) ok=✗
  [5/15] L5 (F01764-lm-05) ok=✗
  [6/15] L6 (F01764-lm-06) ok=✗
  [7/15] L8 (F01764-lm-08) ok=✗
  [8/15] L7 (F01764-lm-07) ok=✗
  [9/15] L10 (F01764-lm-10) ok=✗
  [10/15] L9 (F01764-lm-09) ok=✗
  [11/15] L12 (F01764-lm-12) ok=✗
  [12/15] L11 (F01764-lm-11) ok=✗
  [13/15] L14 (F01764-lm-14) ok=✗
  [14/15] L13 (F01764-lm-13) ok=✗
  [15/15] L15 (F01764-lm-15) ok=✗
Hints: appended to 0 level(s); 0 hint file(s) changed on disk.
Result: solved=0/15, solvedBeforeFallback=0, fallbackOnly=0, unsolved=15
Wrote logs/family-census/solve-R01764-lm.json
Wrote logs/family-census/solve-R01764-lm-summary.md
portfolio-solve-sweep: corpus=data/families/family-R01764-sym.json levels=7 (7 to solve) scheduler-mode=legacy budget=8000ms node-budget=20000000 workers=4 save-hints=true
  [1/7] L3 (F01764-sym-03) ok=✗
  [2/7] L1 (F01764-sym-01) ok=✗
  [3/7] L2 (F01764-sym-02) ok=✗
  [4/7] L4 (F01764-sym-04) ok=✗
  [5/7] L6 (F01764-sym-06) ok=✗
  [6/7] L7 (F01764-sym-07) ok=✗
  [7/7] L5 (F01764-sym-05) ok=✗
Hints: appended to 0 level(s); 0 hint file(s) changed on disk.
Result: solved=0/7, solvedBeforeFallback=0, fallbackOnly=0, unsolved=7
Wrote logs/family-census/solve-R01764-sym.json
Wrote logs/family-census/solve-R01764-sym-summary.md
[23:40:18] DONE R01764
[23:40:18] START R01997
Parent R01997: witness stressMeta.witnessSolution (len 99, 0 jump(s)), 47 movable object instance(s) under strict inventory.
  attempt 1: accepted F01997-lm-01 — moved blocks (6,0) -> (4,6)
  attempt 2: accepted F01997-lm-02 — moved park (10,1) -> (3,11)
  attempt 3: accepted F01997-lm-03 — moved falseGoals (7,10) -> (9,3)
  attempt 4: accepted F01997-lm-04 — moved fountain (6,3) -> (9,3)
  attempt 5: accepted F01997-lm-05 — moved lamppost (2,9) -> (9,2)
  attempt 6: accepted F01997-lm-06 — moved mustPass (3,7) -> (3,5)
  attempt 7: accepted F01997-lm-07 — moved mustPass (10,7) -> (9,8)
  attempt 8: accepted F01997-lm-08 — moved blocks (2,3) -> (3,11)
  attempt 9: accepted F01997-lm-09 — moved mustPass (3,7) -> (5,10)
  attempt 10: accepted F01997-lm-10 — moved library (9,11) -> (9,3)
  attempt 11: accepted F01997-lm-11 — moved blocks (11,7) -> (9,2)
  attempt 12: accepted F01997-lm-12 — moved lamppost (7,0) -> (10,11)
  attempt 13: accepted F01997-lm-13 — moved mustPass (3,7) -> (2,7)
  attempt 14: accepted F01997-lm-14 — moved falseGoals (10,4) -> (9,1)
  attempt 15: accepted F01997-lm-15 — moved blocks (8,11) -> (6,4)

15/15 new local-mutant sibling(s) generated for R01997 in 15 attempt(s) (budget 600); 15 total in data/families/family-R01997-lm.json.
Wrote 15 level(s) total to data/families/family-R01997-lm.json (changed=true), 15 hint file(s) written to data/families/hints/.
Wrote family manifest to data/families/family-R01997-lm-manifest.json (15 variant(s) total).
Parent R01997: witness stressMeta.witnessSolution (len 99, 0 jump(s)), 47 movable object instance(s) under strict inventory.
  variant 1 (rotation): accepted F01997-sym-01
  variant 2 (rotation): accepted F01997-sym-02
  variant 3 (rotation): accepted F01997-sym-03
  variant 4 (reflection): accepted F01997-sym-04
  variant 5 (reflection): accepted F01997-sym-05
  variant 6 (reflection): accepted F01997-sym-06
  variant 7 (reflection): accepted F01997-sym-07

7/7 new symmetry sibling(s) generated for R01997 in 7 attempt(s) (budget 7); 7 total in data/families/family-R01997-sym.json.
Wrote 7 level(s) total to data/families/family-R01997-sym.json (changed=true), 7 hint file(s) written to data/families/hints/.
Wrote family manifest to data/families/family-R01997-sym-manifest.json (7 variant(s) total).
portfolio-solve-sweep: corpus=data/families/family-R01997-lm.json levels=15 (15 to solve) scheduler-mode=legacy budget=8000ms node-budget=20000000 workers=4 save-hints=true
  [1/15] L3 (F01997-lm-03) ok=✗
  [2/15] L4 (F01997-lm-04) ok=✗
  [3/15] L2 (F01997-lm-02) ok=✗
  [4/15] L1 (F01997-lm-01) ok=✗
  [5/15] L5 (F01997-lm-05) ok=✗
  [6/15] L7 (F01997-lm-07) ok=✗
  [7/15] L6 (F01997-lm-06) ok=✗
  [8/15] L8 (F01997-lm-08) ok=✗
  [9/15] L10 (F01997-lm-10) ok=✗
  [10/15] L11 (F01997-lm-11) ok=✗
  [11/15] L9 (F01997-lm-09) ok=✗
  [12/15] L12 (F01997-lm-12) ok=✗
  [13/15] L14 (F01997-lm-14) ok=✗
  [14/15] L13 (F01997-lm-13) ok=✗
  [15/15] L15 (F01997-lm-15) ok=✗
Hints: appended to 0 level(s); 0 hint file(s) changed on disk.
Result: solved=0/15, solvedBeforeFallback=0, fallbackOnly=0, unsolved=15
Wrote logs/family-census/solve-R01997-lm.json
Wrote logs/family-census/solve-R01997-lm-summary.md
portfolio-solve-sweep: corpus=data/families/family-R01997-sym.json levels=7 (7 to solve) scheduler-mode=legacy budget=8000ms node-budget=20000000 workers=4 save-hints=true
  [1/7] L3 (F01997-sym-03) ok=✗
  [2/7] L2 (F01997-sym-02) ok=✗
  [3/7] L1 (F01997-sym-01) ok=✗
  [4/7] L4 (F01997-sym-04) ok=✗
  [5/7] L5 (F01997-sym-05) ok=✗
  [6/7] L6 (F01997-sym-06) ok=✗
  [7/7] L7 (F01997-sym-07) ok=✗
Hints: appended to 0 level(s); 0 hint file(s) changed on disk.
Result: solved=0/7, solvedBeforeFallback=0, fallbackOnly=0, unsolved=7
Wrote logs/family-census/solve-R01997-sym.json
Wrote logs/family-census/solve-R01997-sym-summary.md
[23:42:13] DONE R01997
[23:42:13] START R02034
Parent R02034: witness stressMeta.witnessSolution (len 113, 0 jump(s)), 77 movable object instance(s) under strict inventory.
  attempt 1: accepted F02034-lm-01 — moved fountain (11,8) -> (13,7)
  attempt 2: accepted F02034-lm-02 — moved mustPass (11,1) -> (7,5)
  attempt 3: accepted F02034-lm-03 — moved blocks (5,1) -> (3,0)
  attempt 4: accepted F02034-lm-04 — moved blocks (4,9) -> (2,2)
  attempt 5: accepted F02034-lm-05 — moved geese (13,8) -> (2,1)
  attempt 6: accepted F02034-lm-06 — moved blocks (0,6) -> (13,4)
  attempt 7: accepted F02034-lm-07 — moved statue (8,5) -> (2,6)
  attempt 8: accepted F02034-lm-08 — moved park (9,12) -> (13,9)
  attempt 9: accepted F02034-lm-09 — moved blocks (1,1) -> (2,1)
  attempt 10: accepted F02034-lm-10 — moved blocks (0,7) -> (10,7)
  attempt 11: accepted F02034-lm-11 — moved blocks (11,5) -> (10,2)
  attempt 12: accepted F02034-lm-12 — moved blocks (0,6) -> (6,10)
  attempt 13: accepted F02034-lm-13 — moved flippingFilters (2,10) -> (9,13)
  attempt 14: accepted F02034-lm-14 — moved mustCross (9,9) -> (3,3)
  attempt 15: accepted F02034-lm-15 — moved geese (1,0) -> (3,9)

15/15 new local-mutant sibling(s) generated for R02034 in 15 attempt(s) (budget 600); 15 total in data/families/family-R02034-lm.json.
Wrote 15 level(s) total to data/families/family-R02034-lm.json (changed=true), 15 hint file(s) written to data/families/hints/.
Wrote family manifest to data/families/family-R02034-lm-manifest.json (15 variant(s) total).
Parent R02034: witness stressMeta.witnessSolution (len 113, 0 jump(s)), 77 movable object instance(s) under strict inventory.
  variant 1 (rotation): accepted F02034-sym-01
  variant 2 (rotation): accepted F02034-sym-02
  variant 3 (rotation): accepted F02034-sym-03
  variant 4 (reflection): accepted F02034-sym-04
  variant 5 (reflection): accepted F02034-sym-05
  variant 6 (reflection): accepted F02034-sym-06
  variant 7 (reflection): accepted F02034-sym-07

7/7 new symmetry sibling(s) generated for R02034 in 7 attempt(s) (budget 7); 7 total in data/families/family-R02034-sym.json.
Wrote 7 level(s) total to data/families/family-R02034-sym.json (changed=true), 7 hint file(s) written to data/families/hints/.
Wrote family manifest to data/families/family-R02034-sym-manifest.json (7 variant(s) total).
portfolio-solve-sweep: corpus=data/families/family-R02034-lm.json levels=15 (15 to solve) scheduler-mode=legacy budget=8000ms node-budget=20000000 workers=4 save-hints=true
  [1/15] L4 (F02034-lm-04) ok=✓ legacy [hint saved]
  [2/15] L1 (F02034-lm-01) ok=✗
  [3/15] L2 (F02034-lm-02) ok=✗
  [4/15] L3 (F02034-lm-03) ok=✗
  [5/15] L5 (F02034-lm-05) ok=✗
  [6/15] L7 (F02034-lm-07) ok=✗
  [7/15] L6 (F02034-lm-06) ok=✗
  [8/15] L8 (F02034-lm-08) ok=✗
  [9/15] L9 (F02034-lm-09) ok=✗
  [10/15] L10 (F02034-lm-10) ok=✗
  [11/15] L11 (F02034-lm-11) ok=✗
  [12/15] L12 (F02034-lm-12) ok=✗
  [13/15] L13 (F02034-lm-13) ok=✗
  [14/15] L14 (F02034-lm-14) ok=✗
  [15/15] L15 (F02034-lm-15) ok=✗
Hints: appended to 1 level(s); 1 hint file(s) changed on disk.
Result: solved=1/15, solvedBeforeFallback=0, fallbackOnly=1, unsolved=14
Wrote logs/family-census/solve-R02034-lm.json
Wrote logs/family-census/solve-R02034-lm-summary.md
portfolio-solve-sweep: corpus=data/families/family-R02034-sym.json levels=7 (7 to solve) scheduler-mode=legacy budget=8000ms node-budget=20000000 workers=4 save-hints=true
  [1/7] L4 (F02034-sym-04) ok=✗
  [2/7] L2 (F02034-sym-02) ok=✗
  [3/7] L3 (F02034-sym-03) ok=✗
  [4/7] L1 (F02034-sym-01) ok=✗
  [5/7] L6 (F02034-sym-06) ok=✗
  [6/7] L7 (F02034-sym-07) ok=✗
  [7/7] L5 (F02034-sym-05) ok=✗
Hints: appended to 0 level(s); 0 hint file(s) changed on disk.
Result: solved=0/7, solvedBeforeFallback=0, fallbackOnly=0, unsolved=7
Wrote logs/family-census/solve-R02034-sym.json
Wrote logs/family-census/solve-R02034-sym-summary.md
[23:47:26] DONE R02034
[23:47:26] START R02077
Parent R02077: witness stressMeta.witnessSolution (len 75, 5 jump(s)), 59 movable object instance(s) under strict inventory.
  attempt 1: accepted F02077-lm-01 — moved blocks (9,9) -> (2,4)
  attempt 2: accepted F02077-lm-02 — moved blocks (2,6) -> (2,5)
  attempt 3: accepted F02077-lm-03 — moved geese (8,4) -> (2,5)
  attempt 4: accepted F02077-lm-04 — moved lamppost (4,6) -> (9,1)
  attempt 5: accepted F02077-lm-05 — moved geese (6,0) -> (9,1)
  attempt 6: accepted F02077-lm-06 — moved falseGoals (7,1) -> (2,4)
  attempt 7: accepted F02077-lm-07 — moved mustPass (1,8) -> (5,4)
  attempt 8: accepted F02077-lm-08 — moved blocks (3,6) -> (2,4)
  attempt 9: accepted F02077-lm-09 — moved fountain (1,7) -> (6,6)
  attempt 10: accepted F02077-lm-10 — moved library (3,2) -> (2,5)
  attempt 11: accepted F02077-lm-11 — moved fountain (5,6) -> (0,10)
  attempt 12: accepted F02077-lm-12 — moved flippingFilters (10,2) -> (8,7)
  attempt 13: accepted F02077-lm-13 — moved flippingFilters (10,2) -> (7,6)
  attempt 14: accepted F02077-lm-14 — moved blocks (0,7) -> (2,4)
  attempt 15: accepted F02077-lm-15 — moved blocks (0,7) -> (2,5)

15/15 new local-mutant sibling(s) generated for R02077 in 15 attempt(s) (budget 600); 15 total in data/families/family-R02077-lm.json.
Wrote 15 level(s) total to data/families/family-R02077-lm.json (changed=true), 15 hint file(s) written to data/families/hints/.
Wrote family manifest to data/families/family-R02077-lm-manifest.json (15 variant(s) total).
Parent R02077: witness stressMeta.witnessSolution (len 75, 5 jump(s)), 59 movable object instance(s) under strict inventory.
  variant 1 (rotation): accepted F02077-sym-01
  variant 2 (rotation): accepted F02077-sym-02
  variant 3 (rotation): accepted F02077-sym-03
  variant 4 (reflection): accepted F02077-sym-04
  variant 5 (reflection): accepted F02077-sym-05
  variant 6 (reflection): accepted F02077-sym-06
  variant 7 (reflection): accepted F02077-sym-07

7/7 new symmetry sibling(s) generated for R02077 in 7 attempt(s) (budget 7); 7 total in data/families/family-R02077-sym.json.
Wrote 7 level(s) total to data/families/family-R02077-sym.json (changed=true), 7 hint file(s) written to data/families/hints/.
Wrote family manifest to data/families/family-R02077-sym-manifest.json (7 variant(s) total).
portfolio-solve-sweep: corpus=data/families/family-R02077-lm.json levels=15 (15 to solve) scheduler-mode=legacy budget=8000ms node-budget=20000000 workers=4 save-hints=true
  [1/15] L1 (F02077-lm-01) ok=✓ legacy [hint saved]
  [2/15] L3 (F02077-lm-03) ok=✗
  [3/15] L2 (F02077-lm-02) ok=✗
  [4/15] L5 (F02077-lm-05) ok=✗
  [5/15] L4 (F02077-lm-04) ok=✗
  [6/15] L6 (F02077-lm-06) ok=✗
  [7/15] L7 (F02077-lm-07) ok=✗
  [8/15] L9 (F02077-lm-09) ok=✗
  [9/15] L8 (F02077-lm-08) ok=✗
  [10/15] L11 (F02077-lm-11) ok=✗
  [11/15] L10 (F02077-lm-10) ok=✗
  [12/15] L12 (F02077-lm-12) ok=✗
  [13/15] L14 (F02077-lm-14) ok=✗
  [14/15] L15 (F02077-lm-15) ok=✗
  [15/15] L13 (F02077-lm-13) ok=✗
Hints: appended to 1 level(s); 1 hint file(s) changed on disk.
Result: solved=1/15, solvedBeforeFallback=0, fallbackOnly=1, unsolved=14
Wrote logs/family-census/solve-R02077-lm.json
Wrote logs/family-census/solve-R02077-lm-summary.md
portfolio-solve-sweep: corpus=data/families/family-R02077-sym.json levels=7 (7 to solve) scheduler-mode=legacy budget=8000ms node-budget=20000000 workers=4 save-hints=true
  [1/7] L3 (F02077-sym-03) ok=✗
  [2/7] L4 (F02077-sym-04) ok=✗
  [3/7] L1 (F02077-sym-01) ok=✗
  [4/7] L2 (F02077-sym-02) ok=✗
  [5/7] L6 (F02077-sym-06) ok=✗
  [6/7] L5 (F02077-sym-05) ok=✗
  [7/7] L7 (F02077-sym-07) ok=✗
Hints: appended to 0 level(s); 0 hint file(s) changed on disk.
Result: solved=0/7, solvedBeforeFallback=0, fallbackOnly=0, unsolved=7
Wrote logs/family-census/solve-R02077-sym.json
Wrote logs/family-census/solve-R02077-sym-summary.md
[23:50:05] DONE R02077
[23:50:05] START R02105
Parent R02105: witness stressMeta.witnessSolution (len 89, 0 jump(s)), 43 movable object instance(s) under strict inventory.
  attempt 1: accepted F02105-lm-01 — moved blocks (7,2) -> (6,2)
  attempt 2: accepted F02105-lm-02 — moved geese (9,0) -> (5,1)
  attempt 3: accepted F02105-lm-03 — moved blocks (4,10) -> (8,2)
  attempt 4: accepted F02105-lm-04 — moved statue (6,4) -> (8,5)
  attempt 5: accepted F02105-lm-05 — moved library (2,10) -> (5,9)
  attempt 6: accepted F02105-lm-06 — moved blocks (4,9) -> (6,2)
  attempt 7: accepted F02105-lm-07 — moved blocks (9,2) -> (5,9)
  attempt 8: accepted F02105-lm-08 — moved mustPass (10,6) -> (8,5)
  attempt 9: accepted F02105-lm-09 — moved blocks (1,1) -> (8,2)
  attempt 10: accepted F02105-lm-10 — moved library (2,10) -> (8,10)
  attempt 11: accepted F02105-lm-11 — moved blocks (1,0) -> (8,10)
  attempt 12: accepted F02105-lm-12 — moved lamppost (1,3) -> (6,8)
  attempt 13: accepted F02105-lm-13 — moved market (6,1) -> (0,8)
  attempt 14: accepted F02105-lm-14 — moved mustPass (10,6) -> (3,5)
  attempt 15: accepted F02105-lm-15 — moved library (2,10) -> (6,2)

15/15 new local-mutant sibling(s) generated for R02105 in 15 attempt(s) (budget 600); 15 total in data/families/family-R02105-lm.json.
Wrote 15 level(s) total to data/families/family-R02105-lm.json (changed=true), 15 hint file(s) written to data/families/hints/.
Wrote family manifest to data/families/family-R02105-lm-manifest.json (15 variant(s) total).
Parent R02105: witness stressMeta.witnessSolution (len 89, 0 jump(s)), 43 movable object instance(s) under strict inventory.
  variant 1 (rotation): accepted F02105-sym-01
  variant 2 (rotation): accepted F02105-sym-02
  variant 3 (rotation): accepted F02105-sym-03
  variant 4 (reflection): accepted F02105-sym-04
  variant 5 (reflection): accepted F02105-sym-05
  variant 6 (reflection): accepted F02105-sym-06
  variant 7 (reflection): accepted F02105-sym-07

7/7 new symmetry sibling(s) generated for R02105 in 7 attempt(s) (budget 7); 7 total in data/families/family-R02105-sym.json.
Wrote 7 level(s) total to data/families/family-R02105-sym.json (changed=true), 7 hint file(s) written to data/families/hints/.
Wrote family manifest to data/families/family-R02105-sym-manifest.json (7 variant(s) total).
portfolio-solve-sweep: corpus=data/families/family-R02105-lm.json levels=15 (15 to solve) scheduler-mode=legacy budget=8000ms node-budget=20000000 workers=4 save-hints=true
  [1/15] L1 (F02105-lm-01) ok=✗
  [2/15] L4 (F02105-lm-04) ok=✗
  [3/15] L2 (F02105-lm-02) ok=✗
  [4/15] L3 (F02105-lm-03) ok=✗
  [5/15] L5 (F02105-lm-05) ok=✗
  [6/15] L6 (F02105-lm-06) ok=✗
  [7/15] L7 (F02105-lm-07) ok=✗
  [8/15] L8 (F02105-lm-08) ok=✗
  [9/15] L9 (F02105-lm-09) ok=✗
  [10/15] L10 (F02105-lm-10) ok=✗
  [11/15] L11 (F02105-lm-11) ok=✗
  [12/15] L12 (F02105-lm-12) ok=✗
  [13/15] L13 (F02105-lm-13) ok=✗
  [14/15] L14 (F02105-lm-14) ok=✗
  [15/15] L15 (F02105-lm-15) ok=✗
Hints: appended to 0 level(s); 0 hint file(s) changed on disk.
Result: solved=0/15, solvedBeforeFallback=0, fallbackOnly=0, unsolved=15
Wrote logs/family-census/solve-R02105-lm.json
Wrote logs/family-census/solve-R02105-lm-summary.md
portfolio-solve-sweep: corpus=data/families/family-R02105-sym.json levels=7 (7 to solve) scheduler-mode=legacy budget=8000ms node-budget=20000000 workers=4 save-hints=true
  [1/7] L3 (F02105-sym-03) ok=✗
  [2/7] L2 (F02105-sym-02) ok=✗
  [3/7] L1 (F02105-sym-01) ok=✗
  [4/7] L4 (F02105-sym-04) ok=✗
  [5/7] L5 (F02105-sym-05) ok=✗
  [6/7] L6 (F02105-sym-06) ok=✗
  [7/7] L7 (F02105-sym-07) ok=✗
Hints: appended to 0 level(s); 0 hint file(s) changed on disk.
Result: solved=0/7, solvedBeforeFallback=0, fallbackOnly=0, unsolved=7
Wrote logs/family-census/solve-R02105-sym.json
Wrote logs/family-census/solve-R02105-sym-summary.md
[23:51:04] DONE R02105
[23:51:04] START R02144
Parent R02144: witness stressMeta.witnessSolution (len 112, 6 jump(s)), 55 movable object instance(s) under strict inventory.
  attempt 1: accepted F02144-lm-01 — moved park (10,6) -> (2,13)
  attempt 2: accepted F02144-lm-02 — moved mustPass (3,4) -> (11,9)
  attempt 3: accepted F02144-lm-03 — moved park (0,2) -> (5,3)
  attempt 4: accepted F02144-lm-04 — moved blocks (13,8) -> (8,5)
  attempt 5: accepted F02144-lm-05 — moved blocks (6,4) -> (0,12)
  attempt 6: accepted F02144-lm-06 — moved park (0,2) -> (2,13)
  attempt 7: accepted F02144-lm-07 — moved blocks (3,8) -> (0,12)
  attempt 8: accepted F02144-lm-08 — moved mustPass (4,12) -> (9,1)
  attempt 9: accepted F02144-lm-09 — moved blocks (13,7) -> (0,0)
  attempt 10: accepted F02144-lm-10 — moved park (10,6) -> (8,10)
  attempt 11: accepted F02144-lm-11 — moved mustPass (5,8) -> (11,12)
  attempt 12: accepted F02144-lm-12 — moved mustCross (1,9) -> (6,10)
  attempt 13: accepted F02144-lm-13 — moved market (1,4) -> (9,7)
  attempt 14: accepted F02144-lm-14 — moved blocks (10,10) -> (0,3)
  attempt 15: accepted F02144-lm-15 — moved statue (10,0) -> (13,11)

15/15 new local-mutant sibling(s) generated for R02144 in 15 attempt(s) (budget 600); 15 total in data/families/family-R02144-lm.json.
Wrote 15 level(s) total to data/families/family-R02144-lm.json (changed=true), 15 hint file(s) written to data/families/hints/.
Wrote family manifest to data/families/family-R02144-lm-manifest.json (15 variant(s) total).
Parent R02144: witness stressMeta.witnessSolution (len 112, 6 jump(s)), 55 movable object instance(s) under strict inventory.
  variant 1 (rotation): accepted F02144-sym-01
  variant 2 (rotation): accepted F02144-sym-02
  variant 3 (rotation): accepted F02144-sym-03
  variant 4 (reflection): accepted F02144-sym-04
  variant 5 (reflection): accepted F02144-sym-05
  variant 6 (reflection): accepted F02144-sym-06
  variant 7 (reflection): accepted F02144-sym-07

7/7 new symmetry sibling(s) generated for R02144 in 7 attempt(s) (budget 7); 7 total in data/families/family-R02144-sym.json.
Wrote 7 level(s) total to data/families/family-R02144-sym.json (changed=true), 7 hint file(s) written to data/families/hints/.
Wrote family manifest to data/families/family-R02144-sym-manifest.json (7 variant(s) total).
portfolio-solve-sweep: corpus=data/families/family-R02144-lm.json levels=15 (15 to solve) scheduler-mode=legacy budget=8000ms node-budget=20000000 workers=4 save-hints=true
  [1/15] L3 (F02144-lm-03) ok=✗
  [2/15] L2 (F02144-lm-02) ok=✗
  [3/15] L1 (F02144-lm-01) ok=✗
  [4/15] L4 (F02144-lm-04) ok=✗
  [5/15] L7 (F02144-lm-07) ok=✗
  [6/15] L5 (F02144-lm-05) ok=✗
  [7/15] L6 (F02144-lm-06) ok=✗
  [8/15] L8 (F02144-lm-08) ok=✗
  [9/15] L9 (F02144-lm-09) ok=✗
  [10/15] L10 (F02144-lm-10) ok=✗
  [11/15] L11 (F02144-lm-11) ok=✗
  [12/15] L12 (F02144-lm-12) ok=✗
  [13/15] L15 (F02144-lm-15) ok=✗
  [14/15] L13 (F02144-lm-13) ok=✗
  [15/15] L14 (F02144-lm-14) ok=✗
Hints: appended to 0 level(s); 0 hint file(s) changed on disk.
Result: solved=0/15, solvedBeforeFallback=0, fallbackOnly=0, unsolved=15
Wrote logs/family-census/solve-R02144-lm.json
Wrote logs/family-census/solve-R02144-lm-summary.md
portfolio-solve-sweep: corpus=data/families/family-R02144-sym.json levels=7 (7 to solve) scheduler-mode=legacy budget=8000ms node-budget=20000000 workers=4 save-hints=true
  [1/7] L3 (F02144-sym-03) ok=✗
  [2/7] L4 (F02144-sym-04) ok=✗
  [3/7] L1 (F02144-sym-01) ok=✗
  [4/7] L2 (F02144-sym-02) ok=✗
  [5/7] L6 (F02144-sym-06) ok=✗
  [6/7] L5 (F02144-sym-05) ok=✗
  [7/7] L7 (F02144-sym-07) ok=✗
Hints: appended to 0 level(s); 0 hint file(s) changed on disk.
Result: solved=0/7, solvedBeforeFallback=0, fallbackOnly=0, unsolved=7
Wrote logs/family-census/solve-R02144-sym.json
Wrote logs/family-census/solve-R02144-sym-summary.md
[00:00:43] DONE R02144
[00:00:43] START R02180
Parent R02180: witness stressMeta.witnessSolution (len 83, 0 jump(s)), 38 movable object instance(s) under strict inventory.
  attempt 1: accepted F02180-lm-01 — moved mustPass (0,3) -> (11,4)
  attempt 2: accepted F02180-lm-02 — moved flippingFilters (1,2) -> (4,3)
  attempt 3: accepted F02180-lm-03 — moved fountain (8,4) -> (10,11)
  attempt 4: accepted F02180-lm-04 — moved market (1,0) -> (4,5)
  attempt 5: accepted F02180-lm-05 — moved mustPass (7,4) -> (8,0)
  attempt 6: accepted F02180-lm-06 — moved mustPass (9,1) -> (6,3)
  attempt 7: accepted F02180-lm-07 — moved lamppost (1,10) -> (5,10)
  attempt 8: accepted F02180-lm-08 — moved lamppost (1,10) -> (6,10)
  attempt 9: accepted F02180-lm-09 — moved geese (11,7) -> (4,10)
  attempt 10: accepted F02180-lm-10 — moved statue (5,5) -> (9,5)
  attempt 11: accepted F02180-lm-11 — moved mustPass (2,2) -> (5,9)
  attempt 12: accepted F02180-lm-12 — moved fountain (8,4) -> (11,11)
  attempt 13: accepted F02180-lm-13 — moved geese (11,7) -> (2,10)
  attempt 14: accepted F02180-lm-14 — moved library (3,6) -> (11,3)
  attempt 15: accepted F02180-lm-15 — moved park (3,3) -> (6,11)

15/15 new local-mutant sibling(s) generated for R02180 in 15 attempt(s) (budget 600); 15 total in data/families/family-R02180-lm.json.
Wrote 15 level(s) total to data/families/family-R02180-lm.json (changed=true), 15 hint file(s) written to data/families/hints/.
Wrote family manifest to data/families/family-R02180-lm-manifest.json (15 variant(s) total).
Parent R02180: witness stressMeta.witnessSolution (len 83, 0 jump(s)), 38 movable object instance(s) under strict inventory.
  variant 1 (rotation): accepted F02180-sym-01
  variant 2 (rotation): accepted F02180-sym-02
  variant 3 (rotation): accepted F02180-sym-03
  variant 4 (reflection): accepted F02180-sym-04
  variant 5 (reflection): accepted F02180-sym-05
  variant 6 (reflection): accepted F02180-sym-06
  variant 7 (reflection): accepted F02180-sym-07

7/7 new symmetry sibling(s) generated for R02180 in 7 attempt(s) (budget 7); 7 total in data/families/family-R02180-sym.json.
Wrote 7 level(s) total to data/families/family-R02180-sym.json (changed=true), 7 hint file(s) written to data/families/hints/.
Wrote family manifest to data/families/family-R02180-sym-manifest.json (7 variant(s) total).
portfolio-solve-sweep: corpus=data/families/family-R02180-lm.json levels=15 (15 to solve) scheduler-mode=legacy budget=8000ms node-budget=20000000 workers=4 save-hints=true
  [1/15] L1 (F02180-lm-01) ok=✗
  [2/15] L2 (F02180-lm-02) ok=✗
  [3/15] L3 (F02180-lm-03) ok=✗
  [4/15] L4 (F02180-lm-04) ok=✗
  [5/15] L6 (F02180-lm-06) ok=✗
  [6/15] L5 (F02180-lm-05) ok=✗
  [7/15] L7 (F02180-lm-07) ok=✗
  [8/15] L8 (F02180-lm-08) ok=✗
  [9/15] L9 (F02180-lm-09) ok=✗
  [10/15] L10 (F02180-lm-10) ok=✗
  [11/15] L11 (F02180-lm-11) ok=✗
  [12/15] L12 (F02180-lm-12) ok=✗
  [13/15] L14 (F02180-lm-14) ok=✗
  [14/15] L13 (F02180-lm-13) ok=✗
  [15/15] L15 (F02180-lm-15) ok=✗
Hints: appended to 0 level(s); 0 hint file(s) changed on disk.
Result: solved=0/15, solvedBeforeFallback=0, fallbackOnly=0, unsolved=15
Wrote logs/family-census/solve-R02180-lm.json
Wrote logs/family-census/solve-R02180-lm-summary.md
portfolio-solve-sweep: corpus=data/families/family-R02180-sym.json levels=7 (7 to solve) scheduler-mode=legacy budget=8000ms node-budget=20000000 workers=4 save-hints=true
  [1/7] L1 (F02180-sym-01) ok=✗
  [2/7] L2 (F02180-sym-02) ok=✗
  [3/7] L3 (F02180-sym-03) ok=✗
  [4/7] L4 (F02180-sym-04) ok=✗
  [5/7] L6 (F02180-sym-06) ok=✗
  [6/7] L5 (F02180-sym-05) ok=✗
  [7/7] L7 (F02180-sym-07) ok=✗
Hints: appended to 0 level(s); 0 hint file(s) changed on disk.
Result: solved=0/7, solvedBeforeFallback=0, fallbackOnly=0, unsolved=7
Wrote logs/family-census/solve-R02180-sym.json
Wrote logs/family-census/solve-R02180-sym-summary.md
[00:03:08] DONE R02180
[00:03:08] START R02219
Parent R02219: witness hint[0] (len 84, 6 jump(s)), 39 movable object instance(s) under strict inventory.
  attempt 1: accepted F02219-lm-01 — moved flippingFilters (7,9) -> (0,4)
  attempt 2: accepted F02219-lm-02 — moved geese (2,10) -> (10,3)
  attempt 3: accepted F02219-lm-03 — moved falseGoals (10,2) -> (5,1)
  attempt 4: accepted F02219-lm-04 — moved park (9,5) -> (2,4)
  attempt 5: accepted F02219-lm-05 — moved statue (8,4) -> (5,1)
  attempt 6: accepted F02219-lm-06 — moved blocks (7,4) -> (8,9)
  attempt 7: accepted F02219-lm-07 — moved park (5,9) -> (8,3)
  attempt 8: accepted F02219-lm-08 — moved falseGoals (10,2) -> (8,3)
  attempt 9: accepted F02219-lm-09 — moved geese (2,10) -> (8,3)
  attempt 10: rejected — degenerate duplicate of parent or another accepted variant
  attempt 11: accepted F02219-lm-10 — moved geese (8,5) -> (8,3)
  attempt 12: accepted F02219-lm-11 — moved market (2,7) -> (4,8)
  attempt 13: accepted F02219-lm-12 — moved geese (8,5) -> (10,3)
  attempt 14: accepted F02219-lm-13 — moved falseGoals (7,10) -> (8,3)
  attempt 15: accepted F02219-lm-14 — moved flippingFilters (8,8) -> (5,1)
  attempt 16: accepted F02219-lm-15 — moved flippingFilters (1,10) -> (8,3)

15/15 new local-mutant sibling(s) generated for R02219 in 16 attempt(s) (budget 600); 15 total in data/families/family-R02219-lm.json.
Wrote 15 level(s) total to data/families/family-R02219-lm.json (changed=true), 15 hint file(s) written to data/families/hints/.
Wrote family manifest to data/families/family-R02219-lm-manifest.json (15 variant(s) total).
Parent R02219: witness hint[0] (len 84, 6 jump(s)), 39 movable object instance(s) under strict inventory.
  variant 1 (rotation): accepted F02219-sym-01
  variant 2 (rotation): accepted F02219-sym-02
  variant 3 (rotation): accepted F02219-sym-03
  variant 4 (reflection): accepted F02219-sym-04
  variant 5 (reflection): accepted F02219-sym-05
  variant 6 (reflection): accepted F02219-sym-06
  variant 7 (reflection): accepted F02219-sym-07

7/7 new symmetry sibling(s) generated for R02219 in 7 attempt(s) (budget 7); 7 total in data/families/family-R02219-sym.json.
Wrote 7 level(s) total to data/families/family-R02219-sym.json (changed=true), 7 hint file(s) written to data/families/hints/.
Wrote family manifest to data/families/family-R02219-sym-manifest.json (7 variant(s) total).
portfolio-solve-sweep: corpus=data/families/family-R02219-lm.json levels=15 (15 to solve) scheduler-mode=legacy budget=8000ms node-budget=20000000 workers=4 save-hints=true
  [1/15] L1 (F02219-lm-01) ok=✗
  [2/15] L3 (F02219-lm-03) ok=✗
  [3/15] L2 (F02219-lm-02) ok=✗
  [4/15] L4 (F02219-lm-04) ok=✗
  [5/15] L5 (F02219-lm-05) ok=✗
  [6/15] L6 (F02219-lm-06) ok=✗
  [7/15] L7 (F02219-lm-07) ok=✗
  [8/15] L8 (F02219-lm-08) ok=✗
  [9/15] L9 (F02219-lm-09) ok=✗
  [10/15] L10 (F02219-lm-10) ok=✗
  [11/15] L11 (F02219-lm-11) ok=✗
  [12/15] L12 (F02219-lm-12) ok=✗
  [13/15] L13 (F02219-lm-13) ok=✗
  [14/15] L14 (F02219-lm-14) ok=✗
  [15/15] L15 (F02219-lm-15) ok=✗
Hints: appended to 0 level(s); 0 hint file(s) changed on disk.
Result: solved=0/15, solvedBeforeFallback=0, fallbackOnly=0, unsolved=15
Wrote logs/family-census/solve-R02219-lm.json
Wrote logs/family-census/solve-R02219-lm-summary.md
portfolio-solve-sweep: corpus=data/families/family-R02219-sym.json levels=7 (7 to solve) scheduler-mode=legacy budget=8000ms node-budget=20000000 workers=4 save-hints=true
  [1/7] L2 (F02219-sym-02) ok=✗
  [2/7] L1 (F02219-sym-01) ok=✗
  [3/7] L3 (F02219-sym-03) ok=✗
  [4/7] L4 (F02219-sym-04) ok=✗
  [5/7] L5 (F02219-sym-05) ok=✗
  [6/7] L7 (F02219-sym-07) ok=✗
  [7/7] L6 (F02219-sym-06) ok=✗
Hints: appended to 0 level(s); 0 hint file(s) changed on disk.
Result: solved=0/7, solvedBeforeFallback=0, fallbackOnly=0, unsolved=7
Wrote logs/family-census/solve-R02219-sym.json
Wrote logs/family-census/solve-R02219-sym-summary.md
[00:04:09] DONE R02219
[00:04:09] START R02261
Parent R02261: witness stressMeta.witnessSolution (len 125, 5 jump(s)), 45 movable object instance(s) under strict inventory.
  attempt 1: accepted F02261-lm-01 — moved blocks (12,10) -> (12,0)
  attempt 2: accepted F02261-lm-02 — moved statue (3,13) -> (1,5)
  attempt 3: accepted F02261-lm-03 — moved blocks (4,8) -> (10,13)
  attempt 4: accepted F02261-lm-04 — moved geese (11,4) -> (3,1)
  attempt 5: accepted F02261-lm-05 — moved lamppost (8,3) -> (6,10)
  attempt 6: accepted F02261-lm-06 — moved flippingFilters (3,0) -> (13,0)
  attempt 7: accepted F02261-lm-07 — moved flippingFilters (3,0) -> (0,1)
  attempt 8: accepted F02261-lm-08 — moved flippingFilters (3,0) -> (5,7)
  attempt 9: accepted F02261-lm-09 — moved park (3,4) -> (12,6)
  attempt 10: rejected — degenerate duplicate of parent or another accepted variant
  attempt 11: accepted F02261-lm-10 — moved statue (10,5) -> (4,2)
  attempt 12: accepted F02261-lm-11 — moved geese (4,7) -> (5,7)
  attempt 13: accepted F02261-lm-12 — moved blocks (7,1) -> (12,0)
  attempt 14: accepted F02261-lm-13 — moved blocks (12,10) -> (2,7)
  attempt 15: accepted F02261-lm-14 — moved blocks (1,9) -> (0,13)
  attempt 16: accepted F02261-lm-15 — moved lamppost (8,3) -> (7,11)

15/15 new local-mutant sibling(s) generated for R02261 in 16 attempt(s) (budget 600); 15 total in data/families/family-R02261-lm.json.
Wrote 15 level(s) total to data/families/family-R02261-lm.json (changed=true), 15 hint file(s) written to data/families/hints/.
Wrote family manifest to data/families/family-R02261-lm-manifest.json (15 variant(s) total).
Parent R02261: witness stressMeta.witnessSolution (len 125, 5 jump(s)), 45 movable object instance(s) under strict inventory.
  variant 1 (rotation): accepted F02261-sym-01
  variant 2 (rotation): accepted F02261-sym-02
  variant 3 (rotation): accepted F02261-sym-03
  variant 4 (reflection): accepted F02261-sym-04
  variant 5 (reflection): accepted F02261-sym-05
  variant 6 (reflection): accepted F02261-sym-06
  variant 7 (reflection): accepted F02261-sym-07

7/7 new symmetry sibling(s) generated for R02261 in 7 attempt(s) (budget 7); 7 total in data/families/family-R02261-sym.json.
Wrote 7 level(s) total to data/families/family-R02261-sym.json (changed=true), 7 hint file(s) written to data/families/hints/.
Wrote family manifest to data/families/family-R02261-sym-manifest.json (7 variant(s) total).
portfolio-solve-sweep: corpus=data/families/family-R02261-lm.json levels=15 (15 to solve) scheduler-mode=legacy budget=8000ms node-budget=20000000 workers=4 save-hints=true
  [1/15] L3 (F02261-lm-03) ok=✗
  [2/15] L2 (F02261-lm-02) ok=✗
  [3/15] L1 (F02261-lm-01) ok=✗
  [4/15] L4 (F02261-lm-04) ok=✗
  [5/15] L5 (F02261-lm-05) ok=✗
  [6/15] L6 (F02261-lm-06) ok=✗
  [7/15] L7 (F02261-lm-07) ok=✗
  [8/15] L8 (F02261-lm-08) ok=✗
  [9/15] L9 (F02261-lm-09) ok=✗
  [10/15] L10 (F02261-lm-10) ok=✗
  [11/15] L11 (F02261-lm-11) ok=✗
  [12/15] L12 (F02261-lm-12) ok=✗
  [13/15] L13 (F02261-lm-13) ok=✗
  [14/15] L15 (F02261-lm-15) ok=✗
  [15/15] L14 (F02261-lm-14) ok=✗
Hints: appended to 0 level(s); 0 hint file(s) changed on disk.
Result: solved=0/15, solvedBeforeFallback=0, fallbackOnly=0, unsolved=15
Wrote logs/family-census/solve-R02261-lm.json
Wrote logs/family-census/solve-R02261-lm-summary.md
portfolio-solve-sweep: corpus=data/families/family-R02261-sym.json levels=7 (7 to solve) scheduler-mode=legacy budget=8000ms node-budget=20000000 workers=4 save-hints=true
  [1/7] L2 (F02261-sym-02) ok=✗
  [2/7] L3 (F02261-sym-03) ok=✗
  [3/7] L4 (F02261-sym-04) ok=✗
  [4/7] L1 (F02261-sym-01) ok=✗
  [5/7] L7 (F02261-sym-07) ok=✗
  [6/7] L6 (F02261-sym-06) ok=✗
  [7/7] L5 (F02261-sym-05) ok=✗
Hints: appended to 0 level(s); 0 hint file(s) changed on disk.
Result: solved=0/7, solvedBeforeFallback=0, fallbackOnly=0, unsolved=7
Wrote logs/family-census/solve-R02261-sym.json
Wrote logs/family-census/solve-R02261-sym-summary.md
[00:09:48] DONE R02261
[00:09:48] START R02297
Parent R02297: witness stressMeta.witnessSolution (len 91, 6 jump(s)), 32 movable object instance(s) under strict inventory.
  attempt 1: accepted F02297-lm-01 — moved blocks (11,3) -> (0,10)
  attempt 2: accepted F02297-lm-02 — moved mustPass (8,3) -> (2,9)
  attempt 3: accepted F02297-lm-03 — moved blocks (9,10) -> (2,7)
  attempt 4: accepted F02297-lm-04 — moved statue (0,6) -> (3,5)
  attempt 5: accepted F02297-lm-05 — moved blocks (2,5) -> (6,6)
  attempt 6: accepted F02297-lm-06 — moved mustPass (1,0) -> (4,2)
  attempt 7: accepted F02297-lm-07 — moved mustPass (6,8) -> (0,4)
  attempt 8: accepted F02297-lm-08 — moved mustPass (6,8) -> (7,9)
  attempt 9: accepted F02297-lm-09 — moved lamppost (8,10) -> (10,4)
  attempt 10: accepted F02297-lm-10 — moved fountain (10,10) -> (11,2)
  attempt 11: accepted F02297-lm-11 — moved blocks (1,6) -> (3,5)
  attempt 12: accepted F02297-lm-12 — moved blocks (11,7) -> (0,9)
  attempt 13: accepted F02297-lm-13 — moved blocks (9,10) -> (8,0)
  attempt 14: accepted F02297-lm-14 — moved mustPass (1,0) -> (9,2)
  attempt 15: accepted F02297-lm-15 — moved blocks (1,6) -> (0,10)

15/15 new local-mutant sibling(s) generated for R02297 in 15 attempt(s) (budget 600); 15 total in data/families/family-R02297-lm.json.
Wrote 15 level(s) total to data/families/family-R02297-lm.json (changed=true), 15 hint file(s) written to data/families/hints/.
Wrote family manifest to data/families/family-R02297-lm-manifest.json (15 variant(s) total).
Parent R02297: witness stressMeta.witnessSolution (len 91, 6 jump(s)), 32 movable object instance(s) under strict inventory.
  variant 1 (rotation): accepted F02297-sym-01
  variant 2 (rotation): accepted F02297-sym-02
  variant 3 (rotation): accepted F02297-sym-03
  variant 4 (reflection): accepted F02297-sym-04
  variant 5 (reflection): accepted F02297-sym-05
  variant 6 (reflection): accepted F02297-sym-06
  variant 7 (reflection): accepted F02297-sym-07

7/7 new symmetry sibling(s) generated for R02297 in 7 attempt(s) (budget 7); 7 total in data/families/family-R02297-sym.json.
Wrote 7 level(s) total to data/families/family-R02297-sym.json (changed=true), 7 hint file(s) written to data/families/hints/.
Wrote family manifest to data/families/family-R02297-sym-manifest.json (7 variant(s) total).
portfolio-solve-sweep: corpus=data/families/family-R02297-lm.json levels=15 (15 to solve) scheduler-mode=legacy budget=8000ms node-budget=20000000 workers=4 save-hints=true
  [1/15] L1 (F02297-lm-01) ok=✗
  [2/15] L2 (F02297-lm-02) ok=✗
  [3/15] L4 (F02297-lm-04) ok=✗
  [4/15] L3 (F02297-lm-03) ok=✗
  [5/15] L7 (F02297-lm-07) ok=✗
  [6/15] L5 (F02297-lm-05) ok=✗
  [7/15] L6 (F02297-lm-06) ok=✗
  [8/15] L8 (F02297-lm-08) ok=✗
  [9/15] L9 (F02297-lm-09) ok=✗
  [10/15] L10 (F02297-lm-10) ok=✗
  [11/15] L11 (F02297-lm-11) ok=✗
  [12/15] L12 (F02297-lm-12) ok=✗
  [13/15] L14 (F02297-lm-14) ok=✗
  [14/15] L13 (F02297-lm-13) ok=✗
  [15/15] L15 (F02297-lm-15) ok=✗
Hints: appended to 0 level(s); 0 hint file(s) changed on disk.
Result: solved=0/15, solvedBeforeFallback=0, fallbackOnly=0, unsolved=15
Wrote logs/family-census/solve-R02297-lm.json
Wrote logs/family-census/solve-R02297-lm-summary.md
portfolio-solve-sweep: corpus=data/families/family-R02297-sym.json levels=7 (7 to solve) scheduler-mode=legacy budget=8000ms node-budget=20000000 workers=4 save-hints=true
  [1/7] L2 (F02297-sym-02) ok=✗
  [2/7] L1 (F02297-sym-01) ok=✗
  [3/7] L3 (F02297-sym-03) ok=✗
  [4/7] L4 (F02297-sym-04) ok=✗
  [5/7] L5 (F02297-sym-05) ok=✗
  [6/7] L6 (F02297-sym-06) ok=✗
  [7/7] L7 (F02297-sym-07) ok=✗
Hints: appended to 0 level(s); 0 hint file(s) changed on disk.
Result: solved=0/7, solvedBeforeFallback=0, fallbackOnly=0, unsolved=7
Wrote logs/family-census/solve-R02297-sym.json
Wrote logs/family-census/solve-R02297-sym-summary.md
[00:13:31] DONE R02297
[00:13:31] START R02335
Parent R02335: witness stressMeta.witnessSolution (len 76, 0 jump(s)), 39 movable object instance(s) under strict inventory.
  attempt 1: accepted F02335-lm-01 — moved market (6,7) -> (3,3)
  attempt 2: accepted F02335-lm-02 — moved blocks (0,8) -> (1,4)
  attempt 3: accepted F02335-lm-03 — moved market (9,6) -> (2,3)
  attempt 4: accepted F02335-lm-04 — moved mustCross (4,5) -> (6,6)
  attempt 5: accepted F02335-lm-05 — moved geese (8,0) -> (8,1)
  attempt 6: accepted F02335-lm-06 — moved fountain (7,2) -> (2,3)
  attempt 7: accepted F02335-lm-07 — moved statue (10,1) -> (1,9)
  attempt 8: accepted F02335-lm-08 — moved geese (10,7) -> (7,3)
  attempt 9: accepted F02335-lm-09 — moved blocks (2,10) -> (1,4)
  attempt 10: accepted F02335-lm-10 — moved mustCross (5,9) -> (6,6)
  attempt 11: accepted F02335-lm-11 — moved blocks (0,6) -> (5,4)
  attempt 12: accepted F02335-lm-12 — moved fountain (7,2) -> (10,4)
  attempt 13: accepted F02335-lm-13 — moved mustCross (4,5) -> (5,6)
  attempt 14: accepted F02335-lm-14 — moved blocks (5,2) -> (0,5)
  attempt 15: accepted F02335-lm-15 — moved blocks (2,8) -> (9,1)

15/15 new local-mutant sibling(s) generated for R02335 in 15 attempt(s) (budget 600); 15 total in data/families/family-R02335-lm.json.
Wrote 15 level(s) total to data/families/family-R02335-lm.json (changed=true), 15 hint file(s) written to data/families/hints/.
Wrote family manifest to data/families/family-R02335-lm-manifest.json (15 variant(s) total).
Parent R02335: witness stressMeta.witnessSolution (len 76, 0 jump(s)), 39 movable object instance(s) under strict inventory.
  variant 1 (rotation): accepted F02335-sym-01
  variant 2 (rotation): accepted F02335-sym-02
  variant 3 (rotation): accepted F02335-sym-03
  variant 4 (reflection): accepted F02335-sym-04
  variant 5 (reflection): accepted F02335-sym-05
  variant 6 (reflection): accepted F02335-sym-06
  variant 7 (reflection): accepted F02335-sym-07

7/7 new symmetry sibling(s) generated for R02335 in 7 attempt(s) (budget 7); 7 total in data/families/family-R02335-sym.json.
Wrote 7 level(s) total to data/families/family-R02335-sym.json (changed=true), 7 hint file(s) written to data/families/hints/.
Wrote family manifest to data/families/family-R02335-sym-manifest.json (7 variant(s) total).
portfolio-solve-sweep: corpus=data/families/family-R02335-lm.json levels=15 (15 to solve) scheduler-mode=legacy budget=8000ms node-budget=20000000 workers=4 save-hints=true
  [1/15] L2 (F02335-lm-02) ok=✓ legacy [hint saved]
  [2/15] L4 (F02335-lm-04) ok=✓ legacy [hint saved]
  [3/15] L1 (F02335-lm-01) ok=✗
  [4/15] L3 (F02335-lm-03) ok=✗
  [5/15] L5 (F02335-lm-05) ok=✗
  [6/15] L6 (F02335-lm-06) ok=✗
  [7/15] L7 (F02335-lm-07) ok=✗
  [8/15] L10 (F02335-lm-10) ok=✓ legacy [hint saved]
  [9/15] L12 (F02335-lm-12) ok=✓ legacy [hint saved]
  [10/15] L13 (F02335-lm-13) ok=✓ legacy [hint saved]
  [11/15] L9 (F02335-lm-09) ok=✗
  [12/15] L8 (F02335-lm-08) ok=✗
  [13/15] L11 (F02335-lm-11) ok=✗
  [14/15] L15 (F02335-lm-15) ok=✗
  [15/15] L14 (F02335-lm-14) ok=✗
Hints: appended to 5 level(s); 5 hint file(s) changed on disk.
Result: solved=5/15, solvedBeforeFallback=0, fallbackOnly=5, unsolved=10
Wrote logs/family-census/solve-R02335-lm.json
Wrote logs/family-census/solve-R02335-lm-summary.md
portfolio-solve-sweep: corpus=data/families/family-R02335-sym.json levels=7 (7 to solve) scheduler-mode=legacy budget=8000ms node-budget=20000000 workers=4 save-hints=true
  [1/7] L4 (F02335-sym-04) ok=✓ legacy [hint saved]
  [2/7] L5 (F02335-sym-05) ok=✓ legacy [hint saved]
  [3/7] L1 (F02335-sym-01) ok=✗
  [4/7] L3 (F02335-sym-03) ok=✗
  [5/7] L2 (F02335-sym-02) ok=✗
  [6/7] L6 (F02335-sym-06) ok=✗
  [7/7] L7 (F02335-sym-07) ok=✗
Hints: appended to 2 level(s); 2 hint file(s) changed on disk.
Result: solved=2/7, solvedBeforeFallback=0, fallbackOnly=2, unsolved=5
Wrote logs/family-census/solve-R02335-sym.json
Wrote logs/family-census/solve-R02335-sym-summary.md
[00:16:37] DONE R02335
[00:16:37] START R02373
Parent R02373: witness stressMeta.witnessSolution (len 79, 5 jump(s)), 38 movable object instance(s) under strict inventory.
  attempt 1: accepted F02373-lm-01 — moved blocks (1,2) -> (11,1)
  attempt 2: accepted F02373-lm-02 — moved mustPass (7,8) -> (5,0)
  attempt 3: accepted F02373-lm-03 — moved park (4,7) -> (11,4)
  attempt 4: accepted F02373-lm-04 — moved fountain (11,3) -> (1,10)
  attempt 5: accepted F02373-lm-05 — moved blocks (2,8) -> (1,7)
  attempt 6: accepted F02373-lm-06 — moved blocks (10,2) -> (8,10)
  attempt 7: accepted F02373-lm-07 — moved flippingFilters (6,5) -> (4,11)
  attempt 8: accepted F02373-lm-08 — moved market (5,7) -> (2,9)
  attempt 9: accepted F02373-lm-09 — moved flippingFilters (0,4) -> (6,0)
  attempt 10: accepted F02373-lm-10 — moved fountain (11,3) -> (9,7)
  attempt 11: accepted F02373-lm-11 — moved flippingFilters (2,7) -> (2,10)
  attempt 12: accepted F02373-lm-12 — moved flippingFilters (0,4) -> (2,2)
  attempt 13: accepted F02373-lm-13 — moved blocks (2,8) -> (10,10)
  attempt 14: accepted F02373-lm-14 — moved mustPass (3,11) -> (1,3)
  attempt 15: accepted F02373-lm-15 — moved blocks (7,6) -> (1,9)

15/15 new local-mutant sibling(s) generated for R02373 in 15 attempt(s) (budget 600); 15 total in data/families/family-R02373-lm.json.
Wrote 15 level(s) total to data/families/family-R02373-lm.json (changed=true), 15 hint file(s) written to data/families/hints/.
Wrote family manifest to data/families/family-R02373-lm-manifest.json (15 variant(s) total).
Parent R02373: witness stressMeta.witnessSolution (len 79, 5 jump(s)), 38 movable object instance(s) under strict inventory.
  variant 1 (rotation): accepted F02373-sym-01
  variant 2 (rotation): accepted F02373-sym-02
  variant 3 (rotation): accepted F02373-sym-03
  variant 4 (reflection): accepted F02373-sym-04
  variant 5 (reflection): accepted F02373-sym-05
  variant 6 (reflection): accepted F02373-sym-06
  variant 7 (reflection): accepted F02373-sym-07

7/7 new symmetry sibling(s) generated for R02373 in 7 attempt(s) (budget 7); 7 total in data/families/family-R02373-sym.json.
Wrote 7 level(s) total to data/families/family-R02373-sym.json (changed=true), 7 hint file(s) written to data/families/hints/.
Wrote family manifest to data/families/family-R02373-sym-manifest.json (7 variant(s) total).
portfolio-solve-sweep: corpus=data/families/family-R02373-lm.json levels=15 (15 to solve) scheduler-mode=legacy budget=8000ms node-budget=20000000 workers=4 save-hints=true
  [1/15] L1 (F02373-lm-01) ok=✗
  [2/15] L2 (F02373-lm-02) ok=✗
  [3/15] L3 (F02373-lm-03) ok=✗
  [4/15] L4 (F02373-lm-04) ok=✗
  [5/15] L6 (F02373-lm-06) ok=✗
  [6/15] L5 (F02373-lm-05) ok=✗
  [7/15] L8 (F02373-lm-08) ok=✗
  [8/15] L7 (F02373-lm-07) ok=✗
  [9/15] L10 (F02373-lm-10) ok=✗
  [10/15] L9 (F02373-lm-09) ok=✗
  [11/15] L11 (F02373-lm-11) ok=✗
  [12/15] L12 (F02373-lm-12) ok=✗
  [13/15] L13 (F02373-lm-13) ok=✗
  [14/15] L15 (F02373-lm-15) ok=✗
  [15/15] L14 (F02373-lm-14) ok=✗
Hints: appended to 0 level(s); 0 hint file(s) changed on disk.
Result: solved=0/15, solvedBeforeFallback=0, fallbackOnly=0, unsolved=15
Wrote logs/family-census/solve-R02373-lm.json
Wrote logs/family-census/solve-R02373-lm-summary.md
portfolio-solve-sweep: corpus=data/families/family-R02373-sym.json levels=7 (7 to solve) scheduler-mode=legacy budget=8000ms node-budget=20000000 workers=4 save-hints=true
  [1/7] L2 (F02373-sym-02) ok=✗
  [2/7] L4 (F02373-sym-04) ok=✗
  [3/7] L1 (F02373-sym-01) ok=✗
  [4/7] L3 (F02373-sym-03) ok=✗
  [5/7] L6 (F02373-sym-06) ok=✗
  [6/7] L5 (F02373-sym-05) ok=✗
  [7/7] L7 (F02373-sym-07) ok=✗
Hints: appended to 0 level(s); 0 hint file(s) changed on disk.
Result: solved=0/7, solvedBeforeFallback=0, fallbackOnly=0, unsolved=7
Wrote logs/family-census/solve-R02373-sym.json
Wrote logs/family-census/solve-R02373-sym-summary.md
[00:19:29] DONE R02373
[00:19:29] START R02408
Parent R02408: witness stressMeta.witnessSolution (len 94, 6 jump(s)), 55 movable object instance(s) under strict inventory.
  attempt 1: accepted F02408-lm-01 — moved flippingFilters (7,11) -> (0,9)
  attempt 2: accepted F02408-lm-02 — moved geese (7,3) -> (2,6)
  attempt 3: accepted F02408-lm-03 — moved blocks (2,8) -> (10,8)
  attempt 4: accepted F02408-lm-04 — moved statue (8,2) -> (9,0)
  attempt 5: accepted F02408-lm-05 — moved geese (3,9) -> (10,5)
  attempt 6: accepted F02408-lm-06 — moved blocks (10,3) -> (2,6)
  attempt 7: accepted F02408-lm-07 — moved blocks (8,3) -> (10,1)
  attempt 8: accepted F02408-lm-08 — moved mustPass (3,1) -> (9,0)
  attempt 9: accepted F02408-lm-09 — moved statue (8,2) -> (7,2)
  attempt 10: accepted F02408-lm-10 — moved blocks (3,11) -> (10,8)
  attempt 11: accepted F02408-lm-11 — moved blocks (9,6) -> (10,5)
  attempt 12: accepted F02408-lm-12 — moved falseGoals (4,9) -> (10,1)
  attempt 13: accepted F02408-lm-13 — moved flippingFilters (8,4) -> (0,10)
  attempt 14: accepted F02408-lm-14 — moved falseGoals (2,5) -> (6,4)
  attempt 15: accepted F02408-lm-15 — moved statue (8,2) -> (1,11)

15/15 new local-mutant sibling(s) generated for R02408 in 15 attempt(s) (budget 600); 15 total in data/families/family-R02408-lm.json.
Wrote 15 level(s) total to data/families/family-R02408-lm.json (changed=true), 15 hint file(s) written to data/families/hints/.
Wrote family manifest to data/families/family-R02408-lm-manifest.json (15 variant(s) total).
Parent R02408: witness stressMeta.witnessSolution (len 94, 6 jump(s)), 55 movable object instance(s) under strict inventory.
  variant 1 (rotation): accepted F02408-sym-01
  variant 2 (rotation): accepted F02408-sym-02
  variant 3 (rotation): accepted F02408-sym-03
  variant 4 (reflection): accepted F02408-sym-04
  variant 5 (reflection): accepted F02408-sym-05
  variant 6 (reflection): accepted F02408-sym-06
  variant 7 (reflection): accepted F02408-sym-07

7/7 new symmetry sibling(s) generated for R02408 in 7 attempt(s) (budget 7); 7 total in data/families/family-R02408-sym.json.
Wrote 7 level(s) total to data/families/family-R02408-sym.json (changed=true), 7 hint file(s) written to data/families/hints/.
Wrote family manifest to data/families/family-R02408-sym-manifest.json (7 variant(s) total).
portfolio-solve-sweep: corpus=data/families/family-R02408-lm.json levels=15 (15 to solve) scheduler-mode=legacy budget=8000ms node-budget=20000000 workers=4 save-hints=true
  [1/15] L4 (F02408-lm-04) ok=✗
  [2/15] L3 (F02408-lm-03) ok=✗
  [3/15] L1 (F02408-lm-01) ok=✗
  [4/15] L2 (F02408-lm-02) ok=✗
  [5/15] L7 (F02408-lm-07) ok=✗
  [6/15] L6 (F02408-lm-06) ok=✗
  [7/15] L5 (F02408-lm-05) ok=✗
  [8/15] L8 (F02408-lm-08) ok=✗
  [9/15] L11 (F02408-lm-11) ok=✗
  [10/15] L9 (F02408-lm-09) ok=✗
  [11/15] L10 (F02408-lm-10) ok=✗
  [12/15] L12 (F02408-lm-12) ok=✗
  [13/15] L15 (F02408-lm-15) ok=✗
  [14/15] L14 (F02408-lm-14) ok=✗
  [15/15] L13 (F02408-lm-13) ok=✗
Hints: appended to 0 level(s); 0 hint file(s) changed on disk.
Result: solved=0/15, solvedBeforeFallback=0, fallbackOnly=0, unsolved=15
Wrote logs/family-census/solve-R02408-lm.json
Wrote logs/family-census/solve-R02408-lm-summary.md
portfolio-solve-sweep: corpus=data/families/family-R02408-sym.json levels=7 (7 to solve) scheduler-mode=legacy budget=8000ms node-budget=20000000 workers=4 save-hints=true
  [1/7] L3 (F02408-sym-03) ok=✗
  [2/7] L4 (F02408-sym-04) ok=✗
  [3/7] L1 (F02408-sym-01) ok=✗
  [4/7] L2 (F02408-sym-02) ok=✗
  [5/7] L7 (F02408-sym-07) ok=✗
  [6/7] L6 (F02408-sym-06) ok=✗
  [7/7] L5 (F02408-sym-05) ok=✗
Hints: appended to 0 level(s); 0 hint file(s) changed on disk.
Result: solved=0/7, solvedBeforeFallback=0, fallbackOnly=0, unsolved=7
Wrote logs/family-census/solve-R02408-sym.json
Wrote logs/family-census/solve-R02408-sym-summary.md
[00:21:14] DONE R02408
[00:21:14] START R02454
Parent R02454: witness stressMeta.witnessSolution (len 117, 5 jump(s)), 72 movable object instance(s) under strict inventory.
  attempt 1: accepted F02454-lm-01 — moved blocks (1,6) -> (0,5)
  attempt 2: accepted F02454-lm-02 — moved falseGoals (7,9) -> (0,14)
  attempt 3: accepted F02454-lm-03 — moved blocks (8,13) -> (7,0)
  attempt 4: accepted F02454-lm-04 — moved blocks (5,14) -> (0,5)
  attempt 5: accepted F02454-lm-05 — moved blocks (6,11) -> (4,4)
  attempt 6: accepted F02454-lm-06 — moved blocks (0,12) -> (1,13)
  attempt 7: accepted F02454-lm-07 — moved blocks (1,6) -> (10,14)
  attempt 8: accepted F02454-lm-08 — moved blocks (3,3) -> (1,11)
  attempt 9: accepted F02454-lm-09 — moved blocks (0,12) -> (4,4)
  attempt 10: accepted F02454-lm-10 — moved flippingFilters (5,11) -> (13,12)
  attempt 11: accepted F02454-lm-11 — moved blocks (4,14) -> (0,3)
  attempt 12: accepted F02454-lm-12 — moved flippingFilters (5,11) -> (10,8)
  attempt 13: accepted F02454-lm-13 — moved blocks (12,12) -> (6,0)
  attempt 14: accepted F02454-lm-14 — moved blocks (7,10) -> (9,9)
  attempt 15: accepted F02454-lm-15 — moved geese (6,14) -> (1,11)

15/15 new local-mutant sibling(s) generated for R02454 in 15 attempt(s) (budget 600); 15 total in data/families/family-R02454-lm.json.
Wrote 15 level(s) total to data/families/family-R02454-lm.json (changed=true), 15 hint file(s) written to data/families/hints/.
Wrote family manifest to data/families/family-R02454-lm-manifest.json (15 variant(s) total).
Parent R02454: witness stressMeta.witnessSolution (len 117, 5 jump(s)), 72 movable object instance(s) under strict inventory.
  variant 1 (rotation): accepted F02454-sym-01
  variant 2 (rotation): accepted F02454-sym-02
  variant 3 (rotation): accepted F02454-sym-03
  variant 4 (reflection): accepted F02454-sym-04
  variant 5 (reflection): accepted F02454-sym-05
  variant 6 (reflection): accepted F02454-sym-06
  variant 7 (reflection): accepted F02454-sym-07

7/7 new symmetry sibling(s) generated for R02454 in 7 attempt(s) (budget 7); 7 total in data/families/family-R02454-sym.json.
Wrote 7 level(s) total to data/families/family-R02454-sym.json (changed=true), 7 hint file(s) written to data/families/hints/.
Wrote family manifest to data/families/family-R02454-sym-manifest.json (7 variant(s) total).
portfolio-solve-sweep: corpus=data/families/family-R02454-lm.json levels=15 (15 to solve) scheduler-mode=legacy budget=8000ms node-budget=20000000 workers=4 save-hints=true
  [1/15] L2 (F02454-lm-02) ok=✗
  [2/15] L1 (F02454-lm-01) ok=✗
  [3/15] L3 (F02454-lm-03) ok=✗
  [4/15] L4 (F02454-lm-04) ok=✗
  [5/15] L5 (F02454-lm-05) ok=✗
  [6/15] L6 (F02454-lm-06) ok=✗
  [7/15] L7 (F02454-lm-07) ok=✗
  [8/15] L8 (F02454-lm-08) ok=✗
  [9/15] L10 (F02454-lm-10) ok=✗
  [10/15] L9 (F02454-lm-09) ok=✗
  [11/15] L12 (F02454-lm-12) ok=✗
  [12/15] L11 (F02454-lm-11) ok=✗
  [13/15] L13 (F02454-lm-13) ok=✗
  [14/15] L14 (F02454-lm-14) ok=✗
  [15/15] L15 (F02454-lm-15) ok=✗
Hints: appended to 0 level(s); 0 hint file(s) changed on disk.
Result: solved=0/15, solvedBeforeFallback=0, fallbackOnly=0, unsolved=15
Wrote logs/family-census/solve-R02454-lm.json
Wrote logs/family-census/solve-R02454-lm-summary.md
portfolio-solve-sweep: corpus=data/families/family-R02454-sym.json levels=7 (7 to solve) scheduler-mode=legacy budget=8000ms node-budget=20000000 workers=4 save-hints=true
  [1/7] L4 (F02454-sym-04) ok=✗
  [2/7] L3 (F02454-sym-03) ok=✗
  [3/7] L1 (F02454-sym-01) ok=✗
  [4/7] L2 (F02454-sym-02) ok=✗
  [5/7] L6 (F02454-sym-06) ok=✗
  [6/7] L5 (F02454-sym-05) ok=✗
  [7/7] L7 (F02454-sym-07) ok=✗
Hints: appended to 0 level(s); 0 hint file(s) changed on disk.
Result: solved=0/7, solvedBeforeFallback=0, fallbackOnly=0, unsolved=7
Wrote logs/family-census/solve-R02454-sym.json
Wrote logs/family-census/solve-R02454-sym-summary.md
[00:22:17] DONE R02454
[00:22:17] START R02494
Parent R02494: witness stressMeta.witnessSolution (len 124, 0 jump(s)), 69 movable object instance(s) under strict inventory.
  attempt 1: accepted F02494-lm-01 — moved blocks (3,0) -> (1,9)
  attempt 2: accepted F02494-lm-02 — moved blocks (10,7) -> (8,0)
  attempt 3: accepted F02494-lm-03 — moved geese (5,3) -> (6,3)
  attempt 4: accepted F02494-lm-04 — moved blocks (5,1) -> (1,9)
  attempt 5: accepted F02494-lm-05 — moved blocks (4,11) -> (10,8)
  attempt 6: accepted F02494-lm-06 — moved flippingFilters (4,0) -> (4,4)
  attempt 7: accepted F02494-lm-07 — moved geese (4,3) -> (6,0)
  attempt 8: accepted F02494-lm-08 — moved mustPass (1,5) -> (8,13)
  attempt 9: accepted F02494-lm-09 — moved blocks (11,0) -> (3,2)
  attempt 10: accepted F02494-lm-10 — moved blocks (8,1) -> (11,4)
  attempt 11: accepted F02494-lm-11 — moved flippingFilters (7,12) -> (1,8)
  attempt 12: accepted F02494-lm-12 — moved fountain (0,1) -> (10,8)
  attempt 13: accepted F02494-lm-13 — moved geese (4,5) -> (13,5)
  attempt 14: accepted F02494-lm-14 — moved lamppost (13,2) -> (9,1)
  attempt 15: accepted F02494-lm-15 — moved mustPass (8,11) -> (7,7)

15/15 new local-mutant sibling(s) generated for R02494 in 15 attempt(s) (budget 600); 15 total in data/families/family-R02494-lm.json.
Wrote 15 level(s) total to data/families/family-R02494-lm.json (changed=true), 15 hint file(s) written to data/families/hints/.
Wrote family manifest to data/families/family-R02494-lm-manifest.json (15 variant(s) total).
Parent R02494: witness stressMeta.witnessSolution (len 124, 0 jump(s)), 69 movable object instance(s) under strict inventory.
  variant 1 (rotation): accepted F02494-sym-01
  variant 2 (rotation): accepted F02494-sym-02
  variant 3 (rotation): accepted F02494-sym-03
  variant 4 (reflection): accepted F02494-sym-04
  variant 5 (reflection): accepted F02494-sym-05
  variant 6 (reflection): accepted F02494-sym-06
  variant 7 (reflection): accepted F02494-sym-07

7/7 new symmetry sibling(s) generated for R02494 in 7 attempt(s) (budget 7); 7 total in data/families/family-R02494-sym.json.
Wrote 7 level(s) total to data/families/family-R02494-sym.json (changed=true), 7 hint file(s) written to data/families/hints/.
Wrote family manifest to data/families/family-R02494-sym-manifest.json (7 variant(s) total).
portfolio-solve-sweep: corpus=data/families/family-R02494-lm.json levels=15 (15 to solve) scheduler-mode=legacy budget=8000ms node-budget=20000000 workers=4 save-hints=true
  [1/15] L2 (F02494-lm-02) ok=✗
  [2/15] L3 (F02494-lm-03) ok=✗
  [3/15] L1 (F02494-lm-01) ok=✗
  [4/15] L4 (F02494-lm-04) ok=✗
  [5/15] L5 (F02494-lm-05) ok=✗
  [6/15] L8 (F02494-lm-08) ok=✗
  [7/15] L6 (F02494-lm-06) ok=✗
  [8/15] L7 (F02494-lm-07) ok=✗
  [9/15] L9 (F02494-lm-09) ok=✗
  [10/15] L10 (F02494-lm-10) ok=✗
  [11/15] L12 (F02494-lm-12) ok=✗
  [12/15] L11 (F02494-lm-11) ok=✗
  [13/15] L14 (F02494-lm-14) ok=✗
  [14/15] L13 (F02494-lm-13) ok=✗
  [15/15] L15 (F02494-lm-15) ok=✗
Hints: appended to 0 level(s); 0 hint file(s) changed on disk.
Result: solved=0/15, solvedBeforeFallback=0, fallbackOnly=0, unsolved=15
Wrote logs/family-census/solve-R02494-lm.json
Wrote logs/family-census/solve-R02494-lm-summary.md
portfolio-solve-sweep: corpus=data/families/family-R02494-sym.json levels=7 (7 to solve) scheduler-mode=legacy budget=8000ms node-budget=20000000 workers=4 save-hints=true
  [1/7] L3 (F02494-sym-03) ok=✗
  [2/7] L2 (F02494-sym-02) ok=✗
  [3/7] L4 (F02494-sym-04) ok=✗
  [4/7] L1 (F02494-sym-01) ok=✗
  [5/7] L6 (F02494-sym-06) ok=✗
  [6/7] L5 (F02494-sym-05) ok=✗
  [7/7] L7 (F02494-sym-07) ok=✗
Hints: appended to 0 level(s); 0 hint file(s) changed on disk.
Result: solved=0/7, solvedBeforeFallback=0, fallbackOnly=0, unsolved=7
Wrote logs/family-census/solve-R02494-sym.json
Wrote logs/family-census/solve-R02494-sym-summary.md
[00:25:57] DONE R02494
[00:25:57] START R02531
Parent R02531: witness stressMeta.witnessSolution (len 99, 0 jump(s)), 82 movable object instance(s) under strict inventory.
  attempt 1: accepted F02531-lm-01 — moved falseGoals (9,11) -> (12,11)
  attempt 2: accepted F02531-lm-02 — moved blocks (2,1) -> (13,1)
  attempt 3: accepted F02531-lm-03 — moved flippingFilters (4,6) -> (10,5)
  attempt 4: accepted F02531-lm-04 — moved mustPass (12,4) -> (7,2)
  attempt 5: accepted F02531-lm-05 — moved market (7,7) -> (8,11)
  attempt 6: accepted F02531-lm-06 — moved lamppost (11,10) -> (0,13)
  attempt 7: accepted F02531-lm-07 — moved statue (2,4) -> (0,4)
  attempt 8: accepted F02531-lm-08 — moved blocks (11,11) -> (7,12)
  attempt 9: accepted F02531-lm-09 — moved blocks (6,0) -> (12,11)
  attempt 10: accepted F02531-lm-10 — moved geese (5,12) -> (12,10)
  attempt 11: accepted F02531-lm-11 — moved blocks (6,10) -> (12,13)
  attempt 12: accepted F02531-lm-12 — moved statue (1,9) -> (7,0)
  attempt 13: accepted F02531-lm-13 — moved blocks (10,6) -> (1,1)
  attempt 14: accepted F02531-lm-14 — moved lamppost (3,12) -> (12,5)
  attempt 15: accepted F02531-lm-15 — moved blocks (2,1) -> (2,12)

15/15 new local-mutant sibling(s) generated for R02531 in 15 attempt(s) (budget 600); 15 total in data/families/family-R02531-lm.json.
Wrote 15 level(s) total to data/families/family-R02531-lm.json (changed=true), 15 hint file(s) written to data/families/hints/.
Wrote family manifest to data/families/family-R02531-lm-manifest.json (15 variant(s) total).
Parent R02531: witness stressMeta.witnessSolution (len 99, 0 jump(s)), 82 movable object instance(s) under strict inventory.
  variant 1 (rotation): accepted F02531-sym-01
  variant 2 (rotation): accepted F02531-sym-02
  variant 3 (rotation): accepted F02531-sym-03
  variant 4 (reflection): accepted F02531-sym-04
  variant 5 (reflection): accepted F02531-sym-05
  variant 6 (reflection): accepted F02531-sym-06
  variant 7 (reflection): accepted F02531-sym-07

7/7 new symmetry sibling(s) generated for R02531 in 7 attempt(s) (budget 7); 7 total in data/families/family-R02531-sym.json.
Wrote 7 level(s) total to data/families/family-R02531-sym.json (changed=true), 7 hint file(s) written to data/families/hints/.
Wrote family manifest to data/families/family-R02531-sym-manifest.json (7 variant(s) total).
portfolio-solve-sweep: corpus=data/families/family-R02531-lm.json levels=15 (15 to solve) scheduler-mode=legacy budget=8000ms node-budget=20000000 workers=4 save-hints=true
  [1/15] L2 (F02531-lm-02) ok=✗
  [2/15] L4 (F02531-lm-04) ok=✗
  [3/15] L1 (F02531-lm-01) ok=✗
  [4/15] L3 (F02531-lm-03) ok=✗
  [5/15] L8 (F02531-lm-08) ok=✗
  [6/15] L6 (F02531-lm-06) ok=✗
  [7/15] L5 (F02531-lm-05) ok=✗
  [8/15] L7 (F02531-lm-07) ok=✗
  [9/15] L9 (F02531-lm-09) ok=✗
  [10/15] L11 (F02531-lm-11) ok=✗
  [11/15] L10 (F02531-lm-10) ok=✗
  [12/15] L12 (F02531-lm-12) ok=✗
  [13/15] L15 (F02531-lm-15) ok=✗
  [14/15] L13 (F02531-lm-13) ok=✗
  [15/15] L14 (F02531-lm-14) ok=✗
Hints: appended to 0 level(s); 0 hint file(s) changed on disk.
Result: solved=0/15, solvedBeforeFallback=0, fallbackOnly=0, unsolved=15
Wrote logs/family-census/solve-R02531-lm.json
Wrote logs/family-census/solve-R02531-lm-summary.md
portfolio-solve-sweep: corpus=data/families/family-R02531-sym.json levels=7 (7 to solve) scheduler-mode=legacy budget=8000ms node-budget=20000000 workers=4 save-hints=true
  [1/7] L3 (F02531-sym-03) ok=✗
  [2/7] L2 (F02531-sym-02) ok=✗
  [3/7] L1 (F02531-sym-01) ok=✗
  [4/7] L4 (F02531-sym-04) ok=✗
  [5/7] L6 (F02531-sym-06) ok=✗
  [6/7] L5 (F02531-sym-05) ok=✗
  [7/7] L7 (F02531-sym-07) ok=✗
Hints: appended to 0 level(s); 0 hint file(s) changed on disk.
Result: solved=0/7, solvedBeforeFallback=0, fallbackOnly=0, unsolved=7
Wrote logs/family-census/solve-R02531-sym.json
Wrote logs/family-census/solve-R02531-sym-summary.md
[00:29:03] DONE R02531
[00:29:03] START R02565
Parent R02565: witness stressMeta.witnessSolution (len 109, 4 jump(s)), 34 movable object instance(s) under strict inventory.
  attempt 1: accepted F02565-lm-01 — moved blocks (4,1) -> (11,9)
  attempt 2: accepted F02565-lm-02 — moved mustPass (5,11) -> (1,3)
  attempt 3: accepted F02565-lm-03 — moved library (12,6) -> (0,4)
  attempt 4: accepted F02565-lm-04 — moved blocks (5,7) -> (8,6)
  attempt 5: accepted F02565-lm-05 — moved park (11,2) -> (0,4)
  attempt 6: accepted F02565-lm-06 — moved blocks (4,10) -> (4,6)
  attempt 7: accepted F02565-lm-07 — moved mustPass (5,11) -> (7,4)
  attempt 8: accepted F02565-lm-08 — moved flippingFilters (12,9) -> (10,12)
  attempt 9: accepted F02565-lm-09 — moved fountain (10,0) -> (0,4)
  attempt 10: rejected — degenerate duplicate of parent or another accepted variant
  attempt 11: accepted F02565-lm-10 — moved blocks (0,6) -> (6,0)
  attempt 12: accepted F02565-lm-11 — moved flippingFilters (6,9) -> (12,2)
  attempt 13: accepted F02565-lm-12 — moved blocks (0,5) -> (4,7)
  attempt 14: accepted F02565-lm-13 — moved blocks (4,8) -> (5,5)
  attempt 15: accepted F02565-lm-14 — moved mustPass (9,4) -> (2,4)
  attempt 16: accepted F02565-lm-15 — moved flippingFilters (6,9) -> (4,0)

15/15 new local-mutant sibling(s) generated for R02565 in 16 attempt(s) (budget 600); 15 total in data/families/family-R02565-lm.json.
Wrote 15 level(s) total to data/families/family-R02565-lm.json (changed=true), 15 hint file(s) written to data/families/hints/.
Wrote family manifest to data/families/family-R02565-lm-manifest.json (15 variant(s) total).
Parent R02565: witness stressMeta.witnessSolution (len 109, 4 jump(s)), 34 movable object instance(s) under strict inventory.
  variant 1 (rotation): accepted F02565-sym-01
  variant 2 (rotation): accepted F02565-sym-02
  variant 3 (rotation): accepted F02565-sym-03
  variant 4 (reflection): accepted F02565-sym-04
  variant 5 (reflection): accepted F02565-sym-05
  variant 6 (reflection): accepted F02565-sym-06
  variant 7 (reflection): accepted F02565-sym-07

7/7 new symmetry sibling(s) generated for R02565 in 7 attempt(s) (budget 7); 7 total in data/families/family-R02565-sym.json.
Wrote 7 level(s) total to data/families/family-R02565-sym.json (changed=true), 7 hint file(s) written to data/families/hints/.
Wrote family manifest to data/families/family-R02565-sym-manifest.json (7 variant(s) total).
portfolio-solve-sweep: corpus=data/families/family-R02565-lm.json levels=15 (15 to solve) scheduler-mode=legacy budget=8000ms node-budget=20000000 workers=4 save-hints=true
  [1/15] L4 (F02565-lm-04) ok=✗
  [2/15] L1 (F02565-lm-01) ok=✗
  [3/15] L3 (F02565-lm-03) ok=✗
  [4/15] L2 (F02565-lm-02) ok=✗
  [5/15] L5 (F02565-lm-05) ok=✗
  [6/15] L6 (F02565-lm-06) ok=✗
  [7/15] L7 (F02565-lm-07) ok=✗
  [8/15] L8 (F02565-lm-08) ok=✗
  [9/15] L9 (F02565-lm-09) ok=✗
  [10/15] L10 (F02565-lm-10) ok=✗
  [11/15] L11 (F02565-lm-11) ok=✗
  [12/15] L12 (F02565-lm-12) ok=✗
  [13/15] L13 (F02565-lm-13) ok=✗
  [14/15] L15 (F02565-lm-15) ok=✗
  [15/15] L14 (F02565-lm-14) ok=✗
Hints: appended to 0 level(s); 0 hint file(s) changed on disk.
Result: solved=0/15, solvedBeforeFallback=0, fallbackOnly=0, unsolved=15
Wrote logs/family-census/solve-R02565-lm.json
Wrote logs/family-census/solve-R02565-lm-summary.md
portfolio-solve-sweep: corpus=data/families/family-R02565-sym.json levels=7 (7 to solve) scheduler-mode=legacy budget=8000ms node-budget=20000000 workers=4 save-hints=true
  [1/7] L2 (F02565-sym-02) ok=✗
  [2/7] L1 (F02565-sym-01) ok=✗
  [3/7] L3 (F02565-sym-03) ok=✗
  [4/7] L4 (F02565-sym-04) ok=✗
  [5/7] L5 (F02565-sym-05) ok=✗
  [6/7] L6 (F02565-sym-06) ok=✗
  [7/7] L7 (F02565-sym-07) ok=✗
Hints: appended to 0 level(s); 0 hint file(s) changed on disk.
Result: solved=0/7, solvedBeforeFallback=0, fallbackOnly=0, unsolved=7
Wrote logs/family-census/solve-R02565-sym.json
Wrote logs/family-census/solve-R02565-sym-summary.md
[00:31:27] DONE R02565
[00:31:27] START R02602
Parent R02602: witness hint[0] (len 67, 6 jump(s)), 58 movable object instance(s) under strict inventory.
  attempt 1: accepted F02602-lm-01 — moved geese (7,0) -> (7,8)
  attempt 2: accepted F02602-lm-02 — moved flippingFilters (1,7) -> (0,5)
  attempt 3: accepted F02602-lm-03 — moved blocks (10,5) -> (8,8)
  attempt 4: accepted F02602-lm-04 — moved lamppost (6,8) -> (7,7)
  attempt 5: accepted F02602-lm-05 — moved market (2,7) -> (2,9)
  attempt 6: accepted F02602-lm-06 — moved park (1,8) -> (8,8)
  attempt 7: accepted F02602-lm-07 — moved mustPass (5,3) -> (2,0)
  attempt 8: accepted F02602-lm-08 — moved mustPass (5,10) -> (2,8)
  attempt 9: accepted F02602-lm-09 — moved mustPass (5,3) -> (9,3)
  attempt 10: accepted F02602-lm-10 — moved blocks (2,5) -> (4,10)
  attempt 11: accepted F02602-lm-11 — moved blocks (2,5) -> (8,1)
  attempt 12: accepted F02602-lm-12 — moved blocks (9,6) -> (8,8)
  attempt 13: accepted F02602-lm-13 — moved flippingFilters (1,7) -> (6,10)
  attempt 14: accepted F02602-lm-14 — moved fountain (1,6) -> (8,1)
  attempt 15: accepted F02602-lm-15 — moved flippingFilters (8,0) -> (2,0)

15/15 new local-mutant sibling(s) generated for R02602 in 15 attempt(s) (budget 600); 15 total in data/families/family-R02602-lm.json.
Wrote 15 level(s) total to data/families/family-R02602-lm.json (changed=true), 15 hint file(s) written to data/families/hints/.
Wrote family manifest to data/families/family-R02602-lm-manifest.json (15 variant(s) total).
Parent R02602: witness hint[0] (len 67, 6 jump(s)), 58 movable object instance(s) under strict inventory.
  variant 1 (rotation): accepted F02602-sym-01
  variant 2 (rotation): accepted F02602-sym-02
  variant 3 (rotation): accepted F02602-sym-03
  variant 4 (reflection): accepted F02602-sym-04
  variant 5 (reflection): accepted F02602-sym-05
  variant 6 (reflection): accepted F02602-sym-06
  variant 7 (reflection): accepted F02602-sym-07

7/7 new symmetry sibling(s) generated for R02602 in 7 attempt(s) (budget 7); 7 total in data/families/family-R02602-sym.json.
Wrote 7 level(s) total to data/families/family-R02602-sym.json (changed=true), 7 hint file(s) written to data/families/hints/.
Wrote family manifest to data/families/family-R02602-sym-manifest.json (7 variant(s) total).
portfolio-solve-sweep: corpus=data/families/family-R02602-lm.json levels=15 (15 to solve) scheduler-mode=legacy budget=8000ms node-budget=20000000 workers=4 save-hints=true
  [1/15] L2 (F02602-lm-02) ok=✓ legacy [hint saved]
  [2/15] L3 (F02602-lm-03) ok=✗
  [3/15] L4 (F02602-lm-04) ok=✗
  [4/15] L1 (F02602-lm-01) ok=✗
  [5/15] L7 (F02602-lm-07) ok=✗
  [6/15] L5 (F02602-lm-05) ok=✗
  [7/15] L6 (F02602-lm-06) ok=✗
  [8/15] L8 (F02602-lm-08) ok=✗
  [9/15] L9 (F02602-lm-09) ok=✗
  [10/15] L10 (F02602-lm-10) ok=✗
  [11/15] L12 (F02602-lm-12) ok=✗
  [12/15] L11 (F02602-lm-11) ok=✗
  [13/15] L15 (F02602-lm-15) ok=✗
  [14/15] L14 (F02602-lm-14) ok=✗
  [15/15] L13 (F02602-lm-13) ok=✗
Hints: appended to 1 level(s); 1 hint file(s) changed on disk.
Result: solved=1/15, solvedBeforeFallback=0, fallbackOnly=1, unsolved=14
Wrote logs/family-census/solve-R02602-lm.json
Wrote logs/family-census/solve-R02602-lm-summary.md
portfolio-solve-sweep: corpus=data/families/family-R02602-sym.json levels=7 (7 to solve) scheduler-mode=legacy budget=8000ms node-budget=20000000 workers=4 save-hints=true
  [1/7] L1 (F02602-sym-01) ok=✗
  [2/7] L4 (F02602-sym-04) ok=✗
  [3/7] L3 (F02602-sym-03) ok=✗
  [4/7] L2 (F02602-sym-02) ok=✗
  [5/7] L5 (F02602-sym-05) ok=✗
  [6/7] L7 (F02602-sym-07) ok=✗
  [7/7] L6 (F02602-sym-06) ok=✗
Hints: appended to 0 level(s); 0 hint file(s) changed on disk.
Result: solved=0/7, solvedBeforeFallback=0, fallbackOnly=0, unsolved=7
Wrote logs/family-census/solve-R02602-sym.json
Wrote logs/family-census/solve-R02602-sym-summary.md
[00:33:30] DONE R02602
[00:33:30] START R02638
Parent R02638: witness stressMeta.witnessSolution (len 145, 0 jump(s)), 45 movable object instance(s) under strict inventory.
  attempt 1: accepted F02638-lm-01 — moved blocks (9,2) -> (1,6)
  attempt 2: accepted F02638-lm-02 — moved park (7,9) -> (0,3)
  attempt 3: accepted F02638-lm-03 — moved park (7,9) -> (4,11)
  attempt 4: accepted F02638-lm-04 — moved blocks (5,12) -> (11,0)
  attempt 5: accepted F02638-lm-05 — moved library (6,6) -> (1,8)
  attempt 6: accepted F02638-lm-06 — moved blocks (10,0) -> (0,3)
  attempt 7: accepted F02638-lm-07 — moved fountain (1,9) -> (8,0)
  attempt 8: accepted F02638-lm-08 — moved park (6,13) -> (2,1)
  attempt 9: accepted F02638-lm-09 — moved blocks (2,13) -> (3,11)
  attempt 10: accepted F02638-lm-10 — moved park (5,13) -> (7,1)
  attempt 11: accepted F02638-lm-11 — moved park (7,9) -> (1,0)
  attempt 12: accepted F02638-lm-12 — moved blocks (1,1) -> (8,13)
  attempt 13: accepted F02638-lm-13 — moved blocks (3,12) -> (1,2)
  attempt 14: accepted F02638-lm-14 — moved blocks (2,3) -> (10,2)
  attempt 15: accepted F02638-lm-15 — moved market (1,4) -> (11,2)

15/15 new local-mutant sibling(s) generated for R02638 in 15 attempt(s) (budget 600); 15 total in data/families/family-R02638-lm.json.
Wrote 15 level(s) total to data/families/family-R02638-lm.json (changed=true), 15 hint file(s) written to data/families/hints/.
Wrote family manifest to data/families/family-R02638-lm-manifest.json (15 variant(s) total).
Parent R02638: witness stressMeta.witnessSolution (len 145, 0 jump(s)), 45 movable object instance(s) under strict inventory.
  variant 1 (rotation): accepted F02638-sym-01
  variant 2 (rotation): accepted F02638-sym-02
  variant 3 (rotation): accepted F02638-sym-03
  variant 4 (reflection): accepted F02638-sym-04
  variant 5 (reflection): accepted F02638-sym-05
  variant 6 (reflection): accepted F02638-sym-06
  variant 7 (reflection): accepted F02638-sym-07

7/7 new symmetry sibling(s) generated for R02638 in 7 attempt(s) (budget 7); 7 total in data/families/family-R02638-sym.json.
Wrote 7 level(s) total to data/families/family-R02638-sym.json (changed=true), 7 hint file(s) written to data/families/hints/.
Wrote family manifest to data/families/family-R02638-sym-manifest.json (7 variant(s) total).
portfolio-solve-sweep: corpus=data/families/family-R02638-lm.json levels=15 (15 to solve) scheduler-mode=legacy budget=8000ms node-budget=20000000 workers=4 save-hints=true
  [1/15] L4 (F02638-lm-04) ok=✓ legacy [hint saved]
  [2/15] L3 (F02638-lm-03) ok=✗
  [3/15] L2 (F02638-lm-02) ok=✗
  [4/15] L1 (F02638-lm-01) ok=✗
  [5/15] L5 (F02638-lm-05) ok=✗
  [6/15] L7 (F02638-lm-07) ok=✗
  [7/15] L6 (F02638-lm-06) ok=✗
  [8/15] L8 (F02638-lm-08) ok=✗
  [9/15] L9 (F02638-lm-09) ok=✗
  [10/15] L11 (F02638-lm-11) ok=✗
  [11/15] L10 (F02638-lm-10) ok=✗
  [12/15] L12 (F02638-lm-12) ok=✗
  [13/15] L13 (F02638-lm-13) ok=✗
  [14/15] L14 (F02638-lm-14) ok=✗
  [15/15] L15 (F02638-lm-15) ok=✗
Hints: appended to 1 level(s); 1 hint file(s) changed on disk.
Result: solved=1/15, solvedBeforeFallback=0, fallbackOnly=1, unsolved=14
Wrote logs/family-census/solve-R02638-lm.json
Wrote logs/family-census/solve-R02638-lm-summary.md
portfolio-solve-sweep: corpus=data/families/family-R02638-sym.json levels=7 (7 to solve) scheduler-mode=legacy budget=8000ms node-budget=20000000 workers=4 save-hints=true
  [1/7] L3 (F02638-sym-03) ok=✗
  [2/7] L2 (F02638-sym-02) ok=✗
  [3/7] L4 (F02638-sym-04) ok=✗
  [4/7] L1 (F02638-sym-01) ok=✗
  [5/7] L6 (F02638-sym-06) ok=✗
  [6/7] L5 (F02638-sym-05) ok=✗
  [7/7] L7 (F02638-sym-07) ok=✗
Hints: appended to 0 level(s); 0 hint file(s) changed on disk.
Result: solved=0/7, solvedBeforeFallback=0, fallbackOnly=0, unsolved=7
Wrote logs/family-census/solve-R02638-sym.json
Wrote logs/family-census/solve-R02638-sym-summary.md
[00:37:04] DONE R02638
[00:37:04] START R02676
Parent R02676: witness stressMeta.witnessSolution (len 83, 4 jump(s)), 24 movable object instance(s) under strict inventory.
  attempt 1: accepted F02676-lm-01 — moved park (9,3) -> (10,5)
  attempt 2: accepted F02676-lm-02 — moved geese (9,10) -> (5,1)
  attempt 3: accepted F02676-lm-03 — moved park (11,8) -> (9,6)
  attempt 4: accepted F02676-lm-04 — moved library (1,11) -> (0,7)
  attempt 5: accepted F02676-lm-05 — moved market (11,6) -> (8,7)
  attempt 6: accepted F02676-lm-06 — moved park (0,8) -> (0,6)
  attempt 7: accepted F02676-lm-07 — moved park (9,0) -> (9,5)
  attempt 8: accepted F02676-lm-08 — moved statue (6,10) -> (5,1)
  attempt 9: accepted F02676-lm-09 — moved statue (6,10) -> (11,0)
  attempt 10: accepted F02676-lm-10 — moved fountain (0,1) -> (3,7)
  attempt 11: accepted F02676-lm-11 — moved library (2,7) -> (8,7)
  attempt 12: accepted F02676-lm-12 — moved geese (9,10) -> (3,0)
  attempt 13: accepted F02676-lm-13 — moved park (10,9) -> (3,10)
  attempt 14: accepted F02676-lm-14 — moved geese (4,7) -> (3,0)
  attempt 15: accepted F02676-lm-15 — moved statue (6,10) -> (7,7)

15/15 new local-mutant sibling(s) generated for R02676 in 15 attempt(s) (budget 600); 15 total in data/families/family-R02676-lm.json.
Wrote 15 level(s) total to data/families/family-R02676-lm.json (changed=true), 15 hint file(s) written to data/families/hints/.
Wrote family manifest to data/families/family-R02676-lm-manifest.json (15 variant(s) total).
Parent R02676: witness stressMeta.witnessSolution (len 83, 4 jump(s)), 24 movable object instance(s) under strict inventory.
  variant 1 (rotation): accepted F02676-sym-01
  variant 2 (rotation): accepted F02676-sym-02
  variant 3 (rotation): accepted F02676-sym-03
  variant 4 (reflection): accepted F02676-sym-04
  variant 5 (reflection): accepted F02676-sym-05
  variant 6 (reflection): accepted F02676-sym-06
  variant 7 (reflection): accepted F02676-sym-07

7/7 new symmetry sibling(s) generated for R02676 in 7 attempt(s) (budget 7); 7 total in data/families/family-R02676-sym.json.
Wrote 7 level(s) total to data/families/family-R02676-sym.json (changed=true), 7 hint file(s) written to data/families/hints/.
Wrote family manifest to data/families/family-R02676-sym-manifest.json (7 variant(s) total).
portfolio-solve-sweep: corpus=data/families/family-R02676-lm.json levels=15 (15 to solve) scheduler-mode=legacy budget=8000ms node-budget=20000000 workers=4 save-hints=true
  [1/15] L1 (F02676-lm-01) ok=✗
  [2/15] L4 (F02676-lm-04) ok=✗
  [3/15] L3 (F02676-lm-03) ok=✗
  [4/15] L2 (F02676-lm-02) ok=✗
  [5/15] L5 (F02676-lm-05) ok=✗
  [6/15] L6 (F02676-lm-06) ok=✗
  [7/15] L7 (F02676-lm-07) ok=✗
  [8/15] L8 (F02676-lm-08) ok=✗
  [9/15] L9 (F02676-lm-09) ok=✗
  [10/15] L11 (F02676-lm-11) ok=✗
  [11/15] L10 (F02676-lm-10) ok=✗
  [12/15] L12 (F02676-lm-12) ok=✗
  [13/15] L13 (F02676-lm-13) ok=✗
  [14/15] L14 (F02676-lm-14) ok=✗
  [15/15] L15 (F02676-lm-15) ok=✗
Hints: appended to 0 level(s); 0 hint file(s) changed on disk.
Result: solved=0/15, solvedBeforeFallback=0, fallbackOnly=0, unsolved=15
Wrote logs/family-census/solve-R02676-lm.json
Wrote logs/family-census/solve-R02676-lm-summary.md
portfolio-solve-sweep: corpus=data/families/family-R02676-sym.json levels=7 (7 to solve) scheduler-mode=legacy budget=8000ms node-budget=20000000 workers=4 save-hints=true
  [1/7] L3 (F02676-sym-03) ok=✗
  [2/7] L4 (F02676-sym-04) ok=✗
  [3/7] L1 (F02676-sym-01) ok=✗
  [4/7] L2 (F02676-sym-02) ok=✗
  [5/7] L7 (F02676-sym-07) ok=✗
  [6/7] L5 (F02676-sym-05) ok=✗
  [7/7] L6 (F02676-sym-06) ok=✗
Hints: appended to 0 level(s); 0 hint file(s) changed on disk.
Result: solved=0/7, solvedBeforeFallback=0, fallbackOnly=0, unsolved=7
Wrote logs/family-census/solve-R02676-sym.json
Wrote logs/family-census/solve-R02676-sym-summary.md
[00:42:22] DONE R02676
[00:42:22] START R02728
Parent R02728: witness stressMeta.witnessSolution (len 92, 4 jump(s)), 42 movable object instance(s) under strict inventory.
  attempt 1: accepted F02728-lm-01 — moved lamppost (1,6) -> (6,9)
  attempt 2: accepted F02728-lm-02 — moved statue (0,1) -> (0,7)
  attempt 3: accepted F02728-lm-03 — moved park (7,1) -> (5,7)
  attempt 4: accepted F02728-lm-04 — moved flippingFilters (10,0) -> (4,7)
  attempt 5: accepted F02728-lm-05 — moved flippingFilters (2,3) -> (8,5)
  attempt 6: accepted F02728-lm-06 — moved flippingFilters (9,2) -> (7,2)
  attempt 7: accepted F02728-lm-07 — moved lamppost (5,4) -> (0,9)
  attempt 8: accepted F02728-lm-08 — moved flippingFilters (10,0) -> (4,2)
  attempt 9: accepted F02728-lm-09 — moved flippingFilters (2,3) -> (4,1)
  attempt 10: accepted F02728-lm-10 — moved lamppost (5,4) -> (7,8)
  attempt 11: accepted F02728-lm-11 — moved flippingFilters (7,10) -> (6,10)
  attempt 12: accepted F02728-lm-12 — moved flippingFilters (2,3) -> (0,3)
  attempt 13: accepted F02728-lm-13 — moved flippingFilters (9,2) -> (1,5)
  attempt 14: accepted F02728-lm-14 — moved lamppost (5,4) -> (3,6)
  attempt 15: accepted F02728-lm-15 — moved park (9,4) -> (1,4)

15/15 new local-mutant sibling(s) generated for R02728 in 15 attempt(s) (budget 600); 15 total in data/families/family-R02728-lm.json.
Wrote 15 level(s) total to data/families/family-R02728-lm.json (changed=true), 15 hint file(s) written to data/families/hints/.
Wrote family manifest to data/families/family-R02728-lm-manifest.json (15 variant(s) total).
Parent R02728: witness stressMeta.witnessSolution (len 92, 4 jump(s)), 42 movable object instance(s) under strict inventory.
  variant 1 (rotation): accepted F02728-sym-01
  variant 2 (rotation): accepted F02728-sym-02
  variant 3 (rotation): accepted F02728-sym-03
  variant 4 (reflection): accepted F02728-sym-04
  variant 5 (reflection): accepted F02728-sym-05
  variant 6 (reflection): accepted F02728-sym-06
  variant 7 (reflection): accepted F02728-sym-07

7/7 new symmetry sibling(s) generated for R02728 in 7 attempt(s) (budget 7); 7 total in data/families/family-R02728-sym.json.
Wrote 7 level(s) total to data/families/family-R02728-sym.json (changed=true), 7 hint file(s) written to data/families/hints/.
Wrote family manifest to data/families/family-R02728-sym-manifest.json (7 variant(s) total).
portfolio-solve-sweep: corpus=data/families/family-R02728-lm.json levels=15 (15 to solve) scheduler-mode=legacy budget=8000ms node-budget=20000000 workers=4 save-hints=true
  [1/15] L1 (F02728-lm-01) ok=✗
  [2/15] L3 (F02728-lm-03) ok=✗
  [3/15] L4 (F02728-lm-04) ok=✗
  [4/15] L2 (F02728-lm-02) ok=✗
  [5/15] L5 (F02728-lm-05) ok=✗
  [6/15] L7 (F02728-lm-07) ok=✗
  [7/15] L6 (F02728-lm-06) ok=✗
  [8/15] L8 (F02728-lm-08) ok=✗
  [9/15] L9 (F02728-lm-09) ok=✗
  [10/15] L10 (F02728-lm-10) ok=✗
  [11/15] L11 (F02728-lm-11) ok=✗
  [12/15] L12 (F02728-lm-12) ok=✗
  [13/15] L13 (F02728-lm-13) ok=✗
  [14/15] L14 (F02728-lm-14) ok=✗
  [15/15] L15 (F02728-lm-15) ok=✗
Hints: appended to 0 level(s); 0 hint file(s) changed on disk.
Result: solved=0/15, solvedBeforeFallback=0, fallbackOnly=0, unsolved=15
Wrote logs/family-census/solve-R02728-lm.json
Wrote logs/family-census/solve-R02728-lm-summary.md
portfolio-solve-sweep: corpus=data/families/family-R02728-sym.json levels=7 (7 to solve) scheduler-mode=legacy budget=8000ms node-budget=20000000 workers=4 save-hints=true
  [1/7] L1 (F02728-sym-01) ok=✗
  [2/7] L4 (F02728-sym-04) ok=✗
  [3/7] L2 (F02728-sym-02) ok=✗
  [4/7] L3 (F02728-sym-03) ok=✗
  [5/7] L7 (F02728-sym-07) ok=✗
  [6/7] L6 (F02728-sym-06) ok=✗
  [7/7] L5 (F02728-sym-05) ok=✗
Hints: appended to 0 level(s); 0 hint file(s) changed on disk.
Result: solved=0/7, solvedBeforeFallback=0, fallbackOnly=0, unsolved=7
Wrote logs/family-census/solve-R02728-sym.json
Wrote logs/family-census/solve-R02728-sym-summary.md
[00:44:26] DONE R02728
[00:44:26] START R02766
Parent R02766: witness stressMeta.witnessSolution (len 104, 0 jump(s)), 62 movable object instance(s) under strict inventory.
  attempt 1: accepted F02766-lm-01 — moved flippingFilters (10,11) -> (4,6)
  attempt 2: accepted F02766-lm-02 — moved lamppost (3,0) -> (2,6)
  attempt 3: accepted F02766-lm-03 — moved flippingFilters (6,4) -> (2,11)
  attempt 4: accepted F02766-lm-04 — moved blocks (7,0) -> (8,8)
  attempt 5: accepted F02766-lm-05 — moved flippingFilters (6,11) -> (3,10)
  attempt 6: accepted F02766-lm-06 — moved lamppost (11,0) -> (11,7)
  attempt 7: accepted F02766-lm-07 — moved geese (11,12) -> (8,10)
  attempt 8: accepted F02766-lm-08 — moved fountain (8,3) -> (8,10)
  attempt 9: accepted F02766-lm-09 — moved market (2,2) -> (1,6)
  attempt 10: accepted F02766-lm-10 — moved geese (7,1) -> (7,11)
  attempt 11: accepted F02766-lm-11 — moved geese (4,12) -> (3,12)
  attempt 12: accepted F02766-lm-12 — moved blocks (11,8) -> (8,0)
  attempt 13: accepted F02766-lm-13 — moved lamppost (0,11) -> (4,10)
  attempt 14: accepted F02766-lm-14 — moved blocks (6,7) -> (12,8)
  attempt 15: accepted F02766-lm-15 — moved geese (11,11) -> (4,0)

15/15 new local-mutant sibling(s) generated for R02766 in 15 attempt(s) (budget 600); 15 total in data/families/family-R02766-lm.json.
Wrote 15 level(s) total to data/families/family-R02766-lm.json (changed=true), 15 hint file(s) written to data/families/hints/.
Wrote family manifest to data/families/family-R02766-lm-manifest.json (15 variant(s) total).
Parent R02766: witness stressMeta.witnessSolution (len 104, 0 jump(s)), 62 movable object instance(s) under strict inventory.
  variant 1 (rotation): accepted F02766-sym-01
  variant 2 (rotation): accepted F02766-sym-02
  variant 3 (rotation): accepted F02766-sym-03
  variant 4 (reflection): accepted F02766-sym-04
  variant 5 (reflection): accepted F02766-sym-05
  variant 6 (reflection): accepted F02766-sym-06
  variant 7 (reflection): accepted F02766-sym-07

7/7 new symmetry sibling(s) generated for R02766 in 7 attempt(s) (budget 7); 7 total in data/families/family-R02766-sym.json.
Wrote 7 level(s) total to data/families/family-R02766-sym.json (changed=true), 7 hint file(s) written to data/families/hints/.
Wrote family manifest to data/families/family-R02766-sym-manifest.json (7 variant(s) total).
portfolio-solve-sweep: corpus=data/families/family-R02766-lm.json levels=15 (15 to solve) scheduler-mode=legacy budget=8000ms node-budget=20000000 workers=4 save-hints=true
  [1/15] L3 (F02766-lm-03) ok=✗
  [2/15] L2 (F02766-lm-02) ok=✗
  [3/15] L1 (F02766-lm-01) ok=✗
  [4/15] L4 (F02766-lm-04) ok=✗
  [5/15] L6 (F02766-lm-06) ok=✗
  [6/15] L7 (F02766-lm-07) ok=✗
  [7/15] L5 (F02766-lm-05) ok=✗
  [8/15] L8 (F02766-lm-08) ok=✗
  [9/15] L12 (F02766-lm-12) ok=✗
  [10/15] L9 (F02766-lm-09) ok=✗
  [11/15] L11 (F02766-lm-11) ok=✗
  [12/15] L10 (F02766-lm-10) ok=✗
  [13/15] L14 (F02766-lm-14) ok=✗
  [14/15] L13 (F02766-lm-13) ok=✗
  [15/15] L15 (F02766-lm-15) ok=✗
Hints: appended to 0 level(s); 0 hint file(s) changed on disk.
Result: solved=0/15, solvedBeforeFallback=0, fallbackOnly=0, unsolved=15
Wrote logs/family-census/solve-R02766-lm.json
Wrote logs/family-census/solve-R02766-lm-summary.md
portfolio-solve-sweep: corpus=data/families/family-R02766-sym.json levels=7 (7 to solve) scheduler-mode=legacy budget=8000ms node-budget=20000000 workers=4 save-hints=true
  [1/7] L1 (F02766-sym-01) ok=✗
  [2/7] L2 (F02766-sym-02) ok=✗
  [3/7] L4 (F02766-sym-04) ok=✗
  [4/7] L3 (F02766-sym-03) ok=✗
  [5/7] L5 (F02766-sym-05) ok=✗
  [6/7] L7 (F02766-sym-07) ok=✗
  [7/7] L6 (F02766-sym-06) ok=✗
Hints: appended to 0 level(s); 0 hint file(s) changed on disk.
Result: solved=0/7, solvedBeforeFallback=0, fallbackOnly=0, unsolved=7
Wrote logs/family-census/solve-R02766-sym.json
Wrote logs/family-census/solve-R02766-sym-summary.md
[00:47:28] DONE R02766
[00:47:28] START R02794
Parent R02794: witness stressMeta.witnessSolution (len 91, 6 jump(s)), 37 movable object instance(s) under strict inventory.
  attempt 1: accepted F02794-lm-01 — moved mustCross (5,8) -> (9,8)
  attempt 2: accepted F02794-lm-02 — moved flippingFilters (0,9) -> (6,3)
  attempt 3: accepted F02794-lm-03 — moved flippingFilters (4,7) -> (6,3)
  attempt 4: accepted F02794-lm-04 — moved mustCross (9,4) -> (9,8)
  attempt 5: accepted F02794-lm-05 — moved flippingFilters (9,10) -> (8,10)
  attempt 6: accepted F02794-lm-06 — moved flippingFilters (2,0) -> (6,3)
  attempt 7: accepted F02794-lm-07 — moved flippingFilters (1,10) -> (6,3)
  attempt 8: accepted F02794-lm-08 — moved mustCross (8,1) -> (9,8)
  attempt 9: accepted F02794-lm-09 — moved flippingFilters (7,6) -> (6,3)
  attempt 10: accepted F02794-lm-10 — moved flippingFilters (9,10) -> (1,8)
  attempt 11: rejected — degenerate duplicate of parent or another accepted variant
  attempt 12: rejected — degenerate duplicate of parent or another accepted variant
  attempt 13: rejected — degenerate duplicate of parent or another accepted variant
  attempt 14: accepted F02794-lm-11 — moved flippingFilters (9,10) -> (8,9)
  attempt 15: rejected — degenerate duplicate of parent or another accepted variant
  attempt 16: rejected — degenerate duplicate of parent or another accepted variant
  attempt 17: rejected — degenerate duplicate of parent or another accepted variant
  attempt 18: rejected — degenerate duplicate of parent or another accepted variant
  attempt 19: rejected — degenerate duplicate of parent or another accepted variant
  attempt 20: accepted F02794-lm-12 — moved mustCross (9,7) -> (9,8)
  attempt 21: accepted F02794-lm-13 — moved flippingFilters (5,6) -> (7,10)
  attempt 22: rejected — degenerate duplicate of parent or another accepted variant
  attempt 23: rejected — degenerate duplicate of parent or another accepted variant
  attempt 24: rejected — degenerate duplicate of parent or another accepted variant
  attempt 25: rejected — degenerate duplicate of parent or another accepted variant
  attempt 26: rejected — degenerate duplicate of parent or another accepted variant
  attempt 27: accepted F02794-lm-14 — moved mustCross (6,4) -> (9,8)
  attempt 28: rejected — degenerate duplicate of parent or another accepted variant
  attempt 29: rejected — degenerate duplicate of parent or another accepted variant
  attempt 30: rejected — degenerate duplicate of parent or another accepted variant
  attempt 31: rejected — degenerate duplicate of parent or another accepted variant
  attempt 32: rejected — degenerate duplicate of parent or another accepted variant
  attempt 33: rejected — degenerate duplicate of parent or another accepted variant
  attempt 34: rejected — degenerate duplicate of parent or another accepted variant
  attempt 35: rejected — degenerate duplicate of parent or another accepted variant
  attempt 36: rejected — degenerate duplicate of parent or another accepted variant
  attempt 37: rejected — degenerate duplicate of parent or another accepted variant
  attempt 38: rejected — degenerate duplicate of parent or another accepted variant
  attempt 39: rejected — degenerate duplicate of parent or another accepted variant
  attempt 40: rejected — degenerate duplicate of parent or another accepted variant
  attempt 41: accepted F02794-lm-15 — moved flippingFilters (5,6) -> (4,10)

15/15 new local-mutant sibling(s) generated for R02794 in 41 attempt(s) (budget 600); 15 total in data/families/family-R02794-lm.json.
Wrote 15 level(s) total to data/families/family-R02794-lm.json (changed=true), 15 hint file(s) written to data/families/hints/.
Wrote family manifest to data/families/family-R02794-lm-manifest.json (15 variant(s) total).
Parent R02794: witness stressMeta.witnessSolution (len 91, 6 jump(s)), 37 movable object instance(s) under strict inventory.
  variant 1 (rotation): accepted F02794-sym-01
  variant 2 (rotation): accepted F02794-sym-02
  variant 3 (rotation): accepted F02794-sym-03
  variant 4 (reflection): accepted F02794-sym-04
  variant 5 (reflection): accepted F02794-sym-05
  variant 6 (reflection): accepted F02794-sym-06
  variant 7 (reflection): accepted F02794-sym-07

7/7 new symmetry sibling(s) generated for R02794 in 7 attempt(s) (budget 7); 7 total in data/families/family-R02794-sym.json.
Wrote 7 level(s) total to data/families/family-R02794-sym.json (changed=true), 7 hint file(s) written to data/families/hints/.
Wrote family manifest to data/families/family-R02794-sym-manifest.json (7 variant(s) total).
portfolio-solve-sweep: corpus=data/families/family-R02794-lm.json levels=15 (15 to solve) scheduler-mode=legacy budget=8000ms node-budget=20000000 workers=4 save-hints=true
  [1/15] L1 (F02794-lm-01) ok=✗
  [2/15] L4 (F02794-lm-04) ok=✗
  [3/15] L3 (F02794-lm-03) ok=✗
  [4/15] L2 (F02794-lm-02) ok=✗
  [5/15] L5 (F02794-lm-05) ok=✗
  [6/15] L7 (F02794-lm-07) ok=✗
  [7/15] L6 (F02794-lm-06) ok=✗
  [8/15] L8 (F02794-lm-08) ok=✗
  [9/15] L9 (F02794-lm-09) ok=✗
  [10/15] L10 (F02794-lm-10) ok=✗
  [11/15] L11 (F02794-lm-11) ok=✗
  [12/15] L12 (F02794-lm-12) ok=✗
  [13/15] L15 (F02794-lm-15) ok=✗
  [14/15] L13 (F02794-lm-13) ok=✗
  [15/15] L14 (F02794-lm-14) ok=✗
Hints: appended to 0 level(s); 0 hint file(s) changed on disk.
Result: solved=0/15, solvedBeforeFallback=0, fallbackOnly=0, unsolved=15
Wrote logs/family-census/solve-R02794-lm.json
Wrote logs/family-census/solve-R02794-lm-summary.md
portfolio-solve-sweep: corpus=data/families/family-R02794-sym.json levels=7 (7 to solve) scheduler-mode=legacy budget=8000ms node-budget=20000000 workers=4 save-hints=true
  [1/7] L1 (F02794-sym-01) ok=✗
  [2/7] L4 (F02794-sym-04) ok=✗
  [3/7] L3 (F02794-sym-03) ok=✗
  [4/7] L2 (F02794-sym-02) ok=✗
  [5/7] L6 (F02794-sym-06) ok=✗
  [6/7] L5 (F02794-sym-05) ok=✗
  [7/7] L7 (F02794-sym-07) ok=✗
Hints: appended to 0 level(s); 0 hint file(s) changed on disk.
Result: solved=0/7, solvedBeforeFallback=0, fallbackOnly=0, unsolved=7
Wrote logs/family-census/solve-R02794-sym.json
Wrote logs/family-census/solve-R02794-sym-summary.md
[00:49:00] DONE R02794
[00:49:00] START R02833
Parent R02833: witness stressMeta.witnessSolution (len 105, 7 jump(s)), 44 movable object instance(s) under strict inventory.
  attempt 1: accepted F02833-lm-01 — moved blocks (2,2) -> (4,12)
  attempt 2: accepted F02833-lm-02 — moved geese (5,3) -> (11,3)
  attempt 3: accepted F02833-lm-03 — moved blocks (12,2) -> (4,12)
  attempt 4: accepted F02833-lm-04 — moved blocks (8,6) -> (0,13)
  attempt 5: accepted F02833-lm-05 — moved falseGoals (0,10) -> (10,12)
  attempt 6: accepted F02833-lm-06 — moved fountain (12,4) -> (11,4)
  attempt 7: accepted F02833-lm-07 — moved geese (12,1) -> (7,6)
  attempt 8: accepted F02833-lm-08 — moved library (2,9) -> (5,7)
  attempt 9: accepted F02833-lm-09 — moved blocks (13,3) -> (10,10)
  attempt 10: accepted F02833-lm-10 — moved blocks (12,2) -> (5,11)
  attempt 11: accepted F02833-lm-11 — moved falseGoals (7,0) -> (7,13)
  attempt 12: accepted F02833-lm-12 — moved blocks (12,12) -> (1,9)
  attempt 13: accepted F02833-lm-13 — moved blocks (6,13) -> (8,13)
  attempt 14: accepted F02833-lm-14 — moved falseGoals (11,8) -> (1,3)
  attempt 15: accepted F02833-lm-15 — moved geese (9,8) -> (2,1)

15/15 new local-mutant sibling(s) generated for R02833 in 15 attempt(s) (budget 600); 15 total in data/families/family-R02833-lm.json.
Wrote 15 level(s) total to data/families/family-R02833-lm.json (changed=true), 15 hint file(s) written to data/families/hints/.
Wrote family manifest to data/families/family-R02833-lm-manifest.json (15 variant(s) total).
Parent R02833: witness stressMeta.witnessSolution (len 105, 7 jump(s)), 44 movable object instance(s) under strict inventory.
  variant 1 (rotation): accepted F02833-sym-01
  variant 2 (rotation): accepted F02833-sym-02
  variant 3 (rotation): accepted F02833-sym-03
  variant 4 (reflection): accepted F02833-sym-04
  variant 5 (reflection): accepted F02833-sym-05
  variant 6 (reflection): accepted F02833-sym-06
  variant 7 (reflection): accepted F02833-sym-07

7/7 new symmetry sibling(s) generated for R02833 in 7 attempt(s) (budget 7); 7 total in data/families/family-R02833-sym.json.
Wrote 7 level(s) total to data/families/family-R02833-sym.json (changed=true), 7 hint file(s) written to data/families/hints/.
Wrote family manifest to data/families/family-R02833-sym-manifest.json (7 variant(s) total).
portfolio-solve-sweep: corpus=data/families/family-R02833-lm.json levels=15 (15 to solve) scheduler-mode=legacy budget=8000ms node-budget=20000000 workers=4 save-hints=true
  [1/15] L2 (F02833-lm-02) ok=✓ legacy [hint saved]
  [2/15] L3 (F02833-lm-03) ok=✗
  [3/15] L1 (F02833-lm-01) ok=✗
  [4/15] L4 (F02833-lm-04) ok=✗
  [5/15] L5 (F02833-lm-05) ok=✗
  [6/15] L7 (F02833-lm-07) ok=✗
  [7/15] L6 (F02833-lm-06) ok=✗
  [8/15] L8 (F02833-lm-08) ok=✗
  [9/15] L9 (F02833-lm-09) ok=✗
  [10/15] L11 (F02833-lm-11) ok=✗
  [11/15] L10 (F02833-lm-10) ok=✗
  [12/15] L12 (F02833-lm-12) ok=✗
  [13/15] L13 (F02833-lm-13) ok=✗
  [14/15] L14 (F02833-lm-14) ok=✗
  [15/15] L15 (F02833-lm-15) ok=✗
Hints: appended to 1 level(s); 1 hint file(s) changed on disk.
Result: solved=1/15, solvedBeforeFallback=0, fallbackOnly=1, unsolved=14
Wrote logs/family-census/solve-R02833-lm.json
Wrote logs/family-census/solve-R02833-lm-summary.md
portfolio-solve-sweep: corpus=data/families/family-R02833-sym.json levels=7 (7 to solve) scheduler-mode=legacy budget=8000ms node-budget=20000000 workers=4 save-hints=true
  [1/7] L3 (F02833-sym-03) ok=✗
  [2/7] L1 (F02833-sym-01) ok=✗
  [3/7] L2 (F02833-sym-02) ok=✗
  [4/7] L4 (F02833-sym-04) ok=✗
  [5/7] L5 (F02833-sym-05) ok=✗
  [6/7] L7 (F02833-sym-07) ok=✗
  [7/7] L6 (F02833-sym-06) ok=✗
Hints: appended to 0 level(s); 0 hint file(s) changed on disk.
Result: solved=0/7, solvedBeforeFallback=0, fallbackOnly=0, unsolved=7
Wrote logs/family-census/solve-R02833-sym.json
Wrote logs/family-census/solve-R02833-sym-summary.md
[00:53:58] DONE R02833
[00:53:58] START R02868
Parent R02868: witness stressMeta.witnessSolution (len 131, 4 jump(s)), 52 movable object instance(s) under strict inventory.
  attempt 1: accepted F02868-lm-01 — moved park (9,13) -> (11,1)
  attempt 2: accepted F02868-lm-02 — moved fountain (2,8) -> (7,3)
  attempt 3: accepted F02868-lm-03 — moved blocks (0,10) -> (4,8)
  attempt 4: accepted F02868-lm-04 — moved blocks (8,4) -> (6,11)
  attempt 5: accepted F02868-lm-05 — moved falseGoals (5,10) -> (4,8)
  attempt 6: accepted F02868-lm-06 — moved library (3,3) -> (10,4)
  attempt 7: accepted F02868-lm-07 — moved blocks (13,0) -> (4,7)
  attempt 8: accepted F02868-lm-08 — moved fountain (5,3) -> (10,7)
  attempt 9: accepted F02868-lm-09 — moved blocks (5,0) -> (9,11)
  attempt 10: accepted F02868-lm-10 — moved blocks (5,6) -> (14,14)
  attempt 11: accepted F02868-lm-11 — moved park (9,4) -> (0,1)
  attempt 12: accepted F02868-lm-12 — moved statue (3,9) -> (1,11)
  attempt 13: accepted F02868-lm-13 — moved falseGoals (8,5) -> (0,11)
  attempt 14: accepted F02868-lm-14 — moved mustCross (13,5) -> (13,4)
  attempt 15: accepted F02868-lm-15 — moved mustCross (12,3) -> (13,4)

15/15 new local-mutant sibling(s) generated for R02868 in 15 attempt(s) (budget 600); 15 total in data/families/family-R02868-lm.json.
Wrote 15 level(s) total to data/families/family-R02868-lm.json (changed=true), 15 hint file(s) written to data/families/hints/.
Wrote family manifest to data/families/family-R02868-lm-manifest.json (15 variant(s) total).
Parent R02868: witness stressMeta.witnessSolution (len 131, 4 jump(s)), 52 movable object instance(s) under strict inventory.
  variant 1 (rotation): accepted F02868-sym-01
  variant 2 (rotation): accepted F02868-sym-02
  variant 3 (rotation): accepted F02868-sym-03
  variant 4 (reflection): accepted F02868-sym-04
  variant 5 (reflection): accepted F02868-sym-05
  variant 6 (reflection): accepted F02868-sym-06
  variant 7 (reflection): accepted F02868-sym-07

7/7 new symmetry sibling(s) generated for R02868 in 7 attempt(s) (budget 7); 7 total in data/families/family-R02868-sym.json.
Wrote 7 level(s) total to data/families/family-R02868-sym.json (changed=true), 7 hint file(s) written to data/families/hints/.
Wrote family manifest to data/families/family-R02868-sym-manifest.json (7 variant(s) total).
portfolio-solve-sweep: corpus=data/families/family-R02868-lm.json levels=15 (15 to solve) scheduler-mode=legacy budget=8000ms node-budget=20000000 workers=4 save-hints=true
  [1/15] L1 (F02868-lm-01) ok=✗
  [2/15] L3 (F02868-lm-03) ok=✗
  [3/15] L2 (F02868-lm-02) ok=✗
  [4/15] L4 (F02868-lm-04) ok=✗
  [5/15] L6 (F02868-lm-06) ok=✗
  [6/15] L5 (F02868-lm-05) ok=✗
  [7/15] L7 (F02868-lm-07) ok=✗
  [8/15] L8 (F02868-lm-08) ok=✗
  [9/15] L9 (F02868-lm-09) ok=✗
  [10/15] L10 (F02868-lm-10) ok=✗
  [11/15] L11 (F02868-lm-11) ok=✗
  [12/15] L12 (F02868-lm-12) ok=✗
  [13/15] L13 (F02868-lm-13) ok=✗
  [14/15] L14 (F02868-lm-14) ok=✗
  [15/15] L15 (F02868-lm-15) ok=✗
Hints: appended to 0 level(s); 0 hint file(s) changed on disk.
Result: solved=0/15, solvedBeforeFallback=0, fallbackOnly=0, unsolved=15
Wrote logs/family-census/solve-R02868-lm.json
Wrote logs/family-census/solve-R02868-lm-summary.md
portfolio-solve-sweep: corpus=data/families/family-R02868-sym.json levels=7 (7 to solve) scheduler-mode=legacy budget=8000ms node-budget=20000000 workers=4 save-hints=true
  [1/7] L2 (F02868-sym-02) ok=✗
  [2/7] L1 (F02868-sym-01) ok=✗
  [3/7] L3 (F02868-sym-03) ok=✗
  [4/7] L4 (F02868-sym-04) ok=✗
  [5/7] L6 (F02868-sym-06) ok=✗
  [6/7] L5 (F02868-sym-05) ok=✗
  [7/7] L7 (F02868-sym-07) ok=✗
Hints: appended to 0 level(s); 0 hint file(s) changed on disk.
Result: solved=0/7, solvedBeforeFallback=0, fallbackOnly=0, unsolved=7
Wrote logs/family-census/solve-R02868-sym.json
Wrote logs/family-census/solve-R02868-sym-summary.md
[01:03:04] DONE R02868
[01:03:04] START R02912
Parent R02912: witness stressMeta.witnessSolution (len 107, 0 jump(s)), 47 movable object instance(s) under strict inventory.
  attempt 1: accepted F02912-lm-01 — moved blocks (8,8) -> (10,8)
  attempt 2: accepted F02912-lm-02 — moved market (10,0) -> (9,3)
  attempt 3: accepted F02912-lm-03 — moved geese (7,8) -> (11,9)
  attempt 4: accepted F02912-lm-04 — moved library (4,7) -> (5,9)
  attempt 5: accepted F02912-lm-05 — moved blocks (8,6) -> (6,0)
  attempt 6: accepted F02912-lm-06 — moved blocks (10,9) -> (11,12)
  attempt 7: accepted F02912-lm-07 — moved blocks (11,6) -> (11,10)
  attempt 8: accepted F02912-lm-08 — moved blocks (2,3) -> (1,5)
  attempt 9: accepted F02912-lm-09 — moved geese (7,8) -> (12,8)
  attempt 10: accepted F02912-lm-10 — moved flippingFilters (11,7) -> (6,12)
  attempt 11: accepted F02912-lm-11 — moved library (2,8) -> (7,2)
  attempt 12: accepted F02912-lm-12 — moved flippingFilters (12,7) -> (2,4)
  attempt 13: accepted F02912-lm-13 — moved blocks (0,12) -> (11,9)
  attempt 14: accepted F02912-lm-14 — moved blocks (8,3) -> (0,2)
  attempt 15: accepted F02912-lm-15 — moved park (6,6) -> (6,11)

15/15 new local-mutant sibling(s) generated for R02912 in 15 attempt(s) (budget 600); 15 total in data/families/family-R02912-lm.json.
Wrote 15 level(s) total to data/families/family-R02912-lm.json (changed=true), 15 hint file(s) written to data/families/hints/.
Wrote family manifest to data/families/family-R02912-lm-manifest.json (15 variant(s) total).
Parent R02912: witness stressMeta.witnessSolution (len 107, 0 jump(s)), 47 movable object instance(s) under strict inventory.
  variant 1 (rotation): accepted F02912-sym-01
  variant 2 (rotation): accepted F02912-sym-02
  variant 3 (rotation): accepted F02912-sym-03
  variant 4 (reflection): accepted F02912-sym-04
  variant 5 (reflection): accepted F02912-sym-05
  variant 6 (reflection): accepted F02912-sym-06
  variant 7 (reflection): accepted F02912-sym-07

7/7 new symmetry sibling(s) generated for R02912 in 7 attempt(s) (budget 7); 7 total in data/families/family-R02912-sym.json.
Wrote 7 level(s) total to data/families/family-R02912-sym.json (changed=true), 7 hint file(s) written to data/families/hints/.
Wrote family manifest to data/families/family-R02912-sym-manifest.json (7 variant(s) total).
portfolio-solve-sweep: corpus=data/families/family-R02912-lm.json levels=15 (15 to solve) scheduler-mode=legacy budget=8000ms node-budget=20000000 workers=4 save-hints=true
  [1/15] L2 (F02912-lm-02) ok=✗
  [2/15] L4 (F02912-lm-04) ok=✗
  [3/15] L1 (F02912-lm-01) ok=✗
  [4/15] L3 (F02912-lm-03) ok=✗
  [5/15] L8 (F02912-lm-08) ok=✗
  [6/15] L5 (F02912-lm-05) ok=✗
  [7/15] L7 (F02912-lm-07) ok=✗
  [8/15] L6 (F02912-lm-06) ok=✗
  [9/15] L9 (F02912-lm-09) ok=✗
  [10/15] L10 (F02912-lm-10) ok=✗
  [11/15] L12 (F02912-lm-12) ok=✗
  [12/15] L11 (F02912-lm-11) ok=✗
  [13/15] L13 (F02912-lm-13) ok=✗
  [14/15] L14 (F02912-lm-14) ok=✗
  [15/15] L15 (F02912-lm-15) ok=✗
Hints: appended to 0 level(s); 0 hint file(s) changed on disk.
Result: solved=0/15, solvedBeforeFallback=0, fallbackOnly=0, unsolved=15
Wrote logs/family-census/solve-R02912-lm.json
Wrote logs/family-census/solve-R02912-lm-summary.md
portfolio-solve-sweep: corpus=data/families/family-R02912-sym.json levels=7 (7 to solve) scheduler-mode=legacy budget=8000ms node-budget=20000000 workers=4 save-hints=true
  [1/7] L3 (F02912-sym-03) ok=✗
  [2/7] L2 (F02912-sym-02) ok=✗
  [3/7] L4 (F02912-sym-04) ok=✗
  [4/7] L1 (F02912-sym-01) ok=✗
  [5/7] L6 (F02912-sym-06) ok=✗
  [6/7] L7 (F02912-sym-07) ok=✗
  [7/7] L5 (F02912-sym-05) ok=✗
Hints: appended to 0 level(s); 0 hint file(s) changed on disk.
Result: solved=0/7, solvedBeforeFallback=0, fallbackOnly=0, unsolved=7
Wrote logs/family-census/solve-R02912-sym.json
Wrote logs/family-census/solve-R02912-sym-summary.md
[01:08:04] DONE R02912
[01:08:04] START R02950
Parent R02950: witness stressMeta.witnessSolution (len 106, 6 jump(s)), 53 movable object instance(s) under strict inventory.
  attempt 1: accepted F02950-lm-01 — moved statue (4,8) -> (0,7)
  attempt 2: accepted F02950-lm-02 — moved statue (9,0) -> (0,7)
  attempt 3: accepted F02950-lm-03 — moved library (2,8) -> (13,11)
  attempt 4: accepted F02950-lm-04 — moved lamppost (10,12) -> (10,9)
  attempt 5: accepted F02950-lm-05 — moved blocks (13,6) -> (0,9)
  attempt 6: accepted F02950-lm-06 — moved falseGoals (8,0) -> (0,13)
  attempt 7: accepted F02950-lm-07 — moved blocks (2,2) -> (2,13)
  attempt 8: accepted F02950-lm-08 — moved blocks (7,12) -> (1,12)
  attempt 9: accepted F02950-lm-09 — moved park (10,8) -> (7,3)
  attempt 10: accepted F02950-lm-10 — moved blocks (13,6) -> (0,10)
  attempt 11: accepted F02950-lm-11 — moved lamppost (10,12) -> (10,10)
  attempt 12: accepted F02950-lm-12 — moved fountain (12,10) -> (9,1)
  attempt 13: accepted F02950-lm-13 — moved blocks (2,1) -> (10,6)
  attempt 14: accepted F02950-lm-14 — moved fountain (8,9) -> (12,13)
  attempt 15: accepted F02950-lm-15 — moved blocks (13,2) -> (2,11)

15/15 new local-mutant sibling(s) generated for R02950 in 15 attempt(s) (budget 600); 15 total in data/families/family-R02950-lm.json.
Wrote 15 level(s) total to data/families/family-R02950-lm.json (changed=true), 15 hint file(s) written to data/families/hints/.
Wrote family manifest to data/families/family-R02950-lm-manifest.json (15 variant(s) total).
Parent R02950: witness stressMeta.witnessSolution (len 106, 6 jump(s)), 53 movable object instance(s) under strict inventory.
  variant 1 (rotation): accepted F02950-sym-01
  variant 2 (rotation): accepted F02950-sym-02
  variant 3 (rotation): accepted F02950-sym-03
  variant 4 (reflection): accepted F02950-sym-04
  variant 5 (reflection): accepted F02950-sym-05
  variant 6 (reflection): accepted F02950-sym-06
  variant 7 (reflection): accepted F02950-sym-07

7/7 new symmetry sibling(s) generated for R02950 in 7 attempt(s) (budget 7); 7 total in data/families/family-R02950-sym.json.
Wrote 7 level(s) total to data/families/family-R02950-sym.json (changed=true), 7 hint file(s) written to data/families/hints/.
Wrote family manifest to data/families/family-R02950-sym-manifest.json (7 variant(s) total).
portfolio-solve-sweep: corpus=data/families/family-R02950-lm.json levels=15 (15 to solve) scheduler-mode=legacy budget=8000ms node-budget=20000000 workers=4 save-hints=true
  [1/15] L1 (F02950-lm-01) ok=✗
  [2/15] L3 (F02950-lm-03) ok=✗
  [3/15] L4 (F02950-lm-04) ok=✗
  [4/15] L2 (F02950-lm-02) ok=✗
  [5/15] L5 (F02950-lm-05) ok=✗
  [6/15] L6 (F02950-lm-06) ok=✗
  [7/15] L7 (F02950-lm-07) ok=✗
  [8/15] L8 (F02950-lm-08) ok=✗
  [9/15] L9 (F02950-lm-09) ok=✗
  [10/15] L10 (F02950-lm-10) ok=✗
  [11/15] L11 (F02950-lm-11) ok=✗
  [12/15] L12 (F02950-lm-12) ok=✗
  [13/15] L13 (F02950-lm-13) ok=✗
  [14/15] L14 (F02950-lm-14) ok=✗
  [15/15] L15 (F02950-lm-15) ok=✗
Hints: appended to 0 level(s); 0 hint file(s) changed on disk.
Result: solved=0/15, solvedBeforeFallback=0, fallbackOnly=0, unsolved=15
Wrote logs/family-census/solve-R02950-lm.json
Wrote logs/family-census/solve-R02950-lm-summary.md
portfolio-solve-sweep: corpus=data/families/family-R02950-sym.json levels=7 (7 to solve) scheduler-mode=legacy budget=8000ms node-budget=20000000 workers=4 save-hints=true
  [1/7] L2 (F02950-sym-02) ok=✗
  [2/7] L3 (F02950-sym-03) ok=✗
  [3/7] L4 (F02950-sym-04) ok=✗
  [4/7] L1 (F02950-sym-01) ok=✗
  [5/7] L7 (F02950-sym-07) ok=✗
  [6/7] L5 (F02950-sym-05) ok=✗
  [7/7] L6 (F02950-sym-06) ok=✗
Hints: appended to 0 level(s); 0 hint file(s) changed on disk.
Result: solved=0/7, solvedBeforeFallback=0, fallbackOnly=0, unsolved=7
Wrote logs/family-census/solve-R02950-sym.json
Wrote logs/family-census/solve-R02950-sym-summary.md
[01:10:21] DONE R02950
[01:10:21] START R02996
Parent R02996: witness stressMeta.witnessSolution (len 101, 6 jump(s)), 49 movable object instance(s) under strict inventory.
  attempt 1: accepted F02996-lm-01 — moved geese (11,6) -> (10,5)
  attempt 2: accepted F02996-lm-02 — moved market (0,3) -> (9,6)
  attempt 3: accepted F02996-lm-03 — moved geese (11,5) -> (11,7)
  attempt 4: accepted F02996-lm-04 — moved falseGoals (11,9) -> (7,3)
  attempt 5: accepted F02996-lm-05 — moved mustPass (11,2) -> (4,9)
  attempt 6: accepted F02996-lm-06 — moved mustPass (11,0) -> (4,7)
  attempt 7: accepted F02996-lm-07 — moved mustPass (0,5) -> (0,9)
  attempt 8: accepted F02996-lm-08 — moved falseGoals (9,5) -> (11,7)
  attempt 9: accepted F02996-lm-09 — moved falseGoals (9,5) -> (8,5)
  attempt 10: accepted F02996-lm-10 — moved park (10,9) -> (9,6)
  attempt 11: accepted F02996-lm-11 — moved market (5,6) -> (3,10)
  attempt 12: rejected — degenerate duplicate of parent or another accepted variant
  attempt 13: accepted F02996-lm-12 — moved falseGoals (9,5) -> (7,3)
  attempt 14: accepted F02996-lm-13 — moved statue (0,6) -> (7,3)
  attempt 15: accepted F02996-lm-14 — moved geese (9,4) -> (10,8)
  attempt 16: accepted F02996-lm-15 — moved lamppost (7,2) -> (1,7)

15/15 new local-mutant sibling(s) generated for R02996 in 16 attempt(s) (budget 600); 15 total in data/families/family-R02996-lm.json.
Wrote 15 level(s) total to data/families/family-R02996-lm.json (changed=true), 15 hint file(s) written to data/families/hints/.
Wrote family manifest to data/families/family-R02996-lm-manifest.json (15 variant(s) total).
Parent R02996: witness stressMeta.witnessSolution (len 101, 6 jump(s)), 49 movable object instance(s) under strict inventory.
  variant 1 (rotation): accepted F02996-sym-01
  variant 2 (rotation): accepted F02996-sym-02
  variant 3 (rotation): accepted F02996-sym-03
  variant 4 (reflection): accepted F02996-sym-04
  variant 5 (reflection): accepted F02996-sym-05
  variant 6 (reflection): accepted F02996-sym-06
  variant 7 (reflection): accepted F02996-sym-07

7/7 new symmetry sibling(s) generated for R02996 in 7 attempt(s) (budget 7); 7 total in data/families/family-R02996-sym.json.
Wrote 7 level(s) total to data/families/family-R02996-sym.json (changed=true), 7 hint file(s) written to data/families/hints/.
Wrote family manifest to data/families/family-R02996-sym-manifest.json (7 variant(s) total).
portfolio-solve-sweep: corpus=data/families/family-R02996-lm.json levels=15 (15 to solve) scheduler-mode=legacy budget=8000ms node-budget=20000000 workers=4 save-hints=true
  [1/15] L4 (F02996-lm-04) ok=✗
  [2/15] L3 (F02996-lm-03) ok=✗
  [3/15] L1 (F02996-lm-01) ok=✗
  [4/15] L2 (F02996-lm-02) ok=✗
  [5/15] L6 (F02996-lm-06) ok=✗
  [6/15] L5 (F02996-lm-05) ok=✗
  [7/15] L7 (F02996-lm-07) ok=✗
  [8/15] L8 (F02996-lm-08) ok=✗
  [9/15] L11 (F02996-lm-11) ok=✗
  [10/15] L9 (F02996-lm-09) ok=✗
  [11/15] L10 (F02996-lm-10) ok=✗
  [12/15] L12 (F02996-lm-12) ok=✗
  [13/15] L15 (F02996-lm-15) ok=✗
  [14/15] L13 (F02996-lm-13) ok=✗
  [15/15] L14 (F02996-lm-14) ok=✗
Hints: appended to 0 level(s); 0 hint file(s) changed on disk.
Result: solved=0/15, solvedBeforeFallback=0, fallbackOnly=0, unsolved=15
Wrote logs/family-census/solve-R02996-lm.json
Wrote logs/family-census/solve-R02996-lm-summary.md
portfolio-solve-sweep: corpus=data/families/family-R02996-sym.json levels=7 (7 to solve) scheduler-mode=legacy budget=8000ms node-budget=20000000 workers=4 save-hints=true
  [1/7] L3 (F02996-sym-03) ok=✗
  [2/7] L1 (F02996-sym-01) ok=✗
  [3/7] L4 (F02996-sym-04) ok=✗
  [4/7] L2 (F02996-sym-02) ok=✗
  [5/7] L6 (F02996-sym-06) ok=✗
  [6/7] L5 (F02996-sym-05) ok=✗
  [7/7] L7 (F02996-sym-07) ok=✗
Hints: appended to 0 level(s); 0 hint file(s) changed on disk.
Result: solved=0/7, solvedBeforeFallback=0, fallbackOnly=0, unsolved=7
Wrote logs/family-census/solve-R02996-sym.json
Wrote logs/family-census/solve-R02996-sym-summary.md
[01:17:42] DONE R02996
[01:17:42] START R03031
Parent R03031: witness hint[0] (len 72, 4 jump(s)), 55 movable object instance(s) under strict inventory.
  attempt 1: accepted F03031-lm-01 — moved library (9,0) -> (10,3)
  attempt 2: accepted F03031-lm-02 — moved mustPass (3,7) -> (9,7)
  attempt 3: accepted F03031-lm-03 — moved mustCross (8,6) -> (3,4)
  attempt 4: accepted F03031-lm-04 — moved blocks (0,6) -> (0,10)
  attempt 5: accepted F03031-lm-05 — moved statue (3,10) -> (8,0)
  attempt 6: accepted F03031-lm-06 — moved mustCross (5,9) -> (3,4)
  attempt 7: accepted F03031-lm-07 — moved statue (2,11) -> (2,5)
  attempt 8: accepted F03031-lm-08 — moved geese (8,3) -> (4,8)
  attempt 9: accepted F03031-lm-09 — moved blocks (0,6) -> (3,1)
  attempt 10: accepted F03031-lm-10 — moved library (7,3) -> (6,11)
  attempt 11: rejected — degenerate duplicate of parent or another accepted variant
  attempt 12: accepted F03031-lm-11 — moved library (4,10) -> (10,11)
  attempt 13: accepted F03031-lm-12 — moved library (9,0) -> (8,0)
  attempt 14: accepted F03031-lm-13 — moved blocks (0,9) -> (5,5)
  attempt 15: accepted F03031-lm-14 — moved blocks (4,2) -> (11,9)
  attempt 16: accepted F03031-lm-15 — moved statue (3,10) -> (2,8)

15/15 new local-mutant sibling(s) generated for R03031 in 16 attempt(s) (budget 600); 15 total in data/families/family-R03031-lm.json.
Wrote 15 level(s) total to data/families/family-R03031-lm.json (changed=true), 15 hint file(s) written to data/families/hints/.
Wrote family manifest to data/families/family-R03031-lm-manifest.json (15 variant(s) total).
Parent R03031: witness hint[0] (len 72, 4 jump(s)), 55 movable object instance(s) under strict inventory.
  variant 1 (rotation): accepted F03031-sym-01
  variant 2 (rotation): accepted F03031-sym-02
  variant 3 (rotation): accepted F03031-sym-03
  variant 4 (reflection): accepted F03031-sym-04
  variant 5 (reflection): accepted F03031-sym-05
  variant 6 (reflection): accepted F03031-sym-06
  variant 7 (reflection): accepted F03031-sym-07

7/7 new symmetry sibling(s) generated for R03031 in 7 attempt(s) (budget 7); 7 total in data/families/family-R03031-sym.json.
Wrote 7 level(s) total to data/families/family-R03031-sym.json (changed=true), 7 hint file(s) written to data/families/hints/.
Wrote family manifest to data/families/family-R03031-sym-manifest.json (7 variant(s) total).
portfolio-solve-sweep: corpus=data/families/family-R03031-lm.json levels=15 (15 to solve) scheduler-mode=legacy budget=8000ms node-budget=20000000 workers=4 save-hints=true
  [1/15] L3 (F03031-lm-03) ok=✗
  [2/15] L1 (F03031-lm-01) ok=✗
  [3/15] L2 (F03031-lm-02) ok=✗
  [4/15] L4 (F03031-lm-04) ok=✗
  [5/15] L5 (F03031-lm-05) ok=✗
  [6/15] L6 (F03031-lm-06) ok=✗
  [7/15] L7 (F03031-lm-07) ok=✗
  [8/15] L8 (F03031-lm-08) ok=✗
  [9/15] L9 (F03031-lm-09) ok=✗
  [10/15] L10 (F03031-lm-10) ok=✗
  [11/15] L11 (F03031-lm-11) ok=✗
  [12/15] L12 (F03031-lm-12) ok=✗
  [13/15] L14 (F03031-lm-14) ok=✗
  [14/15] L13 (F03031-lm-13) ok=✗
  [15/15] L15 (F03031-lm-15) ok=✗
Hints: appended to 0 level(s); 0 hint file(s) changed on disk.
Result: solved=0/15, solvedBeforeFallback=0, fallbackOnly=0, unsolved=15
Wrote logs/family-census/solve-R03031-lm.json
Wrote logs/family-census/solve-R03031-lm-summary.md
portfolio-solve-sweep: corpus=data/families/family-R03031-sym.json levels=7 (7 to solve) scheduler-mode=legacy budget=8000ms node-budget=20000000 workers=4 save-hints=true
  [1/7] L1 (F03031-sym-01) ok=✗
  [2/7] L3 (F03031-sym-03) ok=✗
  [3/7] L4 (F03031-sym-04) ok=✗
  [4/7] L2 (F03031-sym-02) ok=✗
  [5/7] L7 (F03031-sym-07) ok=✗
  [6/7] L6 (F03031-sym-06) ok=✗
  [7/7] L5 (F03031-sym-05) ok=✗
Hints: appended to 0 level(s); 0 hint file(s) changed on disk.
Result: solved=0/7, solvedBeforeFallback=0, fallbackOnly=0, unsolved=7
Wrote logs/family-census/solve-R03031-sym.json
Wrote logs/family-census/solve-R03031-sym-summary.md
[01:24:59] DONE R03031
[01:24:59] START R03056
Parent R03056: witness stressMeta.witnessSolution (len 102, 7 jump(s)), 48 movable object instance(s) under strict inventory.
  attempt 1: accepted F03056-lm-01 — moved blocks (5,0) -> (9,3)
  attempt 2: accepted F03056-lm-02 — moved park (10,5) -> (8,13)
  attempt 3: accepted F03056-lm-03 — moved park (10,5) -> (12,12)
  attempt 4: accepted F03056-lm-04 — moved lamppost (0,11) -> (0,1)
  attempt 5: accepted F03056-lm-05 — moved blocks (2,4) -> (9,5)
  attempt 6: accepted F03056-lm-06 — moved mustPass (11,6) -> (13,12)
  attempt 7: accepted F03056-lm-07 — moved blocks (8,8) -> (6,11)
  attempt 8: accepted F03056-lm-08 — moved mustPass (8,1) -> (2,0)
  attempt 9: accepted F03056-lm-09 — moved lamppost (0,11) -> (11,11)
  attempt 10: accepted F03056-lm-10 — moved mustPass (7,5) -> (0,9)
  attempt 11: accepted F03056-lm-11 — moved mustPass (7,5) -> (1,0)
  attempt 12: accepted F03056-lm-12 — moved fountain (1,5) -> (0,3)
  attempt 13: accepted F03056-lm-13 — moved falseGoals (4,9) -> (9,3)
  attempt 14: accepted F03056-lm-14 — moved lamppost (2,9) -> (0,3)
  attempt 15: accepted F03056-lm-15 — moved blocks (10,10) -> (5,11)

15/15 new local-mutant sibling(s) generated for R03056 in 15 attempt(s) (budget 600); 15 total in data/families/family-R03056-lm.json.
Wrote 15 level(s) total to data/families/family-R03056-lm.json (changed=true), 15 hint file(s) written to data/families/hints/.
Wrote family manifest to data/families/family-R03056-lm-manifest.json (15 variant(s) total).
Parent R03056: witness stressMeta.witnessSolution (len 102, 7 jump(s)), 48 movable object instance(s) under strict inventory.
  variant 1 (rotation): accepted F03056-sym-01
  variant 2 (rotation): accepted F03056-sym-02
  variant 3 (rotation): accepted F03056-sym-03
  variant 4 (reflection): accepted F03056-sym-04
  variant 5 (reflection): accepted F03056-sym-05
  variant 6 (reflection): accepted F03056-sym-06
  variant 7 (reflection): accepted F03056-sym-07

7/7 new symmetry sibling(s) generated for R03056 in 7 attempt(s) (budget 7); 7 total in data/families/family-R03056-sym.json.
Wrote 7 level(s) total to data/families/family-R03056-sym.json (changed=true), 7 hint file(s) written to data/families/hints/.
Wrote family manifest to data/families/family-R03056-sym-manifest.json (7 variant(s) total).
portfolio-solve-sweep: corpus=data/families/family-R03056-lm.json levels=15 (15 to solve) scheduler-mode=legacy budget=8000ms node-budget=20000000 workers=4 save-hints=true
  [1/15] L2 (F03056-lm-02) ok=✗
  [2/15] L4 (F03056-lm-04) ok=✗
  [3/15] L1 (F03056-lm-01) ok=✗
  [4/15] L3 (F03056-lm-03) ok=✗
  [5/15] L5 (F03056-lm-05) ok=✗
  [6/15] L6 (F03056-lm-06) ok=✗
  [7/15] L8 (F03056-lm-08) ok=✗
  [8/15] L7 (F03056-lm-07) ok=✗
  [9/15] L9 (F03056-lm-09) ok=✗
  [10/15] L10 (F03056-lm-10) ok=✗
  [11/15] L11 (F03056-lm-11) ok=✗
  [12/15] L12 (F03056-lm-12) ok=✗
  [13/15] L13 (F03056-lm-13) ok=✗
  [14/15] L15 (F03056-lm-15) ok=✗
  [15/15] L14 (F03056-lm-14) ok=✗
Hints: appended to 0 level(s); 0 hint file(s) changed on disk.
Result: solved=0/15, solvedBeforeFallback=0, fallbackOnly=0, unsolved=15
Wrote logs/family-census/solve-R03056-lm.json
Wrote logs/family-census/solve-R03056-lm-summary.md
portfolio-solve-sweep: corpus=data/families/family-R03056-sym.json levels=7 (7 to solve) scheduler-mode=legacy budget=8000ms node-budget=20000000 workers=4 save-hints=true
  [1/7] L2 (F03056-sym-02) ok=✗
  [2/7] L1 (F03056-sym-01) ok=✗
  [3/7] L3 (F03056-sym-03) ok=✗
  [4/7] L4 (F03056-sym-04) ok=✗
  [5/7] L5 (F03056-sym-05) ok=✗
  [6/7] L6 (F03056-sym-06) ok=✗
  [7/7] L7 (F03056-sym-07) ok=✗
Hints: appended to 0 level(s); 0 hint file(s) changed on disk.
Result: solved=0/7, solvedBeforeFallback=0, fallbackOnly=0, unsolved=7
Wrote logs/family-census/solve-R03056-sym.json
Wrote logs/family-census/solve-R03056-sym-summary.md
[01:26:52] DONE R03056
[01:26:52] START R03086
Parent R03086: witness stressMeta.witnessSolution (len 121, 0 jump(s)), 73 movable object instance(s) under strict inventory.
  attempt 1: accepted F03086-lm-01 — moved flippingFilters (3,12) -> (2,12)
  attempt 2: accepted F03086-lm-02 — moved lamppost (8,10) -> (5,7)
  attempt 3: accepted F03086-lm-03 — moved geese (2,0) -> (9,0)
  attempt 4: accepted F03086-lm-04 — moved blocks (7,10) -> (4,7)
  attempt 5: accepted F03086-lm-05 — moved blocks (1,13) -> (1,0)
  attempt 6: accepted F03086-lm-06 — moved lamppost (8,10) -> (6,12)
  attempt 7: accepted F03086-lm-07 — moved statue (0,3) -> (5,9)
  attempt 8: accepted F03086-lm-08 — moved blocks (0,7) -> (10,2)
  attempt 9: accepted F03086-lm-09 — moved blocks (8,6) -> (1,0)
  attempt 10: accepted F03086-lm-10 — moved geese (2,0) -> (3,8)
  attempt 11: accepted F03086-lm-11 — moved blocks (0,7) -> (9,0)
  attempt 12: accepted F03086-lm-12 — moved blocks (9,6) -> (6,5)
  attempt 13: accepted F03086-lm-13 — moved lamppost (4,12) -> (6,5)
  attempt 14: accepted F03086-lm-14 — moved mustPass (1,5) -> (10,13)
  attempt 15: accepted F03086-lm-15 — moved blocks (9,3) -> (5,13)

15/15 new local-mutant sibling(s) generated for R03086 in 15 attempt(s) (budget 600); 15 total in data/families/family-R03086-lm.json.
Wrote 15 level(s) total to data/families/family-R03086-lm.json (changed=true), 15 hint file(s) written to data/families/hints/.
Wrote family manifest to data/families/family-R03086-lm-manifest.json (15 variant(s) total).
Parent R03086: witness stressMeta.witnessSolution (len 121, 0 jump(s)), 73 movable object instance(s) under strict inventory.
  variant 1 (rotation): accepted F03086-sym-01
  variant 2 (rotation): accepted F03086-sym-02
  variant 3 (rotation): accepted F03086-sym-03
  variant 4 (reflection): accepted F03086-sym-04
  variant 5 (reflection): accepted F03086-sym-05
  variant 6 (reflection): accepted F03086-sym-06
  variant 7 (reflection): accepted F03086-sym-07

7/7 new symmetry sibling(s) generated for R03086 in 7 attempt(s) (budget 7); 7 total in data/families/family-R03086-sym.json.
Wrote 7 level(s) total to data/families/family-R03086-sym.json (changed=true), 7 hint file(s) written to data/families/hints/.
Wrote family manifest to data/families/family-R03086-sym-manifest.json (7 variant(s) total).
portfolio-solve-sweep: corpus=data/families/family-R03086-lm.json levels=15 (15 to solve) scheduler-mode=legacy budget=8000ms node-budget=20000000 workers=4 save-hints=true
  [1/15] L4 (F03086-lm-04) ok=✗
  [2/15] L2 (F03086-lm-02) ok=✗
  [3/15] L3 (F03086-lm-03) ok=✗
  [4/15] L1 (F03086-lm-01) ok=✗
  [5/15] L5 (F03086-lm-05) ok=✗
  [6/15] L6 (F03086-lm-06) ok=✗
  [7/15] L7 (F03086-lm-07) ok=✗
  [8/15] L8 (F03086-lm-08) ok=✗
  [9/15] L9 (F03086-lm-09) ok=✗
  [10/15] L10 (F03086-lm-10) ok=✗
  [11/15] L11 (F03086-lm-11) ok=✗
  [12/15] L12 (F03086-lm-12) ok=✗
  [13/15] L15 (F03086-lm-15) ok=✗
  [14/15] L13 (F03086-lm-13) ok=✗
  [15/15] L14 (F03086-lm-14) ok=✗
Hints: appended to 0 level(s); 0 hint file(s) changed on disk.
Result: solved=0/15, solvedBeforeFallback=0, fallbackOnly=0, unsolved=15
Wrote logs/family-census/solve-R03086-lm.json
Wrote logs/family-census/solve-R03086-lm-summary.md
portfolio-solve-sweep: corpus=data/families/family-R03086-sym.json levels=7 (7 to solve) scheduler-mode=legacy budget=8000ms node-budget=20000000 workers=4 save-hints=true
  [1/7] L1 (F03086-sym-01) ok=✗
  [2/7] L3 (F03086-sym-03) ok=✗
  [3/7] L4 (F03086-sym-04) ok=✗
  [4/7] L2 (F03086-sym-02) ok=✗
  [5/7] L7 (F03086-sym-07) ok=✗
  [6/7] L6 (F03086-sym-06) ok=✗
  [7/7] L5 (F03086-sym-05) ok=✗
Hints: appended to 0 level(s); 0 hint file(s) changed on disk.
Result: solved=0/7, solvedBeforeFallback=0, fallbackOnly=0, unsolved=7
Wrote logs/family-census/solve-R03086-sym.json
Wrote logs/family-census/solve-R03086-sym-summary.md
[01:28:54] DONE R03086
[01:28:54] START R03120
Parent R03120: witness stressMeta.witnessSolution (len 68, 4 jump(s)), 64 movable object instance(s) under strict inventory.
  attempt 1: accepted F03120-lm-01 — moved mustPass (4,8) -> (9,3)
  attempt 2: accepted F03120-lm-02 — moved mustPass (4,8) -> (8,5)
  attempt 3: accepted F03120-lm-03 — moved mustPass (5,8) -> (10,6)
  attempt 4: accepted F03120-lm-04 — moved park (8,6) -> (9,5)
  attempt 5: accepted F03120-lm-05 — moved mustPass (6,10) -> (7,10)
  attempt 6: accepted F03120-lm-06 — moved flippingFilters (9,0) -> (0,2)
  attempt 7: accepted F03120-lm-07 — moved fountain (6,1) -> (3,6)
  attempt 8: accepted F03120-lm-08 — moved blocks (5,5) -> (3,3)
  attempt 9: accepted F03120-lm-09 — moved flippingFilters (4,0) -> (5,0)
  attempt 10: accepted F03120-lm-10 — moved blocks (1,9) -> (9,10)
  attempt 11: accepted F03120-lm-11 — moved mustPass (7,1) -> (10,6)
  attempt 12: accepted F03120-lm-12 — moved park (4,10) -> (6,8)
  attempt 13: accepted F03120-lm-13 — moved lamppost (10,8) -> (10,9)
  attempt 14: accepted F03120-lm-14 — moved geese (8,9) -> (10,9)
  attempt 15: accepted F03120-lm-15 — moved blocks (0,0) -> (10,9)

15/15 new local-mutant sibling(s) generated for R03120 in 15 attempt(s) (budget 600); 15 total in data/families/family-R03120-lm.json.
Wrote 15 level(s) total to data/families/family-R03120-lm.json (changed=true), 15 hint file(s) written to data/families/hints/.
Wrote family manifest to data/families/family-R03120-lm-manifest.json (15 variant(s) total).
Parent R03120: witness stressMeta.witnessSolution (len 68, 4 jump(s)), 64 movable object instance(s) under strict inventory.
  variant 1 (rotation): accepted F03120-sym-01
  variant 2 (rotation): accepted F03120-sym-02
  variant 3 (rotation): accepted F03120-sym-03
  variant 4 (reflection): accepted F03120-sym-04
  variant 5 (reflection): accepted F03120-sym-05
  variant 6 (reflection): accepted F03120-sym-06
  variant 7 (reflection): accepted F03120-sym-07

7/7 new symmetry sibling(s) generated for R03120 in 7 attempt(s) (budget 7); 7 total in data/families/family-R03120-sym.json.
Wrote 7 level(s) total to data/families/family-R03120-sym.json (changed=true), 7 hint file(s) written to data/families/hints/.
Wrote family manifest to data/families/family-R03120-sym-manifest.json (7 variant(s) total).
portfolio-solve-sweep: corpus=data/families/family-R03120-lm.json levels=15 (15 to solve) scheduler-mode=legacy budget=8000ms node-budget=20000000 workers=4 save-hints=true
  [1/15] L2 (F03120-lm-02) ok=✗
  [2/15] L1 (F03120-lm-01) ok=✗
  [3/15] L4 (F03120-lm-04) ok=✗
  [4/15] L3 (F03120-lm-03) ok=✗
  [5/15] L8 (F03120-lm-08) ok=✗
  [6/15] L6 (F03120-lm-06) ok=✗
  [7/15] L5 (F03120-lm-05) ok=✗
  [8/15] L7 (F03120-lm-07) ok=✗
  [9/15] L10 (F03120-lm-10) ok=✓ legacy [hint saved]
  [10/15] L9 (F03120-lm-09) ok=✗
  [11/15] L11 (F03120-lm-11) ok=✗
  [12/15] L12 (F03120-lm-12) ok=✗
  [13/15] L14 (F03120-lm-14) ok=✗
  [14/15] L13 (F03120-lm-13) ok=✗
  [15/15] L15 (F03120-lm-15) ok=✗
Hints: appended to 1 level(s); 1 hint file(s) changed on disk.
Result: solved=1/15, solvedBeforeFallback=0, fallbackOnly=1, unsolved=14
Wrote logs/family-census/solve-R03120-lm.json
Wrote logs/family-census/solve-R03120-lm-summary.md
portfolio-solve-sweep: corpus=data/families/family-R03120-sym.json levels=7 (7 to solve) scheduler-mode=legacy budget=8000ms node-budget=20000000 workers=4 save-hints=true
  [1/7] L2 (F03120-sym-02) ok=✓ legacy [hint saved]
  [2/7] L4 (F03120-sym-04) ok=✗
  [3/7] L3 (F03120-sym-03) ok=✗
  [4/7] L5 (F03120-sym-05) ok=✗
  [5/7] L1 (F03120-sym-01) ok=✗
  [6/7] L6 (F03120-sym-06) ok=✗
  [7/7] L7 (F03120-sym-07) ok=✗
Hints: appended to 1 level(s); 1 hint file(s) changed on disk.
Result: solved=1/7, solvedBeforeFallback=0, fallbackOnly=1, unsolved=6
Wrote logs/family-census/solve-R03120-sym.json
Wrote logs/family-census/solve-R03120-sym-summary.md
[01:33:46] DONE R03120
[01:33:46] START R03152
Parent R03152: witness stressMeta.witnessSolution (len 109, 0 jump(s)), 65 movable object instance(s) under strict inventory.
  attempt 1: accepted F03152-lm-01 — moved library (10,10) -> (2,0)
  attempt 2: accepted F03152-lm-02 — moved blocks (8,0) -> (12,2)
  attempt 3: accepted F03152-lm-03 — moved blocks (12,0) -> (10,2)
  attempt 4: accepted F03152-lm-04 — moved blocks (12,11) -> (10,0)
  attempt 5: accepted F03152-lm-05 — moved statue (12,3) -> (7,0)
  attempt 6: accepted F03152-lm-06 — moved mustPass (7,11) -> (6,8)
  attempt 7: accepted F03152-lm-07 — moved lamppost (3,2) -> (7,0)
  attempt 8: accepted F03152-lm-08 — moved falseGoals (9,11) -> (12,2)
  attempt 9: rejected — degenerate duplicate of parent or another accepted variant
  attempt 10: rejected — degenerate duplicate of parent or another accepted variant
  attempt 11: accepted F03152-lm-09 — moved geese (9,2) -> (10,2)
  attempt 12: accepted F03152-lm-10 — moved falseGoals (8,3) -> (10,4)
  attempt 13: accepted F03152-lm-11 — moved blocks (8,1) -> (10,12)
  attempt 14: accepted F03152-lm-12 — moved mustPass (1,8) -> (6,11)
  attempt 15: accepted F03152-lm-13 — moved geese (11,3) -> (10,12)
  attempt 16: accepted F03152-lm-14 — moved blocks (12,6) -> (7,0)
  attempt 17: accepted F03152-lm-15 — moved falseGoals (6,2) -> (9,3)

15/15 new local-mutant sibling(s) generated for R03152 in 17 attempt(s) (budget 600); 15 total in data/families/family-R03152-lm.json.
Wrote 15 level(s) total to data/families/family-R03152-lm.json (changed=true), 15 hint file(s) written to data/families/hints/.
Wrote family manifest to data/families/family-R03152-lm-manifest.json (15 variant(s) total).
Parent R03152: witness stressMeta.witnessSolution (len 109, 0 jump(s)), 65 movable object instance(s) under strict inventory.
  variant 1 (rotation): accepted F03152-sym-01
  variant 2 (rotation): accepted F03152-sym-02
  variant 3 (rotation): accepted F03152-sym-03
  variant 4 (reflection): accepted F03152-sym-04
  variant 5 (reflection): accepted F03152-sym-05
  variant 6 (reflection): accepted F03152-sym-06
  variant 7 (reflection): accepted F03152-sym-07

7/7 new symmetry sibling(s) generated for R03152 in 7 attempt(s) (budget 7); 7 total in data/families/family-R03152-sym.json.
Wrote 7 level(s) total to data/families/family-R03152-sym.json (changed=true), 7 hint file(s) written to data/families/hints/.
Wrote family manifest to data/families/family-R03152-sym-manifest.json (7 variant(s) total).
portfolio-solve-sweep: corpus=data/families/family-R03152-lm.json levels=15 (15 to solve) scheduler-mode=legacy budget=8000ms node-budget=20000000 workers=4 save-hints=true
  [1/15] L4 (F03152-lm-04) ok=✗
  [2/15] L3 (F03152-lm-03) ok=✗
  [3/15] L2 (F03152-lm-02) ok=✗
  [4/15] L1 (F03152-lm-01) ok=✗
  [5/15] L7 (F03152-lm-07) ok=✗
  [6/15] L5 (F03152-lm-05) ok=✗
  [7/15] L6 (F03152-lm-06) ok=✗
  [8/15] L8 (F03152-lm-08) ok=✗
  [9/15] L9 (F03152-lm-09) ok=✗
  [10/15] L11 (F03152-lm-11) ok=✗
  [11/15] L10 (F03152-lm-10) ok=✗
  [12/15] L12 (F03152-lm-12) ok=✗
  [13/15] L15 (F03152-lm-15) ok=✗
  [14/15] L14 (F03152-lm-14) ok=✗
  [15/15] L13 (F03152-lm-13) ok=✗
Hints: appended to 0 level(s); 0 hint file(s) changed on disk.
Result: solved=0/15, solvedBeforeFallback=0, fallbackOnly=0, unsolved=15
Wrote logs/family-census/solve-R03152-lm.json
Wrote logs/family-census/solve-R03152-lm-summary.md
portfolio-solve-sweep: corpus=data/families/family-R03152-sym.json levels=7 (7 to solve) scheduler-mode=legacy budget=8000ms node-budget=20000000 workers=4 save-hints=true
  [1/7] L1 (F03152-sym-01) ok=✗
  [2/7] L4 (F03152-sym-04) ok=✗
  [3/7] L3 (F03152-sym-03) ok=✗
  [4/7] L2 (F03152-sym-02) ok=✗
  [5/7] L5 (F03152-sym-05) ok=✗
  [6/7] L6 (F03152-sym-06) ok=✗
  [7/7] L7 (F03152-sym-07) ok=✗
Hints: appended to 0 level(s); 0 hint file(s) changed on disk.
Result: solved=0/7, solvedBeforeFallback=0, fallbackOnly=0, unsolved=7
Wrote logs/family-census/solve-R03152-sym.json
Wrote logs/family-census/solve-R03152-sym-summary.md
[01:38:05] DONE R03152
[01:38:05] START R03183
Parent R03183: witness stressMeta.witnessSolution (len 90, 4 jump(s)), 51 movable object instance(s) under strict inventory.
  attempt 1: accepted F03183-lm-01 — moved falseGoals (9,9) -> (8,8)
  attempt 2: accepted F03183-lm-02 — moved blocks (4,7) -> (5,7)
  attempt 3: accepted F03183-lm-03 — moved falseGoals (4,6) -> (7,4)
  attempt 4: accepted F03183-lm-04 — moved statue (11,9) -> (4,10)
  attempt 5: accepted F03183-lm-05 — moved blocks (10,5) -> (0,8)
  attempt 6: accepted F03183-lm-06 — moved blocks (9,7) -> (2,0)
  attempt 7: accepted F03183-lm-07 — moved blocks (1,8) -> (8,4)
  attempt 8: accepted F03183-lm-08 — moved blocks (2,9) -> (0,0)
  attempt 9: accepted F03183-lm-09 — moved blocks (4,5) -> (7,3)
  attempt 10: accepted F03183-lm-10 — moved lamppost (9,11) -> (11,3)
  attempt 11: accepted F03183-lm-11 — moved blocks (10,3) -> (9,8)
  attempt 12: accepted F03183-lm-12 — moved fountain (5,0) -> (4,9)
  attempt 13: accepted F03183-lm-13 — moved blocks (6,8) -> (11,11)
  attempt 14: accepted F03183-lm-14 — moved falseGoals (12,2) -> (0,9)
  attempt 15: accepted F03183-lm-15 — moved blocks (3,11) -> (11,12)

15/15 new local-mutant sibling(s) generated for R03183 in 15 attempt(s) (budget 600); 15 total in data/families/family-R03183-lm.json.
Wrote 15 level(s) total to data/families/family-R03183-lm.json (changed=true), 15 hint file(s) written to data/families/hints/.
Wrote family manifest to data/families/family-R03183-lm-manifest.json (15 variant(s) total).
Parent R03183: witness stressMeta.witnessSolution (len 90, 4 jump(s)), 51 movable object instance(s) under strict inventory.
  variant 1 (rotation): accepted F03183-sym-01
  variant 2 (rotation): accepted F03183-sym-02
  variant 3 (rotation): accepted F03183-sym-03
  variant 4 (reflection): accepted F03183-sym-04
  variant 5 (reflection): accepted F03183-sym-05
  variant 6 (reflection): accepted F03183-sym-06
  variant 7 (reflection): accepted F03183-sym-07

7/7 new symmetry sibling(s) generated for R03183 in 7 attempt(s) (budget 7); 7 total in data/families/family-R03183-sym.json.
Wrote 7 level(s) total to data/families/family-R03183-sym.json (changed=true), 7 hint file(s) written to data/families/hints/.
Wrote family manifest to data/families/family-R03183-sym-manifest.json (7 variant(s) total).
portfolio-solve-sweep: corpus=data/families/family-R03183-lm.json levels=15 (15 to solve) scheduler-mode=legacy budget=8000ms node-budget=20000000 workers=4 save-hints=true
  [1/15] L3 (F03183-lm-03) ok=✗
  [2/15] L4 (F03183-lm-04) ok=✗
  [3/15] L1 (F03183-lm-01) ok=✗
  [4/15] L2 (F03183-lm-02) ok=✗
  [5/15] L5 (F03183-lm-05) ok=✗
  [6/15] L6 (F03183-lm-06) ok=✗
  [7/15] L7 (F03183-lm-07) ok=✗
  [8/15] L8 (F03183-lm-08) ok=✗
  [9/15] L9 (F03183-lm-09) ok=✗
  [10/15] L10 (F03183-lm-10) ok=✗
  [11/15] L11 (F03183-lm-11) ok=✗
  [12/15] L12 (F03183-lm-12) ok=✗
  [13/15] L14 (F03183-lm-14) ok=✗
  [14/15] L13 (F03183-lm-13) ok=✗
  [15/15] L15 (F03183-lm-15) ok=✗
Hints: appended to 0 level(s); 0 hint file(s) changed on disk.
Result: solved=0/15, solvedBeforeFallback=0, fallbackOnly=0, unsolved=15
Wrote logs/family-census/solve-R03183-lm.json
Wrote logs/family-census/solve-R03183-lm-summary.md
portfolio-solve-sweep: corpus=data/families/family-R03183-sym.json levels=7 (7 to solve) scheduler-mode=legacy budget=8000ms node-budget=20000000 workers=4 save-hints=true
  [1/7] L1 (F03183-sym-01) ok=✗
  [2/7] L3 (F03183-sym-03) ok=✗
  [3/7] L4 (F03183-sym-04) ok=✗
  [4/7] L2 (F03183-sym-02) ok=✗
  [5/7] L6 (F03183-sym-06) ok=✗
  [6/7] L5 (F03183-sym-05) ok=✗
  [7/7] L7 (F03183-sym-07) ok=✗
Hints: appended to 0 level(s); 0 hint file(s) changed on disk.
Result: solved=0/7, solvedBeforeFallback=0, fallbackOnly=0, unsolved=7
Wrote logs/family-census/solve-R03183-sym.json
Wrote logs/family-census/solve-R03183-sym-summary.md
[01:42:26] DONE R03183
[01:42:26] START R03215
Parent R03215: witness stressMeta.witnessSolution (len 130, 0 jump(s)), 65 movable object instance(s) under strict inventory.
  attempt 1: accepted F03215-lm-01 — moved park (8,1) -> (2,11)
  attempt 2: accepted F03215-lm-02 — moved market (0,8) -> (5,0)
  attempt 3: accepted F03215-lm-03 — moved blocks (3,7) -> (11,2)
  attempt 4: accepted F03215-lm-04 — moved geese (12,13) -> (1,5)
  attempt 5: accepted F03215-lm-05 — moved market (0,8) -> (3,10)
  attempt 6: accepted F03215-lm-06 — moved mustPass (4,5) -> (0,4)
  attempt 7: accepted F03215-lm-07 — moved blocks (0,1) -> (7,9)
  attempt 8: accepted F03215-lm-08 — moved blocks (0,1) -> (10,13)
  attempt 9: accepted F03215-lm-09 — moved library (3,9) -> (4,7)
  attempt 10: accepted F03215-lm-10 — moved blocks (6,7) -> (2,11)
  attempt 11: accepted F03215-lm-11 — moved geese (5,2) -> (1,6)
  attempt 12: accepted F03215-lm-12 — moved blocks (6,7) -> (0,12)
  attempt 13: accepted F03215-lm-13 — moved geese (4,9) -> (6,8)
  attempt 14: accepted F03215-lm-14 — moved blocks (12,2) -> (7,2)
  attempt 15: accepted F03215-lm-15 — moved geese (4,9) -> (10,13)

15/15 new local-mutant sibling(s) generated for R03215 in 15 attempt(s) (budget 600); 15 total in data/families/family-R03215-lm.json.
Wrote 15 level(s) total to data/families/family-R03215-lm.json (changed=true), 15 hint file(s) written to data/families/hints/.
Wrote family manifest to data/families/family-R03215-lm-manifest.json (15 variant(s) total).
Parent R03215: witness stressMeta.witnessSolution (len 130, 0 jump(s)), 65 movable object instance(s) under strict inventory.
  variant 1 (rotation): accepted F03215-sym-01
  variant 2 (rotation): accepted F03215-sym-02
  variant 3 (rotation): accepted F03215-sym-03
  variant 4 (reflection): accepted F03215-sym-04
  variant 5 (reflection): accepted F03215-sym-05
  variant 6 (reflection): accepted F03215-sym-06
  variant 7 (reflection): accepted F03215-sym-07

7/7 new symmetry sibling(s) generated for R03215 in 7 attempt(s) (budget 7); 7 total in data/families/family-R03215-sym.json.
Wrote 7 level(s) total to data/families/family-R03215-sym.json (changed=true), 7 hint file(s) written to data/families/hints/.
Wrote family manifest to data/families/family-R03215-sym-manifest.json (7 variant(s) total).
portfolio-solve-sweep: corpus=data/families/family-R03215-lm.json levels=15 (15 to solve) scheduler-mode=legacy budget=8000ms node-budget=20000000 workers=4 save-hints=true
  [1/15] L4 (F03215-lm-04) ok=✗
  [2/15] L3 (F03215-lm-03) ok=✗
  [3/15] L1 (F03215-lm-01) ok=✗
  [4/15] L2 (F03215-lm-02) ok=✗
  [5/15] L7 (F03215-lm-07) ok=✗
  [6/15] L5 (F03215-lm-05) ok=✗
  [7/15] L8 (F03215-lm-08) ok=✗
  [8/15] L6 (F03215-lm-06) ok=✗
  [9/15] L9 (F03215-lm-09) ok=✗
  [10/15] L11 (F03215-lm-11) ok=✗
  [11/15] L10 (F03215-lm-10) ok=✗
  [12/15] L12 (F03215-lm-12) ok=✗
  [13/15] L14 (F03215-lm-14) ok=✗
  [14/15] L13 (F03215-lm-13) ok=✗
  [15/15] L15 (F03215-lm-15) ok=✗
Hints: appended to 0 level(s); 0 hint file(s) changed on disk.
Result: solved=0/15, solvedBeforeFallback=0, fallbackOnly=0, unsolved=15
Wrote logs/family-census/solve-R03215-lm.json
Wrote logs/family-census/solve-R03215-lm-summary.md
portfolio-solve-sweep: corpus=data/families/family-R03215-sym.json levels=7 (7 to solve) scheduler-mode=legacy budget=8000ms node-budget=20000000 workers=4 save-hints=true
  [1/7] L4 (F03215-sym-04) ok=✗
  [2/7] L3 (F03215-sym-03) ok=✗
  [3/7] L1 (F03215-sym-01) ok=✗
  [4/7] L2 (F03215-sym-02) ok=✗
  [5/7] L7 (F03215-sym-07) ok=✗
  [6/7] L5 (F03215-sym-05) ok=✗
  [7/7] L6 (F03215-sym-06) ok=✗
Hints: appended to 0 level(s); 0 hint file(s) changed on disk.
Result: solved=0/7, solvedBeforeFallback=0, fallbackOnly=0, unsolved=7
Wrote logs/family-census/solve-R03215-sym.json
Wrote logs/family-census/solve-R03215-sym-summary.md
[01:47:06] DONE R03215
[01:47:06] START R03261
Parent R03261: witness stressMeta.witnessSolution (len 82, 0 jump(s)), 24 movable object instance(s) under strict inventory.
  attempt 1: accepted F03261-lm-01 — moved fountain (2,9) -> (5,8)
  attempt 2: accepted F03261-lm-02 — moved library (4,3) -> (9,7)
  attempt 3: accepted F03261-lm-03 — moved mustPass (1,7) -> (6,6)
  attempt 4: accepted F03261-lm-04 — moved mustPass (0,10) -> (5,9)
  attempt 5: accepted F03261-lm-05 — moved library (2,10) -> (8,3)
  attempt 6: accepted F03261-lm-06 — moved flippingFilters (10,7) -> (10,6)
  attempt 7: accepted F03261-lm-07 — moved flippingFilters (2,5) -> (2,3)
  attempt 8: accepted F03261-lm-08 — moved mustPass (10,10) -> (8,5)
  attempt 9: accepted F03261-lm-09 — moved mustPass (1,7) -> (7,4)
  attempt 10: accepted F03261-lm-10 — moved fountain (2,9) -> (7,7)
  attempt 11: accepted F03261-lm-11 — moved mustPass (6,9) -> (11,8)
  attempt 12: accepted F03261-lm-12 — moved flippingFilters (4,7) -> (0,8)
  attempt 13: accepted F03261-lm-13 — moved fountain (2,9) -> (1,10)
  attempt 14: accepted F03261-lm-14 — moved flippingFilters (1,1) -> (9,2)
  attempt 15: accepted F03261-lm-15 — moved flippingFilters (3,0) -> (1,0)

15/15 new local-mutant sibling(s) generated for R03261 in 15 attempt(s) (budget 600); 15 total in data/families/family-R03261-lm.json.
Wrote 15 level(s) total to data/families/family-R03261-lm.json (changed=true), 15 hint file(s) written to data/families/hints/.
Wrote family manifest to data/families/family-R03261-lm-manifest.json (15 variant(s) total).
Parent R03261: witness stressMeta.witnessSolution (len 82, 0 jump(s)), 24 movable object instance(s) under strict inventory.
  variant 1 (rotation): accepted F03261-sym-01
  variant 2 (rotation): accepted F03261-sym-02
  variant 3 (rotation): accepted F03261-sym-03
  variant 4 (reflection): accepted F03261-sym-04
  variant 5 (reflection): accepted F03261-sym-05
  variant 6 (reflection): accepted F03261-sym-06
  variant 7 (reflection): accepted F03261-sym-07

7/7 new symmetry sibling(s) generated for R03261 in 7 attempt(s) (budget 7); 7 total in data/families/family-R03261-sym.json.
Wrote 7 level(s) total to data/families/family-R03261-sym.json (changed=true), 7 hint file(s) written to data/families/hints/.
Wrote family manifest to data/families/family-R03261-sym-manifest.json (7 variant(s) total).
portfolio-solve-sweep: corpus=data/families/family-R03261-lm.json levels=15 (15 to solve) scheduler-mode=legacy budget=8000ms node-budget=20000000 workers=4 save-hints=true
  [1/15] L3 (F03261-lm-03) ok=✗
  [2/15] L1 (F03261-lm-01) ok=✗
  [3/15] L4 (F03261-lm-04) ok=✗
  [4/15] L2 (F03261-lm-02) ok=✗
  [5/15] L5 (F03261-lm-05) ok=✗
  [6/15] L7 (F03261-lm-07) ok=✗
  [7/15] L6 (F03261-lm-06) ok=✗
  [8/15] L8 (F03261-lm-08) ok=✗
  [9/15] L9 (F03261-lm-09) ok=✗
  [10/15] L10 (F03261-lm-10) ok=✗
  [11/15] L11 (F03261-lm-11) ok=✗
  [12/15] L12 (F03261-lm-12) ok=✗
  [13/15] L14 (F03261-lm-14) ok=✗
  [14/15] L13 (F03261-lm-13) ok=✗
  [15/15] L15 (F03261-lm-15) ok=✗
Hints: appended to 0 level(s); 0 hint file(s) changed on disk.
Result: solved=0/15, solvedBeforeFallback=0, fallbackOnly=0, unsolved=15
Wrote logs/family-census/solve-R03261-lm.json
Wrote logs/family-census/solve-R03261-lm-summary.md
portfolio-solve-sweep: corpus=data/families/family-R03261-sym.json levels=7 (7 to solve) scheduler-mode=legacy budget=8000ms node-budget=20000000 workers=4 save-hints=true
  [1/7] L3 (F03261-sym-03) ok=✓ legacy [hint saved]
  [2/7] L2 (F03261-sym-02) ok=✗
  [3/7] L4 (F03261-sym-04) ok=✗
  [4/7] L1 (F03261-sym-01) ok=✗
  [5/7] L5 (F03261-sym-05) ok=✗
  [6/7] L6 (F03261-sym-06) ok=✗
  [7/7] L7 (F03261-sym-07) ok=✗
Hints: appended to 1 level(s); 1 hint file(s) changed on disk.
Result: solved=1/7, solvedBeforeFallback=0, fallbackOnly=1, unsolved=6
Wrote logs/family-census/solve-R03261-sym.json
Wrote logs/family-census/solve-R03261-sym-summary.md
[01:49:40] DONE R03261
[01:49:40] START R03292
Parent R03292: witness stressMeta.witnessSolution (len 100, 6 jump(s)), 59 movable object instance(s) under strict inventory.
  attempt 1: accepted F03292-lm-01 — moved blocks (9,10) -> (11,7)
  attempt 2: accepted F03292-lm-02 — moved flippingFilters (8,9) -> (3,6)
  attempt 3: accepted F03292-lm-03 — moved blocks (6,7) -> (11,7)
  attempt 4: accepted F03292-lm-04 — moved flippingFilters (0,1) -> (11,7)
  attempt 5: accepted F03292-lm-05 — moved market (2,1) -> (7,5)
  attempt 6: accepted F03292-lm-06 — moved blocks (10,10) -> (11,7)
  attempt 7: accepted F03292-lm-07 — moved mustPass (0,2) -> (6,9)
  attempt 8: accepted F03292-lm-08 — moved park (9,2) -> (11,7)
  attempt 9: accepted F03292-lm-09 — moved blocks (9,10) -> (7,7)
  attempt 10: accepted F03292-lm-10 — moved library (0,0) -> (3,3)
  attempt 11: accepted F03292-lm-11 — moved blocks (1,4) -> (7,7)
  attempt 12: accepted F03292-lm-12 — moved statue (5,5) -> (11,7)
  attempt 13: accepted F03292-lm-13 — moved library (3,7) -> (7,7)
  attempt 14: accepted F03292-lm-14 — moved market (8,3) -> (9,0)
  attempt 15: rejected — degenerate duplicate of parent or another accepted variant
  attempt 16: accepted F03292-lm-15 — moved blocks (9,3) -> (11,7)

15/15 new local-mutant sibling(s) generated for R03292 in 16 attempt(s) (budget 600); 15 total in data/families/family-R03292-lm.json.
Wrote 15 level(s) total to data/families/family-R03292-lm.json (changed=true), 15 hint file(s) written to data/families/hints/.
Wrote family manifest to data/families/family-R03292-lm-manifest.json (15 variant(s) total).
Parent R03292: witness stressMeta.witnessSolution (len 100, 6 jump(s)), 59 movable object instance(s) under strict inventory.
  variant 1 (rotation): accepted F03292-sym-01
  variant 2 (rotation): accepted F03292-sym-02
  variant 3 (rotation): accepted F03292-sym-03
  variant 4 (reflection): accepted F03292-sym-04
  variant 5 (reflection): accepted F03292-sym-05
  variant 6 (reflection): accepted F03292-sym-06
  variant 7 (reflection): accepted F03292-sym-07

7/7 new symmetry sibling(s) generated for R03292 in 7 attempt(s) (budget 7); 7 total in data/families/family-R03292-sym.json.
Wrote 7 level(s) total to data/families/family-R03292-sym.json (changed=true), 7 hint file(s) written to data/families/hints/.
Wrote family manifest to data/families/family-R03292-sym-manifest.json (7 variant(s) total).
portfolio-solve-sweep: corpus=data/families/family-R03292-lm.json levels=15 (15 to solve) scheduler-mode=legacy budget=8000ms node-budget=20000000 workers=4 save-hints=true
  [1/15] L3 (F03292-lm-03) ok=✗
  [2/15] L1 (F03292-lm-01) ok=✗
  [3/15] L4 (F03292-lm-04) ok=✗
  [4/15] L2 (F03292-lm-02) ok=✗
  [5/15] L6 (F03292-lm-06) ok=✗
  [6/15] L5 (F03292-lm-05) ok=✗
  [7/15] L7 (F03292-lm-07) ok=✗
  [8/15] L8 (F03292-lm-08) ok=✗
  [9/15] L9 (F03292-lm-09) ok=✗
  [10/15] L10 (F03292-lm-10) ok=✗
  [11/15] L11 (F03292-lm-11) ok=✗
  [12/15] L12 (F03292-lm-12) ok=✗
  [13/15] L13 (F03292-lm-13) ok=✗
  [14/15] L15 (F03292-lm-15) ok=✗
  [15/15] L14 (F03292-lm-14) ok=✗
Hints: appended to 0 level(s); 0 hint file(s) changed on disk.
Result: solved=0/15, solvedBeforeFallback=0, fallbackOnly=0, unsolved=15
Wrote logs/family-census/solve-R03292-lm.json
Wrote logs/family-census/solve-R03292-lm-summary.md
portfolio-solve-sweep: corpus=data/families/family-R03292-sym.json levels=7 (7 to solve) scheduler-mode=legacy budget=8000ms node-budget=20000000 workers=4 save-hints=true
  [1/7] L4 (F03292-sym-04) ok=✗
  [2/7] L3 (F03292-sym-03) ok=✗
  [3/7] L2 (F03292-sym-02) ok=✗
  [4/7] L1 (F03292-sym-01) ok=✗
  [5/7] L5 (F03292-sym-05) ok=✗
  [6/7] L7 (F03292-sym-07) ok=✗
  [7/7] L6 (F03292-sym-06) ok=✗
Hints: appended to 0 level(s); 0 hint file(s) changed on disk.
Result: solved=0/7, solvedBeforeFallback=0, fallbackOnly=0, unsolved=7
Wrote logs/family-census/solve-R03292-sym.json
Wrote logs/family-census/solve-R03292-sym-summary.md
[01:56:50] DONE R03292
[01:56:50] START R03322
Parent R03322: witness stressMeta.witnessSolution (len 84, 0 jump(s)), 54 movable object instance(s) under strict inventory.
  attempt 1: accepted F03322-lm-01 — moved falseGoals (9,2) -> (6,10)
  attempt 2: accepted F03322-lm-02 — moved lamppost (4,9) -> (8,7)
  attempt 3: accepted F03322-lm-03 — moved falseGoals (7,9) -> (10,9)
  attempt 4: accepted F03322-lm-04 — moved lamppost (9,7) -> (10,8)
  attempt 5: accepted F03322-lm-05 — moved falseGoals (9,2) -> (10,8)
  attempt 6: accepted F03322-lm-06 — moved lamppost (1,8) -> (6,8)
  attempt 7: accepted F03322-lm-07 — moved flippingFilters (9,10) -> (6,10)
  attempt 8: accepted F03322-lm-08 — moved geese (3,5) -> (10,8)
  attempt 9: accepted F03322-lm-09 — moved blocks (3,10) -> (10,9)
  attempt 10: accepted F03322-lm-10 — moved geese (0,10) -> (6,10)
  attempt 11: accepted F03322-lm-11 — moved geese (10,3) -> (6,10)
  attempt 12: accepted F03322-lm-12 — moved lamppost (4,9) -> (1,7)
  attempt 13: rejected — degenerate duplicate of parent or another accepted variant
  attempt 14: accepted F03322-lm-13 — moved flippingFilters (3,9) -> (5,5)
  attempt 15: accepted F03322-lm-14 — moved falseGoals (7,10) -> (10,9)
  attempt 16: accepted F03322-lm-15 — moved blocks (6,9) -> (10,8)

15/15 new local-mutant sibling(s) generated for R03322 in 16 attempt(s) (budget 600); 15 total in data/families/family-R03322-lm.json.
Wrote 15 level(s) total to data/families/family-R03322-lm.json (changed=true), 15 hint file(s) written to data/families/hints/.
Wrote family manifest to data/families/family-R03322-lm-manifest.json (15 variant(s) total).
Parent R03322: witness stressMeta.witnessSolution (len 84, 0 jump(s)), 54 movable object instance(s) under strict inventory.
  variant 1 (rotation): accepted F03322-sym-01
  variant 2 (rotation): accepted F03322-sym-02
  variant 3 (rotation): accepted F03322-sym-03
  variant 4 (reflection): accepted F03322-sym-04
  variant 5 (reflection): accepted F03322-sym-05
  variant 6 (reflection): accepted F03322-sym-06
  variant 7 (reflection): accepted F03322-sym-07

7/7 new symmetry sibling(s) generated for R03322 in 7 attempt(s) (budget 7); 7 total in data/families/family-R03322-sym.json.
Wrote 7 level(s) total to data/families/family-R03322-sym.json (changed=true), 7 hint file(s) written to data/families/hints/.
Wrote family manifest to data/families/family-R03322-sym-manifest.json (7 variant(s) total).
portfolio-solve-sweep: corpus=data/families/family-R03322-lm.json levels=15 (15 to solve) scheduler-mode=legacy budget=8000ms node-budget=20000000 workers=4 save-hints=true
  [1/15] L4 (F03322-lm-04) ok=✗
  [2/15] L3 (F03322-lm-03) ok=✗
  [3/15] L1 (F03322-lm-01) ok=✗
  [4/15] L2 (F03322-lm-02) ok=✗
  [5/15] L5 (F03322-lm-05) ok=✗
  [6/15] L6 (F03322-lm-06) ok=✗
  [7/15] L8 (F03322-lm-08) ok=✗
  [8/15] L7 (F03322-lm-07) ok=✗
  [9/15] L9 (F03322-lm-09) ok=✗
  [10/15] L10 (F03322-lm-10) ok=✗
  [11/15] L11 (F03322-lm-11) ok=✗
  [12/15] L12 (F03322-lm-12) ok=✗
  [13/15] L15 (F03322-lm-15) ok=✗
  [14/15] L13 (F03322-lm-13) ok=✗
  [15/15] L14 (F03322-lm-14) ok=✗
Hints: appended to 0 level(s); 0 hint file(s) changed on disk.
Result: solved=0/15, solvedBeforeFallback=0, fallbackOnly=0, unsolved=15
Wrote logs/family-census/solve-R03322-lm.json
Wrote logs/family-census/solve-R03322-lm-summary.md
portfolio-solve-sweep: corpus=data/families/family-R03322-sym.json levels=7 (7 to solve) scheduler-mode=legacy budget=8000ms node-budget=20000000 workers=4 save-hints=true
  [1/7] L4 (F03322-sym-04) ok=✗
  [2/7] L1 (F03322-sym-01) ok=✗
  [3/7] L2 (F03322-sym-02) ok=✗
  [4/7] L3 (F03322-sym-03) ok=✗
  [5/7] L5 (F03322-sym-05) ok=✗
  [6/7] L7 (F03322-sym-07) ok=✗
  [7/7] L6 (F03322-sym-06) ok=✗
Hints: appended to 0 level(s); 0 hint file(s) changed on disk.
Result: solved=0/7, solvedBeforeFallback=0, fallbackOnly=0, unsolved=7
Wrote logs/family-census/solve-R03322-sym.json
Wrote logs/family-census/solve-R03322-sym-summary.md
[01:58:06] DONE R03322
[01:58:06] START R03355
Parent R03355: witness stressMeta.witnessSolution (len 94, 4 jump(s)), 33 movable object instance(s) under strict inventory.
  attempt 1: accepted F03355-lm-01 — moved flippingFilters (2,3) -> (7,3)
  attempt 2: accepted F03355-lm-02 — moved falseGoals (10,2) -> (6,5)
  attempt 3: accepted F03355-lm-03 — moved geese (0,7) -> (6,5)
  attempt 4: accepted F03355-lm-04 — moved flippingFilters (2,3) -> (10,8)
  attempt 5: accepted F03355-lm-05 — moved geese (2,7) -> (1,2)
  attempt 6: accepted F03355-lm-06 — moved geese (2,7) -> (4,6)
  attempt 7: accepted F03355-lm-07 — moved lamppost (8,6) -> (7,8)
  attempt 8: accepted F03355-lm-08 — moved geese (10,0) -> (4,6)
  attempt 9: accepted F03355-lm-09 — moved falseGoals (0,5) -> (3,3)
  attempt 10: accepted F03355-lm-10 — moved market (6,2) -> (6,4)
  attempt 11: accepted F03355-lm-11 — moved geese (0,7) -> (4,6)
  attempt 12: accepted F03355-lm-12 — moved fountain (1,8) -> (7,8)
  attempt 13: accepted F03355-lm-13 — moved flippingFilters (2,3) -> (10,7)
  attempt 14: accepted F03355-lm-14 — moved blocks (3,0) -> (6,5)
  attempt 15: accepted F03355-lm-15 — moved falseGoals (6,1) -> (4,6)

15/15 new local-mutant sibling(s) generated for R03355 in 15 attempt(s) (budget 600); 15 total in data/families/family-R03355-lm.json.
Wrote 15 level(s) total to data/families/family-R03355-lm.json (changed=true), 15 hint file(s) written to data/families/hints/.
Wrote family manifest to data/families/family-R03355-lm-manifest.json (15 variant(s) total).
Parent R03355: witness stressMeta.witnessSolution (len 94, 4 jump(s)), 33 movable object instance(s) under strict inventory.
  variant 1 (rotation): accepted F03355-sym-01
  variant 2 (rotation): accepted F03355-sym-02
  variant 3 (rotation): accepted F03355-sym-03
  variant 4 (reflection): accepted F03355-sym-04
  variant 5 (reflection): accepted F03355-sym-05
  variant 6 (reflection): accepted F03355-sym-06
  variant 7 (reflection): accepted F03355-sym-07

7/7 new symmetry sibling(s) generated for R03355 in 7 attempt(s) (budget 7); 7 total in data/families/family-R03355-sym.json.
Wrote 7 level(s) total to data/families/family-R03355-sym.json (changed=true), 7 hint file(s) written to data/families/hints/.
Wrote family manifest to data/families/family-R03355-sym-manifest.json (7 variant(s) total).
portfolio-solve-sweep: corpus=data/families/family-R03355-lm.json levels=15 (15 to solve) scheduler-mode=legacy budget=8000ms node-budget=20000000 workers=4 save-hints=true
  [1/15] L4 (F03355-lm-04) ok=✗
  [2/15] L3 (F03355-lm-03) ok=✗
  [3/15] L2 (F03355-lm-02) ok=✗
  [4/15] L1 (F03355-lm-01) ok=✗
  [5/15] L5 (F03355-lm-05) ok=✗
  [6/15] L7 (F03355-lm-07) ok=✗
  [7/15] L6 (F03355-lm-06) ok=✗
  [8/15] L8 (F03355-lm-08) ok=✗
  [9/15] L9 (F03355-lm-09) ok=✗
  [10/15] L11 (F03355-lm-11) ok=✗
  [11/15] L10 (F03355-lm-10) ok=✗
  [12/15] L12 (F03355-lm-12) ok=✗
  [13/15] L15 (F03355-lm-15) ok=✗
  [14/15] L13 (F03355-lm-13) ok=✗
  [15/15] L14 (F03355-lm-14) ok=✗
Hints: appended to 0 level(s); 0 hint file(s) changed on disk.
Result: solved=0/15, solvedBeforeFallback=0, fallbackOnly=0, unsolved=15
Wrote logs/family-census/solve-R03355-lm.json
Wrote logs/family-census/solve-R03355-lm-summary.md
portfolio-solve-sweep: corpus=data/families/family-R03355-sym.json levels=7 (7 to solve) scheduler-mode=legacy budget=8000ms node-budget=20000000 workers=4 save-hints=true
  [1/7] L3 (F03355-sym-03) ok=✗
  [2/7] L2 (F03355-sym-02) ok=✗
  [3/7] L4 (F03355-sym-04) ok=✗
  [4/7] L1 (F03355-sym-01) ok=✗
  [5/7] L7 (F03355-sym-07) ok=✗
  [6/7] L5 (F03355-sym-05) ok=✗
  [7/7] L6 (F03355-sym-06) ok=✗
Hints: appended to 0 level(s); 0 hint file(s) changed on disk.
Result: solved=0/7, solvedBeforeFallback=0, fallbackOnly=0, unsolved=7
Wrote logs/family-census/solve-R03355-sym.json
Wrote logs/family-census/solve-R03355-sym-summary.md
[01:59:07] DONE R03355
