[23:10:34] START R00046
Parent R00046: witness stressMeta.witnessSolution (len 71, 4 jump(s)), 42 movable object instance(s) under strict inventory.
  attempt 1: accepted F00046-lm-01 — moved blocks (8,9) -> (10,8)
  attempt 2: accepted F00046-lm-02 — moved park (6,8) -> (8,3)
  attempt 3: accepted F00046-lm-03 — moved blocks (9,6) -> (5,9)
  attempt 4: accepted F00046-lm-04 — moved falseGoals (3,7) -> (10,7)
  attempt 5: accepted F00046-lm-05 — moved falseGoals (8,0) -> (9,8)
  attempt 6: accepted F00046-lm-06 — moved library (3,2) -> (5,0)
  attempt 7: accepted F00046-lm-07 — moved blocks (9,9) -> (5,9)
  attempt 8: accepted F00046-lm-08 — moved blocks (8,10) -> (6,10)
  attempt 9: accepted F00046-lm-09 — moved blocks (8,9) -> (4,9)
  attempt 10: accepted F00046-lm-10 — moved falseGoals (10,10) -> (10,7)
  attempt 11: accepted F00046-lm-11 — moved blocks (8,9) -> (9,8)
  attempt 12: accepted F00046-lm-12 — moved falseGoals (3,7) -> (6,9)
  attempt 13: accepted F00046-lm-13 — moved mustPass (1,0) -> (6,5)
  attempt 14: accepted F00046-lm-14 — moved blocks (8,10) -> (9,0)
  attempt 15: accepted F00046-lm-15 — moved mustPass (4,1) -> (2,1)

15/15 new local-mutant sibling(s) generated for R00046 in 15 attempt(s) (budget 600); 15 total in data/families/family-R00046-lm.json.
Wrote 15 level(s) total to data/families/family-R00046-lm.json (changed=true), 15 hint file(s) written to data/families/hints/.
Wrote family manifest to data/families/family-R00046-lm-manifest.json (15 variant(s) total).
Parent R00046: witness stressMeta.witnessSolution (len 71, 4 jump(s)), 42 movable object instance(s) under strict inventory.
  variant 1 (rotation): accepted F00046-sym-01
  variant 2 (rotation): accepted F00046-sym-02
  variant 3 (rotation): accepted F00046-sym-03
  variant 4 (reflection): accepted F00046-sym-04
  variant 5 (reflection): accepted F00046-sym-05
  variant 6 (reflection): accepted F00046-sym-06
  variant 7 (reflection): accepted F00046-sym-07

7/7 new symmetry sibling(s) generated for R00046 in 7 attempt(s) (budget 7); 7 total in data/families/family-R00046-sym.json.
Wrote 7 level(s) total to data/families/family-R00046-sym.json (changed=true), 7 hint file(s) written to data/families/hints/.
Wrote family manifest to data/families/family-R00046-sym-manifest.json (7 variant(s) total).
portfolio-solve-sweep: corpus=data/families/family-R00046-lm.json levels=15 (15 to solve) scheduler-mode=legacy budget=8000ms node-budget=20000000 workers=4 save-hints=true
  [1/15] L4 (F00046-lm-04) ok=✗
  [2/15] L3 (F00046-lm-03) ok=✗
  [3/15] L2 (F00046-lm-02) ok=✗
  [4/15] L1 (F00046-lm-01) ok=✗
  [5/15] L5 (F00046-lm-05) ok=✗
  [6/15] L6 (F00046-lm-06) ok=✗
  [7/15] L7 (F00046-lm-07) ok=✗
  [8/15] L8 (F00046-lm-08) ok=✗
  [9/15] L9 (F00046-lm-09) ok=✗
  [10/15] L10 (F00046-lm-10) ok=✗
  [11/15] L11 (F00046-lm-11) ok=✗
  [12/15] L12 (F00046-lm-12) ok=✗
  [13/15] L14 (F00046-lm-14) ok=✗
  [14/15] L13 (F00046-lm-13) ok=✗
  [15/15] L15 (F00046-lm-15) ok=✗
Hints: appended to 0 level(s); 0 hint file(s) changed on disk.
Result: solved=0/15, solvedBeforeFallback=0, fallbackOnly=0, unsolved=15
Wrote logs/family-census/solve-R00046-lm.json
Wrote logs/family-census/solve-R00046-lm-summary.md
portfolio-solve-sweep: corpus=data/families/family-R00046-sym.json levels=7 (7 to solve) scheduler-mode=legacy budget=8000ms node-budget=20000000 workers=4 save-hints=true
  [1/7] L3 (F00046-sym-03) ok=✗
  [2/7] L1 (F00046-sym-01) ok=✗
  [3/7] L2 (F00046-sym-02) ok=✗
  [4/7] L4 (F00046-sym-04) ok=✗
  [5/7] L7 (F00046-sym-07) ok=✗
  [6/7] L6 (F00046-sym-06) ok=✗
  [7/7] L5 (F00046-sym-05) ok=✗
Hints: appended to 0 level(s); 0 hint file(s) changed on disk.
Result: solved=0/7, solvedBeforeFallback=0, fallbackOnly=0, unsolved=7
Wrote logs/family-census/solve-R00046-sym.json
Wrote logs/family-census/solve-R00046-sym-summary.md
[23:12:06] DONE R00046
[23:12:06] START R00303
Parent R00303: witness stressMeta.witnessSolution (len 116, 5 jump(s)), 35 movable object instance(s) under strict inventory.
  attempt 1: accepted F00303-lm-01 — moved blocks (5,4) -> (6,4)
  attempt 2: accepted F00303-lm-02 — moved blocks (4,7) -> (9,12)
  attempt 3: accepted F00303-lm-03 — moved blocks (10,3) -> (12,11)
  attempt 4: accepted F00303-lm-04 — moved blocks (2,8) -> (6,4)
  attempt 5: accepted F00303-lm-05 — moved blocks (0,10) -> (11,12)
  attempt 6: accepted F00303-lm-06 — moved blocks (2,8) -> (11,12)
  attempt 7: accepted F00303-lm-07 — moved blocks (5,5) -> (1,7)
  attempt 8: accepted F00303-lm-08 — moved blocks (7,5) -> (10,12)
  attempt 9: accepted F00303-lm-09 — moved falseGoals (4,4) -> (3,6)
  attempt 10: accepted F00303-lm-10 — moved flippingFilters (3,9) -> (10,2)
  attempt 11: accepted F00303-lm-11 — moved blocks (12,3) -> (1,7)
  attempt 12: accepted F00303-lm-12 — moved flippingFilters (8,11) -> (10,11)
  attempt 13: accepted F00303-lm-13 — moved blocks (10,3) -> (0,4)
  attempt 14: accepted F00303-lm-14 — moved blocks (3,12) -> (7,3)
  attempt 15: accepted F00303-lm-15 — moved falseGoals (8,3) -> (10,2)

15/15 new local-mutant sibling(s) generated for R00303 in 15 attempt(s) (budget 600); 15 total in data/families/family-R00303-lm.json.
Wrote 15 level(s) total to data/families/family-R00303-lm.json (changed=true), 15 hint file(s) written to data/families/hints/.
Wrote family manifest to data/families/family-R00303-lm-manifest.json (15 variant(s) total).
Parent R00303: witness stressMeta.witnessSolution (len 116, 5 jump(s)), 35 movable object instance(s) under strict inventory.
  variant 1 (rotation): accepted F00303-sym-01
  variant 2 (rotation): accepted F00303-sym-02
  variant 3 (rotation): accepted F00303-sym-03
  variant 4 (reflection): accepted F00303-sym-04
  variant 5 (reflection): accepted F00303-sym-05
  variant 6 (reflection): accepted F00303-sym-06
  variant 7 (reflection): accepted F00303-sym-07

7/7 new symmetry sibling(s) generated for R00303 in 7 attempt(s) (budget 7); 7 total in data/families/family-R00303-sym.json.
Wrote 7 level(s) total to data/families/family-R00303-sym.json (changed=true), 7 hint file(s) written to data/families/hints/.
Wrote family manifest to data/families/family-R00303-sym-manifest.json (7 variant(s) total).
portfolio-solve-sweep: corpus=data/families/family-R00303-lm.json levels=15 (15 to solve) scheduler-mode=legacy budget=8000ms node-budget=20000000 workers=4 save-hints=true
  [1/15] L4 (F00303-lm-04) ok=✗
  [2/15] L2 (F00303-lm-02) ok=✗
  [3/15] L1 (F00303-lm-01) ok=✗
  [4/15] L3 (F00303-lm-03) ok=✗
  [5/15] L6 (F00303-lm-06) ok=✗
  [6/15] L5 (F00303-lm-05) ok=✗
  [7/15] L7 (F00303-lm-07) ok=✗
  [8/15] L8 (F00303-lm-08) ok=✗
  [9/15] L9 (F00303-lm-09) ok=✗
  [10/15] L11 (F00303-lm-11) ok=✗
  [11/15] L10 (F00303-lm-10) ok=✗
  [12/15] L12 (F00303-lm-12) ok=✗
  [13/15] L13 (F00303-lm-13) ok=✗
  [14/15] L14 (F00303-lm-14) ok=✗
  [15/15] L15 (F00303-lm-15) ok=✗
Hints: appended to 0 level(s); 0 hint file(s) changed on disk.
Result: solved=0/15, solvedBeforeFallback=0, fallbackOnly=0, unsolved=15
Wrote logs/family-census/solve-R00303-lm.json
Wrote logs/family-census/solve-R00303-lm-summary.md
portfolio-solve-sweep: corpus=data/families/family-R00303-sym.json levels=7 (7 to solve) scheduler-mode=legacy budget=8000ms node-budget=20000000 workers=4 save-hints=true
  [1/7] L3 (F00303-sym-03) ok=✗
  [2/7] L1 (F00303-sym-01) ok=✗
  [3/7] L4 (F00303-sym-04) ok=✗
  [4/7] L2 (F00303-sym-02) ok=✗
  [5/7] L5 (F00303-sym-05) ok=✗
  [6/7] L6 (F00303-sym-06) ok=✗
  [7/7] L7 (F00303-sym-07) ok=✗
Hints: appended to 0 level(s); 0 hint file(s) changed on disk.
Result: solved=0/7, solvedBeforeFallback=0, fallbackOnly=0, unsolved=7
Wrote logs/family-census/solve-R00303-sym.json
Wrote logs/family-census/solve-R00303-sym-summary.md
[23:14:35] DONE R00303
[23:14:35] START R00479
Parent R00479: witness hint[0] (len 73, 6 jump(s)), 58 movable object instance(s) under strict inventory.
  attempt 1: accepted F00479-lm-01 — moved flippingFilters (8,5) -> (0,0)
  attempt 2: accepted F00479-lm-02 — moved flippingFilters (5,4) -> (1,9)
  attempt 3: accepted F00479-lm-03 — moved mustPass (7,3) -> (10,10)
  attempt 4: accepted F00479-lm-04 — moved mustPass (5,5) -> (2,4)
  attempt 5: accepted F00479-lm-05 — moved blocks (10,3) -> (0,10)
  attempt 6: accepted F00479-lm-06 — moved mustPass (7,3) -> (5,6)
  attempt 7: accepted F00479-lm-07 — moved park (4,10) -> (3,8)
  attempt 8: accepted F00479-lm-08 — moved market (9,7) -> (3,8)
  attempt 9: accepted F00479-lm-09 — moved flippingFilters (2,2) -> (7,9)
  attempt 10: accepted F00479-lm-10 — moved flippingFilters (1,1) -> (7,9)
  attempt 11: accepted F00479-lm-11 — moved mustPass (5,5) -> (3,6)
  attempt 12: accepted F00479-lm-12 — moved lamppost (8,10) -> (3,8)
  attempt 13: accepted F00479-lm-13 — moved blocks (0,7) -> (3,0)
  attempt 14: accepted F00479-lm-14 — moved mustPass (2,8) -> (3,9)
  attempt 15: accepted F00479-lm-15 — moved geese (5,7) -> (3,8)

15/15 new local-mutant sibling(s) generated for R00479 in 15 attempt(s) (budget 600); 15 total in data/families/family-R00479-lm.json.
Wrote 15 level(s) total to data/families/family-R00479-lm.json (changed=true), 15 hint file(s) written to data/families/hints/.
Wrote family manifest to data/families/family-R00479-lm-manifest.json (15 variant(s) total).
Parent R00479: witness hint[0] (len 73, 6 jump(s)), 58 movable object instance(s) under strict inventory.
  variant 1 (rotation): accepted F00479-sym-01
  variant 2 (rotation): accepted F00479-sym-02
  variant 3 (rotation): accepted F00479-sym-03
  variant 4 (reflection): accepted F00479-sym-04
  variant 5 (reflection): accepted F00479-sym-05
  variant 6 (reflection): accepted F00479-sym-06
  variant 7 (reflection): accepted F00479-sym-07

7/7 new symmetry sibling(s) generated for R00479 in 7 attempt(s) (budget 7); 7 total in data/families/family-R00479-sym.json.
Wrote 7 level(s) total to data/families/family-R00479-sym.json (changed=true), 7 hint file(s) written to data/families/hints/.
Wrote family manifest to data/families/family-R00479-sym-manifest.json (7 variant(s) total).
portfolio-solve-sweep: corpus=data/families/family-R00479-lm.json levels=15 (15 to solve) scheduler-mode=legacy budget=8000ms node-budget=20000000 workers=4 save-hints=true
  [1/15] L2 (F00479-lm-02) ok=✗
  [2/15] L4 (F00479-lm-04) ok=✗
  [3/15] L1 (F00479-lm-01) ok=✗
  [4/15] L3 (F00479-lm-03) ok=✗
  [5/15] L6 (F00479-lm-06) ok=✗
  [6/15] L5 (F00479-lm-05) ok=✗
  [7/15] L8 (F00479-lm-08) ok=✗
  [8/15] L7 (F00479-lm-07) ok=✗
  [9/15] L12 (F00479-lm-12) ok=✓ legacy [hint saved]
  [10/15] L9 (F00479-lm-09) ok=✗
  [11/15] L10 (F00479-lm-10) ok=✗
  [12/15] L11 (F00479-lm-11) ok=✗
  [13/15] L15 (F00479-lm-15) ok=✗
  [14/15] L13 (F00479-lm-13) ok=✗
  [15/15] L14 (F00479-lm-14) ok=✗
Hints: appended to 1 level(s); 1 hint file(s) changed on disk.
Result: solved=1/15, solvedBeforeFallback=0, fallbackOnly=1, unsolved=14
Wrote logs/family-census/solve-R00479-lm.json
Wrote logs/family-census/solve-R00479-lm-summary.md
portfolio-solve-sweep: corpus=data/families/family-R00479-sym.json levels=7 (7 to solve) scheduler-mode=legacy budget=8000ms node-budget=20000000 workers=4 save-hints=true
  [1/7] L4 (F00479-sym-04) ok=✗
  [2/7] L3 (F00479-sym-03) ok=✗
  [3/7] L2 (F00479-sym-02) ok=✗
  [4/7] L1 (F00479-sym-01) ok=✗
  [5/7] L6 (F00479-sym-06) ok=✗
  [6/7] L5 (F00479-sym-05) ok=✗
  [7/7] L7 (F00479-sym-07) ok=✗
Hints: appended to 0 level(s); 0 hint file(s) changed on disk.
Result: solved=0/7, solvedBeforeFallback=0, fallbackOnly=0, unsolved=7
Wrote logs/family-census/solve-R00479-sym.json
Wrote logs/family-census/solve-R00479-sym-summary.md
[23:16:31] DONE R00479
[23:16:31] START R00602
Parent R00602: witness stressMeta.witnessSolution (len 108, 0 jump(s)), 51 movable object instance(s) under strict inventory.
  attempt 1: accepted F00602-lm-01 — moved market (9,11) -> (7,6)
  attempt 2: accepted F00602-lm-02 — moved geese (10,3) -> (5,11)
  attempt 3: accepted F00602-lm-03 — moved blocks (3,7) -> (8,3)
  attempt 4: accepted F00602-lm-04 — moved mustPass (10,0) -> (12,0)
  attempt 5: accepted F00602-lm-05 — moved blocks (9,10) -> (9,4)
  attempt 6: accepted F00602-lm-06 — moved fountain (8,4) -> (3,6)
  attempt 7: accepted F00602-lm-07 — moved blocks (1,0) -> (6,1)
  attempt 8: accepted F00602-lm-08 — moved lamppost (5,10) -> (11,6)
  attempt 9: accepted F00602-lm-09 — moved blocks (7,4) -> (11,12)
  attempt 10: accepted F00602-lm-10 — moved blocks (12,12) -> (11,12)
  attempt 11: accepted F00602-lm-11 — moved blocks (9,3) -> (3,1)
  attempt 12: accepted F00602-lm-12 — moved mustPass (12,3) -> (8,8)
  attempt 13: accepted F00602-lm-13 — moved library (3,8) -> (7,6)
  attempt 14: accepted F00602-lm-14 — moved market (9,11) -> (5,11)
  attempt 15: accepted F00602-lm-15 — moved blocks (9,3) -> (1,2)

15/15 new local-mutant sibling(s) generated for R00602 in 15 attempt(s) (budget 600); 15 total in data/families/family-R00602-lm.json.
Wrote 15 level(s) total to data/families/family-R00602-lm.json (changed=true), 15 hint file(s) written to data/families/hints/.
Wrote family manifest to data/families/family-R00602-lm-manifest.json (15 variant(s) total).
Parent R00602: witness stressMeta.witnessSolution (len 108, 0 jump(s)), 51 movable object instance(s) under strict inventory.
  variant 1 (rotation): accepted F00602-sym-01
  variant 2 (rotation): accepted F00602-sym-02
  variant 3 (rotation): accepted F00602-sym-03
  variant 4 (reflection): accepted F00602-sym-04
  variant 5 (reflection): accepted F00602-sym-05
  variant 6 (reflection): accepted F00602-sym-06
  variant 7 (reflection): accepted F00602-sym-07

7/7 new symmetry sibling(s) generated for R00602 in 7 attempt(s) (budget 7); 7 total in data/families/family-R00602-sym.json.
Wrote 7 level(s) total to data/families/family-R00602-sym.json (changed=true), 7 hint file(s) written to data/families/hints/.
Wrote family manifest to data/families/family-R00602-sym-manifest.json (7 variant(s) total).
portfolio-solve-sweep: corpus=data/families/family-R00602-lm.json levels=15 (15 to solve) scheduler-mode=legacy budget=8000ms node-budget=20000000 workers=4 save-hints=true
  [1/15] L2 (F00602-lm-02) ok=✗
  [2/15] L3 (F00602-lm-03) ok=✗
  [3/15] L1 (F00602-lm-01) ok=✗
  [4/15] L4 (F00602-lm-04) ok=✗
  [5/15] L5 (F00602-lm-05) ok=✗
  [6/15] L7 (F00602-lm-07) ok=✗
  [7/15] L6 (F00602-lm-06) ok=✗
  [8/15] L8 (F00602-lm-08) ok=✗
  [9/15] L9 (F00602-lm-09) ok=✗
  [10/15] L10 (F00602-lm-10) ok=✗
  [11/15] L11 (F00602-lm-11) ok=✗
  [12/15] L12 (F00602-lm-12) ok=✗
  [13/15] L14 (F00602-lm-14) ok=✗
  [14/15] L15 (F00602-lm-15) ok=✗
  [15/15] L13 (F00602-lm-13) ok=✗
Hints: appended to 0 level(s); 0 hint file(s) changed on disk.
Result: solved=0/15, solvedBeforeFallback=0, fallbackOnly=0, unsolved=15
Wrote logs/family-census/solve-R00602-lm.json
Wrote logs/family-census/solve-R00602-lm-summary.md
portfolio-solve-sweep: corpus=data/families/family-R00602-sym.json levels=7 (7 to solve) scheduler-mode=legacy budget=8000ms node-budget=20000000 workers=4 save-hints=true
  [1/7] L3 (F00602-sym-03) ok=✗
  [2/7] L4 (F00602-sym-04) ok=✗
  [3/7] L2 (F00602-sym-02) ok=✗
  [4/7] L1 (F00602-sym-01) ok=✗
  [5/7] L5 (F00602-sym-05) ok=✗
  [6/7] L7 (F00602-sym-07) ok=✗
  [7/7] L6 (F00602-sym-06) ok=✗
Hints: appended to 0 level(s); 0 hint file(s) changed on disk.
Result: solved=0/7, solvedBeforeFallback=0, fallbackOnly=0, unsolved=7
Wrote logs/family-census/solve-R00602-sym.json
Wrote logs/family-census/solve-R00602-sym-summary.md
[23:21:35] DONE R00602
[23:21:35] START R00756
Parent R00756: witness stressMeta.witnessSolution (len 97, 5 jump(s)), 48 movable object instance(s) under strict inventory.
  attempt 1: accepted F00756-lm-01 — moved blocks (6,2) -> (2,8)
  attempt 2: accepted F00756-lm-02 — moved mustPass (11,3) -> (10,11)
  attempt 3: accepted F00756-lm-03 — moved blocks (3,6) -> (12,12)
  attempt 4: accepted F00756-lm-04 — moved blocks (7,5) -> (7,0)
  attempt 5: accepted F00756-lm-05 — moved blocks (12,11) -> (11,7)
  attempt 6: accepted F00756-lm-06 — moved blocks (12,11) -> (7,0)
  attempt 7: accepted F00756-lm-07 — moved mustPass (11,3) -> (10,7)
  attempt 8: accepted F00756-lm-08 — moved mustPass (7,11) -> (10,5)
  attempt 9: accepted F00756-lm-09 — moved mustPass (7,11) -> (5,8)
  attempt 10: accepted F00756-lm-10 — moved library (2,2) -> (0,1)
  attempt 11: accepted F00756-lm-11 — moved blocks (5,0) -> (7,8)
  attempt 12: accepted F00756-lm-12 — moved library (8,12) -> (4,10)
  attempt 13: accepted F00756-lm-13 — moved library (2,2) -> (10,10)
  attempt 14: accepted F00756-lm-14 — moved flippingFilters (4,1) -> (2,6)
  attempt 15: accepted F00756-lm-15 — moved blocks (8,4) -> (9,5)

15/15 new local-mutant sibling(s) generated for R00756 in 15 attempt(s) (budget 600); 15 total in data/families/family-R00756-lm.json.
Wrote 15 level(s) total to data/families/family-R00756-lm.json (changed=true), 15 hint file(s) written to data/families/hints/.
Wrote family manifest to data/families/family-R00756-lm-manifest.json (15 variant(s) total).
Parent R00756: witness stressMeta.witnessSolution (len 97, 5 jump(s)), 48 movable object instance(s) under strict inventory.
  variant 1 (rotation): accepted F00756-sym-01
  variant 2 (rotation): accepted F00756-sym-02
  variant 3 (rotation): accepted F00756-sym-03
  variant 4 (reflection): accepted F00756-sym-04
  variant 5 (reflection): accepted F00756-sym-05
  variant 6 (reflection): accepted F00756-sym-06
  variant 7 (reflection): accepted F00756-sym-07

7/7 new symmetry sibling(s) generated for R00756 in 7 attempt(s) (budget 7); 7 total in data/families/family-R00756-sym.json.
Wrote 7 level(s) total to data/families/family-R00756-sym.json (changed=true), 7 hint file(s) written to data/families/hints/.
Wrote family manifest to data/families/family-R00756-sym-manifest.json (7 variant(s) total).
portfolio-solve-sweep: corpus=data/families/family-R00756-lm.json levels=15 (15 to solve) scheduler-mode=legacy budget=8000ms node-budget=20000000 workers=4 save-hints=true
  [1/15] L1 (F00756-lm-01) ok=✓ legacy [hint saved]
  [2/15] L4 (F00756-lm-04) ok=✗
  [3/15] L2 (F00756-lm-02) ok=✗
  [4/15] L5 (F00756-lm-05) ok=✗
  [5/15] L3 (F00756-lm-03) ok=✗
  [6/15] L7 (F00756-lm-07) ok=✗
  [7/15] L6 (F00756-lm-06) ok=✗
  [8/15] L8 (F00756-lm-08) ok=✗
  [9/15] L9 (F00756-lm-09) ok=✗
  [10/15] L10 (F00756-lm-10) ok=✗
  [11/15] L11 (F00756-lm-11) ok=✗
  [12/15] L12 (F00756-lm-12) ok=✗
  [13/15] L13 (F00756-lm-13) ok=✗
  [14/15] L15 (F00756-lm-15) ok=✗
  [15/15] L14 (F00756-lm-14) ok=✗
Hints: appended to 1 level(s); 1 hint file(s) changed on disk.
Result: solved=1/15, solvedBeforeFallback=0, fallbackOnly=1, unsolved=14
Wrote logs/family-census/solve-R00756-lm.json
Wrote logs/family-census/solve-R00756-lm-summary.md
portfolio-solve-sweep: corpus=data/families/family-R00756-sym.json levels=7 (7 to solve) scheduler-mode=legacy budget=8000ms node-budget=20000000 workers=4 save-hints=true
  [1/7] L4 (F00756-sym-04) ok=✗
  [2/7] L1 (F00756-sym-01) ok=✗
  [3/7] L3 (F00756-sym-03) ok=✗
  [4/7] L2 (F00756-sym-02) ok=✗
  [5/7] L7 (F00756-sym-07) ok=✗
  [6/7] L5 (F00756-sym-05) ok=✗
  [7/7] L6 (F00756-sym-06) ok=✗
Hints: appended to 0 level(s); 0 hint file(s) changed on disk.
Result: solved=0/7, solvedBeforeFallback=0, fallbackOnly=0, unsolved=7
Wrote logs/family-census/solve-R00756-sym.json
Wrote logs/family-census/solve-R00756-sym-summary.md
[23:28:16] DONE R00756
[23:28:16] START R01006
Parent R01006: witness hint[0] (len 117, 4 jump(s)), 53 movable object instance(s) under strict inventory.
  attempt 1: accepted F01006-lm-01 — moved market (11,11) -> (8,12)
  attempt 2: accepted F01006-lm-02 — moved lamppost (3,8) -> (12,2)
  attempt 3: accepted F01006-lm-03 — moved flippingFilters (0,12) -> (2,8)
  attempt 4: accepted F01006-lm-04 — moved mustPass (5,0) -> (10,7)
  attempt 5: accepted F01006-lm-05 — moved falseGoals (12,8) -> (11,9)
  attempt 6: accepted F01006-lm-06 — moved blocks (4,8) -> (4,4)
  attempt 7: accepted F01006-lm-07 — moved falseGoals (8,2) -> (9,2)
  attempt 8: accepted F01006-lm-08 — moved blocks (11,5) -> (12,10)
  attempt 9: accepted F01006-lm-09 — moved park (9,6) -> (2,12)
  attempt 10: accepted F01006-lm-10 — moved flippingFilters (2,2) -> (4,10)
  attempt 11: accepted F01006-lm-11 — moved mustPass (0,0) -> (5,5)
  attempt 12: accepted F01006-lm-12 — moved falseGoals (12,4) -> (8,0)
  attempt 13: accepted F01006-lm-13 — moved library (12,9) -> (9,1)
  attempt 14: accepted F01006-lm-14 — moved mustPass (10,5) -> (9,7)
  attempt 15: accepted F01006-lm-15 — moved flippingFilters (0,12) -> (2,7)

15/15 new local-mutant sibling(s) generated for R01006 in 15 attempt(s) (budget 600); 15 total in data/families/family-R01006-lm.json.
Wrote 15 level(s) total to data/families/family-R01006-lm.json (changed=true), 15 hint file(s) written to data/families/hints/.
Wrote family manifest to data/families/family-R01006-lm-manifest.json (15 variant(s) total).
Parent R01006: witness hint[0] (len 117, 4 jump(s)), 53 movable object instance(s) under strict inventory.
  variant 1 (rotation): accepted F01006-sym-01
  variant 2 (rotation): accepted F01006-sym-02
  variant 3 (rotation): accepted F01006-sym-03
  variant 4 (reflection): accepted F01006-sym-04
  variant 5 (reflection): accepted F01006-sym-05
  variant 6 (reflection): accepted F01006-sym-06
  variant 7 (reflection): accepted F01006-sym-07

7/7 new symmetry sibling(s) generated for R01006 in 7 attempt(s) (budget 7); 7 total in data/families/family-R01006-sym.json.
Wrote 7 level(s) total to data/families/family-R01006-sym.json (changed=true), 7 hint file(s) written to data/families/hints/.
Wrote family manifest to data/families/family-R01006-sym-manifest.json (7 variant(s) total).
portfolio-solve-sweep: corpus=data/families/family-R01006-lm.json levels=15 (15 to solve) scheduler-mode=legacy budget=8000ms node-budget=20000000 workers=4 save-hints=true
  [1/15] L1 (F01006-lm-01) ok=✗
  [2/15] L4 (F01006-lm-04) ok=✗
  [3/15] L2 (F01006-lm-02) ok=✗
  [4/15] L3 (F01006-lm-03) ok=✗
  [5/15] L5 (F01006-lm-05) ok=✓ legacy [hint saved]
  [6/15] L6 (F01006-lm-06) ok=✗
  [7/15] L8 (F01006-lm-08) ok=✗
  [8/15] L7 (F01006-lm-07) ok=✗
  [9/15] L9 (F01006-lm-09) ok=✗
  [10/15] L10 (F01006-lm-10) ok=✗
  [11/15] L12 (F01006-lm-12) ok=✗
  [12/15] L11 (F01006-lm-11) ok=✗
  [13/15] L13 (F01006-lm-13) ok=✗
  [14/15] L14 (F01006-lm-14) ok=✗
  [15/15] L15 (F01006-lm-15) ok=✗
Hints: appended to 1 level(s); 1 hint file(s) changed on disk.
Result: solved=1/15, solvedBeforeFallback=0, fallbackOnly=1, unsolved=14
Wrote logs/family-census/solve-R01006-lm.json
Wrote logs/family-census/solve-R01006-lm-summary.md
portfolio-solve-sweep: corpus=data/families/family-R01006-sym.json levels=7 (7 to solve) scheduler-mode=legacy budget=8000ms node-budget=20000000 workers=4 save-hints=true
  [1/7] L4 (F01006-sym-04) ok=✗
  [2/7] L2 (F01006-sym-02) ok=✗
  [3/7] L1 (F01006-sym-01) ok=✗
  [4/7] L3 (F01006-sym-03) ok=✗
  [5/7] L5 (F01006-sym-05) ok=✗
  [6/7] L6 (F01006-sym-06) ok=✗
  [7/7] L7 (F01006-sym-07) ok=✗
Hints: appended to 0 level(s); 0 hint file(s) changed on disk.
Result: solved=0/7, solvedBeforeFallback=0, fallbackOnly=0, unsolved=7
Wrote logs/family-census/solve-R01006-sym.json
Wrote logs/family-census/solve-R01006-sym-summary.md
[23:31:49] DONE R01006
[23:31:49] START R01174
Parent R01174: witness stressMeta.witnessSolution (len 146, 7 jump(s)), 52 movable object instance(s) under strict inventory.
  attempt 1: accepted F01174-lm-01 — moved flippingFilters (8,11) -> (8,9)
  attempt 2: accepted F01174-lm-02 — moved mustPass (3,14) -> (1,14)
  attempt 3: accepted F01174-lm-03 — moved blocks (5,0) -> (9,7)
  attempt 4: accepted F01174-lm-04 — moved flippingFilters (7,11) -> (9,13)
  attempt 5: accepted F01174-lm-05 — moved mustPass (1,7) -> (4,8)
  attempt 6: accepted F01174-lm-06 — moved statue (3,1) -> (0,2)
  attempt 7: accepted F01174-lm-07 — moved blocks (12,2) -> (6,10)
  attempt 8: accepted F01174-lm-08 — moved blocks (6,0) -> (7,7)
  attempt 9: accepted F01174-lm-09 — moved mustCross (4,9) -> (4,8)
  attempt 10: accepted F01174-lm-10 — moved blocks (11,13) -> (14,13)
  attempt 11: accepted F01174-lm-11 — moved mustPass (1,7) -> (11,8)
  attempt 12: accepted F01174-lm-12 — moved park (6,6) -> (14,8)
  attempt 13: accepted F01174-lm-13 — moved blocks (8,5) -> (8,10)
  attempt 14: accepted F01174-lm-14 — moved blocks (13,6) -> (7,7)
  attempt 15: accepted F01174-lm-15 — moved mustPass (11,2) -> (13,8)

15/15 new local-mutant sibling(s) generated for R01174 in 15 attempt(s) (budget 600); 15 total in data/families/family-R01174-lm.json.
Wrote 15 level(s) total to data/families/family-R01174-lm.json (changed=true), 15 hint file(s) written to data/families/hints/.
Wrote family manifest to data/families/family-R01174-lm-manifest.json (15 variant(s) total).
Parent R01174: witness stressMeta.witnessSolution (len 146, 7 jump(s)), 52 movable object instance(s) under strict inventory.
  variant 1 (rotation): accepted F01174-sym-01
  variant 2 (rotation): accepted F01174-sym-02
  variant 3 (rotation): accepted F01174-sym-03
  variant 4 (reflection): accepted F01174-sym-04
  variant 5 (reflection): accepted F01174-sym-05
  variant 6 (reflection): accepted F01174-sym-06
  variant 7 (reflection): accepted F01174-sym-07

7/7 new symmetry sibling(s) generated for R01174 in 7 attempt(s) (budget 7); 7 total in data/families/family-R01174-sym.json.
Wrote 7 level(s) total to data/families/family-R01174-sym.json (changed=true), 7 hint file(s) written to data/families/hints/.
Wrote family manifest to data/families/family-R01174-sym-manifest.json (7 variant(s) total).
portfolio-solve-sweep: corpus=data/families/family-R01174-lm.json levels=15 (15 to solve) scheduler-mode=legacy budget=8000ms node-budget=20000000 workers=4 save-hints=true
  [1/15] L1 (F01174-lm-01) ok=✗
  [2/15] L4 (F01174-lm-04) ok=✗
  [3/15] L3 (F01174-lm-03) ok=✗
  [4/15] L2 (F01174-lm-02) ok=✗
  [5/15] L7 (F01174-lm-07) ok=✗
  [6/15] L5 (F01174-lm-05) ok=✗
  [7/15] L6 (F01174-lm-06) ok=✗
  [8/15] L8 (F01174-lm-08) ok=✗
  [9/15] L9 (F01174-lm-09) ok=✗
  [10/15] L10 (F01174-lm-10) ok=✗
  [11/15] L11 (F01174-lm-11) ok=✗
  [12/15] L12 (F01174-lm-12) ok=✗
  [13/15] L14 (F01174-lm-14) ok=✗
  [14/15] L15 (F01174-lm-15) ok=✗
  [15/15] L13 (F01174-lm-13) ok=✗
Hints: appended to 0 level(s); 0 hint file(s) changed on disk.
Result: solved=0/15, solvedBeforeFallback=0, fallbackOnly=0, unsolved=15
Wrote logs/family-census/solve-R01174-lm.json
Wrote logs/family-census/solve-R01174-lm-summary.md
portfolio-solve-sweep: corpus=data/families/family-R01174-sym.json levels=7 (7 to solve) scheduler-mode=legacy budget=8000ms node-budget=20000000 workers=4 save-hints=true
  [1/7] L3 (F01174-sym-03) ok=✗
  [2/7] L4 (F01174-sym-04) ok=✗
  [3/7] L2 (F01174-sym-02) ok=✗
  [4/7] L1 (F01174-sym-01) ok=✗
  [5/7] L7 (F01174-sym-07) ok=✗
  [6/7] L5 (F01174-sym-05) ok=✗
  [7/7] L6 (F01174-sym-06) ok=✗
Hints: appended to 0 level(s); 0 hint file(s) changed on disk.
Result: solved=0/7, solvedBeforeFallback=0, fallbackOnly=0, unsolved=7
Wrote logs/family-census/solve-R01174-sym.json
Wrote logs/family-census/solve-R01174-sym-summary.md
[23:39:36] DONE R01174
[23:39:36] START R01378
Parent R01378: witness stressMeta.witnessSolution (len 81, 5 jump(s)), 60 movable object instance(s) under strict inventory.
  attempt 1: accepted F01378-lm-01 — moved mustPass (8,11) -> (6,5)
  attempt 2: accepted F01378-lm-02 — moved geese (3,5) -> (7,7)
  attempt 3: accepted F01378-lm-03 — moved falseGoals (1,6) -> (11,8)
  attempt 4: accepted F01378-lm-04 — moved blocks (11,0) -> (10,2)
  attempt 5: accepted F01378-lm-05 — moved mustPass (10,10) -> (4,3)
  attempt 6: accepted F01378-lm-06 — moved blocks (8,4) -> (10,2)
  attempt 7: accepted F01378-lm-07 — moved flippingFilters (5,6) -> (9,2)
  attempt 8: accepted F01378-lm-08 — moved lamppost (5,1) -> (6,11)
  attempt 9: accepted F01378-lm-09 — moved blocks (11,6) -> (5,7)
  attempt 10: accepted F01378-lm-10 — moved geese (9,0) -> (0,6)
  attempt 11: accepted F01378-lm-11 — moved blocks (5,0) -> (7,7)
  attempt 12: accepted F01378-lm-12 — moved blocks (5,8) -> (10,5)
  attempt 13: accepted F01378-lm-13 — moved blocks (10,3) -> (11,5)
  attempt 14: accepted F01378-lm-14 — moved blocks (3,11) -> (6,1)
  attempt 15: accepted F01378-lm-15 — moved mustPass (10,10) -> (4,4)

15/15 new local-mutant sibling(s) generated for R01378 in 15 attempt(s) (budget 600); 15 total in data/families/family-R01378-lm.json.
Wrote 15 level(s) total to data/families/family-R01378-lm.json (changed=true), 15 hint file(s) written to data/families/hints/.
Wrote family manifest to data/families/family-R01378-lm-manifest.json (15 variant(s) total).
Parent R01378: witness stressMeta.witnessSolution (len 81, 5 jump(s)), 60 movable object instance(s) under strict inventory.
  variant 1 (rotation): accepted F01378-sym-01
  variant 2 (rotation): accepted F01378-sym-02
  variant 3 (rotation): accepted F01378-sym-03
  variant 4 (reflection): accepted F01378-sym-04
  variant 5 (reflection): accepted F01378-sym-05
  variant 6 (reflection): accepted F01378-sym-06
  variant 7 (reflection): accepted F01378-sym-07

7/7 new symmetry sibling(s) generated for R01378 in 7 attempt(s) (budget 7); 7 total in data/families/family-R01378-sym.json.
Wrote 7 level(s) total to data/families/family-R01378-sym.json (changed=true), 7 hint file(s) written to data/families/hints/.
Wrote family manifest to data/families/family-R01378-sym-manifest.json (7 variant(s) total).
portfolio-solve-sweep: corpus=data/families/family-R01378-lm.json levels=15 (15 to solve) scheduler-mode=legacy budget=8000ms node-budget=20000000 workers=4 save-hints=true
  [1/15] L1 (F01378-lm-01) ok=✗
  [2/15] L3 (F01378-lm-03) ok=✗
  [3/15] L2 (F01378-lm-02) ok=✗
  [4/15] L4 (F01378-lm-04) ok=✗
  [5/15] L5 (F01378-lm-05) ok=✗
  [6/15] L6 (F01378-lm-06) ok=✗
  [7/15] L8 (F01378-lm-08) ok=✗
  [8/15] L7 (F01378-lm-07) ok=✗
  [9/15] L9 (F01378-lm-09) ok=✗
  [10/15] L10 (F01378-lm-10) ok=✗
  [11/15] L12 (F01378-lm-12) ok=✗
  [12/15] L11 (F01378-lm-11) ok=✗
  [13/15] L14 (F01378-lm-14) ok=✗
  [14/15] L13 (F01378-lm-13) ok=✗
  [15/15] L15 (F01378-lm-15) ok=✗
Hints: appended to 0 level(s); 0 hint file(s) changed on disk.
Result: solved=0/15, solvedBeforeFallback=0, fallbackOnly=0, unsolved=15
Wrote logs/family-census/solve-R01378-lm.json
Wrote logs/family-census/solve-R01378-lm-summary.md
portfolio-solve-sweep: corpus=data/families/family-R01378-sym.json levels=7 (7 to solve) scheduler-mode=legacy budget=8000ms node-budget=20000000 workers=4 save-hints=true
  [1/7] L1 (F01378-sym-01) ok=✗
  [2/7] L2 (F01378-sym-02) ok=✗
  [3/7] L3 (F01378-sym-03) ok=✗
  [4/7] L4 (F01378-sym-04) ok=✗
  [5/7] L5 (F01378-sym-05) ok=✗
  [6/7] L7 (F01378-sym-07) ok=✗
  [7/7] L6 (F01378-sym-06) ok=✗
Hints: appended to 0 level(s); 0 hint file(s) changed on disk.
Result: solved=0/7, solvedBeforeFallback=0, fallbackOnly=0, unsolved=7
Wrote logs/family-census/solve-R01378-sym.json
Wrote logs/family-census/solve-R01378-sym-summary.md
[23:44:35] DONE R01378
[23:44:35] START R01551
Parent R01551: witness stressMeta.witnessSolution (len 79, 0 jump(s)), 55 movable object instance(s) under strict inventory.
  attempt 1: accepted F01551-lm-01 — moved lamppost (9,2) -> (3,3)
  attempt 2: accepted F01551-lm-02 — moved falseGoals (5,0) -> (10,0)
  attempt 3: accepted F01551-lm-03 — moved lamppost (7,7) -> (3,2)
  attempt 4: accepted F01551-lm-04 — moved geese (7,1) -> (5,5)
  attempt 5: accepted F01551-lm-05 — moved mustPass (4,9) -> (8,3)
  attempt 6: accepted F01551-lm-06 — moved blocks (8,8) -> (2,9)
  attempt 7: accepted F01551-lm-07 — moved mustPass (0,7) -> (6,3)
  attempt 8: accepted F01551-lm-08 — moved fountain (0,8) -> (9,8)
  attempt 9: accepted F01551-lm-09 — moved falseGoals (5,0) -> (5,5)
  attempt 10: rejected — degenerate duplicate of parent or another accepted variant
  attempt 11: accepted F01551-lm-10 — moved falseGoals (5,0) -> (4,4)
  attempt 12: accepted F01551-lm-11 — moved library (10,10) -> (10,4)
  attempt 13: accepted F01551-lm-12 — moved park (1,3) -> (2,9)
  attempt 14: accepted F01551-lm-13 — moved market (0,0) -> (2,9)
  attempt 15: accepted F01551-lm-14 — moved mustPass (3,10) -> (4,8)
  attempt 16: accepted F01551-lm-15 — moved geese (8,1) -> (2,9)

15/15 new local-mutant sibling(s) generated for R01551 in 16 attempt(s) (budget 600); 15 total in data/families/family-R01551-lm.json.
Wrote 15 level(s) total to data/families/family-R01551-lm.json (changed=true), 15 hint file(s) written to data/families/hints/.
Wrote family manifest to data/families/family-R01551-lm-manifest.json (15 variant(s) total).
Parent R01551: witness stressMeta.witnessSolution (len 79, 0 jump(s)), 55 movable object instance(s) under strict inventory.
  variant 1 (rotation): accepted F01551-sym-01
  variant 2 (rotation): accepted F01551-sym-02
  variant 3 (rotation): accepted F01551-sym-03
  variant 4 (reflection): accepted F01551-sym-04
  variant 5 (reflection): accepted F01551-sym-05
  variant 6 (reflection): accepted F01551-sym-06
  variant 7 (reflection): accepted F01551-sym-07

7/7 new symmetry sibling(s) generated for R01551 in 7 attempt(s) (budget 7); 7 total in data/families/family-R01551-sym.json.
Wrote 7 level(s) total to data/families/family-R01551-sym.json (changed=true), 7 hint file(s) written to data/families/hints/.
Wrote family manifest to data/families/family-R01551-sym-manifest.json (7 variant(s) total).
portfolio-solve-sweep: corpus=data/families/family-R01551-lm.json levels=15 (15 to solve) scheduler-mode=legacy budget=8000ms node-budget=20000000 workers=4 save-hints=true
  [1/15] L1 (F01551-lm-01) ok=✗
  [2/15] L4 (F01551-lm-04) ok=✗
  [3/15] L3 (F01551-lm-03) ok=✗
  [4/15] L2 (F01551-lm-02) ok=✗
  [5/15] L6 (F01551-lm-06) ok=✗
  [6/15] L5 (F01551-lm-05) ok=✗
  [7/15] L8 (F01551-lm-08) ok=✗
  [8/15] L7 (F01551-lm-07) ok=✗
  [9/15] L11 (F01551-lm-11) ok=✗
  [10/15] L9 (F01551-lm-09) ok=✗
  [11/15] L10 (F01551-lm-10) ok=✗
  [12/15] L12 (F01551-lm-12) ok=✗
  [13/15] L15 (F01551-lm-15) ok=✗
  [14/15] L13 (F01551-lm-13) ok=✗
  [15/15] L14 (F01551-lm-14) ok=✗
Hints: appended to 0 level(s); 0 hint file(s) changed on disk.
Result: solved=0/15, solvedBeforeFallback=0, fallbackOnly=0, unsolved=15
Wrote logs/family-census/solve-R01551-lm.json
Wrote logs/family-census/solve-R01551-lm-summary.md
portfolio-solve-sweep: corpus=data/families/family-R01551-sym.json levels=7 (7 to solve) scheduler-mode=legacy budget=8000ms node-budget=20000000 workers=4 save-hints=true
  [1/7] L1 (F01551-sym-01) ok=✗
  [2/7] L2 (F01551-sym-02) ok=✗
  [3/7] L3 (F01551-sym-03) ok=✗
  [4/7] L4 (F01551-sym-04) ok=✗
  [5/7] L7 (F01551-sym-07) ok=✗
  [6/7] L5 (F01551-sym-05) ok=✗
  [7/7] L6 (F01551-sym-06) ok=✗
Hints: appended to 0 level(s); 0 hint file(s) changed on disk.
Result: solved=0/7, solvedBeforeFallback=0, fallbackOnly=0, unsolved=7
Wrote logs/family-census/solve-R01551-sym.json
Wrote logs/family-census/solve-R01551-sym-summary.md
[23:46:17] DONE R01551
[23:46:17] START R01698
Parent R01698: witness stressMeta.witnessSolution (len 80, 6 jump(s)), 19 movable object instance(s) under strict inventory.
  attempt 1: accepted F01698-lm-01 — moved flippingFilters (0,9) -> (3,4)
  attempt 2: accepted F01698-lm-02 — moved flippingFilters (1,2) -> (1,10)
  attempt 3: accepted F01698-lm-03 — moved flippingFilters (2,2) -> (2,1)
  attempt 4: accepted F01698-lm-04 — moved flippingFilters (11,0) -> (4,10)
  attempt 5: accepted F01698-lm-05 — moved flippingFilters (11,7) -> (8,6)
  attempt 6: accepted F01698-lm-06 — moved market (4,0) -> (2,7)
  attempt 7: accepted F01698-lm-07 — moved lamppost (2,8) -> (5,8)
  attempt 8: accepted F01698-lm-08 — moved flippingFilters (0,9) -> (2,3)
  attempt 9: accepted F01698-lm-09 — moved flippingFilters (1,6) -> (10,3)
  attempt 10: accepted F01698-lm-10 — moved flippingFilters (1,6) -> (4,9)
  attempt 11: accepted F01698-lm-11 — moved flippingFilters (0,9) -> (0,8)
  attempt 12: accepted F01698-lm-12 — moved flippingFilters (2,2) -> (2,3)
  attempt 13: accepted F01698-lm-13 — moved flippingFilters (11,0) -> (6,1)
  attempt 14: accepted F01698-lm-14 — moved flippingFilters (5,6) -> (1,4)
  attempt 15: accepted F01698-lm-15 — moved lamppost (8,8) -> (8,7)

15/15 new local-mutant sibling(s) generated for R01698 in 15 attempt(s) (budget 600); 15 total in data/families/family-R01698-lm.json.
Wrote 15 level(s) total to data/families/family-R01698-lm.json (changed=true), 15 hint file(s) written to data/families/hints/.
Wrote family manifest to data/families/family-R01698-lm-manifest.json (15 variant(s) total).
Parent R01698: witness stressMeta.witnessSolution (len 80, 6 jump(s)), 19 movable object instance(s) under strict inventory.
  variant 1 (rotation): accepted F01698-sym-01
  variant 2 (rotation): accepted F01698-sym-02
  variant 3 (rotation): accepted F01698-sym-03
  variant 4 (reflection): accepted F01698-sym-04
  variant 5 (reflection): accepted F01698-sym-05
  variant 6 (reflection): accepted F01698-sym-06
  variant 7 (reflection): accepted F01698-sym-07

7/7 new symmetry sibling(s) generated for R01698 in 7 attempt(s) (budget 7); 7 total in data/families/family-R01698-sym.json.
Wrote 7 level(s) total to data/families/family-R01698-sym.json (changed=true), 7 hint file(s) written to data/families/hints/.
Wrote family manifest to data/families/family-R01698-sym-manifest.json (7 variant(s) total).
portfolio-solve-sweep: corpus=data/families/family-R01698-lm.json levels=15 (15 to solve) scheduler-mode=legacy budget=8000ms node-budget=20000000 workers=4 save-hints=true
  [1/15] L4 (F01698-lm-04) ok=✗
  [2/15] L1 (F01698-lm-01) ok=✗
  [3/15] L2 (F01698-lm-02) ok=✗
  [4/15] L7 (F01698-lm-07) ok=✓ legacy [hint saved]
  [5/15] L3 (F01698-lm-03) ok=✗
  [6/15] L8 (F01698-lm-08) ok=✓ legacy [hint saved]
  [7/15] L10 (F01698-lm-10) ok=✓ legacy [hint saved]
  [8/15] L6 (F01698-lm-06) ok=✗
  [9/15] L5 (F01698-lm-05) ok=✗
  [10/15] L9 (F01698-lm-09) ok=✗
  [11/15] L11 (F01698-lm-11) ok=✗
  [12/15] L12 (F01698-lm-12) ok=✗
  [13/15] L13 (F01698-lm-13) ok=✗
  [14/15] L14 (F01698-lm-14) ok=✗
  [15/15] L15 (F01698-lm-15) ok=✗
Hints: appended to 3 level(s); 3 hint file(s) changed on disk.
Result: solved=3/15, solvedBeforeFallback=0, fallbackOnly=3, unsolved=12
Wrote logs/family-census/solve-R01698-lm.json
Wrote logs/family-census/solve-R01698-lm-summary.md
portfolio-solve-sweep: corpus=data/families/family-R01698-sym.json levels=7 (7 to solve) scheduler-mode=legacy budget=8000ms node-budget=20000000 workers=4 save-hints=true
  [1/7] L2 (F01698-sym-02) ok=✗
  [2/7] L1 (F01698-sym-01) ok=✗
  [3/7] L3 (F01698-sym-03) ok=✗
  [4/7] L4 (F01698-sym-04) ok=✗
  [5/7] L6 (F01698-sym-06) ok=✗
  [6/7] L5 (F01698-sym-05) ok=✗
  [7/7] L7 (F01698-sym-07) ok=✗
Hints: appended to 0 level(s); 0 hint file(s) changed on disk.
Result: solved=0/7, solvedBeforeFallback=0, fallbackOnly=0, unsolved=7
Wrote logs/family-census/solve-R01698-sym.json
Wrote logs/family-census/solve-R01698-sym-summary.md
[23:52:40] DONE R01698
[23:52:40] START R01870
Parent R01870: witness stressMeta.witnessSolution (len 65, 7 jump(s)), 43 movable object instance(s) under strict inventory.
  attempt 1: accepted F01870-lm-01 — moved blocks (3,10) -> (3,3)
  attempt 2: accepted F01870-lm-02 — moved mustPass (7,10) -> (0,3)
  attempt 3: accepted F01870-lm-03 — moved falseGoals (9,5) -> (2,4)
  attempt 4: accepted F01870-lm-04 — moved falseGoals (4,3) -> (0,5)
  attempt 5: accepted F01870-lm-05 — moved falseGoals (9,5) -> (9,10)
  attempt 6: accepted F01870-lm-06 — moved blocks (4,10) -> (8,5)
  attempt 7: accepted F01870-lm-07 — moved lamppost (5,1) -> (1,0)
  attempt 8: accepted F01870-lm-08 — moved blocks (7,6) -> (10,9)
  attempt 9: accepted F01870-lm-09 — moved blocks (10,10) -> (6,7)
  attempt 10: accepted F01870-lm-10 — moved blocks (4,10) -> (9,10)
  attempt 11: accepted F01870-lm-11 — moved flippingFilters (3,2) -> (4,5)
  attempt 12: accepted F01870-lm-12 — moved falseGoals (2,0) -> (4,9)
  attempt 13: accepted F01870-lm-13 — moved flippingFilters (6,3) -> (3,3)
  attempt 14: accepted F01870-lm-14 — moved blocks (4,8) -> (5,7)
  attempt 15: accepted F01870-lm-15 — moved blocks (10,0) -> (3,4)

15/15 new local-mutant sibling(s) generated for R01870 in 15 attempt(s) (budget 600); 15 total in data/families/family-R01870-lm.json.
Wrote 15 level(s) total to data/families/family-R01870-lm.json (changed=true), 15 hint file(s) written to data/families/hints/.
Wrote family manifest to data/families/family-R01870-lm-manifest.json (15 variant(s) total).
Parent R01870: witness stressMeta.witnessSolution (len 65, 7 jump(s)), 43 movable object instance(s) under strict inventory.
  variant 1 (rotation): accepted F01870-sym-01
  variant 2 (rotation): accepted F01870-sym-02
  variant 3 (rotation): accepted F01870-sym-03
  variant 4 (reflection): accepted F01870-sym-04
  variant 5 (reflection): accepted F01870-sym-05
  variant 6 (reflection): accepted F01870-sym-06
  variant 7 (reflection): accepted F01870-sym-07

7/7 new symmetry sibling(s) generated for R01870 in 7 attempt(s) (budget 7); 7 total in data/families/family-R01870-sym.json.
Wrote 7 level(s) total to data/families/family-R01870-sym.json (changed=true), 7 hint file(s) written to data/families/hints/.
Wrote family manifest to data/families/family-R01870-sym-manifest.json (7 variant(s) total).
portfolio-solve-sweep: corpus=data/families/family-R01870-lm.json levels=15 (15 to solve) scheduler-mode=legacy budget=8000ms node-budget=20000000 workers=4 save-hints=true
  [1/15] L3 (F01870-lm-03) ok=✓ legacy [hint saved]
  [2/15] L2 (F01870-lm-02) ok=✓ legacy [hint saved]
  [3/15] L1 (F01870-lm-01) ok=✗
  [4/15] L4 (F01870-lm-04) ok=✗
  [5/15] L5 (F01870-lm-05) ok=✗
  [6/15] L6 (F01870-lm-06) ok=✗
  [7/15] L7 (F01870-lm-07) ok=✗
  [8/15] L9 (F01870-lm-09) ok=✗
  [9/15] L8 (F01870-lm-08) ok=✗
  [10/15] L13 (F01870-lm-13) ok=✓ legacy [hint saved]
  [11/15] L10 (F01870-lm-10) ok=✓ legacy [hint saved]
  [12/15] L11 (F01870-lm-11) ok=✓ legacy [hint saved]
  [13/15] L15 (F01870-lm-15) ok=✓ legacy [hint saved]
  [14/15] L12 (F01870-lm-12) ok=✓ legacy [hint saved]
  [15/15] L14 (F01870-lm-14) ok=✓ legacy [hint saved]
Hints: appended to 8 level(s); 8 hint file(s) changed on disk.
Result: solved=8/15, solvedBeforeFallback=0, fallbackOnly=8, unsolved=7
Wrote logs/family-census/solve-R01870-lm.json
Wrote logs/family-census/solve-R01870-lm-summary.md
portfolio-solve-sweep: corpus=data/families/family-R01870-sym.json levels=7 (7 to solve) scheduler-mode=legacy budget=8000ms node-budget=20000000 workers=4 save-hints=true
  [1/7] L2 (F01870-sym-02) ok=✓ legacy [hint saved]
  [2/7] L1 (F01870-sym-01) ok=✗
  [3/7] L4 (F01870-sym-04) ok=✗
  [4/7] L3 (F01870-sym-03) ok=✗
  [5/7] L5 (F01870-sym-05) ok=✗
  [6/7] L6 (F01870-sym-06) ok=✗
  [7/7] L7 (F01870-sym-07) ok=✗
Hints: appended to 1 level(s); 1 hint file(s) changed on disk.
Result: solved=1/7, solvedBeforeFallback=0, fallbackOnly=1, unsolved=6
Wrote logs/family-census/solve-R01870-sym.json
Wrote logs/family-census/solve-R01870-sym-summary.md
[23:56:23] DONE R01870
[23:56:23] START R02021
Parent R02021: witness stressMeta.witnessSolution (len 89, 4 jump(s)), 47 movable object instance(s) under strict inventory.
  attempt 1: accepted F02021-lm-01 — moved mustPass (9,8) -> (7,10)
  attempt 2: accepted F02021-lm-02 — moved mustPass (8,10) -> (2,2)
  attempt 3: accepted F02021-lm-03 — moved mustPass (9,0) -> (10,9)
  attempt 4: accepted F02021-lm-04 — moved flippingFilters (0,3) -> (5,5)
  attempt 5: accepted F02021-lm-05 — moved flippingFilters (3,8) -> (8,9)
  attempt 6: accepted F02021-lm-06 — moved mustCross (3,1) -> (6,2)
  attempt 7: accepted F02021-lm-07 — moved flippingFilters (7,3) -> (1,1)
  attempt 8: accepted F02021-lm-08 — moved mustPass (4,5) -> (4,6)
  attempt 9: accepted F02021-lm-09 — moved mustCross (5,8) -> (6,2)
  attempt 10: accepted F02021-lm-10 — moved mustPass (8,10) -> (5,3)
  attempt 11: accepted F02021-lm-11 — moved mustPass (9,8) -> (7,7)
  attempt 12: accepted F02021-lm-12 — moved flippingFilters (3,8) -> (5,5)
  attempt 13: accepted F02021-lm-13 — moved mustPass (4,5) -> (1,9)
  attempt 14: accepted F02021-lm-14 — moved mustPass (9,8) -> (7,9)
  attempt 15: accepted F02021-lm-15 — moved mustPass (9,0) -> (7,7)

15/15 new local-mutant sibling(s) generated for R02021 in 15 attempt(s) (budget 600); 15 total in data/families/family-R02021-lm.json.
Wrote 15 level(s) total to data/families/family-R02021-lm.json (changed=true), 15 hint file(s) written to data/families/hints/.
Wrote family manifest to data/families/family-R02021-lm-manifest.json (15 variant(s) total).
Parent R02021: witness stressMeta.witnessSolution (len 89, 4 jump(s)), 47 movable object instance(s) under strict inventory.
  variant 1 (rotation): accepted F02021-sym-01
  variant 2 (rotation): accepted F02021-sym-02
  variant 3 (rotation): accepted F02021-sym-03
  variant 4 (reflection): accepted F02021-sym-04
  variant 5 (reflection): accepted F02021-sym-05
  variant 6 (reflection): accepted F02021-sym-06
  variant 7 (reflection): accepted F02021-sym-07

7/7 new symmetry sibling(s) generated for R02021 in 7 attempt(s) (budget 7); 7 total in data/families/family-R02021-sym.json.
Wrote 7 level(s) total to data/families/family-R02021-sym.json (changed=true), 7 hint file(s) written to data/families/hints/.
Wrote family manifest to data/families/family-R02021-sym-manifest.json (7 variant(s) total).
portfolio-solve-sweep: corpus=data/families/family-R02021-lm.json levels=15 (15 to solve) scheduler-mode=legacy budget=8000ms node-budget=20000000 workers=4 save-hints=true
  [1/15] L3 (F02021-lm-03) ok=✗
  [2/15] L1 (F02021-lm-01) ok=✗
  [3/15] L2 (F02021-lm-02) ok=✗
  [4/15] L4 (F02021-lm-04) ok=✗
  [5/15] L5 (F02021-lm-05) ok=✗
  [6/15] L6 (F02021-lm-06) ok=✗
  [7/15] L8 (F02021-lm-08) ok=✗
  [8/15] L7 (F02021-lm-07) ok=✗
  [9/15] L9 (F02021-lm-09) ok=✗
  [10/15] L10 (F02021-lm-10) ok=✗
  [11/15] L11 (F02021-lm-11) ok=✗
  [12/15] L12 (F02021-lm-12) ok=✗
  [13/15] L13 (F02021-lm-13) ok=✗
  [14/15] L14 (F02021-lm-14) ok=✗
  [15/15] L15 (F02021-lm-15) ok=✗
Hints: appended to 0 level(s); 0 hint file(s) changed on disk.
Result: solved=0/15, solvedBeforeFallback=0, fallbackOnly=0, unsolved=15
Wrote logs/family-census/solve-R02021-lm.json
Wrote logs/family-census/solve-R02021-lm-summary.md
portfolio-solve-sweep: corpus=data/families/family-R02021-sym.json levels=7 (7 to solve) scheduler-mode=legacy budget=8000ms node-budget=20000000 workers=4 save-hints=true
  [1/7] L3 (F02021-sym-03) ok=✗
  [2/7] L1 (F02021-sym-01) ok=✗
  [3/7] L2 (F02021-sym-02) ok=✗
  [4/7] L4 (F02021-sym-04) ok=✗
  [5/7] L6 (F02021-sym-06) ok=✗
  [6/7] L7 (F02021-sym-07) ok=✗
  [7/7] L5 (F02021-sym-05) ok=✗
Hints: appended to 0 level(s); 0 hint file(s) changed on disk.
Result: solved=0/7, solvedBeforeFallback=0, fallbackOnly=0, unsolved=7
Wrote logs/family-census/solve-R02021-sym.json
Wrote logs/family-census/solve-R02021-sym-summary.md
[23:59:13] DONE R02021
[23:59:13] START R02058
Parent R02058: witness stressMeta.witnessSolution (len 91, 6 jump(s)), 39 movable object instance(s) under strict inventory.
  attempt 1: accepted F02058-lm-01 — moved flippingFilters (10,0) -> (0,6)
  attempt 2: accepted F02058-lm-02 — moved flippingFilters (7,4) -> (4,9)
  attempt 3: accepted F02058-lm-03 — moved library (1,4) -> (5,1)
  attempt 4: accepted F02058-lm-04 — moved flippingFilters (8,6) -> (4,10)
  attempt 5: accepted F02058-lm-05 — moved lamppost (10,4) -> (6,2)
  attempt 6: accepted F02058-lm-06 — moved market (9,4) -> (1,3)
  attempt 7: accepted F02058-lm-07 — moved flippingFilters (7,4) -> (2,1)
  attempt 8: accepted F02058-lm-08 — moved park (4,7) -> (1,3)
  attempt 9: accepted F02058-lm-09 — moved library (10,9) -> (1,3)
  attempt 10: accepted F02058-lm-10 — moved flippingFilters (8,6) -> (2,9)
  attempt 11: accepted F02058-lm-11 — moved park (4,7) -> (10,5)
  attempt 12: accepted F02058-lm-12 — moved flippingFilters (8,6) -> (0,6)
  attempt 13: accepted F02058-lm-13 — moved market (9,4) -> (4,6)
  attempt 14: accepted F02058-lm-14 — moved lamppost (10,4) -> (3,8)
  attempt 15: accepted F02058-lm-15 — moved flippingFilters (10,0) -> (0,2)

15/15 new local-mutant sibling(s) generated for R02058 in 15 attempt(s) (budget 600); 15 total in data/families/family-R02058-lm.json.
Wrote 15 level(s) total to data/families/family-R02058-lm.json (changed=true), 15 hint file(s) written to data/families/hints/.
Wrote family manifest to data/families/family-R02058-lm-manifest.json (15 variant(s) total).
Parent R02058: witness stressMeta.witnessSolution (len 91, 6 jump(s)), 39 movable object instance(s) under strict inventory.
  variant 1 (rotation): accepted F02058-sym-01
  variant 2 (rotation): accepted F02058-sym-02
  variant 3 (rotation): accepted F02058-sym-03
  variant 4 (reflection): accepted F02058-sym-04
  variant 5 (reflection): accepted F02058-sym-05
  variant 6 (reflection): accepted F02058-sym-06
  variant 7 (reflection): accepted F02058-sym-07

7/7 new symmetry sibling(s) generated for R02058 in 7 attempt(s) (budget 7); 7 total in data/families/family-R02058-sym.json.
Wrote 7 level(s) total to data/families/family-R02058-sym.json (changed=true), 7 hint file(s) written to data/families/hints/.
Wrote family manifest to data/families/family-R02058-sym-manifest.json (7 variant(s) total).
portfolio-solve-sweep: corpus=data/families/family-R02058-lm.json levels=15 (15 to solve) scheduler-mode=legacy budget=8000ms node-budget=20000000 workers=4 save-hints=true
  [1/15] L4 (F02058-lm-04) ok=✗
  [2/15] L2 (F02058-lm-02) ok=✗
  [3/15] L1 (F02058-lm-01) ok=✗
  [4/15] L3 (F02058-lm-03) ok=✗
  [5/15] L6 (F02058-lm-06) ok=✗
  [6/15] L5 (F02058-lm-05) ok=✗
  [7/15] L8 (F02058-lm-08) ok=✗
  [8/15] L7 (F02058-lm-07) ok=✗
  [9/15] L9 (F02058-lm-09) ok=✗
  [10/15] L10 (F02058-lm-10) ok=✗
  [11/15] L11 (F02058-lm-11) ok=✗
  [12/15] L12 (F02058-lm-12) ok=✗
  [13/15] L13 (F02058-lm-13) ok=✗
  [14/15] L15 (F02058-lm-15) ok=✗
  [15/15] L14 (F02058-lm-14) ok=✗
Hints: appended to 0 level(s); 0 hint file(s) changed on disk.
Result: solved=0/15, solvedBeforeFallback=0, fallbackOnly=0, unsolved=15
Wrote logs/family-census/solve-R02058-lm.json
Wrote logs/family-census/solve-R02058-lm-summary.md
portfolio-solve-sweep: corpus=data/families/family-R02058-sym.json levels=7 (7 to solve) scheduler-mode=legacy budget=8000ms node-budget=20000000 workers=4 save-hints=true
  [1/7] L1 (F02058-sym-01) ok=✗
  [2/7] L2 (F02058-sym-02) ok=✗
  [3/7] L3 (F02058-sym-03) ok=✗
  [4/7] L4 (F02058-sym-04) ok=✗
  [5/7] L7 (F02058-sym-07) ok=✗
  [6/7] L6 (F02058-sym-06) ok=✗
  [7/7] L5 (F02058-sym-05) ok=✗
Hints: appended to 0 level(s); 0 hint file(s) changed on disk.
Result: solved=0/7, solvedBeforeFallback=0, fallbackOnly=0, unsolved=7
Wrote logs/family-census/solve-R02058-sym.json
Wrote logs/family-census/solve-R02058-sym-summary.md
[00:03:14] DONE R02058
[00:03:14] START R02091
Parent R02091: witness stressMeta.witnessSolution (len 124, 0 jump(s)), 46 movable object instance(s) under strict inventory.
  attempt 1: accepted F02091-lm-01 — moved flippingFilters (4,1) -> (5,6)
  attempt 2: accepted F02091-lm-02 — moved mustPass (10,3) -> (7,6)
  attempt 3: accepted F02091-lm-03 — moved mustPass (2,10) -> (6,6)
  attempt 4: accepted F02091-lm-04 — moved park (5,9) -> (4,5)
  attempt 5: accepted F02091-lm-05 — moved flippingFilters (4,6) -> (6,2)
  attempt 6: accepted F02091-lm-06 — moved mustPass (7,11) -> (6,7)
  attempt 7: accepted F02091-lm-07 — moved mustPass (7,11) -> (3,11)
  attempt 8: accepted F02091-lm-08 — moved lamppost (1,0) -> (3,7)
  attempt 9: accepted F02091-lm-09 — moved mustPass (10,3) -> (7,2)
  attempt 10: accepted F02091-lm-10 — moved statue (4,3) -> (9,2)
  attempt 11: accepted F02091-lm-11 — moved library (3,4) -> (1,1)
  attempt 12: accepted F02091-lm-12 — moved mustPass (10,3) -> (7,8)
  attempt 13: accepted F02091-lm-13 — moved mustPass (0,2) -> (4,2)
  attempt 14: accepted F02091-lm-14 — moved statue (4,3) -> (7,8)
  attempt 15: accepted F02091-lm-15 — moved fountain (9,3) -> (10,7)

15/15 new local-mutant sibling(s) generated for R02091 in 15 attempt(s) (budget 600); 15 total in data/families/family-R02091-lm.json.
Wrote 15 level(s) total to data/families/family-R02091-lm.json (changed=true), 15 hint file(s) written to data/families/hints/.
Wrote family manifest to data/families/family-R02091-lm-manifest.json (15 variant(s) total).
Parent R02091: witness stressMeta.witnessSolution (len 124, 0 jump(s)), 46 movable object instance(s) under strict inventory.
  variant 1 (rotation): accepted F02091-sym-01
  variant 2 (rotation): accepted F02091-sym-02
  variant 3 (rotation): accepted F02091-sym-03
  variant 4 (reflection): accepted F02091-sym-04
  variant 5 (reflection): accepted F02091-sym-05
  variant 6 (reflection): accepted F02091-sym-06
  variant 7 (reflection): accepted F02091-sym-07

7/7 new symmetry sibling(s) generated for R02091 in 7 attempt(s) (budget 7); 7 total in data/families/family-R02091-sym.json.
Wrote 7 level(s) total to data/families/family-R02091-sym.json (changed=true), 7 hint file(s) written to data/families/hints/.
Wrote family manifest to data/families/family-R02091-sym-manifest.json (7 variant(s) total).
portfolio-solve-sweep: corpus=data/families/family-R02091-lm.json levels=15 (15 to solve) scheduler-mode=legacy budget=8000ms node-budget=20000000 workers=4 save-hints=true
  [1/15] L2 (F02091-lm-02) ok=✗
  [2/15] L1 (F02091-lm-01) ok=✗
  [3/15] L3 (F02091-lm-03) ok=✗
  [4/15] L4 (F02091-lm-04) ok=✗
  [5/15] L6 (F02091-lm-06) ok=✗
  [6/15] L5 (F02091-lm-05) ok=✗
  [7/15] L7 (F02091-lm-07) ok=✗
  [8/15] L8 (F02091-lm-08) ok=✗
  [9/15] L11 (F02091-lm-11) ok=✗
  [10/15] L9 (F02091-lm-09) ok=✗
  [11/15] L10 (F02091-lm-10) ok=✗
  [12/15] L12 (F02091-lm-12) ok=✗
  [13/15] L14 (F02091-lm-14) ok=✗
  [14/15] L13 (F02091-lm-13) ok=✗
  [15/15] L15 (F02091-lm-15) ok=✗
Hints: appended to 0 level(s); 0 hint file(s) changed on disk.
Result: solved=0/15, solvedBeforeFallback=0, fallbackOnly=0, unsolved=15
Wrote logs/family-census/solve-R02091-lm.json
Wrote logs/family-census/solve-R02091-lm-summary.md
portfolio-solve-sweep: corpus=data/families/family-R02091-sym.json levels=7 (7 to solve) scheduler-mode=legacy budget=8000ms node-budget=20000000 workers=4 save-hints=true
  [1/7] L4 (F02091-sym-04) ok=✗
  [2/7] L2 (F02091-sym-02) ok=✗
  [3/7] L1 (F02091-sym-01) ok=✗
  [4/7] L3 (F02091-sym-03) ok=✗
  [5/7] L5 (F02091-sym-05) ok=✗
  [6/7] L7 (F02091-sym-07) ok=✗
  [7/7] L6 (F02091-sym-06) ok=✗
Hints: appended to 0 level(s); 0 hint file(s) changed on disk.
Result: solved=0/7, solvedBeforeFallback=0, fallbackOnly=0, unsolved=7
Wrote logs/family-census/solve-R02091-sym.json
Wrote logs/family-census/solve-R02091-sym-summary.md
[00:06:58] DONE R02091
[00:06:58] START R02125
Parent R02125: witness stressMeta.witnessSolution (len 93, 3 jump(s)), 47 movable object instance(s) under strict inventory.
  attempt 1: accepted F02125-lm-01 — moved blocks (8,4) -> (1,9)
  attempt 2: accepted F02125-lm-02 — moved blocks (3,3) -> (10,8)
  attempt 3: accepted F02125-lm-03 — moved blocks (3,3) -> (7,4)
  attempt 4: accepted F02125-lm-04 — moved blocks (7,7) -> (5,3)
  attempt 5: accepted F02125-lm-05 — moved blocks (0,4) -> (4,3)
  attempt 6: accepted F02125-lm-06 — moved blocks (8,4) -> (6,3)
  attempt 7: accepted F02125-lm-07 — moved market (6,10) -> (6,3)
  attempt 8: accepted F02125-lm-08 — moved blocks (11,10) -> (1,9)
  attempt 9: accepted F02125-lm-09 — moved library (6,9) -> (6,3)
  attempt 10: accepted F02125-lm-10 — moved blocks (1,10) -> (4,3)
  attempt 11: accepted F02125-lm-11 — moved park (6,11) -> (4,3)
  attempt 12: accepted F02125-lm-12 — moved park (6,11) -> (6,3)
  attempt 13: accepted F02125-lm-13 — moved blocks (0,5) -> (5,3)
  attempt 14: accepted F02125-lm-14 — moved blocks (4,2) -> (6,3)
  attempt 15: accepted F02125-lm-15 — moved park (1,11) -> (7,4)

15/15 new local-mutant sibling(s) generated for R02125 in 15 attempt(s) (budget 600); 15 total in data/families/family-R02125-lm.json.
Wrote 15 level(s) total to data/families/family-R02125-lm.json (changed=true), 15 hint file(s) written to data/families/hints/.
Wrote family manifest to data/families/family-R02125-lm-manifest.json (15 variant(s) total).
Parent R02125: witness stressMeta.witnessSolution (len 93, 3 jump(s)), 47 movable object instance(s) under strict inventory.
  variant 1 (rotation): accepted F02125-sym-01
  variant 2 (rotation): accepted F02125-sym-02
  variant 3 (rotation): accepted F02125-sym-03
  variant 4 (reflection): accepted F02125-sym-04
  variant 5 (reflection): accepted F02125-sym-05
  variant 6 (reflection): accepted F02125-sym-06
  variant 7 (reflection): accepted F02125-sym-07

7/7 new symmetry sibling(s) generated for R02125 in 7 attempt(s) (budget 7); 7 total in data/families/family-R02125-sym.json.
Wrote 7 level(s) total to data/families/family-R02125-sym.json (changed=true), 7 hint file(s) written to data/families/hints/.
Wrote family manifest to data/families/family-R02125-sym-manifest.json (7 variant(s) total).
portfolio-solve-sweep: corpus=data/families/family-R02125-lm.json levels=15 (15 to solve) scheduler-mode=legacy budget=8000ms node-budget=20000000 workers=4 save-hints=true
  [1/15] L3 (F02125-lm-03) ok=✗
  [2/15] L1 (F02125-lm-01) ok=✗
  [3/15] L4 (F02125-lm-04) ok=✗
  [4/15] L2 (F02125-lm-02) ok=✗
  [5/15] L7 (F02125-lm-07) ok=✗
  [6/15] L5 (F02125-lm-05) ok=✗
  [7/15] L6 (F02125-lm-06) ok=✗
  [8/15] L8 (F02125-lm-08) ok=✗
  [9/15] L9 (F02125-lm-09) ok=✗
  [10/15] L11 (F02125-lm-11) ok=✗
  [11/15] L10 (F02125-lm-10) ok=✗
  [12/15] L12 (F02125-lm-12) ok=✗
  [13/15] L14 (F02125-lm-14) ok=✗
  [14/15] L13 (F02125-lm-13) ok=✗
  [15/15] L15 (F02125-lm-15) ok=✗
Hints: appended to 0 level(s); 0 hint file(s) changed on disk.
Result: solved=0/15, solvedBeforeFallback=0, fallbackOnly=0, unsolved=15
Wrote logs/family-census/solve-R02125-lm.json
Wrote logs/family-census/solve-R02125-lm-summary.md
portfolio-solve-sweep: corpus=data/families/family-R02125-sym.json levels=7 (7 to solve) scheduler-mode=legacy budget=8000ms node-budget=20000000 workers=4 save-hints=true
  [1/7] L4 (F02125-sym-04) ok=✗
  [2/7] L2 (F02125-sym-02) ok=✗
  [3/7] L3 (F02125-sym-03) ok=✗
  [4/7] L1 (F02125-sym-01) ok=✗
  [5/7] L5 (F02125-sym-05) ok=✗
  [6/7] L6 (F02125-sym-06) ok=✗
  [7/7] L7 (F02125-sym-07) ok=✗
Hints: appended to 0 level(s); 0 hint file(s) changed on disk.
Result: solved=0/7, solvedBeforeFallback=0, fallbackOnly=0, unsolved=7
Wrote logs/family-census/solve-R02125-sym.json
Wrote logs/family-census/solve-R02125-sym-summary.md
[00:08:51] DONE R02125
[00:08:51] START R02164
Parent R02164: witness stressMeta.witnessSolution (len 148, 6 jump(s)), 31 movable object instance(s) under strict inventory.
  attempt 1: accepted F02164-lm-01 — moved flippingFilters (1,14) -> (3,8)
  attempt 2: accepted F02164-lm-02 — moved market (7,1) -> (5,2)
  attempt 3: accepted F02164-lm-03 — moved flippingFilters (12,2) -> (10,7)
  attempt 4: accepted F02164-lm-04 — moved market (4,10) -> (11,4)
  attempt 5: accepted F02164-lm-05 — moved falseGoals (1,12) -> (12,14)
  attempt 6: accepted F02164-lm-06 — moved falseGoals (7,11) -> (2,13)
  attempt 7: accepted F02164-lm-07 — moved fountain (10,10) -> (6,9)
  attempt 8: accepted F02164-lm-08 — moved lamppost (14,10) -> (4,5)
  attempt 9: accepted F02164-lm-09 — moved fountain (4,6) -> (0,12)
  attempt 10: accepted F02164-lm-10 — moved lamppost (5,1) -> (8,3)
  attempt 11: accepted F02164-lm-11 — moved market (4,10) -> (5,2)
  attempt 12: accepted F02164-lm-12 — moved market (2,5) -> (1,2)
  attempt 13: accepted F02164-lm-13 — moved falseGoals (6,10) -> (7,10)
  attempt 14: accepted F02164-lm-14 — moved lamppost (5,1) -> (8,6)
  attempt 15: accepted F02164-lm-15 — moved lamppost (5,1) -> (2,14)

15/15 new local-mutant sibling(s) generated for R02164 in 15 attempt(s) (budget 600); 15 total in data/families/family-R02164-lm.json.
Wrote 15 level(s) total to data/families/family-R02164-lm.json (changed=true), 15 hint file(s) written to data/families/hints/.
Wrote family manifest to data/families/family-R02164-lm-manifest.json (15 variant(s) total).
Parent R02164: witness stressMeta.witnessSolution (len 148, 6 jump(s)), 31 movable object instance(s) under strict inventory.
  variant 1 (rotation): accepted F02164-sym-01
  variant 2 (rotation): accepted F02164-sym-02
  variant 3 (rotation): accepted F02164-sym-03
  variant 4 (reflection): accepted F02164-sym-04
  variant 5 (reflection): accepted F02164-sym-05
  variant 6 (reflection): accepted F02164-sym-06
  variant 7 (reflection): accepted F02164-sym-07

7/7 new symmetry sibling(s) generated for R02164 in 7 attempt(s) (budget 7); 7 total in data/families/family-R02164-sym.json.
Wrote 7 level(s) total to data/families/family-R02164-sym.json (changed=true), 7 hint file(s) written to data/families/hints/.
Wrote family manifest to data/families/family-R02164-sym-manifest.json (7 variant(s) total).
portfolio-solve-sweep: corpus=data/families/family-R02164-lm.json levels=15 (15 to solve) scheduler-mode=legacy budget=8000ms node-budget=20000000 workers=4 save-hints=true
  [1/15] L1 (F02164-lm-01) ok=✗
  [2/15] L4 (F02164-lm-04) ok=✗
  [3/15] L2 (F02164-lm-02) ok=✗
  [4/15] L3 (F02164-lm-03) ok=✗
  [5/15] L5 (F02164-lm-05) ok=✗
  [6/15] L7 (F02164-lm-07) ok=✗
  [7/15] L6 (F02164-lm-06) ok=✗
  [8/15] L8 (F02164-lm-08) ok=✗
  [9/15] L9 (F02164-lm-09) ok=✗
  [10/15] L11 (F02164-lm-11) ok=✗
  [11/15] L10 (F02164-lm-10) ok=✗
  [12/15] L12 (F02164-lm-12) ok=✗
  [13/15] L14 (F02164-lm-14) ok=✗
  [14/15] L13 (F02164-lm-13) ok=✗
  [15/15] L15 (F02164-lm-15) ok=✗
Hints: appended to 0 level(s); 0 hint file(s) changed on disk.
Result: solved=0/15, solvedBeforeFallback=0, fallbackOnly=0, unsolved=15
Wrote logs/family-census/solve-R02164-lm.json
Wrote logs/family-census/solve-R02164-lm-summary.md
portfolio-solve-sweep: corpus=data/families/family-R02164-sym.json levels=7 (7 to solve) scheduler-mode=legacy budget=8000ms node-budget=20000000 workers=4 save-hints=true
  [1/7] L2 (F02164-sym-02) ok=✗
  [2/7] L3 (F02164-sym-03) ok=✗
  [3/7] L4 (F02164-sym-04) ok=✗
  [4/7] L1 (F02164-sym-01) ok=✗
  [5/7] L6 (F02164-sym-06) ok=✗
  [6/7] L7 (F02164-sym-07) ok=✗
  [7/7] L5 (F02164-sym-05) ok=✗
Hints: appended to 0 level(s); 0 hint file(s) changed on disk.
Result: solved=0/7, solvedBeforeFallback=0, fallbackOnly=0, unsolved=7
Wrote logs/family-census/solve-R02164-sym.json
Wrote logs/family-census/solve-R02164-sym-summary.md
[00:13:19] DONE R02164
[00:13:19] START R02199
Parent R02199: witness stressMeta.witnessSolution (len 112, 7 jump(s)), 55 movable object instance(s) under strict inventory.
  attempt 1: accepted F02199-lm-01 — moved park (13,2) -> (3,13)
  attempt 2: accepted F02199-lm-02 — moved lamppost (4,0) -> (13,9)
  attempt 3: accepted F02199-lm-03 — moved blocks (6,13) -> (0,5)
  attempt 4: accepted F02199-lm-04 — moved fountain (10,5) -> (12,1)
  attempt 5: accepted F02199-lm-05 — moved blocks (6,13) -> (12,1)
  attempt 6: accepted F02199-lm-06 — moved geese (13,0) -> (8,13)
  attempt 7: accepted F02199-lm-07 — moved flippingFilters (6,1) -> (5,13)
  attempt 8: accepted F02199-lm-08 — moved flippingFilters (7,10) -> (5,1)
  attempt 9: accepted F02199-lm-09 — moved geese (5,11) -> (3,2)
  attempt 10: accepted F02199-lm-10 — moved flippingFilters (1,9) -> (9,7)
  attempt 11: accepted F02199-lm-11 — moved geese (12,0) -> (11,10)
  attempt 12: accepted F02199-lm-12 — moved blocks (5,12) -> (8,7)
  attempt 13: accepted F02199-lm-13 — moved lamppost (0,7) -> (5,7)
  attempt 14: accepted F02199-lm-14 — moved blocks (12,6) -> (11,0)
  attempt 15: accepted F02199-lm-15 — moved flippingFilters (1,9) -> (3,10)

15/15 new local-mutant sibling(s) generated for R02199 in 15 attempt(s) (budget 600); 15 total in data/families/family-R02199-lm.json.
Wrote 15 level(s) total to data/families/family-R02199-lm.json (changed=true), 15 hint file(s) written to data/families/hints/.
Wrote family manifest to data/families/family-R02199-lm-manifest.json (15 variant(s) total).
Parent R02199: witness stressMeta.witnessSolution (len 112, 7 jump(s)), 55 movable object instance(s) under strict inventory.
  variant 1 (rotation): accepted F02199-sym-01
  variant 2 (rotation): accepted F02199-sym-02
  variant 3 (rotation): accepted F02199-sym-03
  variant 4 (reflection): accepted F02199-sym-04
  variant 5 (reflection): accepted F02199-sym-05
  variant 6 (reflection): accepted F02199-sym-06
  variant 7 (reflection): accepted F02199-sym-07

7/7 new symmetry sibling(s) generated for R02199 in 7 attempt(s) (budget 7); 7 total in data/families/family-R02199-sym.json.
Wrote 7 level(s) total to data/families/family-R02199-sym.json (changed=true), 7 hint file(s) written to data/families/hints/.
Wrote family manifest to data/families/family-R02199-sym-manifest.json (7 variant(s) total).
portfolio-solve-sweep: corpus=data/families/family-R02199-lm.json levels=15 (15 to solve) scheduler-mode=legacy budget=8000ms node-budget=20000000 workers=4 save-hints=true
  [1/15] L1 (F02199-lm-01) ok=✗
  [2/15] L3 (F02199-lm-03) ok=✗
  [3/15] L2 (F02199-lm-02) ok=✗
  [4/15] L4 (F02199-lm-04) ok=✗
  [5/15] L5 (F02199-lm-05) ok=✗
  [6/15] L8 (F02199-lm-08) ok=✗
  [7/15] L6 (F02199-lm-06) ok=✗
  [8/15] L7 (F02199-lm-07) ok=✗
  [9/15] L12 (F02199-lm-12) ok=✗
  [10/15] L10 (F02199-lm-10) ok=✗
  [11/15] L11 (F02199-lm-11) ok=✗
  [12/15] L9 (F02199-lm-09) ok=✗
  [13/15] L14 (F02199-lm-14) ok=✗
  [14/15] L13 (F02199-lm-13) ok=✗
  [15/15] L15 (F02199-lm-15) ok=✗
Hints: appended to 0 level(s); 0 hint file(s) changed on disk.
Result: solved=0/15, solvedBeforeFallback=0, fallbackOnly=0, unsolved=15
Wrote logs/family-census/solve-R02199-lm.json
Wrote logs/family-census/solve-R02199-lm-summary.md
portfolio-solve-sweep: corpus=data/families/family-R02199-sym.json levels=7 (7 to solve) scheduler-mode=legacy budget=8000ms node-budget=20000000 workers=4 save-hints=true
  [1/7] L1 (F02199-sym-01) ok=✗
  [2/7] L3 (F02199-sym-03) ok=✗
  [3/7] L4 (F02199-sym-04) ok=✗
  [4/7] L2 (F02199-sym-02) ok=✗
  [5/7] L7 (F02199-sym-07) ok=✗
  [6/7] L6 (F02199-sym-06) ok=✗
  [7/7] L5 (F02199-sym-05) ok=✗
Hints: appended to 0 level(s); 0 hint file(s) changed on disk.
Result: solved=0/7, solvedBeforeFallback=0, fallbackOnly=0, unsolved=7
Wrote logs/family-census/solve-R02199-sym.json
Wrote logs/family-census/solve-R02199-sym-summary.md
[00:21:11] DONE R02199
[00:21:11] START R02244
Parent R02244: witness hint[0] (len 134, 4 jump(s)), 33 movable object instance(s) under strict inventory.
  attempt 1: accepted F02244-lm-01 — moved flippingFilters (1,8) -> (2,1)
  attempt 2: accepted F02244-lm-02 — moved mustPass (2,4) -> (4,8)
  attempt 3: accepted F02244-lm-03 — moved falseGoals (7,8) -> (13,6)
  attempt 4: accepted F02244-lm-04 — moved falseGoals (0,13) -> (13,5)
  attempt 5: accepted F02244-lm-05 — moved fountain (4,13) -> (11,3)
  attempt 6: accepted F02244-lm-06 — moved flippingFilters (13,4) -> (12,1)
  attempt 7: accepted F02244-lm-07 — moved flippingFilters (1,8) -> (3,1)
  attempt 8: accepted F02244-lm-08 — moved mustPass (5,8) -> (8,3)
  attempt 9: accepted F02244-lm-09 — moved blocks (5,9) -> (11,8)
  attempt 10: accepted F02244-lm-10 — moved falseGoals (2,13) -> (6,11)
  attempt 11: accepted F02244-lm-11 — moved falseGoals (2,13) -> (11,0)
  attempt 12: accepted F02244-lm-12 — moved blocks (6,5) -> (0,12)
  attempt 13: accepted F02244-lm-13 — moved lamppost (13,7) -> (1,4)
  attempt 14: accepted F02244-lm-14 — moved mustPass (2,4) -> (0,6)
  attempt 15: accepted F02244-lm-15 — moved market (10,7) -> (7,4)

15/15 new local-mutant sibling(s) generated for R02244 in 15 attempt(s) (budget 600); 15 total in data/families/family-R02244-lm.json.
Wrote 15 level(s) total to data/families/family-R02244-lm.json (changed=true), 15 hint file(s) written to data/families/hints/.
Wrote family manifest to data/families/family-R02244-lm-manifest.json (15 variant(s) total).
Parent R02244: witness hint[0] (len 134, 4 jump(s)), 33 movable object instance(s) under strict inventory.
  variant 1 (rotation): accepted F02244-sym-01
  variant 2 (rotation): accepted F02244-sym-02
  variant 3 (rotation): accepted F02244-sym-03
  variant 4 (reflection): accepted F02244-sym-04
  variant 5 (reflection): accepted F02244-sym-05
  variant 6 (reflection): accepted F02244-sym-06
  variant 7 (reflection): accepted F02244-sym-07

7/7 new symmetry sibling(s) generated for R02244 in 7 attempt(s) (budget 7); 7 total in data/families/family-R02244-sym.json.
Wrote 7 level(s) total to data/families/family-R02244-sym.json (changed=true), 7 hint file(s) written to data/families/hints/.
Wrote family manifest to data/families/family-R02244-sym-manifest.json (7 variant(s) total).
portfolio-solve-sweep: corpus=data/families/family-R02244-lm.json levels=15 (15 to solve) scheduler-mode=legacy budget=8000ms node-budget=20000000 workers=4 save-hints=true
  [1/15] L1 (F02244-lm-01) ok=✗
  [2/15] L4 (F02244-lm-04) ok=✗
  [3/15] L3 (F02244-lm-03) ok=✗
  [4/15] L2 (F02244-lm-02) ok=✗
  [5/15] L6 (F02244-lm-06) ok=✗
  [6/15] L5 (F02244-lm-05) ok=✗
  [7/15] L7 (F02244-lm-07) ok=✗
  [8/15] L8 (F02244-lm-08) ok=✗
  [9/15] L9 (F02244-lm-09) ok=✗
  [10/15] L10 (F02244-lm-10) ok=✗
  [11/15] L11 (F02244-lm-11) ok=✗
  [12/15] L12 (F02244-lm-12) ok=✗
  [13/15] L15 (F02244-lm-15) ok=✗
  [14/15] L14 (F02244-lm-14) ok=✗
  [15/15] L13 (F02244-lm-13) ok=✗
Hints: appended to 0 level(s); 0 hint file(s) changed on disk.
Result: solved=0/15, solvedBeforeFallback=0, fallbackOnly=0, unsolved=15
Wrote logs/family-census/solve-R02244-lm.json
Wrote logs/family-census/solve-R02244-lm-summary.md
portfolio-solve-sweep: corpus=data/families/family-R02244-sym.json levels=7 (7 to solve) scheduler-mode=legacy budget=8000ms node-budget=20000000 workers=4 save-hints=true
  [1/7] L2 (F02244-sym-02) ok=✗
  [2/7] L1 (F02244-sym-01) ok=✗
  [3/7] L3 (F02244-sym-03) ok=✗
  [4/7] L4 (F02244-sym-04) ok=✗
  [5/7] L5 (F02244-sym-05) ok=✗
  [6/7] L6 (F02244-sym-06) ok=✗
  [7/7] L7 (F02244-sym-07) ok=✗
Hints: appended to 0 level(s); 0 hint file(s) changed on disk.
Result: solved=0/7, solvedBeforeFallback=0, fallbackOnly=0, unsolved=7
Wrote logs/family-census/solve-R02244-sym.json
Wrote logs/family-census/solve-R02244-sym-summary.md
[00:23:54] DONE R02244
[00:23:54] START R02280
Parent R02280: witness stressMeta.witnessSolution (len 95, 4 jump(s)), 45 movable object instance(s) under strict inventory.
  attempt 1: accepted F02280-lm-01 — moved blocks (4,0) -> (6,0)
  attempt 2: accepted F02280-lm-02 — moved blocks (6,7) -> (8,9)
  attempt 3: accepted F02280-lm-03 — moved statue (3,11) -> (0,11)
  attempt 4: accepted F02280-lm-04 — moved market (5,1) -> (9,10)
  attempt 5: accepted F02280-lm-05 — moved flippingFilters (1,0) -> (1,1)
  attempt 6: accepted F02280-lm-06 — moved flippingFilters (8,10) -> (3,2)
  attempt 7: accepted F02280-lm-07 — moved fountain (1,10) -> (5,7)
  attempt 8: accepted F02280-lm-08 — moved flippingFilters (8,10) -> (0,11)
  attempt 9: accepted F02280-lm-09 — moved fountain (1,6) -> (6,11)
  attempt 10: accepted F02280-lm-10 — moved flippingFilters (1,7) -> (2,8)
  attempt 11: accepted F02280-lm-11 — moved blocks (6,7) -> (5,7)
  attempt 12: accepted F02280-lm-12 — moved statue (3,11) -> (11,7)
  attempt 13: accepted F02280-lm-13 — moved blocks (3,8) -> (9,2)
  attempt 14: accepted F02280-lm-14 — moved flippingFilters (4,1) -> (5,7)
  attempt 15: accepted F02280-lm-15 — moved library (11,9) -> (4,8)

15/15 new local-mutant sibling(s) generated for R02280 in 15 attempt(s) (budget 600); 15 total in data/families/family-R02280-lm.json.
Wrote 15 level(s) total to data/families/family-R02280-lm.json (changed=true), 15 hint file(s) written to data/families/hints/.
Wrote family manifest to data/families/family-R02280-lm-manifest.json (15 variant(s) total).
Parent R02280: witness stressMeta.witnessSolution (len 95, 4 jump(s)), 45 movable object instance(s) under strict inventory.
  variant 1 (rotation): accepted F02280-sym-01
  variant 2 (rotation): accepted F02280-sym-02
  variant 3 (rotation): accepted F02280-sym-03
  variant 4 (reflection): accepted F02280-sym-04
  variant 5 (reflection): accepted F02280-sym-05
  variant 6 (reflection): accepted F02280-sym-06
  variant 7 (reflection): accepted F02280-sym-07

7/7 new symmetry sibling(s) generated for R02280 in 7 attempt(s) (budget 7); 7 total in data/families/family-R02280-sym.json.
Wrote 7 level(s) total to data/families/family-R02280-sym.json (changed=true), 7 hint file(s) written to data/families/hints/.
Wrote family manifest to data/families/family-R02280-sym-manifest.json (7 variant(s) total).
portfolio-solve-sweep: corpus=data/families/family-R02280-lm.json levels=15 (15 to solve) scheduler-mode=legacy budget=8000ms node-budget=20000000 workers=4 save-hints=true
  [1/15] L2 (F02280-lm-02) ok=✗
  [2/15] L3 (F02280-lm-03) ok=✗
  [3/15] L4 (F02280-lm-04) ok=✗
  [4/15] L1 (F02280-lm-01) ok=✗
  [5/15] L5 (F02280-lm-05) ok=✗
  [6/15] L6 (F02280-lm-06) ok=✗
  [7/15] L7 (F02280-lm-07) ok=✗
  [8/15] L8 (F02280-lm-08) ok=✗
  [9/15] L9 (F02280-lm-09) ok=✗
  [10/15] L10 (F02280-lm-10) ok=✗
  [11/15] L11 (F02280-lm-11) ok=✗
  [12/15] L12 (F02280-lm-12) ok=✗
  [13/15] L14 (F02280-lm-14) ok=✗
  [14/15] L13 (F02280-lm-13) ok=✗
  [15/15] L15 (F02280-lm-15) ok=✗
Hints: appended to 0 level(s); 0 hint file(s) changed on disk.
Result: solved=0/15, solvedBeforeFallback=0, fallbackOnly=0, unsolved=15
Wrote logs/family-census/solve-R02280-lm.json
Wrote logs/family-census/solve-R02280-lm-summary.md
portfolio-solve-sweep: corpus=data/families/family-R02280-sym.json levels=7 (7 to solve) scheduler-mode=legacy budget=8000ms node-budget=20000000 workers=4 save-hints=true
  [1/7] L3 (F02280-sym-03) ok=✗
  [2/7] L4 (F02280-sym-04) ok=✗
  [3/7] L2 (F02280-sym-02) ok=✗
  [4/7] L1 (F02280-sym-01) ok=✗
  [5/7] L7 (F02280-sym-07) ok=✗
  [6/7] L5 (F02280-sym-05) ok=✗
  [7/7] L6 (F02280-sym-06) ok=✗
Hints: appended to 0 level(s); 0 hint file(s) changed on disk.
Result: solved=0/7, solvedBeforeFallback=0, fallbackOnly=0, unsolved=7
Wrote logs/family-census/solve-R02280-sym.json
Wrote logs/family-census/solve-R02280-sym-summary.md
[00:29:36] DONE R02280
[00:29:36] START R02318
Parent R02318: witness stressMeta.witnessSolution (len 119, 0 jump(s)), 49 movable object instance(s) under strict inventory.
  attempt 1: accepted F02318-lm-01 — moved mustPass (4,10) -> (10,9)
  attempt 2: accepted F02318-lm-02 — moved blocks (11,7) -> (6,11)
  attempt 3: accepted F02318-lm-03 — moved falseGoals (10,3) -> (6,11)
  attempt 4: accepted F02318-lm-04 — moved falseGoals (0,0) -> (12,8)
  attempt 5: accepted F02318-lm-05 — moved lamppost (11,6) -> (2,10)
  attempt 6: accepted F02318-lm-06 — moved blocks (8,11) -> (7,4)
  attempt 7: accepted F02318-lm-07 — moved park (12,11) -> (6,11)
  attempt 8: accepted F02318-lm-08 — moved mustPass (4,10) -> (10,1)
  attempt 9: accepted F02318-lm-09 — moved falseGoals (5,12) -> (0,12)
  attempt 10: accepted F02318-lm-10 — moved park (5,8) -> (1,12)
  attempt 11: accepted F02318-lm-11 — moved blocks (7,3) -> (6,11)
  attempt 12: accepted F02318-lm-12 — moved mustCross (3,11) -> (2,4)
  attempt 13: accepted F02318-lm-13 — moved lamppost (11,6) -> (6,11)
  attempt 14: accepted F02318-lm-14 — moved lamppost (11,6) -> (6,8)
  attempt 15: accepted F02318-lm-15 — moved mustCross (8,7) -> (4,9)

15/15 new local-mutant sibling(s) generated for R02318 in 15 attempt(s) (budget 600); 15 total in data/families/family-R02318-lm.json.
Wrote 15 level(s) total to data/families/family-R02318-lm.json (changed=true), 15 hint file(s) written to data/families/hints/.
Wrote family manifest to data/families/family-R02318-lm-manifest.json (15 variant(s) total).
Parent R02318: witness stressMeta.witnessSolution (len 119, 0 jump(s)), 49 movable object instance(s) under strict inventory.
  variant 1 (rotation): accepted F02318-sym-01
  variant 2 (rotation): accepted F02318-sym-02
  variant 3 (rotation): accepted F02318-sym-03
  variant 4 (reflection): accepted F02318-sym-04
  variant 5 (reflection): accepted F02318-sym-05
  variant 6 (reflection): accepted F02318-sym-06
  variant 7 (reflection): accepted F02318-sym-07

7/7 new symmetry sibling(s) generated for R02318 in 7 attempt(s) (budget 7); 7 total in data/families/family-R02318-sym.json.
Wrote 7 level(s) total to data/families/family-R02318-sym.json (changed=true), 7 hint file(s) written to data/families/hints/.
Wrote family manifest to data/families/family-R02318-sym-manifest.json (7 variant(s) total).
portfolio-solve-sweep: corpus=data/families/family-R02318-lm.json levels=15 (15 to solve) scheduler-mode=legacy budget=8000ms node-budget=20000000 workers=4 save-hints=true
  [1/15] L1 (F02318-lm-01) ok=✓ legacy [hint saved]
  [2/15] L4 (F02318-lm-04) ok=✗
  [3/15] L3 (F02318-lm-03) ok=✗
  [4/15] L2 (F02318-lm-02) ok=✗
  [5/15] L5 (F02318-lm-05) ok=✗
  [6/15] L7 (F02318-lm-07) ok=✗
  [7/15] L6 (F02318-lm-06) ok=✗
  [8/15] L8 (F02318-lm-08) ok=✗
  [9/15] L9 (F02318-lm-09) ok=✗
  [10/15] L10 (F02318-lm-10) ok=✗
  [11/15] L11 (F02318-lm-11) ok=✗
  [12/15] L12 (F02318-lm-12) ok=✗
  [13/15] L13 (F02318-lm-13) ok=✗
  [14/15] L14 (F02318-lm-14) ok=✗
  [15/15] L15 (F02318-lm-15) ok=✗
Hints: appended to 1 level(s); 1 hint file(s) changed on disk.
Result: solved=1/15, solvedBeforeFallback=0, fallbackOnly=1, unsolved=14
Wrote logs/family-census/solve-R02318-lm.json
Wrote logs/family-census/solve-R02318-lm-summary.md
portfolio-solve-sweep: corpus=data/families/family-R02318-sym.json levels=7 (7 to solve) scheduler-mode=legacy budget=8000ms node-budget=20000000 workers=4 save-hints=true
  [1/7] L1 (F02318-sym-01) ok=✗
  [2/7] L3 (F02318-sym-03) ok=✗
  [3/7] L4 (F02318-sym-04) ok=✗
  [4/7] L2 (F02318-sym-02) ok=✗
  [5/7] L5 (F02318-sym-05) ok=✗
  [6/7] L6 (F02318-sym-06) ok=✗
  [7/7] L7 (F02318-sym-07) ok=✗
Hints: appended to 0 level(s); 0 hint file(s) changed on disk.
Result: solved=0/7, solvedBeforeFallback=0, fallbackOnly=0, unsolved=7
Wrote logs/family-census/solve-R02318-sym.json
Wrote logs/family-census/solve-R02318-sym-summary.md
[00:32:58] DONE R02318
[00:32:58] START R02359
Parent R02359: witness stressMeta.witnessSolution (len 126, 0 jump(s)), 45 movable object instance(s) under strict inventory.
  attempt 1: accepted F02359-lm-01 — moved blocks (10,0) -> (13,5)
  attempt 2: accepted F02359-lm-02 — moved mustPass (4,6) -> (5,5)
  attempt 3: accepted F02359-lm-03 — moved mustPass (1,5) -> (13,10)
  attempt 4: accepted F02359-lm-04 — moved blocks (9,0) -> (12,6)
  attempt 5: accepted F02359-lm-05 — moved falseGoals (11,6) -> (13,5)
  attempt 6: accepted F02359-lm-06 — moved flippingFilters (8,4) -> (9,13)
  attempt 7: accepted F02359-lm-07 — moved blocks (11,5) -> (0,7)
  attempt 8: accepted F02359-lm-08 — moved blocks (9,7) -> (0,13)
  attempt 9: accepted F02359-lm-09 — moved blocks (2,7) -> (0,7)
  attempt 10: accepted F02359-lm-10 — moved mustPass (8,10) -> (4,12)
  attempt 11: accepted F02359-lm-11 — moved statue (7,12) -> (6,10)
  attempt 12: accepted F02359-lm-12 — moved fountain (8,1) -> (13,1)
  attempt 13: accepted F02359-lm-13 — moved market (5,4) -> (1,0)
  attempt 14: accepted F02359-lm-14 — moved flippingFilters (5,12) -> (2,8)
  attempt 15: accepted F02359-lm-15 — moved blocks (9,7) -> (0,11)

15/15 new local-mutant sibling(s) generated for R02359 in 15 attempt(s) (budget 600); 15 total in data/families/family-R02359-lm.json.
Wrote 15 level(s) total to data/families/family-R02359-lm.json (changed=true), 15 hint file(s) written to data/families/hints/.
Wrote family manifest to data/families/family-R02359-lm-manifest.json (15 variant(s) total).
Parent R02359: witness stressMeta.witnessSolution (len 126, 0 jump(s)), 45 movable object instance(s) under strict inventory.
  variant 1 (rotation): accepted F02359-sym-01
  variant 2 (rotation): accepted F02359-sym-02
  variant 3 (rotation): accepted F02359-sym-03
  variant 4 (reflection): accepted F02359-sym-04
  variant 5 (reflection): accepted F02359-sym-05
  variant 6 (reflection): accepted F02359-sym-06
  variant 7 (reflection): accepted F02359-sym-07

7/7 new symmetry sibling(s) generated for R02359 in 7 attempt(s) (budget 7); 7 total in data/families/family-R02359-sym.json.
Wrote 7 level(s) total to data/families/family-R02359-sym.json (changed=true), 7 hint file(s) written to data/families/hints/.
Wrote family manifest to data/families/family-R02359-sym-manifest.json (7 variant(s) total).
portfolio-solve-sweep: corpus=data/families/family-R02359-lm.json levels=15 (15 to solve) scheduler-mode=legacy budget=8000ms node-budget=20000000 workers=4 save-hints=true
  [1/15] L2 (F02359-lm-02) ok=✗
  [2/15] L3 (F02359-lm-03) ok=✗
  [3/15] L4 (F02359-lm-04) ok=✗
  [4/15] L1 (F02359-lm-01) ok=✗
  [5/15] L5 (F02359-lm-05) ok=✗
  [6/15] L6 (F02359-lm-06) ok=✗
  [7/15] L7 (F02359-lm-07) ok=✗
  [8/15] L8 (F02359-lm-08) ok=✗
  [9/15] L10 (F02359-lm-10) ok=✗
  [10/15] L9 (F02359-lm-09) ok=✗
  [11/15] L11 (F02359-lm-11) ok=✗
  [12/15] L12 (F02359-lm-12) ok=✗
  [13/15] L15 (F02359-lm-15) ok=✗
  [14/15] L14 (F02359-lm-14) ok=✗
  [15/15] L13 (F02359-lm-13) ok=✗
Hints: appended to 0 level(s); 0 hint file(s) changed on disk.
Result: solved=0/15, solvedBeforeFallback=0, fallbackOnly=0, unsolved=15
Wrote logs/family-census/solve-R02359-lm.json
Wrote logs/family-census/solve-R02359-lm-summary.md
portfolio-solve-sweep: corpus=data/families/family-R02359-sym.json levels=7 (7 to solve) scheduler-mode=legacy budget=8000ms node-budget=20000000 workers=4 save-hints=true
  [1/7] L4 (F02359-sym-04) ok=✗
  [2/7] L2 (F02359-sym-02) ok=✗
  [3/7] L3 (F02359-sym-03) ok=✗
  [4/7] L1 (F02359-sym-01) ok=✗
  [5/7] L5 (F02359-sym-05) ok=✗
  [6/7] L6 (F02359-sym-06) ok=✗
  [7/7] L7 (F02359-sym-07) ok=✗
Hints: appended to 0 level(s); 0 hint file(s) changed on disk.
Result: solved=0/7, solvedBeforeFallback=0, fallbackOnly=0, unsolved=7
Wrote logs/family-census/solve-R02359-sym.json
Wrote logs/family-census/solve-R02359-sym-summary.md
[00:36:43] DONE R02359
[00:36:43] START R02395
Parent R02395: witness stressMeta.witnessSolution (len 89, 0 jump(s)), 40 movable object instance(s) under strict inventory.
  attempt 1: accepted F02395-lm-01 — moved flippingFilters (7,0) -> (1,2)
  attempt 2: accepted F02395-lm-02 — moved flippingFilters (9,0) -> (8,0)
  attempt 3: accepted F02395-lm-03 — moved flippingFilters (9,0) -> (9,1)
  attempt 4: accepted F02395-lm-04 — moved flippingFilters (4,5) -> (1,6)
  attempt 5: accepted F02395-lm-05 — moved flippingFilters (7,3) -> (1,4)
  attempt 6: accepted F02395-lm-06 — moved flippingFilters (7,0) -> (8,0)
  attempt 7: accepted F02395-lm-07 — moved flippingFilters (4,10) -> (3,3)
  attempt 8: rejected — degenerate duplicate of parent or another accepted variant
  attempt 9: accepted F02395-lm-08 — moved flippingFilters (8,3) -> (9,10)
  attempt 10: accepted F02395-lm-09 — moved flippingFilters (4,5) -> (1,2)
  attempt 11: accepted F02395-lm-10 — moved flippingFilters (5,3) -> (6,1)
  attempt 12: accepted F02395-lm-11 — moved flippingFilters (7,3) -> (6,1)
  attempt 13: accepted F02395-lm-12 — moved flippingFilters (7,3) -> (3,3)
  attempt 14: accepted F02395-lm-13 — moved flippingFilters (4,10) -> (1,6)
  attempt 15: rejected — degenerate duplicate of parent or another accepted variant
  attempt 16: accepted F02395-lm-14 — moved flippingFilters (5,3) -> (2,4)
  attempt 17: accepted F02395-lm-15 — moved flippingFilters (4,10) -> (2,2)

15/15 new local-mutant sibling(s) generated for R02395 in 17 attempt(s) (budget 600); 15 total in data/families/family-R02395-lm.json.
Wrote 15 level(s) total to data/families/family-R02395-lm.json (changed=true), 15 hint file(s) written to data/families/hints/.
Wrote family manifest to data/families/family-R02395-lm-manifest.json (15 variant(s) total).
Parent R02395: witness stressMeta.witnessSolution (len 89, 0 jump(s)), 40 movable object instance(s) under strict inventory.
  variant 1 (rotation): accepted F02395-sym-01
  variant 2 (rotation): accepted F02395-sym-02
  variant 3 (rotation): accepted F02395-sym-03
  variant 4 (reflection): accepted F02395-sym-04
  variant 5 (reflection): accepted F02395-sym-05
  variant 6 (reflection): accepted F02395-sym-06
  variant 7 (reflection): accepted F02395-sym-07

7/7 new symmetry sibling(s) generated for R02395 in 7 attempt(s) (budget 7); 7 total in data/families/family-R02395-sym.json.
Wrote 7 level(s) total to data/families/family-R02395-sym.json (changed=true), 7 hint file(s) written to data/families/hints/.
Wrote family manifest to data/families/family-R02395-sym-manifest.json (7 variant(s) total).
portfolio-solve-sweep: corpus=data/families/family-R02395-lm.json levels=15 (15 to solve) scheduler-mode=legacy budget=8000ms node-budget=20000000 workers=4 save-hints=true
  [1/15] L1 (F02395-lm-01) ok=✗
  [2/15] L3 (F02395-lm-03) ok=✗
  [3/15] L4 (F02395-lm-04) ok=✗
  [4/15] L2 (F02395-lm-02) ok=✗
  [5/15] L5 (F02395-lm-05) ok=✗
  [6/15] L6 (F02395-lm-06) ok=✗
  [7/15] L7 (F02395-lm-07) ok=✗
  [8/15] L8 (F02395-lm-08) ok=✗
  [9/15] L10 (F02395-lm-10) ok=✗
  [10/15] L11 (F02395-lm-11) ok=✗
  [11/15] L9 (F02395-lm-09) ok=✗
  [12/15] L12 (F02395-lm-12) ok=✗
  [13/15] L15 (F02395-lm-15) ok=✗
  [14/15] L13 (F02395-lm-13) ok=✗
  [15/15] L14 (F02395-lm-14) ok=✗
Hints: appended to 0 level(s); 0 hint file(s) changed on disk.
Result: solved=0/15, solvedBeforeFallback=0, fallbackOnly=0, unsolved=15
Wrote logs/family-census/solve-R02395-lm.json
Wrote logs/family-census/solve-R02395-lm-summary.md
portfolio-solve-sweep: corpus=data/families/family-R02395-sym.json levels=7 (7 to solve) scheduler-mode=legacy budget=8000ms node-budget=20000000 workers=4 save-hints=true
  [1/7] L1 (F02395-sym-01) ok=✗
  [2/7] L2 (F02395-sym-02) ok=✗
  [3/7] L4 (F02395-sym-04) ok=✗
  [4/7] L3 (F02395-sym-03) ok=✗
  [5/7] L6 (F02395-sym-06) ok=✗
  [6/7] L5 (F02395-sym-05) ok=✗
  [7/7] L7 (F02395-sym-07) ok=✗
Hints: appended to 0 level(s); 0 hint file(s) changed on disk.
Result: solved=0/7, solvedBeforeFallback=0, fallbackOnly=0, unsolved=7
Wrote logs/family-census/solve-R02395-sym.json
Wrote logs/family-census/solve-R02395-sym-summary.md
[00:37:30] DONE R02395
[00:37:30] START R02440
Parent R02440: witness stressMeta.witnessSolution (len 129, 0 jump(s)), 66 movable object instance(s) under strict inventory.
  attempt 1: accepted F02440-lm-01 — moved blocks (7,6) -> (8,11)
  attempt 2: accepted F02440-lm-02 — moved blocks (13,1) -> (8,11)
  attempt 3: accepted F02440-lm-03 — moved geese (13,9) -> (11,7)
  attempt 4: accepted F02440-lm-04 — moved mustPass (8,5) -> (6,2)
  attempt 5: accepted F02440-lm-05 — moved park (4,2) -> (7,12)
  attempt 6: accepted F02440-lm-06 — moved park (4,2) -> (13,5)
  attempt 7: accepted F02440-lm-07 — moved blocks (7,10) -> (2,13)
  attempt 8: accepted F02440-lm-08 — moved library (1,10) -> (1,6)
  attempt 9: accepted F02440-lm-09 — moved blocks (4,0) -> (8,9)
  attempt 10: accepted F02440-lm-10 — moved geese (13,9) -> (9,6)
  attempt 11: accepted F02440-lm-11 — moved statue (2,3) -> (3,0)
  attempt 12: accepted F02440-lm-12 — moved blocks (11,9) -> (9,6)
  attempt 13: accepted F02440-lm-13 — moved blocks (7,6) -> (12,3)
  attempt 14: accepted F02440-lm-14 — moved blocks (12,0) -> (12,12)
  attempt 15: accepted F02440-lm-15 — moved mustPass (3,3) -> (2,10)

15/15 new local-mutant sibling(s) generated for R02440 in 15 attempt(s) (budget 600); 15 total in data/families/family-R02440-lm.json.
Wrote 15 level(s) total to data/families/family-R02440-lm.json (changed=true), 15 hint file(s) written to data/families/hints/.
Wrote family manifest to data/families/family-R02440-lm-manifest.json (15 variant(s) total).
Parent R02440: witness stressMeta.witnessSolution (len 129, 0 jump(s)), 66 movable object instance(s) under strict inventory.
  variant 1 (rotation): accepted F02440-sym-01
  variant 2 (rotation): accepted F02440-sym-02
  variant 3 (rotation): accepted F02440-sym-03
  variant 4 (reflection): accepted F02440-sym-04
  variant 5 (reflection): accepted F02440-sym-05
  variant 6 (reflection): accepted F02440-sym-06
  variant 7 (reflection): accepted F02440-sym-07

7/7 new symmetry sibling(s) generated for R02440 in 7 attempt(s) (budget 7); 7 total in data/families/family-R02440-sym.json.
Wrote 7 level(s) total to data/families/family-R02440-sym.json (changed=true), 7 hint file(s) written to data/families/hints/.
Wrote family manifest to data/families/family-R02440-sym-manifest.json (7 variant(s) total).
portfolio-solve-sweep: corpus=data/families/family-R02440-lm.json levels=15 (15 to solve) scheduler-mode=legacy budget=8000ms node-budget=20000000 workers=4 save-hints=true
  [1/15] L4 (F02440-lm-04) ok=✗
  [2/15] L3 (F02440-lm-03) ok=✗
  [3/15] L2 (F02440-lm-02) ok=✗
  [4/15] L1 (F02440-lm-01) ok=✗
  [5/15] L5 (F02440-lm-05) ok=✗
  [6/15] L7 (F02440-lm-07) ok=✗
  [7/15] L6 (F02440-lm-06) ok=✗
  [8/15] L8 (F02440-lm-08) ok=✗
  [9/15] L12 (F02440-lm-12) ok=✓ legacy [hint saved]
  [10/15] L9 (F02440-lm-09) ok=✗
  [11/15] L11 (F02440-lm-11) ok=✗
  [12/15] L10 (F02440-lm-10) ok=✗
  [13/15] L13 (F02440-lm-13) ok=✗
  [14/15] L14 (F02440-lm-14) ok=✗
  [15/15] L15 (F02440-lm-15) ok=✗
Hints: appended to 1 level(s); 1 hint file(s) changed on disk.
Result: solved=1/15, solvedBeforeFallback=0, fallbackOnly=1, unsolved=14
Wrote logs/family-census/solve-R02440-lm.json
Wrote logs/family-census/solve-R02440-lm-summary.md
portfolio-solve-sweep: corpus=data/families/family-R02440-sym.json levels=7 (7 to solve) scheduler-mode=legacy budget=8000ms node-budget=20000000 workers=4 save-hints=true
  [1/7] L4 (F02440-sym-04) ok=✗
  [2/7] L3 (F02440-sym-03) ok=✗
  [3/7] L1 (F02440-sym-01) ok=✗
  [4/7] L2 (F02440-sym-02) ok=✗
  [5/7] L7 (F02440-sym-07) ok=✗
  [6/7] L6 (F02440-sym-06) ok=✗
  [7/7] L5 (F02440-sym-05) ok=✗
Hints: appended to 0 level(s); 0 hint file(s) changed on disk.
Result: solved=0/7, solvedBeforeFallback=0, fallbackOnly=0, unsolved=7
Wrote logs/family-census/solve-R02440-sym.json
Wrote logs/family-census/solve-R02440-sym-summary.md
[00:42:56] DONE R02440
[00:42:56] START R02470
Parent R02470: witness stressMeta.witnessSolution (len 98, 7 jump(s)), 39 movable object instance(s) under strict inventory.
  attempt 1: accepted F02470-lm-01 — moved flippingFilters (3,5) -> (6,6)
  attempt 2: accepted F02470-lm-02 — moved fountain (7,9) -> (9,8)
  attempt 3: accepted F02470-lm-03 — moved mustPass (2,6) -> (3,6)
  attempt 4: accepted F02470-lm-04 — moved mustPass (6,3) -> (7,5)
  attempt 5: accepted F02470-lm-05 — moved park (7,1) -> (9,8)
  attempt 6: accepted F02470-lm-06 — moved mustPass (9,10) -> (4,9)
  attempt 7: accepted F02470-lm-07 — moved library (2,1) -> (3,0)
  attempt 8: accepted F02470-lm-08 — moved lamppost (5,9) -> (0,6)
  attempt 9: accepted F02470-lm-09 — moved mustPass (2,6) -> (9,9)
  attempt 10: accepted F02470-lm-10 — moved statue (10,5) -> (9,9)
  attempt 11: accepted F02470-lm-11 — moved fountain (0,11) -> (6,1)
  attempt 12: accepted F02470-lm-12 — moved park (7,1) -> (0,6)
  attempt 13: accepted F02470-lm-13 — moved fountain (7,9) -> (6,1)
  attempt 14: accepted F02470-lm-14 — moved flippingFilters (10,2) -> (5,7)
  attempt 15: accepted F02470-lm-15 — moved statue (11,11) -> (8,7)

15/15 new local-mutant sibling(s) generated for R02470 in 15 attempt(s) (budget 600); 15 total in data/families/family-R02470-lm.json.
Wrote 15 level(s) total to data/families/family-R02470-lm.json (changed=true), 15 hint file(s) written to data/families/hints/.
Wrote family manifest to data/families/family-R02470-lm-manifest.json (15 variant(s) total).
Parent R02470: witness stressMeta.witnessSolution (len 98, 7 jump(s)), 39 movable object instance(s) under strict inventory.
  variant 1 (rotation): accepted F02470-sym-01
  variant 2 (rotation): accepted F02470-sym-02
  variant 3 (rotation): accepted F02470-sym-03
  variant 4 (reflection): accepted F02470-sym-04
  variant 5 (reflection): accepted F02470-sym-05
  variant 6 (reflection): accepted F02470-sym-06
  variant 7 (reflection): accepted F02470-sym-07

7/7 new symmetry sibling(s) generated for R02470 in 7 attempt(s) (budget 7); 7 total in data/families/family-R02470-sym.json.
Wrote 7 level(s) total to data/families/family-R02470-sym.json (changed=true), 7 hint file(s) written to data/families/hints/.
Wrote family manifest to data/families/family-R02470-sym-manifest.json (7 variant(s) total).
portfolio-solve-sweep: corpus=data/families/family-R02470-lm.json levels=15 (15 to solve) scheduler-mode=legacy budget=8000ms node-budget=20000000 workers=4 save-hints=true
  [1/15] L2 (F02470-lm-02) ok=✗
  [2/15] L3 (F02470-lm-03) ok=✗
  [3/15] L4 (F02470-lm-04) ok=✗
  [4/15] L1 (F02470-lm-01) ok=✗
  [5/15] L5 (F02470-lm-05) ok=✗
  [6/15] L7 (F02470-lm-07) ok=✗
  [7/15] L8 (F02470-lm-08) ok=✗
  [8/15] L6 (F02470-lm-06) ok=✗
  [9/15] L9 (F02470-lm-09) ok=✗
  [10/15] L12 (F02470-lm-12) ok=✗
  [11/15] L10 (F02470-lm-10) ok=✗
  [12/15] L11 (F02470-lm-11) ok=✗
  [13/15] L15 (F02470-lm-15) ok=✗
  [14/15] L13 (F02470-lm-13) ok=✗
  [15/15] L14 (F02470-lm-14) ok=✗
Hints: appended to 0 level(s); 0 hint file(s) changed on disk.
Result: solved=0/15, solvedBeforeFallback=0, fallbackOnly=0, unsolved=15
Wrote logs/family-census/solve-R02470-lm.json
Wrote logs/family-census/solve-R02470-lm-summary.md
portfolio-solve-sweep: corpus=data/families/family-R02470-sym.json levels=7 (7 to solve) scheduler-mode=legacy budget=8000ms node-budget=20000000 workers=4 save-hints=true
  [1/7] L1 (F02470-sym-01) ok=✗
  [2/7] L3 (F02470-sym-03) ok=✗
  [3/7] L2 (F02470-sym-02) ok=✗
  [4/7] L4 (F02470-sym-04) ok=✗
  [5/7] L5 (F02470-sym-05) ok=✗
  [6/7] L7 (F02470-sym-07) ok=✗
  [7/7] L6 (F02470-sym-06) ok=✗
Hints: appended to 0 level(s); 0 hint file(s) changed on disk.
Result: solved=0/7, solvedBeforeFallback=0, fallbackOnly=0, unsolved=7
Wrote logs/family-census/solve-R02470-sym.json
Wrote logs/family-census/solve-R02470-sym-summary.md
[00:47:13] DONE R02470
[00:47:13] START R02515
Parent R02515: witness hint[0] (len 75, 6 jump(s)), 52 movable object instance(s) under strict inventory.
  attempt 1: accepted F02515-lm-01 — moved statue (7,2) -> (11,10)
  attempt 2: accepted F02515-lm-02 — moved flippingFilters (6,5) -> (1,9)
  attempt 3: accepted F02515-lm-03 — moved falseGoals (5,0) -> (11,3)
  attempt 4: accepted F02515-lm-04 — moved lamppost (11,1) -> (10,4)
  attempt 5: accepted F02515-lm-05 — moved flippingFilters (2,3) -> (1,2)
  attempt 6: accepted F02515-lm-06 — moved falseGoals (0,8) -> (4,6)
  attempt 7: accepted F02515-lm-07 — moved park (3,11) -> (3,7)
  attempt 8: accepted F02515-lm-08 — moved blocks (6,1) -> (5,6)
  attempt 9: accepted F02515-lm-09 — moved blocks (0,5) -> (11,0)
  attempt 10: accepted F02515-lm-10 — moved lamppost (6,9) -> (4,2)
  attempt 11: accepted F02515-lm-11 — moved library (1,5) -> (5,6)
  attempt 12: accepted F02515-lm-12 — moved blocks (0,7) -> (4,0)
  attempt 13: accepted F02515-lm-13 — moved library (9,8) -> (7,8)
  attempt 14: accepted F02515-lm-14 — moved fountain (10,2) -> (11,2)
  attempt 15: accepted F02515-lm-15 — moved park (10,9) -> (2,6)

15/15 new local-mutant sibling(s) generated for R02515 in 15 attempt(s) (budget 600); 15 total in data/families/family-R02515-lm.json.
Wrote 15 level(s) total to data/families/family-R02515-lm.json (changed=true), 15 hint file(s) written to data/families/hints/.
Wrote family manifest to data/families/family-R02515-lm-manifest.json (15 variant(s) total).
Parent R02515: witness hint[0] (len 75, 6 jump(s)), 52 movable object instance(s) under strict inventory.
  variant 1 (rotation): accepted F02515-sym-01
  variant 2 (rotation): accepted F02515-sym-02
  variant 3 (rotation): accepted F02515-sym-03
  variant 4 (reflection): accepted F02515-sym-04
  variant 5 (reflection): accepted F02515-sym-05
  variant 6 (reflection): accepted F02515-sym-06
  variant 7 (reflection): accepted F02515-sym-07

7/7 new symmetry sibling(s) generated for R02515 in 7 attempt(s) (budget 7); 7 total in data/families/family-R02515-sym.json.
Wrote 7 level(s) total to data/families/family-R02515-sym.json (changed=true), 7 hint file(s) written to data/families/hints/.
Wrote family manifest to data/families/family-R02515-sym-manifest.json (7 variant(s) total).
portfolio-solve-sweep: corpus=data/families/family-R02515-lm.json levels=15 (15 to solve) scheduler-mode=legacy budget=8000ms node-budget=20000000 workers=4 save-hints=true
  [1/15] L4 (F02515-lm-04) ok=✗
  [2/15] L3 (F02515-lm-03) ok=✗
  [3/15] L2 (F02515-lm-02) ok=✗
  [4/15] L1 (F02515-lm-01) ok=✗
  [5/15] L7 (F02515-lm-07) ok=✓ legacy [hint saved]
  [6/15] L5 (F02515-lm-05) ok=✗
  [7/15] L8 (F02515-lm-08) ok=✗
  [8/15] L6 (F02515-lm-06) ok=✗
  [9/15] L12 (F02515-lm-12) ok=✓ legacy [hint saved]
  [10/15] L10 (F02515-lm-10) ok=✗
  [11/15] L9 (F02515-lm-09) ok=✗
  [12/15] L11 (F02515-lm-11) ok=✗
  [13/15] L13 (F02515-lm-13) ok=✗
  [14/15] L15 (F02515-lm-15) ok=✗
  [15/15] L14 (F02515-lm-14) ok=✗
Hints: appended to 2 level(s); 2 hint file(s) changed on disk.
Result: solved=2/15, solvedBeforeFallback=0, fallbackOnly=2, unsolved=13
Wrote logs/family-census/solve-R02515-lm.json
Wrote logs/family-census/solve-R02515-lm-summary.md
portfolio-solve-sweep: corpus=data/families/family-R02515-sym.json levels=7 (7 to solve) scheduler-mode=legacy budget=8000ms node-budget=20000000 workers=4 save-hints=true
  [1/7] L4 (F02515-sym-04) ok=✓ legacy [hint saved]
  [2/7] L2 (F02515-sym-02) ok=✗
  [3/7] L1 (F02515-sym-01) ok=✗
  [4/7] L3 (F02515-sym-03) ok=✗
  [5/7] L5 (F02515-sym-05) ok=✗
  [6/7] L6 (F02515-sym-06) ok=✓ legacy [hint saved]
  [7/7] L7 (F02515-sym-07) ok=✗
Hints: appended to 2 level(s); 2 hint file(s) changed on disk.
Result: solved=2/7, solvedBeforeFallback=0, fallbackOnly=2, unsolved=5
Wrote logs/family-census/solve-R02515-sym.json
Wrote logs/family-census/solve-R02515-sym-summary.md
[00:53:24] DONE R02515
[00:53:24] START R02548
Parent R02548: witness stressMeta.witnessSolution (len 92, 0 jump(s)), 26 movable object instance(s) under strict inventory.
  attempt 1: accepted F02548-lm-01 — moved fountain (6,10) -> (8,3)
  attempt 2: accepted F02548-lm-02 — moved market (8,7) -> (0,7)
  attempt 3: accepted F02548-lm-03 — moved blocks (4,5) -> (0,8)
  attempt 4: accepted F02548-lm-04 — moved market (8,7) -> (5,1)
  attempt 5: accepted F02548-lm-05 — moved flippingFilters (6,7) -> (0,7)
  attempt 6: accepted F02548-lm-06 — moved flippingFilters (9,0) -> (5,1)
  attempt 7: accepted F02548-lm-07 — moved flippingFilters (10,8) -> (10,0)
  attempt 8: accepted F02548-lm-08 — moved flippingFilters (9,7) -> (0,8)
  attempt 9: accepted F02548-lm-09 — moved market (8,7) -> (0,8)
  attempt 10: accepted F02548-lm-10 — moved flippingFilters (10,8) -> (7,3)
  attempt 11: accepted F02548-lm-11 — moved lamppost (5,7) -> (6,0)
  attempt 12: accepted F02548-lm-12 — moved market (8,7) -> (9,2)
  attempt 13: accepted F02548-lm-13 — moved flippingFilters (7,0) -> (5,10)
  attempt 14: accepted F02548-lm-14 — moved market (8,7) -> (10,10)
  attempt 15: accepted F02548-lm-15 — moved blocks (9,8) -> (0,7)

15/15 new local-mutant sibling(s) generated for R02548 in 15 attempt(s) (budget 600); 15 total in data/families/family-R02548-lm.json.
Wrote 15 level(s) total to data/families/family-R02548-lm.json (changed=true), 15 hint file(s) written to data/families/hints/.
Wrote family manifest to data/families/family-R02548-lm-manifest.json (15 variant(s) total).
Parent R02548: witness stressMeta.witnessSolution (len 92, 0 jump(s)), 26 movable object instance(s) under strict inventory.
  variant 1 (rotation): accepted F02548-sym-01
  variant 2 (rotation): accepted F02548-sym-02
  variant 3 (rotation): accepted F02548-sym-03
  variant 4 (reflection): accepted F02548-sym-04
  variant 5 (reflection): accepted F02548-sym-05
  variant 6 (reflection): accepted F02548-sym-06
  variant 7 (reflection): accepted F02548-sym-07

7/7 new symmetry sibling(s) generated for R02548 in 7 attempt(s) (budget 7); 7 total in data/families/family-R02548-sym.json.
Wrote 7 level(s) total to data/families/family-R02548-sym.json (changed=true), 7 hint file(s) written to data/families/hints/.
Wrote family manifest to data/families/family-R02548-sym-manifest.json (7 variant(s) total).
portfolio-solve-sweep: corpus=data/families/family-R02548-lm.json levels=15 (15 to solve) scheduler-mode=legacy budget=8000ms node-budget=20000000 workers=4 save-hints=true
  [1/15] L2 (F02548-lm-02) ok=✗
  [2/15] L3 (F02548-lm-03) ok=✗
  [3/15] L4 (F02548-lm-04) ok=✗
  [4/15] L1 (F02548-lm-01) ok=✗
  [5/15] L5 (F02548-lm-05) ok=✗
  [6/15] L8 (F02548-lm-08) ok=✗
  [7/15] L6 (F02548-lm-06) ok=✗
  [8/15] L7 (F02548-lm-07) ok=✗
  [9/15] L9 (F02548-lm-09) ok=✗
  [10/15] L12 (F02548-lm-12) ok=✗
  [11/15] L10 (F02548-lm-10) ok=✗
  [12/15] L11 (F02548-lm-11) ok=✗
  [13/15] L15 (F02548-lm-15) ok=✗
  [14/15] L14 (F02548-lm-14) ok=✗
  [15/15] L13 (F02548-lm-13) ok=✗
Hints: appended to 0 level(s); 0 hint file(s) changed on disk.
Result: solved=0/15, solvedBeforeFallback=0, fallbackOnly=0, unsolved=15
Wrote logs/family-census/solve-R02548-lm.json
Wrote logs/family-census/solve-R02548-lm-summary.md
portfolio-solve-sweep: corpus=data/families/family-R02548-sym.json levels=7 (7 to solve) scheduler-mode=legacy budget=8000ms node-budget=20000000 workers=4 save-hints=true
  [1/7] L3 (F02548-sym-03) ok=✗
  [2/7] L2 (F02548-sym-02) ok=✗
  [3/7] L4 (F02548-sym-04) ok=✗
  [4/7] L1 (F02548-sym-01) ok=✗
  [5/7] L6 (F02548-sym-06) ok=✗
  [6/7] L5 (F02548-sym-05) ok=✗
  [7/7] L7 (F02548-sym-07) ok=✗
Hints: appended to 0 level(s); 0 hint file(s) changed on disk.
Result: solved=0/7, solvedBeforeFallback=0, fallbackOnly=0, unsolved=7
Wrote logs/family-census/solve-R02548-sym.json
Wrote logs/family-census/solve-R02548-sym-summary.md
[00:54:50] DONE R02548
[00:54:50] START R02588
Parent R02588: witness stressMeta.witnessSolution (len 101, 4 jump(s)), 46 movable object instance(s) under strict inventory.
  attempt 1: accepted F02588-lm-01 — moved geese (6,8) -> (5,1)
  attempt 2: accepted F02588-lm-02 — moved library (1,10) -> (0,5)
  attempt 3: accepted F02588-lm-03 — moved library (1,10) -> (8,11)
  attempt 4: accepted F02588-lm-04 — moved blocks (5,0) -> (2,6)
  attempt 5: accepted F02588-lm-05 — moved geese (9,11) -> (8,11)
  attempt 6: accepted F02588-lm-06 — moved mustPass (6,11) -> (2,3)
  attempt 7: accepted F02588-lm-07 — moved blocks (5,0) -> (10,11)
  attempt 8: accepted F02588-lm-08 — moved market (6,7) -> (4,1)
  attempt 9: accepted F02588-lm-09 — moved blocks (1,0) -> (4,1)
  attempt 10: accepted F02588-lm-10 — moved blocks (7,6) -> (11,11)
  attempt 11: accepted F02588-lm-11 — moved park (10,7) -> (11,10)
  attempt 12: accepted F02588-lm-12 — moved library (0,4) -> (4,2)
  attempt 13: accepted F02588-lm-13 — moved mustPass (2,4) -> (8,6)
  attempt 14: accepted F02588-lm-14 — moved fountain (9,6) -> (11,11)
  attempt 15: accepted F02588-lm-15 — moved blocks (5,0) -> (2,11)

15/15 new local-mutant sibling(s) generated for R02588 in 15 attempt(s) (budget 600); 15 total in data/families/family-R02588-lm.json.
Wrote 15 level(s) total to data/families/family-R02588-lm.json (changed=true), 15 hint file(s) written to data/families/hints/.
Wrote family manifest to data/families/family-R02588-lm-manifest.json (15 variant(s) total).
Parent R02588: witness stressMeta.witnessSolution (len 101, 4 jump(s)), 46 movable object instance(s) under strict inventory.
  variant 1 (rotation): accepted F02588-sym-01
  variant 2 (rotation): accepted F02588-sym-02
  variant 3 (rotation): accepted F02588-sym-03
  variant 4 (reflection): accepted F02588-sym-04
  variant 5 (reflection): accepted F02588-sym-05
  variant 6 (reflection): accepted F02588-sym-06
  variant 7 (reflection): accepted F02588-sym-07

7/7 new symmetry sibling(s) generated for R02588 in 7 attempt(s) (budget 7); 7 total in data/families/family-R02588-sym.json.
Wrote 7 level(s) total to data/families/family-R02588-sym.json (changed=true), 7 hint file(s) written to data/families/hints/.
Wrote family manifest to data/families/family-R02588-sym-manifest.json (7 variant(s) total).
portfolio-solve-sweep: corpus=data/families/family-R02588-lm.json levels=15 (15 to solve) scheduler-mode=legacy budget=8000ms node-budget=20000000 workers=4 save-hints=true
  [1/15] L3 (F02588-lm-03) ok=✗
  [2/15] L1 (F02588-lm-01) ok=✗
  [3/15] L4 (F02588-lm-04) ok=✗
  [4/15] L2 (F02588-lm-02) ok=✗
  [5/15] L6 (F02588-lm-06) ok=✗
  [6/15] L5 (F02588-lm-05) ok=✗
  [7/15] L8 (F02588-lm-08) ok=✗
  [8/15] L7 (F02588-lm-07) ok=✗
  [9/15] L9 (F02588-lm-09) ok=✗
  [10/15] L10 (F02588-lm-10) ok=✗
  [11/15] L11 (F02588-lm-11) ok=✗
  [12/15] L12 (F02588-lm-12) ok=✗
  [13/15] L13 (F02588-lm-13) ok=✗
  [14/15] L15 (F02588-lm-15) ok=✗
  [15/15] L14 (F02588-lm-14) ok=✗
Hints: appended to 0 level(s); 0 hint file(s) changed on disk.
Result: solved=0/15, solvedBeforeFallback=0, fallbackOnly=0, unsolved=15
Wrote logs/family-census/solve-R02588-lm.json
Wrote logs/family-census/solve-R02588-lm-summary.md
portfolio-solve-sweep: corpus=data/families/family-R02588-sym.json levels=7 (7 to solve) scheduler-mode=legacy budget=8000ms node-budget=20000000 workers=4 save-hints=true
  [1/7] L2 (F02588-sym-02) ok=✗
  [2/7] L1 (F02588-sym-01) ok=✗
  [3/7] L3 (F02588-sym-03) ok=✗
  [4/7] L4 (F02588-sym-04) ok=✗
  [5/7] L5 (F02588-sym-05) ok=✗
  [6/7] L6 (F02588-sym-06) ok=✗
  [7/7] L7 (F02588-sym-07) ok=✗
Hints: appended to 0 level(s); 0 hint file(s) changed on disk.
Result: solved=0/7, solvedBeforeFallback=0, fallbackOnly=0, unsolved=7
Wrote logs/family-census/solve-R02588-sym.json
Wrote logs/family-census/solve-R02588-sym-summary.md
[00:57:59] DONE R02588
[00:57:59] START R02623
Parent R02623: witness hint[0] (len 67, 0 jump(s)), 34 movable object instance(s) under strict inventory.
  attempt 1: accepted F02623-lm-01 — moved blocks (0,3) -> (6,10)
  attempt 2: accepted F02623-lm-02 — moved flippingFilters (9,3) -> (9,9)
  attempt 3: accepted F02623-lm-03 — moved geese (10,10) -> (10,6)
  attempt 4: accepted F02623-lm-04 — moved blocks (1,0) -> (4,7)
  attempt 5: accepted F02623-lm-05 — moved geese (10,4) -> (10,6)
  attempt 6: accepted F02623-lm-06 — moved flippingFilters (0,10) -> (10,3)
  attempt 7: accepted F02623-lm-07 — moved library (7,3) -> (3,0)
  attempt 8: accepted F02623-lm-08 — moved blocks (5,10) -> (8,3)
  attempt 9: accepted F02623-lm-09 — moved flippingFilters (1,4) -> (8,9)
  attempt 10: accepted F02623-lm-10 — moved library (7,3) -> (8,1)
  attempt 11: accepted F02623-lm-11 — moved blocks (8,5) -> (8,1)
  attempt 12: accepted F02623-lm-12 — moved blocks (0,5) -> (0,0)
  attempt 13: accepted F02623-lm-13 — moved geese (10,4) -> (9,4)
  attempt 14: accepted F02623-lm-14 — moved blocks (9,5) -> (8,4)
  attempt 15: accepted F02623-lm-15 — moved blocks (0,1) -> (7,8)

15/15 new local-mutant sibling(s) generated for R02623 in 15 attempt(s) (budget 600); 15 total in data/families/family-R02623-lm.json.
Wrote 15 level(s) total to data/families/family-R02623-lm.json (changed=true), 15 hint file(s) written to data/families/hints/.
Wrote family manifest to data/families/family-R02623-lm-manifest.json (15 variant(s) total).
Parent R02623: witness hint[0] (len 67, 0 jump(s)), 34 movable object instance(s) under strict inventory.
  variant 1 (rotation): accepted F02623-sym-01
  variant 2 (rotation): accepted F02623-sym-02
  variant 3 (rotation): accepted F02623-sym-03
  variant 4 (reflection): accepted F02623-sym-04
  variant 5 (reflection): accepted F02623-sym-05
  variant 6 (reflection): accepted F02623-sym-06
  variant 7 (reflection): accepted F02623-sym-07

7/7 new symmetry sibling(s) generated for R02623 in 7 attempt(s) (budget 7); 7 total in data/families/family-R02623-sym.json.
Wrote 7 level(s) total to data/families/family-R02623-sym.json (changed=true), 7 hint file(s) written to data/families/hints/.
Wrote family manifest to data/families/family-R02623-sym-manifest.json (7 variant(s) total).
portfolio-solve-sweep: corpus=data/families/family-R02623-lm.json levels=15 (15 to solve) scheduler-mode=legacy budget=8000ms node-budget=20000000 workers=4 save-hints=true
  [1/15] L4 (F02623-lm-04) ok=✓ legacy [hint saved]
  [2/15] L1 (F02623-lm-01) ok=✗
  [3/15] L3 (F02623-lm-03) ok=✗
  [4/15] L2 (F02623-lm-02) ok=✗
  [5/15] L8 (F02623-lm-08) ok=✗
  [6/15] L5 (F02623-lm-05) ok=✗
  [7/15] L7 (F02623-lm-07) ok=✗
  [8/15] L6 (F02623-lm-06) ok=✗
  [9/15] L9 (F02623-lm-09) ok=✓ legacy [hint saved]
  [10/15] L10 (F02623-lm-10) ok=✗
  [11/15] L11 (F02623-lm-11) ok=✗
  [12/15] L12 (F02623-lm-12) ok=✗
  [13/15] L13 (F02623-lm-13) ok=✗
  [14/15] L15 (F02623-lm-15) ok=✓ legacy [hint saved]
  [15/15] L14 (F02623-lm-14) ok=✗
Hints: appended to 3 level(s); 3 hint file(s) changed on disk.
Result: solved=3/15, solvedBeforeFallback=0, fallbackOnly=3, unsolved=12
Wrote logs/family-census/solve-R02623-lm.json
Wrote logs/family-census/solve-R02623-lm-summary.md
portfolio-solve-sweep: corpus=data/families/family-R02623-sym.json levels=7 (7 to solve) scheduler-mode=legacy budget=8000ms node-budget=20000000 workers=4 save-hints=true
  [1/7] L2 (F02623-sym-02) ok=✗
  [2/7] L4 (F02623-sym-04) ok=✗
  [3/7] L1 (F02623-sym-01) ok=✗
  [4/7] L3 (F02623-sym-03) ok=✗
  [5/7] L6 (F02623-sym-06) ok=✗
  [6/7] L5 (F02623-sym-05) ok=✗
  [7/7] L7 (F02623-sym-07) ok=✗
Hints: appended to 0 level(s); 0 hint file(s) changed on disk.
Result: solved=0/7, solvedBeforeFallback=0, fallbackOnly=0, unsolved=7
Wrote logs/family-census/solve-R02623-sym.json
Wrote logs/family-census/solve-R02623-sym-summary.md
[01:00:02] DONE R02623
[01:00:02] START R02659
Parent R02659: witness stressMeta.witnessSolution (len 90, 0 jump(s)), 54 movable object instance(s) under strict inventory.
  attempt 1: accepted F02659-lm-01 — moved geese (1,1) -> (2,9)
  attempt 2: accepted F02659-lm-02 — moved fountain (2,3) -> (2,8)
  attempt 3: accepted F02659-lm-03 — moved blocks (0,8) -> (1,9)
  attempt 4: accepted F02659-lm-04 — moved mustPass (5,6) -> (5,3)
  attempt 5: accepted F02659-lm-05 — moved blocks (0,6) -> (1,9)
  attempt 6: accepted F02659-lm-06 — moved blocks (0,9) -> (2,9)
  attempt 7: accepted F02659-lm-07 — moved library (2,10) -> (2,9)
  attempt 8: accepted F02659-lm-08 — moved blocks (3,6) -> (1,9)
  attempt 9: accepted F02659-lm-09 — moved fountain (4,9) -> (2,9)
  attempt 10: accepted F02659-lm-10 — moved fountain (2,3) -> (4,4)
  attempt 11: accepted F02659-lm-11 — moved falseGoals (4,6) -> (2,9)
  attempt 12: rejected — degenerate duplicate of parent or another accepted variant
  attempt 13: accepted F02659-lm-12 — moved falseGoals (0,4) -> (2,9)
  attempt 14: accepted F02659-lm-13 — moved mustPass (7,10) -> (4,4)
  attempt 15: accepted F02659-lm-14 — moved mustPass (5,2) -> (2,0)
  attempt 16: accepted F02659-lm-15 — moved mustPass (7,10) -> (4,3)

15/15 new local-mutant sibling(s) generated for R02659 in 16 attempt(s) (budget 600); 15 total in data/families/family-R02659-lm.json.
Wrote 15 level(s) total to data/families/family-R02659-lm.json (changed=true), 15 hint file(s) written to data/families/hints/.
Wrote family manifest to data/families/family-R02659-lm-manifest.json (15 variant(s) total).
Parent R02659: witness stressMeta.witnessSolution (len 90, 0 jump(s)), 54 movable object instance(s) under strict inventory.
  variant 1 (rotation): accepted F02659-sym-01
  variant 2 (rotation): accepted F02659-sym-02
  variant 3 (rotation): accepted F02659-sym-03
  variant 4 (reflection): accepted F02659-sym-04
  variant 5 (reflection): accepted F02659-sym-05
  variant 6 (reflection): accepted F02659-sym-06
  variant 7 (reflection): accepted F02659-sym-07

7/7 new symmetry sibling(s) generated for R02659 in 7 attempt(s) (budget 7); 7 total in data/families/family-R02659-sym.json.
Wrote 7 level(s) total to data/families/family-R02659-sym.json (changed=true), 7 hint file(s) written to data/families/hints/.
Wrote family manifest to data/families/family-R02659-sym-manifest.json (7 variant(s) total).
portfolio-solve-sweep: corpus=data/families/family-R02659-lm.json levels=15 (15 to solve) scheduler-mode=legacy budget=8000ms node-budget=20000000 workers=4 save-hints=true
  [1/15] L3 (F02659-lm-03) ok=✗
  [2/15] L2 (F02659-lm-02) ok=✗
  [3/15] L4 (F02659-lm-04) ok=✗
  [4/15] L1 (F02659-lm-01) ok=✗
  [5/15] L5 (F02659-lm-05) ok=✗
  [6/15] L6 (F02659-lm-06) ok=✗
  [7/15] L7 (F02659-lm-07) ok=✗
  [8/15] L8 (F02659-lm-08) ok=✗
  [9/15] L9 (F02659-lm-09) ok=✗
  [10/15] L10 (F02659-lm-10) ok=✗
  [11/15] L12 (F02659-lm-12) ok=✗
  [12/15] L11 (F02659-lm-11) ok=✗
  [13/15] L15 (F02659-lm-15) ok=✗
  [14/15] L13 (F02659-lm-13) ok=✗
  [15/15] L14 (F02659-lm-14) ok=✗
Hints: appended to 0 level(s); 0 hint file(s) changed on disk.
Result: solved=0/15, solvedBeforeFallback=0, fallbackOnly=0, unsolved=15
Wrote logs/family-census/solve-R02659-lm.json
Wrote logs/family-census/solve-R02659-lm-summary.md
portfolio-solve-sweep: corpus=data/families/family-R02659-sym.json levels=7 (7 to solve) scheduler-mode=legacy budget=8000ms node-budget=20000000 workers=4 save-hints=true
  [1/7] L4 (F02659-sym-04) ok=✗
  [2/7] L2 (F02659-sym-02) ok=✗
  [3/7] L3 (F02659-sym-03) ok=✗
  [4/7] L1 (F02659-sym-01) ok=✗
  [5/7] L5 (F02659-sym-05) ok=✗
  [6/7] L6 (F02659-sym-06) ok=✗
  [7/7] L7 (F02659-sym-07) ok=✗
Hints: appended to 0 level(s); 0 hint file(s) changed on disk.
Result: solved=0/7, solvedBeforeFallback=0, fallbackOnly=0, unsolved=7
Wrote logs/family-census/solve-R02659-sym.json
Wrote logs/family-census/solve-R02659-sym-summary.md
[01:06:11] DONE R02659
[01:06:11] START R02701
Parent R02701: witness stressMeta.witnessSolution (len 89, 0 jump(s)), 79 movable object instance(s) under strict inventory.
  attempt 1: accepted F02701-lm-01 — moved blocks (12,2) -> (10,0)
  attempt 2: accepted F02701-lm-02 — moved flippingFilters (10,2) -> (8,6)
  attempt 3: accepted F02701-lm-03 — moved flippingFilters (10,2) -> (9,2)
  attempt 4: accepted F02701-lm-04 — moved blocks (11,0) -> (6,7)
  attempt 5: accepted F02701-lm-05 — moved flippingFilters (0,9) -> (7,8)
  attempt 6: accepted F02701-lm-06 — moved flippingFilters (5,8) -> (9,1)
  attempt 7: accepted F02701-lm-07 — moved fountain (1,6) -> (8,2)
  attempt 8: accepted F02701-lm-08 — moved blocks (9,12) -> (12,8)
  attempt 9: accepted F02701-lm-09 — moved blocks (3,4) -> (12,1)
  attempt 10: accepted F02701-lm-10 — moved lamppost (3,10) -> (1,9)
  attempt 11: accepted F02701-lm-11 — moved blocks (0,12) -> (0,6)
  attempt 12: accepted F02701-lm-12 — moved blocks (2,3) -> (10,0)
  attempt 13: accepted F02701-lm-13 — moved blocks (2,4) -> (12,8)
  attempt 14: accepted F02701-lm-14 — moved park (8,3) -> (12,8)
  attempt 15: accepted F02701-lm-15 — moved geese (12,7) -> (0,6)

15/15 new local-mutant sibling(s) generated for R02701 in 15 attempt(s) (budget 600); 15 total in data/families/family-R02701-lm.json.
Wrote 15 level(s) total to data/families/family-R02701-lm.json (changed=true), 15 hint file(s) written to data/families/hints/.
Wrote family manifest to data/families/family-R02701-lm-manifest.json (15 variant(s) total).
Parent R02701: witness stressMeta.witnessSolution (len 89, 0 jump(s)), 79 movable object instance(s) under strict inventory.
  variant 1 (rotation): accepted F02701-sym-01
  variant 2 (rotation): accepted F02701-sym-02
  variant 3 (rotation): accepted F02701-sym-03
  variant 4 (reflection): accepted F02701-sym-04
  variant 5 (reflection): accepted F02701-sym-05
  variant 6 (reflection): accepted F02701-sym-06
  variant 7 (reflection): accepted F02701-sym-07

7/7 new symmetry sibling(s) generated for R02701 in 7 attempt(s) (budget 7); 7 total in data/families/family-R02701-sym.json.
Wrote 7 level(s) total to data/families/family-R02701-sym.json (changed=true), 7 hint file(s) written to data/families/hints/.
Wrote family manifest to data/families/family-R02701-sym-manifest.json (7 variant(s) total).
portfolio-solve-sweep: corpus=data/families/family-R02701-lm.json levels=15 (15 to solve) scheduler-mode=legacy budget=8000ms node-budget=20000000 workers=4 save-hints=true
  [1/15] L2 (F02701-lm-02) ok=✗
  [2/15] L1 (F02701-lm-01) ok=✗
  [3/15] L4 (F02701-lm-04) ok=✗
  [4/15] L3 (F02701-lm-03) ok=✗
  [5/15] L5 (F02701-lm-05) ok=✗
  [6/15] L6 (F02701-lm-06) ok=✗
  [7/15] L8 (F02701-lm-08) ok=✗
  [8/15] L7 (F02701-lm-07) ok=✗
  [9/15] L10 (F02701-lm-10) ok=✗
  [10/15] L11 (F02701-lm-11) ok=✗
  [11/15] L9 (F02701-lm-09) ok=✗
  [12/15] L12 (F02701-lm-12) ok=✗
  [13/15] L15 (F02701-lm-15) ok=✗
  [14/15] L13 (F02701-lm-13) ok=✗
  [15/15] L14 (F02701-lm-14) ok=✗
Hints: appended to 0 level(s); 0 hint file(s) changed on disk.
Result: solved=0/15, solvedBeforeFallback=0, fallbackOnly=0, unsolved=15
Wrote logs/family-census/solve-R02701-lm.json
Wrote logs/family-census/solve-R02701-lm-summary.md
portfolio-solve-sweep: corpus=data/families/family-R02701-sym.json levels=7 (7 to solve) scheduler-mode=legacy budget=8000ms node-budget=20000000 workers=4 save-hints=true
  [1/7] L4 (F02701-sym-04) ok=✗
  [2/7] L1 (F02701-sym-01) ok=✗
  [3/7] L2 (F02701-sym-02) ok=✗
  [4/7] L3 (F02701-sym-03) ok=✗
  [5/7] L7 (F02701-sym-07) ok=✗
  [6/7] L6 (F02701-sym-06) ok=✗
  [7/7] L5 (F02701-sym-05) ok=✗
Hints: appended to 0 level(s); 0 hint file(s) changed on disk.
Result: solved=0/7, solvedBeforeFallback=0, fallbackOnly=0, unsolved=7
Wrote logs/family-census/solve-R02701-sym.json
Wrote logs/family-census/solve-R02701-sym-summary.md
[01:12:04] DONE R02701
[01:12:04] START R02748
Parent R02748: witness stressMeta.witnessSolution (len 96, 0 jump(s)), 30 movable object instance(s) under strict inventory.
  attempt 1: accepted F02748-lm-01 — moved statue (6,10) -> (4,8)
  attempt 2: accepted F02748-lm-02 — moved blocks (10,4) -> (9,6)
  attempt 3: accepted F02748-lm-03 — moved blocks (10,5) -> (1,1)
  attempt 4: accepted F02748-lm-04 — moved blocks (5,0) -> (2,1)
  attempt 5: accepted F02748-lm-05 — moved blocks (10,4) -> (1,0)
  attempt 6: accepted F02748-lm-06 — moved geese (10,9) -> (4,8)
  attempt 7: accepted F02748-lm-07 — moved geese (4,9) -> (0,0)
  attempt 8: accepted F02748-lm-08 — moved library (1,2) -> (1,1)
  attempt 9: accepted F02748-lm-09 — moved blocks (4,10) -> (1,0)
  attempt 10: accepted F02748-lm-10 — moved blocks (10,8) -> (1,0)
  attempt 11: accepted F02748-lm-11 — moved geese (0,1) -> (0,0)
  attempt 12: accepted F02748-lm-12 — moved mustCross (1,4) -> (6,7)
  attempt 13: accepted F02748-lm-13 — moved geese (10,6) -> (1,1)
  attempt 14: accepted F02748-lm-14 — moved falseGoals (8,5) -> (9,4)
  attempt 15: accepted F02748-lm-15 — moved falseGoals (0,3) -> (9,6)

15/15 new local-mutant sibling(s) generated for R02748 in 15 attempt(s) (budget 600); 15 total in data/families/family-R02748-lm.json.
Wrote 15 level(s) total to data/families/family-R02748-lm.json (changed=true), 15 hint file(s) written to data/families/hints/.
Wrote family manifest to data/families/family-R02748-lm-manifest.json (15 variant(s) total).
Parent R02748: witness stressMeta.witnessSolution (len 96, 0 jump(s)), 30 movable object instance(s) under strict inventory.
  variant 1 (rotation): accepted F02748-sym-01
  variant 2 (rotation): accepted F02748-sym-02
  variant 3 (rotation): accepted F02748-sym-03
  variant 4 (reflection): accepted F02748-sym-04
  variant 5 (reflection): accepted F02748-sym-05
  variant 6 (reflection): accepted F02748-sym-06
  variant 7 (reflection): accepted F02748-sym-07

7/7 new symmetry sibling(s) generated for R02748 in 7 attempt(s) (budget 7); 7 total in data/families/family-R02748-sym.json.
Wrote 7 level(s) total to data/families/family-R02748-sym.json (changed=true), 7 hint file(s) written to data/families/hints/.
Wrote family manifest to data/families/family-R02748-sym-manifest.json (7 variant(s) total).
portfolio-solve-sweep: corpus=data/families/family-R02748-lm.json levels=15 (15 to solve) scheduler-mode=legacy budget=8000ms node-budget=20000000 workers=4 save-hints=true
  [1/15] L1 (F02748-lm-01) ok=✗
  [2/15] L2 (F02748-lm-02) ok=✗
  [3/15] L4 (F02748-lm-04) ok=✗
  [4/15] L3 (F02748-lm-03) ok=✗
  [5/15] L7 (F02748-lm-07) ok=✗
  [6/15] L5 (F02748-lm-05) ok=✗
  [7/15] L6 (F02748-lm-06) ok=✗
  [8/15] L8 (F02748-lm-08) ok=✗
  [9/15] L9 (F02748-lm-09) ok=✗
  [10/15] L11 (F02748-lm-11) ok=✗
  [11/15] L10 (F02748-lm-10) ok=✗
  [12/15] L12 (F02748-lm-12) ok=✗
  [13/15] L15 (F02748-lm-15) ok=✗
  [14/15] L13 (F02748-lm-13) ok=✗
  [15/15] L14 (F02748-lm-14) ok=✗
Hints: appended to 0 level(s); 0 hint file(s) changed on disk.
Result: solved=0/15, solvedBeforeFallback=0, fallbackOnly=0, unsolved=15
Wrote logs/family-census/solve-R02748-lm.json
Wrote logs/family-census/solve-R02748-lm-summary.md
portfolio-solve-sweep: corpus=data/families/family-R02748-sym.json levels=7 (7 to solve) scheduler-mode=legacy budget=8000ms node-budget=20000000 workers=4 save-hints=true
  [1/7] L3 (F02748-sym-03) ok=✗
  [2/7] L4 (F02748-sym-04) ok=✗
  [3/7] L2 (F02748-sym-02) ok=✗
  [4/7] L1 (F02748-sym-01) ok=✗
  [5/7] L6 (F02748-sym-06) ok=✗
  [6/7] L5 (F02748-sym-05) ok=✗
  [7/7] L7 (F02748-sym-07) ok=✗
Hints: appended to 0 level(s); 0 hint file(s) changed on disk.
Result: solved=0/7, solvedBeforeFallback=0, fallbackOnly=0, unsolved=7
Wrote logs/family-census/solve-R02748-sym.json
Wrote logs/family-census/solve-R02748-sym-summary.md
[01:14:26] DONE R02748
[01:14:26] START R02781
Parent R02781: witness stressMeta.witnessSolution (len 94, 7 jump(s)), 30 movable object instance(s) under strict inventory.
  attempt 1: accepted F02781-lm-01 — moved statue (10,9) -> (3,0)
  attempt 2: accepted F02781-lm-02 — moved statue (7,6) -> (2,5)
  attempt 3: accepted F02781-lm-03 — moved statue (10,9) -> (3,5)
  attempt 4: accepted F02781-lm-04 — moved statue (7,6) -> (5,1)
  attempt 5: accepted F02781-lm-05 — moved library (6,1) -> (3,1)
  attempt 6: accepted F02781-lm-06 — moved library (4,4) -> (10,3)
  attempt 7: accepted F02781-lm-07 — moved fountain (7,9) -> (2,5)
  attempt 8: accepted F02781-lm-08 — moved fountain (7,9) -> (5,4)
  attempt 9: accepted F02781-lm-09 — moved statue (10,9) -> (5,1)
  attempt 10: accepted F02781-lm-10 — moved fountain (7,9) -> (0,0)
  attempt 11: accepted F02781-lm-11 — moved statue (7,6) -> (7,2)
  attempt 12: accepted F02781-lm-12 — moved library (4,4) -> (7,10)
  attempt 13: accepted F02781-lm-13 — moved statue (7,6) -> (0,2)
  attempt 14: accepted F02781-lm-14 — moved fountain (7,9) -> (8,1)
  attempt 15: accepted F02781-lm-15 — moved fountain (7,9) -> (10,0)

15/15 new local-mutant sibling(s) generated for R02781 in 15 attempt(s) (budget 600); 15 total in data/families/family-R02781-lm.json.
Wrote 15 level(s) total to data/families/family-R02781-lm.json (changed=true), 15 hint file(s) written to data/families/hints/.
Wrote family manifest to data/families/family-R02781-lm-manifest.json (15 variant(s) total).
Parent R02781: witness stressMeta.witnessSolution (len 94, 7 jump(s)), 30 movable object instance(s) under strict inventory.
  variant 1 (rotation): accepted F02781-sym-01
  variant 2 (rotation): accepted F02781-sym-02
  variant 3 (rotation): accepted F02781-sym-03
  variant 4 (reflection): accepted F02781-sym-04
  variant 5 (reflection): accepted F02781-sym-05
  variant 6 (reflection): accepted F02781-sym-06
  variant 7 (reflection): accepted F02781-sym-07

7/7 new symmetry sibling(s) generated for R02781 in 7 attempt(s) (budget 7); 7 total in data/families/family-R02781-sym.json.
Wrote 7 level(s) total to data/families/family-R02781-sym.json (changed=true), 7 hint file(s) written to data/families/hints/.
Wrote family manifest to data/families/family-R02781-sym-manifest.json (7 variant(s) total).
portfolio-solve-sweep: corpus=data/families/family-R02781-lm.json levels=15 (15 to solve) scheduler-mode=legacy budget=8000ms node-budget=20000000 workers=4 save-hints=true
  [1/15] L1 (F02781-lm-01) ok=✗
  [2/15] L4 (F02781-lm-04) ok=✗
  [3/15] L2 (F02781-lm-02) ok=✗
  [4/15] L3 (F02781-lm-03) ok=✗
  [5/15] L5 (F02781-lm-05) ok=✗
  [6/15] L7 (F02781-lm-07) ok=✗
  [7/15] L6 (F02781-lm-06) ok=✗
  [8/15] L8 (F02781-lm-08) ok=✗
  [9/15] L9 (F02781-lm-09) ok=✗
  [10/15] L10 (F02781-lm-10) ok=✗
  [11/15] L11 (F02781-lm-11) ok=✗
  [12/15] L12 (F02781-lm-12) ok=✗
  [13/15] L15 (F02781-lm-15) ok=✗
  [14/15] L13 (F02781-lm-13) ok=✗
  [15/15] L14 (F02781-lm-14) ok=✗
Hints: appended to 0 level(s); 0 hint file(s) changed on disk.
Result: solved=0/15, solvedBeforeFallback=0, fallbackOnly=0, unsolved=15
Wrote logs/family-census/solve-R02781-lm.json
Wrote logs/family-census/solve-R02781-lm-summary.md
portfolio-solve-sweep: corpus=data/families/family-R02781-sym.json levels=7 (7 to solve) scheduler-mode=legacy budget=8000ms node-budget=20000000 workers=4 save-hints=true
  [1/7] L2 (F02781-sym-02) ok=✗
  [2/7] L1 (F02781-sym-01) ok=✗
  [3/7] L3 (F02781-sym-03) ok=✗
  [4/7] L4 (F02781-sym-04) ok=✗
  [5/7] L7 (F02781-sym-07) ok=✗
  [6/7] L5 (F02781-sym-05) ok=✗
  [7/7] L6 (F02781-sym-06) ok=✗
Hints: appended to 0 level(s); 0 hint file(s) changed on disk.
Result: solved=0/7, solvedBeforeFallback=0, fallbackOnly=0, unsolved=7
Wrote logs/family-census/solve-R02781-sym.json
Wrote logs/family-census/solve-R02781-sym-summary.md
[01:16:27] DONE R02781
[01:16:27] START R02813
Parent R02813: witness stressMeta.witnessSolution (len 116, 0 jump(s)), 31 movable object instance(s) under strict inventory.
  attempt 1: accepted F02813-lm-01 — moved blocks (12,3) -> (2,12)
  attempt 2: accepted F02813-lm-02 — moved mustPass (11,7) -> (0,3)
  attempt 3: accepted F02813-lm-03 — moved blocks (3,2) -> (2,12)
  attempt 4: accepted F02813-lm-04 — moved mustPass (5,10) -> (4,0)
  attempt 5: accepted F02813-lm-05 — moved mustPass (5,10) -> (5,0)
  attempt 6: accepted F02813-lm-06 — moved mustPass (5,1) -> (7,9)
  attempt 7: accepted F02813-lm-07 — moved statue (7,3) -> (4,3)
  attempt 8: accepted F02813-lm-08 — moved library (3,12) -> (6,4)
  attempt 9: accepted F02813-lm-09 — moved mustPass (5,11) -> (10,1)
  attempt 10: accepted F02813-lm-10 — moved fountain (11,2) -> (6,10)
  attempt 11: accepted F02813-lm-11 — moved fountain (11,2) -> (7,11)
  attempt 12: accepted F02813-lm-12 — moved library (3,12) -> (1,9)
  attempt 13: accepted F02813-lm-13 — moved mustPass (5,11) -> (1,2)
  attempt 14: accepted F02813-lm-14 — moved blocks (6,5) -> (5,5)
  attempt 15: accepted F02813-lm-15 — moved mustPass (1,3) -> (6,12)

15/15 new local-mutant sibling(s) generated for R02813 in 15 attempt(s) (budget 600); 15 total in data/families/family-R02813-lm.json.
Wrote 15 level(s) total to data/families/family-R02813-lm.json (changed=true), 15 hint file(s) written to data/families/hints/.
Wrote family manifest to data/families/family-R02813-lm-manifest.json (15 variant(s) total).
Parent R02813: witness stressMeta.witnessSolution (len 116, 0 jump(s)), 31 movable object instance(s) under strict inventory.
  variant 1 (rotation): accepted F02813-sym-01
  variant 2 (rotation): accepted F02813-sym-02
  variant 3 (rotation): accepted F02813-sym-03
  variant 4 (reflection): accepted F02813-sym-04
  variant 5 (reflection): accepted F02813-sym-05
  variant 6 (reflection): accepted F02813-sym-06
  variant 7 (reflection): accepted F02813-sym-07

7/7 new symmetry sibling(s) generated for R02813 in 7 attempt(s) (budget 7); 7 total in data/families/family-R02813-sym.json.
Wrote 7 level(s) total to data/families/family-R02813-sym.json (changed=true), 7 hint file(s) written to data/families/hints/.
Wrote family manifest to data/families/family-R02813-sym-manifest.json (7 variant(s) total).
portfolio-solve-sweep: corpus=data/families/family-R02813-lm.json levels=15 (15 to solve) scheduler-mode=legacy budget=8000ms node-budget=20000000 workers=4 save-hints=true
  [1/15] L3 (F02813-lm-03) ok=✗
  [2/15] L2 (F02813-lm-02) ok=✗
  [3/15] L1 (F02813-lm-01) ok=✗
  [4/15] L4 (F02813-lm-04) ok=✗
  [5/15] L6 (F02813-lm-06) ok=✗
  [6/15] L5 (F02813-lm-05) ok=✗
  [7/15] L7 (F02813-lm-07) ok=✗
  [8/15] L8 (F02813-lm-08) ok=✗
  [9/15] L10 (F02813-lm-10) ok=✗
  [10/15] L11 (F02813-lm-11) ok=✗
  [11/15] L9 (F02813-lm-09) ok=✗
  [12/15] L12 (F02813-lm-12) ok=✗
  [13/15] L15 (F02813-lm-15) ok=✗
  [14/15] L14 (F02813-lm-14) ok=✗
  [15/15] L13 (F02813-lm-13) ok=✗
Hints: appended to 0 level(s); 0 hint file(s) changed on disk.
Result: solved=0/15, solvedBeforeFallback=0, fallbackOnly=0, unsolved=15
Wrote logs/family-census/solve-R02813-lm.json
Wrote logs/family-census/solve-R02813-lm-summary.md
portfolio-solve-sweep: corpus=data/families/family-R02813-sym.json levels=7 (7 to solve) scheduler-mode=legacy budget=8000ms node-budget=20000000 workers=4 save-hints=true
  [1/7] L4 (F02813-sym-04) ok=✗
  [2/7] L2 (F02813-sym-02) ok=✗
  [3/7] L1 (F02813-sym-01) ok=✗
  [4/7] L3 (F02813-sym-03) ok=✗
  [5/7] L5 (F02813-sym-05) ok=✗
  [6/7] L7 (F02813-sym-07) ok=✗
  [7/7] L6 (F02813-sym-06) ok=✗
Hints: appended to 0 level(s); 0 hint file(s) changed on disk.
Result: solved=0/7, solvedBeforeFallback=0, fallbackOnly=0, unsolved=7
Wrote logs/family-census/solve-R02813-sym.json
Wrote logs/family-census/solve-R02813-sym-summary.md
[01:17:50] DONE R02813
[01:17:50] START R02854
Parent R02854: witness stressMeta.witnessSolution (len 130, 4 jump(s)), 33 movable object instance(s) under strict inventory.
  attempt 1: accepted F02854-lm-01 — moved park (13,11) -> (10,10)
  attempt 2: accepted F02854-lm-02 — moved blocks (5,0) -> (5,10)
  attempt 3: accepted F02854-lm-03 — moved lamppost (5,4) -> (13,0)
  attempt 4: accepted F02854-lm-04 — moved library (12,0) -> (5,8)
  attempt 5: accepted F02854-lm-05 — moved falseGoals (6,6) -> (2,13)
  attempt 6: accepted F02854-lm-06 — moved falseGoals (12,5) -> (6,9)
  attempt 7: accepted F02854-lm-07 — moved blocks (5,0) -> (1,13)
  attempt 8: accepted F02854-lm-08 — moved blocks (6,8) -> (11,8)
  attempt 9: accepted F02854-lm-09 — moved park (13,11) -> (3,10)
  attempt 10: accepted F02854-lm-10 — moved mustPass (9,8) -> (5,5)
  attempt 11: accepted F02854-lm-11 — moved market (1,11) -> (13,10)
  attempt 12: accepted F02854-lm-12 — moved blocks (10,6) -> (5,7)
  attempt 13: accepted F02854-lm-13 — moved blocks (5,0) -> (3,13)
  attempt 14: accepted F02854-lm-14 — moved fountain (10,13) -> (13,0)
  attempt 15: accepted F02854-lm-15 — moved mustPass (6,5) -> (11,11)

15/15 new local-mutant sibling(s) generated for R02854 in 15 attempt(s) (budget 600); 15 total in data/families/family-R02854-lm.json.
Wrote 15 level(s) total to data/families/family-R02854-lm.json (changed=true), 15 hint file(s) written to data/families/hints/.
Wrote family manifest to data/families/family-R02854-lm-manifest.json (15 variant(s) total).
Parent R02854: witness stressMeta.witnessSolution (len 130, 4 jump(s)), 33 movable object instance(s) under strict inventory.
  variant 1 (rotation): accepted F02854-sym-01
  variant 2 (rotation): accepted F02854-sym-02
  variant 3 (rotation): accepted F02854-sym-03
  variant 4 (reflection): accepted F02854-sym-04
  variant 5 (reflection): accepted F02854-sym-05
  variant 6 (reflection): accepted F02854-sym-06
  variant 7 (reflection): accepted F02854-sym-07

7/7 new symmetry sibling(s) generated for R02854 in 7 attempt(s) (budget 7); 7 total in data/families/family-R02854-sym.json.
Wrote 7 level(s) total to data/families/family-R02854-sym.json (changed=true), 7 hint file(s) written to data/families/hints/.
Wrote family manifest to data/families/family-R02854-sym-manifest.json (7 variant(s) total).
portfolio-solve-sweep: corpus=data/families/family-R02854-lm.json levels=15 (15 to solve) scheduler-mode=legacy budget=8000ms node-budget=20000000 workers=4 save-hints=true
  [1/15] L1 (F02854-lm-01) ok=✓ legacy [hint saved]
  [2/15] L3 (F02854-lm-03) ok=✗
  [3/15] L4 (F02854-lm-04) ok=✗
  [4/15] L2 (F02854-lm-02) ok=✗
  [5/15] L5 (F02854-lm-05) ok=✗
  [6/15] L6 (F02854-lm-06) ok=✗
  [7/15] L8 (F02854-lm-08) ok=✗
  [8/15] L7 (F02854-lm-07) ok=✗
  [9/15] L9 (F02854-lm-09) ok=✗
  [10/15] L11 (F02854-lm-11) ok=✗
  [11/15] L12 (F02854-lm-12) ok=✗
  [12/15] L10 (F02854-lm-10) ok=✗
  [13/15] L13 (F02854-lm-13) ok=✗
  [14/15] L14 (F02854-lm-14) ok=✗
  [15/15] L15 (F02854-lm-15) ok=✗
Hints: appended to 1 level(s); 1 hint file(s) changed on disk.
Result: solved=1/15, solvedBeforeFallback=0, fallbackOnly=1, unsolved=14
Wrote logs/family-census/solve-R02854-lm.json
Wrote logs/family-census/solve-R02854-lm-summary.md
portfolio-solve-sweep: corpus=data/families/family-R02854-sym.json levels=7 (7 to solve) scheduler-mode=legacy budget=8000ms node-budget=20000000 workers=4 save-hints=true
  [1/7] L3 (F02854-sym-03) ok=✗
  [2/7] L2 (F02854-sym-02) ok=✗
  [3/7] L4 (F02854-sym-04) ok=✗
  [4/7] L1 (F02854-sym-01) ok=✗
  [5/7] L7 (F02854-sym-07) ok=✗
  [6/7] L6 (F02854-sym-06) ok=✗
  [7/7] L5 (F02854-sym-05) ok=✗
Hints: appended to 0 level(s); 0 hint file(s) changed on disk.
Result: solved=0/7, solvedBeforeFallback=0, fallbackOnly=0, unsolved=7
Wrote logs/family-census/solve-R02854-sym.json
Wrote logs/family-census/solve-R02854-sym-summary.md
[01:20:33] DONE R02854
[01:20:33] START R02896
Parent R02896: witness stressMeta.witnessSolution (len 108, 0 jump(s)), 48 movable object instance(s) under strict inventory.
  attempt 1: accepted F02896-lm-01 — moved blocks (12,7) -> (12,6)
  attempt 2: accepted F02896-lm-02 — moved lamppost (0,10) -> (10,9)
  attempt 3: accepted F02896-lm-03 — moved blocks (12,7) -> (12,11)
  attempt 4: accepted F02896-lm-04 — moved blocks (7,11) -> (1,7)
  attempt 5: accepted F02896-lm-05 — moved blocks (9,12) -> (0,12)
  attempt 6: accepted F02896-lm-06 — moved blocks (12,0) -> (11,1)
  attempt 7: accepted F02896-lm-07 — moved market (9,9) -> (0,12)
  attempt 8: accepted F02896-lm-08 — moved market (11,8) -> (6,3)
  attempt 9: accepted F02896-lm-09 — moved blocks (7,0) -> (0,12)
  attempt 10: accepted F02896-lm-10 — moved blocks (8,0) -> (12,6)
  attempt 11: accepted F02896-lm-11 — moved blocks (12,7) -> (12,3)
  attempt 12: accepted F02896-lm-12 — moved flippingFilters (4,0) -> (9,2)
  attempt 13: accepted F02896-lm-13 — moved blocks (6,5) -> (12,6)
  attempt 14: accepted F02896-lm-14 — moved blocks (9,12) -> (12,2)
  attempt 15: accepted F02896-lm-15 — moved blocks (10,12) -> (6,3)

15/15 new local-mutant sibling(s) generated for R02896 in 15 attempt(s) (budget 600); 15 total in data/families/family-R02896-lm.json.
Wrote 15 level(s) total to data/families/family-R02896-lm.json (changed=true), 15 hint file(s) written to data/families/hints/.
Wrote family manifest to data/families/family-R02896-lm-manifest.json (15 variant(s) total).
Parent R02896: witness stressMeta.witnessSolution (len 108, 0 jump(s)), 48 movable object instance(s) under strict inventory.
  variant 1 (rotation): accepted F02896-sym-01
  variant 2 (rotation): accepted F02896-sym-02
  variant 3 (rotation): accepted F02896-sym-03
  variant 4 (reflection): accepted F02896-sym-04
  variant 5 (reflection): accepted F02896-sym-05
  variant 6 (reflection): accepted F02896-sym-06
  variant 7 (reflection): accepted F02896-sym-07

7/7 new symmetry sibling(s) generated for R02896 in 7 attempt(s) (budget 7); 7 total in data/families/family-R02896-sym.json.
Wrote 7 level(s) total to data/families/family-R02896-sym.json (changed=true), 7 hint file(s) written to data/families/hints/.
Wrote family manifest to data/families/family-R02896-sym-manifest.json (7 variant(s) total).
portfolio-solve-sweep: corpus=data/families/family-R02896-lm.json levels=15 (15 to solve) scheduler-mode=legacy budget=8000ms node-budget=20000000 workers=4 save-hints=true
  [1/15] L4 (F02896-lm-04) ok=✗
  [2/15] L2 (F02896-lm-02) ok=✗
  [3/15] L1 (F02896-lm-01) ok=✗
  [4/15] L3 (F02896-lm-03) ok=✗
  [5/15] L5 (F02896-lm-05) ok=✗
  [6/15] L7 (F02896-lm-07) ok=✗
  [7/15] L6 (F02896-lm-06) ok=✗
  [8/15] L8 (F02896-lm-08) ok=✗
  [9/15] L12 (F02896-lm-12) ok=✓ legacy [hint saved]
  [10/15] L9 (F02896-lm-09) ok=✗
  [11/15] L10 (F02896-lm-10) ok=✗
  [12/15] L11 (F02896-lm-11) ok=✗
  [13/15] L13 (F02896-lm-13) ok=✗
  [14/15] L15 (F02896-lm-15) ok=✗
  [15/15] L14 (F02896-lm-14) ok=✗
Hints: appended to 1 level(s); 1 hint file(s) changed on disk.
Result: solved=1/15, solvedBeforeFallback=0, fallbackOnly=1, unsolved=14
Wrote logs/family-census/solve-R02896-lm.json
Wrote logs/family-census/solve-R02896-lm-summary.md
portfolio-solve-sweep: corpus=data/families/family-R02896-sym.json levels=7 (7 to solve) scheduler-mode=legacy budget=8000ms node-budget=20000000 workers=4 save-hints=true
  [1/7] L1 (F02896-sym-01) ok=✗
  [2/7] L3 (F02896-sym-03) ok=✗
  [3/7] L2 (F02896-sym-02) ok=✗
  [4/7] L4 (F02896-sym-04) ok=✗
  [5/7] L5 (F02896-sym-05) ok=✗
  [6/7] L7 (F02896-sym-07) ok=✗
  [7/7] L6 (F02896-sym-06) ok=✗
Hints: appended to 0 level(s); 0 hint file(s) changed on disk.
Result: solved=0/7, solvedBeforeFallback=0, fallbackOnly=0, unsolved=7
Wrote logs/family-census/solve-R02896-sym.json
Wrote logs/family-census/solve-R02896-sym-summary.md
[01:23:06] DONE R02896
[01:23:06] START R02932
Parent R02932: witness stressMeta.witnessSolution (len 96, 5 jump(s)), 39 movable object instance(s) under strict inventory.
  attempt 1: accepted F02932-lm-01 — moved falseGoals (8,1) -> (7,6)
  attempt 2: accepted F02932-lm-02 — moved blocks (6,8) -> (9,9)
  attempt 3: accepted F02932-lm-03 — moved flippingFilters (5,8) -> (8,7)
  attempt 4: accepted F02932-lm-04 — moved geese (0,10) -> (6,1)
  attempt 5: accepted F02932-lm-05 — moved blocks (10,8) -> (11,9)
  attempt 6: accepted F02932-lm-06 — moved library (3,6) -> (7,0)
  attempt 7: accepted F02932-lm-07 — moved park (9,10) -> (9,1)
  attempt 8: accepted F02932-lm-08 — moved library (3,6) -> (0,0)
  attempt 9: accepted F02932-lm-09 — moved blocks (6,6) -> (11,8)
  attempt 10: accepted F02932-lm-10 — moved market (11,11) -> (0,0)
  attempt 11: accepted F02932-lm-11 — moved falseGoals (5,10) -> (7,8)
  attempt 12: accepted F02932-lm-12 — moved library (3,6) -> (9,5)
  attempt 13: accepted F02932-lm-13 — moved fountain (9,4) -> (3,11)
  attempt 14: accepted F02932-lm-14 — moved geese (7,7) -> (6,1)
  attempt 15: accepted F02932-lm-15 — moved falseGoals (8,1) -> (6,1)

15/15 new local-mutant sibling(s) generated for R02932 in 15 attempt(s) (budget 600); 15 total in data/families/family-R02932-lm.json.
Wrote 15 level(s) total to data/families/family-R02932-lm.json (changed=true), 15 hint file(s) written to data/families/hints/.
Wrote family manifest to data/families/family-R02932-lm-manifest.json (15 variant(s) total).
Parent R02932: witness stressMeta.witnessSolution (len 96, 5 jump(s)), 39 movable object instance(s) under strict inventory.
  variant 1 (rotation): accepted F02932-sym-01
  variant 2 (rotation): accepted F02932-sym-02
  variant 3 (rotation): accepted F02932-sym-03
  variant 4 (reflection): accepted F02932-sym-04
  variant 5 (reflection): accepted F02932-sym-05
  variant 6 (reflection): accepted F02932-sym-06
  variant 7 (reflection): accepted F02932-sym-07

7/7 new symmetry sibling(s) generated for R02932 in 7 attempt(s) (budget 7); 7 total in data/families/family-R02932-sym.json.
Wrote 7 level(s) total to data/families/family-R02932-sym.json (changed=true), 7 hint file(s) written to data/families/hints/.
Wrote family manifest to data/families/family-R02932-sym-manifest.json (7 variant(s) total).
portfolio-solve-sweep: corpus=data/families/family-R02932-lm.json levels=15 (15 to solve) scheduler-mode=legacy budget=8000ms node-budget=20000000 workers=4 save-hints=true
  [1/15] L4 (F02932-lm-04) ok=✗
  [2/15] L3 (F02932-lm-03) ok=✗
  [3/15] L1 (F02932-lm-01) ok=✗
  [4/15] L2 (F02932-lm-02) ok=✗
  [5/15] L5 (F02932-lm-05) ok=✗
  [6/15] L9 (F02932-lm-09) ok=✓ legacy [hint saved]
  [7/15] L8 (F02932-lm-08) ok=✗
  [8/15] L6 (F02932-lm-06) ok=✗
  [9/15] L7 (F02932-lm-07) ok=✗
  [10/15] L10 (F02932-lm-10) ok=✗
  [11/15] L11 (F02932-lm-11) ok=✗
  [12/15] L13 (F02932-lm-13) ok=✗
  [13/15] L12 (F02932-lm-12) ok=✗
  [14/15] L14 (F02932-lm-14) ok=✗
  [15/15] L15 (F02932-lm-15) ok=✗
Hints: appended to 1 level(s); 1 hint file(s) changed on disk.
Result: solved=1/15, solvedBeforeFallback=0, fallbackOnly=1, unsolved=14
Wrote logs/family-census/solve-R02932-lm.json
Wrote logs/family-census/solve-R02932-lm-summary.md
portfolio-solve-sweep: corpus=data/families/family-R02932-sym.json levels=7 (7 to solve) scheduler-mode=legacy budget=8000ms node-budget=20000000 workers=4 save-hints=true
  [1/7] L3 (F02932-sym-03) ok=✗
  [2/7] L4 (F02932-sym-04) ok=✗
  [3/7] L1 (F02932-sym-01) ok=✗
  [4/7] L2 (F02932-sym-02) ok=✗
  [5/7] L5 (F02932-sym-05) ok=✗
  [6/7] L6 (F02932-sym-06) ok=✗
  [7/7] L7 (F02932-sym-07) ok=✗
Hints: appended to 0 level(s); 0 hint file(s) changed on disk.
Result: solved=0/7, solvedBeforeFallback=0, fallbackOnly=0, unsolved=7
Wrote logs/family-census/solve-R02932-sym.json
Wrote logs/family-census/solve-R02932-sym-summary.md
[01:27:15] DONE R02932
[01:27:15] START R02979
Parent R02979: witness stressMeta.witnessSolution (len 105, 0 jump(s)), 56 movable object instance(s) under strict inventory.
  attempt 1: accepted F02979-lm-01 — moved library (4,8) -> (4,3)
  attempt 2: accepted F02979-lm-02 — moved blocks (5,11) -> (4,3)
  attempt 3: accepted F02979-lm-03 — moved lamppost (4,5) -> (0,8)
  attempt 4: accepted F02979-lm-04 — moved statue (7,1) -> (1,7)
  attempt 5: accepted F02979-lm-05 — moved blocks (11,1) -> (3,5)
  attempt 6: accepted F02979-lm-06 — moved blocks (6,9) -> (6,11)
  attempt 7: accepted F02979-lm-07 — moved falseGoals (4,4) -> (5,4)
  attempt 8: accepted F02979-lm-08 — moved mustPass (10,2) -> (9,1)
  attempt 9: accepted F02979-lm-09 — moved falseGoals (3,0) -> (3,5)
  attempt 10: accepted F02979-lm-10 — moved mustPass (4,6) -> (10,8)
  attempt 11: accepted F02979-lm-11 — moved park (4,10) -> (4,3)
  attempt 12: accepted F02979-lm-12 — moved blocks (11,1) -> (6,10)
  attempt 13: accepted F02979-lm-13 — moved blocks (5,3) -> (1,7)
  attempt 14: accepted F02979-lm-14 — moved mustPass (9,9) -> (1,10)
  attempt 15: accepted F02979-lm-15 — moved market (5,6) -> (4,9)

15/15 new local-mutant sibling(s) generated for R02979 in 15 attempt(s) (budget 600); 15 total in data/families/family-R02979-lm.json.
Wrote 15 level(s) total to data/families/family-R02979-lm.json (changed=true), 15 hint file(s) written to data/families/hints/.
Wrote family manifest to data/families/family-R02979-lm-manifest.json (15 variant(s) total).
Parent R02979: witness stressMeta.witnessSolution (len 105, 0 jump(s)), 56 movable object instance(s) under strict inventory.
  variant 1 (rotation): accepted F02979-sym-01
  variant 2 (rotation): accepted F02979-sym-02
  variant 3 (rotation): accepted F02979-sym-03
  variant 4 (reflection): accepted F02979-sym-04
  variant 5 (reflection): accepted F02979-sym-05
  variant 6 (reflection): accepted F02979-sym-06
  variant 7 (reflection): accepted F02979-sym-07

7/7 new symmetry sibling(s) generated for R02979 in 7 attempt(s) (budget 7); 7 total in data/families/family-R02979-sym.json.
Wrote 7 level(s) total to data/families/family-R02979-sym.json (changed=true), 7 hint file(s) written to data/families/hints/.
Wrote family manifest to data/families/family-R02979-sym-manifest.json (7 variant(s) total).
portfolio-solve-sweep: corpus=data/families/family-R02979-lm.json levels=15 (15 to solve) scheduler-mode=legacy budget=8000ms node-budget=20000000 workers=4 save-hints=true
  [1/15] L1 (F02979-lm-01) ok=✗
  [2/15] L4 (F02979-lm-04) ok=✗
  [3/15] L2 (F02979-lm-02) ok=✗
  [4/15] L3 (F02979-lm-03) ok=✗
  [5/15] L5 (F02979-lm-05) ok=✗
  [6/15] L6 (F02979-lm-06) ok=✗
  [7/15] L7 (F02979-lm-07) ok=✗
  [8/15] L8 (F02979-lm-08) ok=✗
  [9/15] L9 (F02979-lm-09) ok=✗
  [10/15] L10 (F02979-lm-10) ok=✗
  [11/15] L11 (F02979-lm-11) ok=✗
  [12/15] L12 (F02979-lm-12) ok=✗
  [13/15] L14 (F02979-lm-14) ok=✗
  [14/15] L13 (F02979-lm-13) ok=✗
  [15/15] L15 (F02979-lm-15) ok=✗
Hints: appended to 0 level(s); 0 hint file(s) changed on disk.
Result: solved=0/15, solvedBeforeFallback=0, fallbackOnly=0, unsolved=15
Wrote logs/family-census/solve-R02979-lm.json
Wrote logs/family-census/solve-R02979-lm-summary.md
portfolio-solve-sweep: corpus=data/families/family-R02979-sym.json levels=7 (7 to solve) scheduler-mode=legacy budget=8000ms node-budget=20000000 workers=4 save-hints=true
  [1/7] L3 (F02979-sym-03) ok=✗
  [2/7] L1 (F02979-sym-01) ok=✗
  [3/7] L2 (F02979-sym-02) ok=✗
  [4/7] L4 (F02979-sym-04) ok=✗
  [5/7] L7 (F02979-sym-07) ok=✗
  [6/7] L6 (F02979-sym-06) ok=✗
  [7/7] L5 (F02979-sym-05) ok=✗
Hints: appended to 0 level(s); 0 hint file(s) changed on disk.
Result: solved=0/7, solvedBeforeFallback=0, fallbackOnly=0, unsolved=7
Wrote logs/family-census/solve-R02979-sym.json
Wrote logs/family-census/solve-R02979-sym-summary.md
[01:35:43] DONE R02979
[01:35:43] START R03019
Parent R03019: witness stressMeta.witnessSolution (len 86, 4 jump(s)), 52 movable object instance(s) under strict inventory.
  attempt 1: accepted F03019-lm-01 — moved library (2,2) -> (9,10)
  attempt 2: accepted F03019-lm-02 — moved mustPass (7,6) -> (3,2)
  attempt 3: accepted F03019-lm-03 — moved flippingFilters (0,0) -> (10,4)
  attempt 4: accepted F03019-lm-04 — moved fountain (5,4) -> (1,8)
  attempt 5: accepted F03019-lm-05 — moved flippingFilters (9,0) -> (9,7)
  attempt 6: accepted F03019-lm-06 — moved library (2,7) -> (5,7)
  attempt 7: accepted F03019-lm-07 — moved statue (2,8) -> (1,2)
  attempt 8: accepted F03019-lm-08 — moved flippingFilters (4,10) -> (2,10)
  attempt 9: accepted F03019-lm-09 — moved library (2,7) -> (0,7)
  attempt 10: accepted F03019-lm-10 — moved library (2,7) -> (10,2)
  attempt 11: accepted F03019-lm-11 — moved mustPass (2,0) -> (3,2)
  attempt 12: accepted F03019-lm-12 — moved flippingFilters (4,10) -> (3,6)
  attempt 13: accepted F03019-lm-13 — moved flippingFilters (0,0) -> (3,2)
  attempt 14: accepted F03019-lm-14 — moved flippingFilters (7,5) -> (9,1)
  attempt 15: accepted F03019-lm-15 — moved mustPass (7,6) -> (2,10)

15/15 new local-mutant sibling(s) generated for R03019 in 15 attempt(s) (budget 600); 15 total in data/families/family-R03019-lm.json.
Wrote 15 level(s) total to data/families/family-R03019-lm.json (changed=true), 15 hint file(s) written to data/families/hints/.
Wrote family manifest to data/families/family-R03019-lm-manifest.json (15 variant(s) total).
Parent R03019: witness stressMeta.witnessSolution (len 86, 4 jump(s)), 52 movable object instance(s) under strict inventory.
  variant 1 (rotation): accepted F03019-sym-01
  variant 2 (rotation): accepted F03019-sym-02
  variant 3 (rotation): accepted F03019-sym-03
  variant 4 (reflection): accepted F03019-sym-04
  variant 5 (reflection): accepted F03019-sym-05
  variant 6 (reflection): accepted F03019-sym-06
  variant 7 (reflection): accepted F03019-sym-07

7/7 new symmetry sibling(s) generated for R03019 in 7 attempt(s) (budget 7); 7 total in data/families/family-R03019-sym.json.
Wrote 7 level(s) total to data/families/family-R03019-sym.json (changed=true), 7 hint file(s) written to data/families/hints/.
Wrote family manifest to data/families/family-R03019-sym-manifest.json (7 variant(s) total).
portfolio-solve-sweep: corpus=data/families/family-R03019-lm.json levels=15 (15 to solve) scheduler-mode=legacy budget=8000ms node-budget=20000000 workers=4 save-hints=true
  [1/15] L3 (F03019-lm-03) ok=✗
  [2/15] L2 (F03019-lm-02) ok=✗
  [3/15] L4 (F03019-lm-04) ok=✗
  [4/15] L1 (F03019-lm-01) ok=✗
  [5/15] L5 (F03019-lm-05) ok=✓ legacy [hint saved]
  [6/15] L8 (F03019-lm-08) ok=✗
  [7/15] L6 (F03019-lm-06) ok=✗
  [8/15] L9 (F03019-lm-09) ok=✗
  [9/15] L7 (F03019-lm-07) ok=✗
  [10/15] L11 (F03019-lm-11) ok=✗
  [11/15] L12 (F03019-lm-12) ok=✗
  [12/15] L10 (F03019-lm-10) ok=✗
  [13/15] L13 (F03019-lm-13) ok=✗
  [14/15] L14 (F03019-lm-14) ok=✗
  [15/15] L15 (F03019-lm-15) ok=✗
Hints: appended to 1 level(s); 1 hint file(s) changed on disk.
Result: solved=1/15, solvedBeforeFallback=0, fallbackOnly=1, unsolved=14
Wrote logs/family-census/solve-R03019-lm.json
Wrote logs/family-census/solve-R03019-lm-summary.md
portfolio-solve-sweep: corpus=data/families/family-R03019-sym.json levels=7 (7 to solve) scheduler-mode=legacy budget=8000ms node-budget=20000000 workers=4 save-hints=true
  [1/7] L1 (F03019-sym-01) ok=✓ legacy [hint saved]
  [2/7] L2 (F03019-sym-02) ok=✗
  [3/7] L5 (F03019-sym-05) ok=✗
  [4/7] L4 (F03019-sym-04) ok=✗
  [5/7] L3 (F03019-sym-03) ok=✗
  [6/7] L6 (F03019-sym-06) ok=✗
  [7/7] L7 (F03019-sym-07) ok=✗
Hints: appended to 1 level(s); 1 hint file(s) changed on disk.
Result: solved=1/7, solvedBeforeFallback=0, fallbackOnly=1, unsolved=6
Wrote logs/family-census/solve-R03019-sym.json
Wrote logs/family-census/solve-R03019-sym-summary.md
[01:40:13] DONE R03019
[01:40:13] START R03046
Parent R03046: witness stressMeta.witnessSolution (len 88, 6 jump(s)), 58 movable object instance(s) under strict inventory.
  attempt 1: accepted F03046-lm-01 — moved geese (2,8) -> (10,5)
  attempt 2: accepted F03046-lm-02 — moved flippingFilters (3,11) -> (10,5)
  attempt 3: accepted F03046-lm-03 — moved flippingFilters (9,11) -> (7,2)
  attempt 4: accepted F03046-lm-04 — moved blocks (3,10) -> (5,3)
  attempt 5: accepted F03046-lm-05 — moved flippingFilters (9,11) -> (7,5)
  attempt 6: accepted F03046-lm-06 — moved fountain (4,12) -> (0,9)
  attempt 7: accepted F03046-lm-07 — moved blocks (9,4) -> (1,6)
  attempt 8: accepted F03046-lm-08 — moved blocks (6,3) -> (6,1)
  attempt 9: accepted F03046-lm-09 — moved blocks (10,3) -> (7,5)
  attempt 10: accepted F03046-lm-10 — moved flippingFilters (5,12) -> (10,6)
  attempt 11: accepted F03046-lm-11 — moved blocks (8,12) -> (2,9)
  attempt 12: accepted F03046-lm-12 — moved flippingFilters (5,12) -> (1,10)
  attempt 13: accepted F03046-lm-13 — moved fountain (4,12) -> (11,2)
  attempt 14: accepted F03046-lm-14 — moved blocks (11,5) -> (4,4)
  attempt 15: accepted F03046-lm-15 — moved fountain (8,6) -> (2,12)

15/15 new local-mutant sibling(s) generated for R03046 in 15 attempt(s) (budget 600); 15 total in data/families/family-R03046-lm.json.
Wrote 15 level(s) total to data/families/family-R03046-lm.json (changed=true), 15 hint file(s) written to data/families/hints/.
Wrote family manifest to data/families/family-R03046-lm-manifest.json (15 variant(s) total).
Parent R03046: witness stressMeta.witnessSolution (len 88, 6 jump(s)), 58 movable object instance(s) under strict inventory.
  variant 1 (rotation): accepted F03046-sym-01
  variant 2 (rotation): accepted F03046-sym-02
  variant 3 (rotation): accepted F03046-sym-03
  variant 4 (reflection): accepted F03046-sym-04
  variant 5 (reflection): accepted F03046-sym-05
  variant 6 (reflection): accepted F03046-sym-06
  variant 7 (reflection): accepted F03046-sym-07

7/7 new symmetry sibling(s) generated for R03046 in 7 attempt(s) (budget 7); 7 total in data/families/family-R03046-sym.json.
Wrote 7 level(s) total to data/families/family-R03046-sym.json (changed=true), 7 hint file(s) written to data/families/hints/.
Wrote family manifest to data/families/family-R03046-sym-manifest.json (7 variant(s) total).
portfolio-solve-sweep: corpus=data/families/family-R03046-lm.json levels=15 (15 to solve) scheduler-mode=legacy budget=8000ms node-budget=20000000 workers=4 save-hints=true
  [1/15] L2 (F03046-lm-02) ok=✗
  [2/15] L1 (F03046-lm-01) ok=✗
  [3/15] L3 (F03046-lm-03) ok=✗
  [4/15] L4 (F03046-lm-04) ok=✗
  [5/15] L5 (F03046-lm-05) ok=✗
  [6/15] L6 (F03046-lm-06) ok=✗
  [7/15] L7 (F03046-lm-07) ok=✗
  [8/15] L8 (F03046-lm-08) ok=✗
  [9/15] L9 (F03046-lm-09) ok=✗
  [10/15] L11 (F03046-lm-11) ok=✗
  [11/15] L12 (F03046-lm-12) ok=✗
  [12/15] L10 (F03046-lm-10) ok=✗
  [13/15] L15 (F03046-lm-15) ok=✗
  [14/15] L14 (F03046-lm-14) ok=✗
  [15/15] L13 (F03046-lm-13) ok=✗
Hints: appended to 0 level(s); 0 hint file(s) changed on disk.
Result: solved=0/15, solvedBeforeFallback=0, fallbackOnly=0, unsolved=15
Wrote logs/family-census/solve-R03046-lm.json
Wrote logs/family-census/solve-R03046-lm-summary.md
portfolio-solve-sweep: corpus=data/families/family-R03046-sym.json levels=7 (7 to solve) scheduler-mode=legacy budget=8000ms node-budget=20000000 workers=4 save-hints=true
  [1/7] L3 (F03046-sym-03) ok=✗
  [2/7] L2 (F03046-sym-02) ok=✗
  [3/7] L1 (F03046-sym-01) ok=✗
  [4/7] L4 (F03046-sym-04) ok=✗
  [5/7] L7 (F03046-sym-07) ok=✗
  [6/7] L6 (F03046-sym-06) ok=✗
  [7/7] L5 (F03046-sym-05) ok=✗
Hints: appended to 0 level(s); 0 hint file(s) changed on disk.
Result: solved=0/7, solvedBeforeFallback=0, fallbackOnly=0, unsolved=7
Wrote logs/family-census/solve-R03046-sym.json
Wrote logs/family-census/solve-R03046-sym-summary.md
[01:41:45] DONE R03046
[01:41:45] START R03073
Parent R03073: witness hint[0] (len 120, 4 jump(s)), 39 movable object instance(s) under strict inventory.
  attempt 1: accepted F03073-lm-01 — moved geese (4,5) -> (13,7)
  attempt 2: accepted F03073-lm-02 — moved flippingFilters (5,7) -> (5,0)
  attempt 3: accepted F03073-lm-03 — moved geese (4,5) -> (12,6)
  attempt 4: accepted F03073-lm-04 — moved blocks (11,11) -> (10,7)
  attempt 5: accepted F03073-lm-05 — moved mustPass (12,5) -> (6,4)
  attempt 6: accepted F03073-lm-06 — moved blocks (7,0) -> (13,1)
  attempt 7: accepted F03073-lm-07 — moved flippingFilters (11,6) -> (7,1)
  attempt 8: accepted F03073-lm-08 — moved geese (12,9) -> (9,1)
  attempt 9: accepted F03073-lm-09 — moved geese (13,5) -> (4,3)
  attempt 10: accepted F03073-lm-10 — moved geese (12,9) -> (7,11)
  attempt 11: accepted F03073-lm-11 — moved geese (0,13) -> (11,1)
  attempt 12: accepted F03073-lm-12 — moved lamppost (10,9) -> (12,7)
  attempt 13: accepted F03073-lm-13 — moved flippingFilters (5,7) -> (0,1)
  attempt 14: accepted F03073-lm-14 — moved geese (4,6) -> (0,9)
  attempt 15: accepted F03073-lm-15 — moved flippingFilters (10,1) -> (9,10)

15/15 new local-mutant sibling(s) generated for R03073 in 15 attempt(s) (budget 600); 15 total in data/families/family-R03073-lm.json.
Wrote 15 level(s) total to data/families/family-R03073-lm.json (changed=true), 15 hint file(s) written to data/families/hints/.
Wrote family manifest to data/families/family-R03073-lm-manifest.json (15 variant(s) total).
Parent R03073: witness hint[0] (len 120, 4 jump(s)), 39 movable object instance(s) under strict inventory.
  variant 1 (rotation): accepted F03073-sym-01
  variant 2 (rotation): accepted F03073-sym-02
  variant 3 (rotation): accepted F03073-sym-03
  variant 4 (reflection): accepted F03073-sym-04
  variant 5 (reflection): accepted F03073-sym-05
  variant 6 (reflection): accepted F03073-sym-06
  variant 7 (reflection): accepted F03073-sym-07

7/7 new symmetry sibling(s) generated for R03073 in 7 attempt(s) (budget 7); 7 total in data/families/family-R03073-sym.json.
Wrote 7 level(s) total to data/families/family-R03073-sym.json (changed=true), 7 hint file(s) written to data/families/hints/.
Wrote family manifest to data/families/family-R03073-sym-manifest.json (7 variant(s) total).
portfolio-solve-sweep: corpus=data/families/family-R03073-lm.json levels=15 (15 to solve) scheduler-mode=legacy budget=8000ms node-budget=20000000 workers=4 save-hints=true
  [1/15] L2 (F03073-lm-02) ok=✓ legacy [hint saved]
  [2/15] L5 (F03073-lm-05) ok=✗
  [3/15] L3 (F03073-lm-03) ok=✗
  [4/15] L1 (F03073-lm-01) ok=✗
  [5/15] L4 (F03073-lm-04) ok=✗
  [6/15] L6 (F03073-lm-06) ok=✓ legacy [hint saved]
  [7/15] L7 (F03073-lm-07) ok=✓ legacy [hint saved]
  [8/15] L8 (F03073-lm-08) ok=✓ legacy [hint saved]
  [9/15] L9 (F03073-lm-09) ok=✓ legacy [hint saved]
  [10/15] L10 (F03073-lm-10) ok=✓ legacy [hint saved]
  [11/15] L11 (F03073-lm-11) ok=✓ legacy [hint saved]
  [12/15] L12 (F03073-lm-12) ok=✓ legacy [hint saved]
  [13/15] L13 (F03073-lm-13) ok=✗
  [14/15] L14 (F03073-lm-14) ok=✓ legacy [hint saved]
  [15/15] L15 (F03073-lm-15) ok=✗
Hints: appended to 9 level(s); 9 hint file(s) changed on disk.
Result: solved=9/15, solvedBeforeFallback=0, fallbackOnly=9, unsolved=6
Wrote logs/family-census/solve-R03073-lm.json
Wrote logs/family-census/solve-R03073-lm-summary.md
portfolio-solve-sweep: corpus=data/families/family-R03073-sym.json levels=7 (7 to solve) scheduler-mode=legacy budget=8000ms node-budget=20000000 workers=4 save-hints=true
  [1/7] L1 (F03073-sym-01) ok=✗
  [2/7] L3 (F03073-sym-03) ok=✗
  [3/7] L4 (F03073-sym-04) ok=✗
  [4/7] L2 (F03073-sym-02) ok=✗
  [5/7] L5 (F03073-sym-05) ok=✓ legacy [hint saved]
  [6/7] L6 (F03073-sym-06) ok=✗
  [7/7] L7 (F03073-sym-07) ok=✗
Hints: appended to 1 level(s); 1 hint file(s) changed on disk.
Result: solved=1/7, solvedBeforeFallback=0, fallbackOnly=1, unsolved=6
Wrote logs/family-census/solve-R03073-sym.json
Wrote logs/family-census/solve-R03073-sym-summary.md
[01:44:41] DONE R03073
[01:44:41] START R03105
Parent R03105: witness stressMeta.witnessSolution (len 84, 4 jump(s)), 52 movable object instance(s) under strict inventory.
  attempt 1: accepted F03105-lm-01 — moved statue (9,3) -> (8,3)
  attempt 2: accepted F03105-lm-02 — moved blocks (5,3) -> (4,1)
  attempt 3: accepted F03105-lm-03 — moved blocks (11,10) -> (11,11)
  attempt 4: accepted F03105-lm-04 — moved flippingFilters (5,11) -> (1,0)
  attempt 5: accepted F03105-lm-05 — moved blocks (11,2) -> (7,1)
  attempt 6: accepted F03105-lm-06 — moved blocks (7,3) -> (6,4)
  attempt 7: accepted F03105-lm-07 — moved blocks (7,7) -> (6,4)
  attempt 8: accepted F03105-lm-08 — moved fountain (4,10) -> (10,4)
  attempt 9: accepted F03105-lm-09 — moved flippingFilters (11,7) -> (1,2)
  attempt 10: accepted F03105-lm-10 — moved lamppost (10,6) -> (8,8)
  attempt 11: accepted F03105-lm-11 — moved blocks (11,10) -> (10,10)
  attempt 12: accepted F03105-lm-12 — moved blocks (0,6) -> (1,0)
  attempt 13: accepted F03105-lm-13 — moved fountain (4,10) -> (4,11)
  attempt 14: accepted F03105-lm-14 — moved blocks (4,3) -> (1,0)
  attempt 15: accepted F03105-lm-15 — moved lamppost (4,7) -> (0,5)

15/15 new local-mutant sibling(s) generated for R03105 in 15 attempt(s) (budget 600); 15 total in data/families/family-R03105-lm.json.
Wrote 15 level(s) total to data/families/family-R03105-lm.json (changed=true), 15 hint file(s) written to data/families/hints/.
Wrote family manifest to data/families/family-R03105-lm-manifest.json (15 variant(s) total).
Parent R03105: witness stressMeta.witnessSolution (len 84, 4 jump(s)), 52 movable object instance(s) under strict inventory.
  variant 1 (rotation): accepted F03105-sym-01
  variant 2 (rotation): accepted F03105-sym-02
  variant 3 (rotation): accepted F03105-sym-03
  variant 4 (reflection): accepted F03105-sym-04
  variant 5 (reflection): accepted F03105-sym-05
  variant 6 (reflection): accepted F03105-sym-06
  variant 7 (reflection): accepted F03105-sym-07

7/7 new symmetry sibling(s) generated for R03105 in 7 attempt(s) (budget 7); 7 total in data/families/family-R03105-sym.json.
Wrote 7 level(s) total to data/families/family-R03105-sym.json (changed=true), 7 hint file(s) written to data/families/hints/.
Wrote family manifest to data/families/family-R03105-sym-manifest.json (7 variant(s) total).
portfolio-solve-sweep: corpus=data/families/family-R03105-lm.json levels=15 (15 to solve) scheduler-mode=legacy budget=8000ms node-budget=20000000 workers=4 save-hints=true
  [1/15] L4 (F03105-lm-04) ok=✗
  [2/15] L3 (F03105-lm-03) ok=✗
  [3/15] L1 (F03105-lm-01) ok=✗
  [4/15] L2 (F03105-lm-02) ok=✗
  [5/15] L5 (F03105-lm-05) ok=✗
  [6/15] L8 (F03105-lm-08) ok=✗
  [7/15] L6 (F03105-lm-06) ok=✗
  [8/15] L7 (F03105-lm-07) ok=✗
  [9/15] L12 (F03105-lm-12) ok=✗
  [10/15] L9 (F03105-lm-09) ok=✗
  [11/15] L11 (F03105-lm-11) ok=✗
  [12/15] L10 (F03105-lm-10) ok=✗
  [13/15] L14 (F03105-lm-14) ok=✗
  [14/15] L13 (F03105-lm-13) ok=✗
  [15/15] L15 (F03105-lm-15) ok=✗
Hints: appended to 0 level(s); 0 hint file(s) changed on disk.
Result: solved=0/15, solvedBeforeFallback=0, fallbackOnly=0, unsolved=15
Wrote logs/family-census/solve-R03105-lm.json
Wrote logs/family-census/solve-R03105-lm-summary.md
portfolio-solve-sweep: corpus=data/families/family-R03105-sym.json levels=7 (7 to solve) scheduler-mode=legacy budget=8000ms node-budget=20000000 workers=4 save-hints=true
  [1/7] L1 (F03105-sym-01) ok=✗
  [2/7] L3 (F03105-sym-03) ok=✗
  [3/7] L4 (F03105-sym-04) ok=✗
  [4/7] L2 (F03105-sym-02) ok=✗
  [5/7] L5 (F03105-sym-05) ok=✗
  [6/7] L7 (F03105-sym-07) ok=✗
  [7/7] L6 (F03105-sym-06) ok=✗
Hints: appended to 0 level(s); 0 hint file(s) changed on disk.
Result: solved=0/7, solvedBeforeFallback=0, fallbackOnly=0, unsolved=7
Wrote logs/family-census/solve-R03105-sym.json
Wrote logs/family-census/solve-R03105-sym-summary.md
[01:49:03] DONE R03105
[01:49:03] START R03133
Parent R03133: witness stressMeta.witnessSolution (len 114, 4 jump(s)), 34 movable object instance(s) under strict inventory.
  attempt 1: accepted F03133-lm-01 — moved statue (0,8) -> (6,8)
  attempt 2: accepted F03133-lm-02 — moved statue (0,8) -> (6,6)
  attempt 3: accepted F03133-lm-03 — moved statue (13,3) -> (9,8)
  attempt 4: accepted F03133-lm-04 — moved market (1,5) -> (7,10)
  attempt 5: rejected — degenerate duplicate of parent or another accepted variant
  attempt 6: accepted F03133-lm-05 — moved mustPass (9,5) -> (13,6)
  attempt 7: accepted F03133-lm-06 — moved market (9,9) -> (9,8)
  attempt 8: accepted F03133-lm-07 — moved park (2,13) -> (3,4)
  attempt 9: accepted F03133-lm-08 — moved library (2,3) -> (3,9)
  attempt 10: accepted F03133-lm-09 — moved park (6,13) -> (11,4)
  attempt 11: accepted F03133-lm-10 — moved mustPass (0,4) -> (11,9)
  attempt 12: accepted F03133-lm-11 — moved park (6,0) -> (10,13)
  attempt 13: accepted F03133-lm-12 — moved mustPass (13,7) -> (10,6)
  attempt 14: accepted F03133-lm-13 — moved mustPass (2,5) -> (9,10)
  attempt 15: accepted F03133-lm-14 — moved fountain (14,1) -> (9,8)
  attempt 16: accepted F03133-lm-15 — moved statue (12,2) -> (3,9)

15/15 new local-mutant sibling(s) generated for R03133 in 16 attempt(s) (budget 600); 15 total in data/families/family-R03133-lm.json.
Wrote 15 level(s) total to data/families/family-R03133-lm.json (changed=true), 15 hint file(s) written to data/families/hints/.
Wrote family manifest to data/families/family-R03133-lm-manifest.json (15 variant(s) total).
Parent R03133: witness stressMeta.witnessSolution (len 114, 4 jump(s)), 34 movable object instance(s) under strict inventory.
  variant 1 (rotation): accepted F03133-sym-01
  variant 2 (rotation): accepted F03133-sym-02
  variant 3 (rotation): accepted F03133-sym-03
  variant 4 (reflection): accepted F03133-sym-04
  variant 5 (reflection): accepted F03133-sym-05
  variant 6 (reflection): accepted F03133-sym-06
  variant 7 (reflection): accepted F03133-sym-07

7/7 new symmetry sibling(s) generated for R03133 in 7 attempt(s) (budget 7); 7 total in data/families/family-R03133-sym.json.
Wrote 7 level(s) total to data/families/family-R03133-sym.json (changed=true), 7 hint file(s) written to data/families/hints/.
Wrote family manifest to data/families/family-R03133-sym-manifest.json (7 variant(s) total).
portfolio-solve-sweep: corpus=data/families/family-R03133-lm.json levels=15 (15 to solve) scheduler-mode=legacy budget=8000ms node-budget=20000000 workers=4 save-hints=true
  [1/15] L3 (F03133-lm-03) ok=✗
  [2/15] L2 (F03133-lm-02) ok=✗
  [3/15] L4 (F03133-lm-04) ok=✗
  [4/15] L1 (F03133-lm-01) ok=✗
  [5/15] L5 (F03133-lm-05) ok=✗
  [6/15] L7 (F03133-lm-07) ok=✗
  [7/15] L6 (F03133-lm-06) ok=✗
  [8/15] L8 (F03133-lm-08) ok=✗
  [9/15] L9 (F03133-lm-09) ok=✗
  [10/15] L10 (F03133-lm-10) ok=✗
  [11/15] L11 (F03133-lm-11) ok=✗
  [12/15] L12 (F03133-lm-12) ok=✗
  [13/15] L15 (F03133-lm-15) ok=✗
  [14/15] L13 (F03133-lm-13) ok=✗
  [15/15] L14 (F03133-lm-14) ok=✗
Hints: appended to 0 level(s); 0 hint file(s) changed on disk.
Result: solved=0/15, solvedBeforeFallback=0, fallbackOnly=0, unsolved=15
Wrote logs/family-census/solve-R03133-lm.json
Wrote logs/family-census/solve-R03133-lm-summary.md
portfolio-solve-sweep: corpus=data/families/family-R03133-sym.json levels=7 (7 to solve) scheduler-mode=legacy budget=8000ms node-budget=20000000 workers=4 save-hints=true
  [1/7] L3 (F03133-sym-03) ok=✗
  [2/7] L4 (F03133-sym-04) ok=✗
  [3/7] L2 (F03133-sym-02) ok=✗
  [4/7] L1 (F03133-sym-01) ok=✗
  [5/7] L6 (F03133-sym-06) ok=✗
  [6/7] L5 (F03133-sym-05) ok=✗
  [7/7] L7 (F03133-sym-07) ok=✗
Hints: appended to 0 level(s); 0 hint file(s) changed on disk.
Result: solved=0/7, solvedBeforeFallback=0, fallbackOnly=0, unsolved=7
Wrote logs/family-census/solve-R03133-sym.json
Wrote logs/family-census/solve-R03133-sym-summary.md
[01:57:37] DONE R03133
[01:57:37] START R03169
Parent R03169: witness stressMeta.witnessSolution (len 76, 6 jump(s)), 37 movable object instance(s) under strict inventory.
  attempt 1: accepted F03169-lm-01 — moved mustPass (6,4) -> (5,1)
  attempt 2: accepted F03169-lm-02 — moved statue (5,7) -> (0,5)
  attempt 3: accepted F03169-lm-03 — moved statue (4,6) -> (2,7)
  attempt 4: accepted F03169-lm-04 — moved market (3,7) -> (4,3)
  attempt 5: accepted F03169-lm-05 — moved flippingFilters (5,9) -> (2,10)
  attempt 6: accepted F03169-lm-06 — moved fountain (9,8) -> (8,4)
  attempt 7: accepted F03169-lm-07 — moved mustPass (4,1) -> (3,5)
  attempt 8: accepted F03169-lm-08 — moved market (3,7) -> (2,8)
  attempt 9: accepted F03169-lm-09 — moved statue (5,7) -> (7,0)
  attempt 10: accepted F03169-lm-10 — moved market (1,6) -> (0,5)
  attempt 11: accepted F03169-lm-11 — moved lamppost (5,8) -> (8,5)
  attempt 12: accepted F03169-lm-12 — moved fountain (1,10) -> (0,4)
  attempt 13: accepted F03169-lm-13 — moved flippingFilters (8,3) -> (0,4)
  attempt 14: accepted F03169-lm-14 — moved market (5,5) -> (7,5)
  attempt 15: accepted F03169-lm-15 — moved lamppost (6,5) -> (2,4)

15/15 new local-mutant sibling(s) generated for R03169 in 15 attempt(s) (budget 600); 15 total in data/families/family-R03169-lm.json.
Wrote 15 level(s) total to data/families/family-R03169-lm.json (changed=true), 15 hint file(s) written to data/families/hints/.
Wrote family manifest to data/families/family-R03169-lm-manifest.json (15 variant(s) total).
Parent R03169: witness stressMeta.witnessSolution (len 76, 6 jump(s)), 37 movable object instance(s) under strict inventory.
  variant 1 (rotation): accepted F03169-sym-01
  variant 2 (rotation): accepted F03169-sym-02
  variant 3 (rotation): accepted F03169-sym-03
  variant 4 (reflection): accepted F03169-sym-04
  variant 5 (reflection): accepted F03169-sym-05
  variant 6 (reflection): accepted F03169-sym-06
  variant 7 (reflection): accepted F03169-sym-07

7/7 new symmetry sibling(s) generated for R03169 in 7 attempt(s) (budget 7); 7 total in data/families/family-R03169-sym.json.
Wrote 7 level(s) total to data/families/family-R03169-sym.json (changed=true), 7 hint file(s) written to data/families/hints/.
Wrote family manifest to data/families/family-R03169-sym-manifest.json (7 variant(s) total).
portfolio-solve-sweep: corpus=data/families/family-R03169-lm.json levels=15 (15 to solve) scheduler-mode=legacy budget=8000ms node-budget=20000000 workers=4 save-hints=true
  [1/15] L1 (F03169-lm-01) ok=✗
  [2/15] L3 (F03169-lm-03) ok=✗
  [3/15] L2 (F03169-lm-02) ok=✗
  [4/15] L4 (F03169-lm-04) ok=✗
  [5/15] L6 (F03169-lm-06) ok=✗
  [6/15] L5 (F03169-lm-05) ok=✗
  [7/15] L7 (F03169-lm-07) ok=✗
  [8/15] L8 (F03169-lm-08) ok=✗
  [9/15] L9 (F03169-lm-09) ok=✗
  [10/15] L10 (F03169-lm-10) ok=✗
  [11/15] L12 (F03169-lm-12) ok=✗
  [12/15] L11 (F03169-lm-11) ok=✗
  [13/15] L15 (F03169-lm-15) ok=✗
  [14/15] L13 (F03169-lm-13) ok=✗
  [15/15] L14 (F03169-lm-14) ok=✗
Hints: appended to 0 level(s); 0 hint file(s) changed on disk.
Result: solved=0/15, solvedBeforeFallback=0, fallbackOnly=0, unsolved=15
Wrote logs/family-census/solve-R03169-lm.json
Wrote logs/family-census/solve-R03169-lm-summary.md
portfolio-solve-sweep: corpus=data/families/family-R03169-sym.json levels=7 (7 to solve) scheduler-mode=legacy budget=8000ms node-budget=20000000 workers=4 save-hints=true
  [1/7] L4 (F03169-sym-04) ok=✗
  [2/7] L3 (F03169-sym-03) ok=✗
  [3/7] L1 (F03169-sym-01) ok=✗
  [4/7] L2 (F03169-sym-02) ok=✗
  [5/7] L5 (F03169-sym-05) ok=✗
  [6/7] L6 (F03169-sym-06) ok=✗
  [7/7] L7 (F03169-sym-07) ok=✗
Hints: appended to 0 level(s); 0 hint file(s) changed on disk.
Result: solved=0/7, solvedBeforeFallback=0, fallbackOnly=0, unsolved=7
Wrote logs/family-census/solve-R03169-sym.json
Wrote logs/family-census/solve-R03169-sym-summary.md
[02:05:41] DONE R03169
[02:05:41] START R03198
Parent R03198: witness stressMeta.witnessSolution (len 86, 7 jump(s)), 41 movable object instance(s) under strict inventory.
  attempt 1: accepted F03198-lm-01 — moved lamppost (7,8) -> (1,8)
  attempt 2: accepted F03198-lm-02 — moved blocks (12,1) -> (4,3)
  attempt 3: accepted F03198-lm-03 — moved blocks (5,3) -> (12,4)
  attempt 4: accepted F03198-lm-04 — moved blocks (5,3) -> (1,1)
  attempt 5: accepted F03198-lm-05 — moved blocks (10,10) -> (8,12)
  attempt 6: accepted F03198-lm-06 — moved geese (9,4) -> (2,1)
  attempt 7: accepted F03198-lm-07 — moved statue (5,7) -> (3,2)
  attempt 8: accepted F03198-lm-08 — moved market (7,1) -> (6,1)
  attempt 9: accepted F03198-lm-09 — moved blocks (12,12) -> (10,11)
  attempt 10: accepted F03198-lm-10 — moved statue (6,8) -> (7,11)
  attempt 11: accepted F03198-lm-11 — moved geese (9,4) -> (4,2)
  attempt 12: accepted F03198-lm-12 — moved market (7,0) -> (4,12)
  attempt 13: accepted F03198-lm-13 — moved library (4,9) -> (12,8)
  attempt 14: accepted F03198-lm-14 — moved blocks (12,1) -> (10,11)
  attempt 15: accepted F03198-lm-15 — moved lamppost (3,9) -> (7,3)

15/15 new local-mutant sibling(s) generated for R03198 in 15 attempt(s) (budget 600); 15 total in data/families/family-R03198-lm.json.
Wrote 15 level(s) total to data/families/family-R03198-lm.json (changed=true), 15 hint file(s) written to data/families/hints/.
Wrote family manifest to data/families/family-R03198-lm-manifest.json (15 variant(s) total).
Parent R03198: witness stressMeta.witnessSolution (len 86, 7 jump(s)), 41 movable object instance(s) under strict inventory.
  variant 1 (rotation): accepted F03198-sym-01
  variant 2 (rotation): accepted F03198-sym-02
  variant 3 (rotation): accepted F03198-sym-03
  variant 4 (reflection): accepted F03198-sym-04
  variant 5 (reflection): accepted F03198-sym-05
  variant 6 (reflection): accepted F03198-sym-06
  variant 7 (reflection): accepted F03198-sym-07

7/7 new symmetry sibling(s) generated for R03198 in 7 attempt(s) (budget 7); 7 total in data/families/family-R03198-sym.json.
Wrote 7 level(s) total to data/families/family-R03198-sym.json (changed=true), 7 hint file(s) written to data/families/hints/.
Wrote family manifest to data/families/family-R03198-sym-manifest.json (7 variant(s) total).
portfolio-solve-sweep: corpus=data/families/family-R03198-lm.json levels=15 (15 to solve) scheduler-mode=legacy budget=8000ms node-budget=20000000 workers=4 save-hints=true
  [1/15] L2 (F03198-lm-02) ok=✗
  [2/15] L3 (F03198-lm-03) ok=✗
  [3/15] L4 (F03198-lm-04) ok=✗
  [4/15] L1 (F03198-lm-01) ok=✗
  [5/15] L5 (F03198-lm-05) ok=✗
  [6/15] L7 (F03198-lm-07) ok=✗
  [7/15] L6 (F03198-lm-06) ok=✗
  [8/15] L8 (F03198-lm-08) ok=✗
  [9/15] L9 (F03198-lm-09) ok=✗
  [10/15] L10 (F03198-lm-10) ok=✗
  [11/15] L11 (F03198-lm-11) ok=✗
  [12/15] L12 (F03198-lm-12) ok=✗
  [13/15] L13 (F03198-lm-13) ok=✗
  [14/15] L14 (F03198-lm-14) ok=✗
  [15/15] L15 (F03198-lm-15) ok=✗
Hints: appended to 0 level(s); 0 hint file(s) changed on disk.
Result: solved=0/15, solvedBeforeFallback=0, fallbackOnly=0, unsolved=15
Wrote logs/family-census/solve-R03198-lm.json
Wrote logs/family-census/solve-R03198-lm-summary.md
portfolio-solve-sweep: corpus=data/families/family-R03198-sym.json levels=7 (7 to solve) scheduler-mode=legacy budget=8000ms node-budget=20000000 workers=4 save-hints=true
  [1/7] L4 (F03198-sym-04) ok=✗
  [2/7] L2 (F03198-sym-02) ok=✗
  [3/7] L1 (F03198-sym-01) ok=✗
  [4/7] L3 (F03198-sym-03) ok=✗
  [5/7] L6 (F03198-sym-06) ok=✗
  [6/7] L5 (F03198-sym-05) ok=✗
  [7/7] L7 (F03198-sym-07) ok=✗
Hints: appended to 0 level(s); 0 hint file(s) changed on disk.
Result: solved=0/7, solvedBeforeFallback=0, fallbackOnly=0, unsolved=7
Wrote logs/family-census/solve-R03198-sym.json
Wrote logs/family-census/solve-R03198-sym-summary.md
[02:07:33] DONE R03198
[02:07:33] START R03236
Parent R03236: witness hint[0] (len 97, 0 jump(s)), 34 movable object instance(s) under strict inventory.
  attempt 1: accepted F03236-lm-01 — moved blocks (7,0) -> (8,3)
  attempt 2: accepted F03236-lm-02 — moved mustPass (7,10) -> (2,8)
  attempt 3: accepted F03236-lm-03 — moved geese (4,1) -> (1,9)
  attempt 4: accepted F03236-lm-04 — moved blocks (8,0) -> (1,9)
  attempt 5: accepted F03236-lm-05 — moved mustPass (2,4) -> (6,1)
  attempt 6: accepted F03236-lm-06 — moved flippingFilters (9,4) -> (10,1)
  attempt 7: accepted F03236-lm-07 — moved lamppost (4,6) -> (1,9)
  attempt 8: accepted F03236-lm-08 — moved blocks (6,8) -> (9,1)
  attempt 9: accepted F03236-lm-09 — moved blocks (7,0) -> (1,9)
  attempt 10: accepted F03236-lm-10 — moved geese (0,1) -> (0,0)
  attempt 11: accepted F03236-lm-11 — moved flippingFilters (8,4) -> (3,9)
  attempt 12: accepted F03236-lm-12 — moved blocks (8,5) -> (4,0)
  attempt 13: accepted F03236-lm-13 — moved flippingFilters (6,10) -> (3,4)
  attempt 14: accepted F03236-lm-14 — moved flippingFilters (1,0) -> (8,7)
  attempt 15: accepted F03236-lm-15 — moved geese (9,3) -> (7,6)

15/15 new local-mutant sibling(s) generated for R03236 in 15 attempt(s) (budget 600); 15 total in data/families/family-R03236-lm.json.
Wrote 15 level(s) total to data/families/family-R03236-lm.json (changed=true), 15 hint file(s) written to data/families/hints/.
Wrote family manifest to data/families/family-R03236-lm-manifest.json (15 variant(s) total).
Parent R03236: witness hint[0] (len 97, 0 jump(s)), 34 movable object instance(s) under strict inventory.
  variant 1 (rotation): accepted F03236-sym-01
  variant 2 (rotation): accepted F03236-sym-02
  variant 3 (rotation): accepted F03236-sym-03
  variant 4 (reflection): accepted F03236-sym-04
  variant 5 (reflection): accepted F03236-sym-05
  variant 6 (reflection): accepted F03236-sym-06
  variant 7 (reflection): accepted F03236-sym-07

7/7 new symmetry sibling(s) generated for R03236 in 7 attempt(s) (budget 7); 7 total in data/families/family-R03236-sym.json.
Wrote 7 level(s) total to data/families/family-R03236-sym.json (changed=true), 7 hint file(s) written to data/families/hints/.
Wrote family manifest to data/families/family-R03236-sym-manifest.json (7 variant(s) total).
portfolio-solve-sweep: corpus=data/families/family-R03236-lm.json levels=15 (15 to solve) scheduler-mode=legacy budget=8000ms node-budget=20000000 workers=4 save-hints=true
  [1/15] L3 (F03236-lm-03) ok=✓ legacy [hint saved]
  [2/15] L4 (F03236-lm-04) ok=✗
  [3/15] L1 (F03236-lm-01) ok=✗
  [4/15] L2 (F03236-lm-02) ok=✗
  [5/15] L5 (F03236-lm-05) ok=✗
  [6/15] L6 (F03236-lm-06) ok=✗
  [7/15] L7 (F03236-lm-07) ok=✗
  [8/15] L8 (F03236-lm-08) ok=✗
  [9/15] L10 (F03236-lm-10) ok=✓ legacy [hint saved]
  [10/15] L9 (F03236-lm-09) ok=✗
  [11/15] L11 (F03236-lm-11) ok=✗
  [12/15] L13 (F03236-lm-13) ok=✗
  [13/15] L15 (F03236-lm-15) ok=✗
  [14/15] L14 (F03236-lm-14) ok=✗
  [15/15] L12 (F03236-lm-12) ok=✗
Hints: appended to 2 level(s); 2 hint file(s) changed on disk.
Result: solved=2/15, solvedBeforeFallback=0, fallbackOnly=2, unsolved=13
Wrote logs/family-census/solve-R03236-lm.json
Wrote logs/family-census/solve-R03236-lm-summary.md
portfolio-solve-sweep: corpus=data/families/family-R03236-sym.json levels=7 (7 to solve) scheduler-mode=legacy budget=8000ms node-budget=20000000 workers=4 save-hints=true
  [1/7] L1 (F03236-sym-01) ok=✗
  [2/7] L2 (F03236-sym-02) ok=✗
  [3/7] L4 (F03236-sym-04) ok=✗
  [4/7] L3 (F03236-sym-03) ok=✗
  [5/7] L5 (F03236-sym-05) ok=✗
  [6/7] L6 (F03236-sym-06) ok=✗
  [7/7] L7 (F03236-sym-07) ok=✗
Hints: appended to 0 level(s); 0 hint file(s) changed on disk.
Result: solved=0/7, solvedBeforeFallback=0, fallbackOnly=0, unsolved=7
Wrote logs/family-census/solve-R03236-sym.json
Wrote logs/family-census/solve-R03236-sym-summary.md
[02:09:13] DONE R03236
[02:09:13] START R03280
Parent R03280: witness stressMeta.witnessSolution (len 97, 4 jump(s)), 38 movable object instance(s) under strict inventory.
  attempt 1: accepted F03280-lm-01 — moved mustCross (8,3) -> (2,11)
  attempt 2: accepted F03280-lm-02 — moved falseGoals (3,2) -> (5,0)
  attempt 3: accepted F03280-lm-03 — moved fountain (2,3) -> (7,1)
  attempt 4: accepted F03280-lm-04 — moved falseGoals (3,2) -> (10,2)
  attempt 5: accepted F03280-lm-05 — moved library (12,12) -> (0,12)
  attempt 6: accepted F03280-lm-06 — moved park (11,7) -> (10,7)
  attempt 7: accepted F03280-lm-07 — moved library (7,11) -> (6,11)
  attempt 8: accepted F03280-lm-08 — moved flippingFilters (1,0) -> (0,12)
  attempt 9: rejected — degenerate duplicate of parent or another accepted variant
  attempt 10: accepted F03280-lm-09 — moved flippingFilters (1,11) -> (7,2)
  attempt 11: accepted F03280-lm-10 — moved market (1,2) -> (4,0)
  attempt 12: accepted F03280-lm-11 — moved flippingFilters (1,11) -> (9,4)
  attempt 13: accepted F03280-lm-12 — moved library (7,11) -> (3,8)
  attempt 14: accepted F03280-lm-13 — moved flippingFilters (1,11) -> (11,10)
  attempt 15: accepted F03280-lm-14 — moved flippingFilters (12,0) -> (6,5)
  attempt 16: accepted F03280-lm-15 — moved library (1,12) -> (12,1)

15/15 new local-mutant sibling(s) generated for R03280 in 16 attempt(s) (budget 600); 15 total in data/families/family-R03280-lm.json.
Wrote 15 level(s) total to data/families/family-R03280-lm.json (changed=true), 15 hint file(s) written to data/families/hints/.
Wrote family manifest to data/families/family-R03280-lm-manifest.json (15 variant(s) total).
Parent R03280: witness stressMeta.witnessSolution (len 97, 4 jump(s)), 38 movable object instance(s) under strict inventory.
  variant 1 (rotation): accepted F03280-sym-01
  variant 2 (rotation): accepted F03280-sym-02
  variant 3 (rotation): accepted F03280-sym-03
  variant 4 (reflection): accepted F03280-sym-04
  variant 5 (reflection): accepted F03280-sym-05
  variant 6 (reflection): accepted F03280-sym-06
  variant 7 (reflection): accepted F03280-sym-07

7/7 new symmetry sibling(s) generated for R03280 in 7 attempt(s) (budget 7); 7 total in data/families/family-R03280-sym.json.
Wrote 7 level(s) total to data/families/family-R03280-sym.json (changed=true), 7 hint file(s) written to data/families/hints/.
Wrote family manifest to data/families/family-R03280-sym-manifest.json (7 variant(s) total).
portfolio-solve-sweep: corpus=data/families/family-R03280-lm.json levels=15 (15 to solve) scheduler-mode=legacy budget=8000ms node-budget=20000000 workers=4 save-hints=true
  [1/15] L2 (F03280-lm-02) ok=✓ legacy [hint saved]
  [2/15] L3 (F03280-lm-03) ok=✗
  [3/15] L4 (F03280-lm-04) ok=✗
  [4/15] L1 (F03280-lm-01) ok=✗
  [5/15] L5 (F03280-lm-05) ok=✗
  [6/15] L6 (F03280-lm-06) ok=✗
  [7/15] L7 (F03280-lm-07) ok=✗
  [8/15] L8 (F03280-lm-08) ok=✗
  [9/15] L9 (F03280-lm-09) ok=✗
  [10/15] L10 (F03280-lm-10) ok=✗
  [11/15] L11 (F03280-lm-11) ok=✗
  [12/15] L12 (F03280-lm-12) ok=✗
  [13/15] L13 (F03280-lm-13) ok=✗
  [14/15] L14 (F03280-lm-14) ok=✗
  [15/15] L15 (F03280-lm-15) ok=✗
Hints: appended to 1 level(s); 1 hint file(s) changed on disk.
Result: solved=1/15, solvedBeforeFallback=0, fallbackOnly=1, unsolved=14
Wrote logs/family-census/solve-R03280-lm.json
Wrote logs/family-census/solve-R03280-lm-summary.md
portfolio-solve-sweep: corpus=data/families/family-R03280-sym.json levels=7 (7 to solve) scheduler-mode=legacy budget=8000ms node-budget=20000000 workers=4 save-hints=true
  [1/7] L4 (F03280-sym-04) ok=✗
  [2/7] L3 (F03280-sym-03) ok=✗
  [3/7] L1 (F03280-sym-01) ok=✗
  [4/7] L2 (F03280-sym-02) ok=✗
  [5/7] L6 (F03280-sym-06) ok=✗
  [6/7] L5 (F03280-sym-05) ok=✗
  [7/7] L7 (F03280-sym-07) ok=✗
Hints: appended to 0 level(s); 0 hint file(s) changed on disk.
Result: solved=0/7, solvedBeforeFallback=0, fallbackOnly=0, unsolved=7
Wrote logs/family-census/solve-R03280-sym.json
Wrote logs/family-census/solve-R03280-sym-summary.md
[02:15:46] DONE R03280
[02:15:46] START R03307
Parent R03307: witness stressMeta.witnessSolution (len 85, 5 jump(s)), 55 movable object instance(s) under strict inventory.
  attempt 1: accepted F03307-lm-01 — moved lamppost (6,6) -> (5,3)
  attempt 2: accepted F03307-lm-02 — moved geese (0,4) -> (5,3)
  attempt 3: accepted F03307-lm-03 — moved market (8,11) -> (10,7)
  attempt 4: accepted F03307-lm-04 — moved park (3,5) -> (9,11)
  attempt 5: accepted F03307-lm-05 — moved market (4,0) -> (6,7)
  attempt 6: accepted F03307-lm-06 — moved blocks (10,6) -> (2,2)
  attempt 7: accepted F03307-lm-07 — moved geese (7,8) -> (10,7)
  attempt 8: accepted F03307-lm-08 — moved geese (6,8) -> (5,10)
  attempt 9: accepted F03307-lm-09 — moved geese (6,8) -> (0,6)
  attempt 10: accepted F03307-lm-10 — moved blocks (1,4) -> (6,2)
  attempt 11: accepted F03307-lm-11 — moved library (3,10) -> (5,3)
  attempt 12: accepted F03307-lm-12 — moved geese (0,4) -> (6,2)
  attempt 13: accepted F03307-lm-13 — moved geese (5,7) -> (7,5)
  attempt 14: accepted F03307-lm-14 — moved blocks (5,5) -> (10,7)
  attempt 15: accepted F03307-lm-15 — moved fountain (4,3) -> (2,2)

15/15 new local-mutant sibling(s) generated for R03307 in 15 attempt(s) (budget 600); 15 total in data/families/family-R03307-lm.json.
Wrote 15 level(s) total to data/families/family-R03307-lm.json (changed=true), 15 hint file(s) written to data/families/hints/.
Wrote family manifest to data/families/family-R03307-lm-manifest.json (15 variant(s) total).
Parent R03307: witness stressMeta.witnessSolution (len 85, 5 jump(s)), 55 movable object instance(s) under strict inventory.
  variant 1 (rotation): accepted F03307-sym-01
  variant 2 (rotation): accepted F03307-sym-02
  variant 3 (rotation): accepted F03307-sym-03
  variant 4 (reflection): accepted F03307-sym-04
  variant 5 (reflection): accepted F03307-sym-05
  variant 6 (reflection): accepted F03307-sym-06
  variant 7 (reflection): accepted F03307-sym-07

7/7 new symmetry sibling(s) generated for R03307 in 7 attempt(s) (budget 7); 7 total in data/families/family-R03307-sym.json.
Wrote 7 level(s) total to data/families/family-R03307-sym.json (changed=true), 7 hint file(s) written to data/families/hints/.
Wrote family manifest to data/families/family-R03307-sym-manifest.json (7 variant(s) total).
portfolio-solve-sweep: corpus=data/families/family-R03307-lm.json levels=15 (15 to solve) scheduler-mode=legacy budget=8000ms node-budget=20000000 workers=4 save-hints=true
  [1/15] L4 (F03307-lm-04) ok=✓ legacy [hint saved]
  [2/15] L3 (F03307-lm-03) ok=✓ legacy [hint saved]
  [3/15] L2 (F03307-lm-02) ok=✗
  [4/15] L1 (F03307-lm-01) ok=✗
  [5/15] L5 (F03307-lm-05) ok=✗
  [6/15] L6 (F03307-lm-06) ok=✗
  [7/15] L7 (F03307-lm-07) ok=✗
  [8/15] L8 (F03307-lm-08) ok=✗
  [9/15] L9 (F03307-lm-09) ok=✗
  [10/15] L10 (F03307-lm-10) ok=✗
  [11/15] L14 (F03307-lm-14) ok=✓ legacy [hint saved]
  [12/15] L12 (F03307-lm-12) ok=✗
  [13/15] L11 (F03307-lm-11) ok=✗
  [14/15] L13 (F03307-lm-13) ok=✗
  [15/15] L15 (F03307-lm-15) ok=✗
Hints: appended to 3 level(s); 3 hint file(s) changed on disk.
Result: solved=3/15, solvedBeforeFallback=0, fallbackOnly=3, unsolved=12
Wrote logs/family-census/solve-R03307-lm.json
Wrote logs/family-census/solve-R03307-lm-summary.md
portfolio-solve-sweep: corpus=data/families/family-R03307-sym.json levels=7 (7 to solve) scheduler-mode=legacy budget=8000ms node-budget=20000000 workers=4 save-hints=true
  [1/7] L1 (F03307-sym-01) ok=✓ legacy [hint saved]
  [2/7] L3 (F03307-sym-03) ok=✗
  [3/7] L2 (F03307-sym-02) ok=✗
  [4/7] L4 (F03307-sym-04) ok=✗
  [5/7] L5 (F03307-sym-05) ok=✗
  [6/7] L7 (F03307-sym-07) ok=✗
  [7/7] L6 (F03307-sym-06) ok=✗
Hints: appended to 1 level(s); 1 hint file(s) changed on disk.
Result: solved=1/7, solvedBeforeFallback=0, fallbackOnly=1, unsolved=6
Wrote logs/family-census/solve-R03307-sym.json
Wrote logs/family-census/solve-R03307-sym-summary.md
[02:20:47] DONE R03307
[02:20:47] START R03337
Parent R03337: witness stressMeta.witnessSolution (len 97, 6 jump(s)), 42 movable object instance(s) under strict inventory.
  attempt 1: accepted F03337-lm-01 — moved blocks (4,2) -> (9,11)
  attempt 2: accepted F03337-lm-02 — moved market (9,8) -> (10,5)
  attempt 3: accepted F03337-lm-03 — moved blocks (1,7) -> (7,10)
  attempt 4: accepted F03337-lm-04 — moved blocks (3,2) -> (6,10)
  attempt 5: accepted F03337-lm-05 — moved blocks (10,11) -> (5,8)
  attempt 6: accepted F03337-lm-06 — moved geese (7,11) -> (6,10)
  attempt 7: accepted F03337-lm-07 — moved mustCross (3,4) -> (3,10)
  attempt 8: accepted F03337-lm-08 — moved geese (7,11) -> (7,10)
  attempt 9: accepted F03337-lm-09 — moved park (8,8) -> (6,4)
  attempt 10: accepted F03337-lm-10 — moved blocks (8,3) -> (8,0)
  attempt 11: accepted F03337-lm-11 — moved mustCross (10,1) -> (3,10)
  attempt 12: accepted F03337-lm-12 — moved statue (9,3) -> (0,2)
  attempt 13: accepted F03337-lm-13 — moved market (6,5) -> (10,7)
  attempt 14: accepted F03337-lm-14 — moved blocks (4,6) -> (9,11)
  attempt 15: rejected — degenerate duplicate of parent or another accepted variant
  attempt 16: accepted F03337-lm-15 — moved park (4,3) -> (7,9)

15/15 new local-mutant sibling(s) generated for R03337 in 16 attempt(s) (budget 600); 15 total in data/families/family-R03337-lm.json.
Wrote 15 level(s) total to data/families/family-R03337-lm.json (changed=true), 15 hint file(s) written to data/families/hints/.
Wrote family manifest to data/families/family-R03337-lm-manifest.json (15 variant(s) total).
Parent R03337: witness stressMeta.witnessSolution (len 97, 6 jump(s)), 42 movable object instance(s) under strict inventory.
  variant 1 (rotation): accepted F03337-sym-01
  variant 2 (rotation): accepted F03337-sym-02
  variant 3 (rotation): accepted F03337-sym-03
  variant 4 (reflection): accepted F03337-sym-04
  variant 5 (reflection): accepted F03337-sym-05
  variant 6 (reflection): accepted F03337-sym-06
  variant 7 (reflection): accepted F03337-sym-07

7/7 new symmetry sibling(s) generated for R03337 in 7 attempt(s) (budget 7); 7 total in data/families/family-R03337-sym.json.
Wrote 7 level(s) total to data/families/family-R03337-sym.json (changed=true), 7 hint file(s) written to data/families/hints/.
Wrote family manifest to data/families/family-R03337-sym-manifest.json (7 variant(s) total).
portfolio-solve-sweep: corpus=data/families/family-R03337-lm.json levels=15 (15 to solve) scheduler-mode=legacy budget=8000ms node-budget=20000000 workers=4 save-hints=true
  [1/15] L4 (F03337-lm-04) ok=✗
  [2/15] L2 (F03337-lm-02) ok=✗
  [3/15] L3 (F03337-lm-03) ok=✗
  [4/15] L1 (F03337-lm-01) ok=✗
  [5/15] L8 (F03337-lm-08) ok=✗
  [6/15] L5 (F03337-lm-05) ok=✗
  [7/15] L6 (F03337-lm-06) ok=✗
  [8/15] L7 (F03337-lm-07) ok=✗
  [9/15] L9 (F03337-lm-09) ok=✗
  [10/15] L10 (F03337-lm-10) ok=✗
  [11/15] L12 (F03337-lm-12) ok=✗
  [12/15] L11 (F03337-lm-11) ok=✗
  [13/15] L13 (F03337-lm-13) ok=✗
  [14/15] L14 (F03337-lm-14) ok=✗
  [15/15] L15 (F03337-lm-15) ok=✗
Hints: appended to 0 level(s); 0 hint file(s) changed on disk.
Result: solved=0/15, solvedBeforeFallback=0, fallbackOnly=0, unsolved=15
Wrote logs/family-census/solve-R03337-lm.json
Wrote logs/family-census/solve-R03337-lm-summary.md
portfolio-solve-sweep: corpus=data/families/family-R03337-sym.json levels=7 (7 to solve) scheduler-mode=legacy budget=8000ms node-budget=20000000 workers=4 save-hints=true
  [1/7] L2 (F03337-sym-02) ok=✗
  [2/7] L3 (F03337-sym-03) ok=✗
  [3/7] L4 (F03337-sym-04) ok=✗
  [4/7] L1 (F03337-sym-01) ok=✗
  [5/7] L7 (F03337-sym-07) ok=✗
  [6/7] L5 (F03337-sym-05) ok=✗
  [7/7] L6 (F03337-sym-06) ok=✗
Hints: appended to 0 level(s); 0 hint file(s) changed on disk.
Result: solved=0/7, solvedBeforeFallback=0, fallbackOnly=0, unsolved=7
Wrote logs/family-census/solve-R03337-sym.json
Wrote logs/family-census/solve-R03337-sym-summary.md
[02:25:54] DONE R03337
