[23:10:34] START R00118
Parent R00118: witness stressMeta.witnessSolution (len 108, 0 jump(s)), 69 movable object instance(s) under strict inventory.
  attempt 1: accepted F00118-lm-01 — moved blocks (5,3) -> (12,11)
  attempt 2: accepted F00118-lm-02 — moved mustPass (9,10) -> (9,1)
  attempt 3: accepted F00118-lm-03 — moved lamppost (6,0) -> (2,6)
  attempt 4: accepted F00118-lm-04 — moved blocks (0,1) -> (12,11)
  attempt 5: accepted F00118-lm-05 — moved fountain (8,1) -> (11,5)
  attempt 6: accepted F00118-lm-06 — moved market (3,2) -> (11,3)
  attempt 7: accepted F00118-lm-07 — moved blocks (3,5) -> (5,11)
  attempt 8: accepted F00118-lm-08 — moved market (6,3) -> (4,9)
  attempt 9: accepted F00118-lm-09 — moved statue (8,3) -> (8,9)
  attempt 10: accepted F00118-lm-10 — moved blocks (4,10) -> (5,11)
  attempt 11: accepted F00118-lm-11 — moved statue (8,7) -> (4,6)
  attempt 12: accepted F00118-lm-12 — moved blocks (12,3) -> (1,4)
  attempt 13: accepted F00118-lm-13 — moved mustPass (3,10) -> (10,2)
  attempt 14: accepted F00118-lm-14 — moved market (0,5) -> (2,1)
  attempt 15: accepted F00118-lm-15 — moved blocks (12,0) -> (9,5)

15/15 new local-mutant sibling(s) generated for R00118 in 15 attempt(s) (budget 600); 15 total in data/families/family-R00118-lm.json.
Wrote 15 level(s) total to data/families/family-R00118-lm.json (changed=true), 15 hint file(s) written to data/families/hints/.
Wrote family manifest to data/families/family-R00118-lm-manifest.json (15 variant(s) total).
Parent R00118: witness stressMeta.witnessSolution (len 108, 0 jump(s)), 69 movable object instance(s) under strict inventory.
  variant 1 (rotation): accepted F00118-sym-01
  variant 2 (rotation): accepted F00118-sym-02
  variant 3 (rotation): accepted F00118-sym-03
  variant 4 (reflection): accepted F00118-sym-04
  variant 5 (reflection): accepted F00118-sym-05
  variant 6 (reflection): accepted F00118-sym-06
  variant 7 (reflection): accepted F00118-sym-07

7/7 new symmetry sibling(s) generated for R00118 in 7 attempt(s) (budget 7); 7 total in data/families/family-R00118-sym.json.
Wrote 7 level(s) total to data/families/family-R00118-sym.json (changed=true), 7 hint file(s) written to data/families/hints/.
Wrote family manifest to data/families/family-R00118-sym-manifest.json (7 variant(s) total).
portfolio-solve-sweep: corpus=data/families/family-R00118-lm.json levels=15 (15 to solve) scheduler-mode=legacy budget=8000ms node-budget=20000000 workers=4 save-hints=true
  [1/15] L3 (F00118-lm-03) ok=✗
  [2/15] L2 (F00118-lm-02) ok=✗
  [3/15] L1 (F00118-lm-01) ok=✗
  [4/15] L4 (F00118-lm-04) ok=✗
  [5/15] L6 (F00118-lm-06) ok=✗
  [6/15] L5 (F00118-lm-05) ok=✗
  [7/15] L7 (F00118-lm-07) ok=✗
  [8/15] L8 (F00118-lm-08) ok=✗
  [9/15] L9 (F00118-lm-09) ok=✗
  [10/15] L10 (F00118-lm-10) ok=✗
  [11/15] L11 (F00118-lm-11) ok=✗
  [12/15] L12 (F00118-lm-12) ok=✗
  [13/15] L15 (F00118-lm-15) ok=✗
  [14/15] L13 (F00118-lm-13) ok=✗
  [15/15] L14 (F00118-lm-14) ok=✗
Hints: appended to 0 level(s); 0 hint file(s) changed on disk.
Result: solved=0/15, solvedBeforeFallback=0, fallbackOnly=0, unsolved=15
Wrote logs/family-census/solve-R00118-lm.json
Wrote logs/family-census/solve-R00118-lm-summary.md
portfolio-solve-sweep: corpus=data/families/family-R00118-sym.json levels=7 (7 to solve) scheduler-mode=legacy budget=8000ms node-budget=20000000 workers=4 save-hints=true
  [1/7] L3 (F00118-sym-03) ok=✗
  [2/7] L1 (F00118-sym-01) ok=✗
  [3/7] L4 (F00118-sym-04) ok=✗
  [4/7] L2 (F00118-sym-02) ok=✗
  [5/7] L7 (F00118-sym-07) ok=✗
  [6/7] L5 (F00118-sym-05) ok=✗
  [7/7] L6 (F00118-sym-06) ok=✗
Hints: appended to 0 level(s); 0 hint file(s) changed on disk.
Result: solved=0/7, solvedBeforeFallback=0, fallbackOnly=0, unsolved=7
Wrote logs/family-census/solve-R00118-sym.json
Wrote logs/family-census/solve-R00118-sym-summary.md
[23:16:12] DONE R00118
[23:16:12] START R00372
Parent R00372: witness stressMeta.witnessSolution (len 112, 0 jump(s)), 72 movable object instance(s) under strict inventory.
  attempt 1: accepted F00372-lm-01 — moved blocks (1,0) -> (3,8)
  attempt 2: accepted F00372-lm-02 — moved mustPass (7,8) -> (8,8)
  attempt 3: accepted F00372-lm-03 — moved blocks (7,3) -> (12,12)
  attempt 4: accepted F00372-lm-04 — moved library (7,13) -> (8,11)
  attempt 5: accepted F00372-lm-05 — moved mustCross (9,7) -> (4,2)
  attempt 6: accepted F00372-lm-06 — moved flippingFilters (12,8) -> (14,0)
  attempt 7: accepted F00372-lm-07 — moved flippingFilters (1,12) -> (4,12)
  attempt 8: accepted F00372-lm-08 — moved fountain (0,8) -> (0,13)
  attempt 9: accepted F00372-lm-09 — moved mustCross (9,6) -> (4,2)
  attempt 10: accepted F00372-lm-10 — moved blocks (4,7) -> (4,13)
  attempt 11: accepted F00372-lm-11 — moved mustPass (9,13) -> (4,2)
  attempt 12: rejected — degenerate duplicate of parent or another accepted variant
  attempt 13: accepted F00372-lm-12 — moved mustCross (9,11) -> (5,2)
  attempt 14: accepted F00372-lm-13 — moved blocks (0,0) -> (9,1)
  attempt 15: accepted F00372-lm-14 — moved fountain (3,2) -> (14,7)
  attempt 16: accepted F00372-lm-15 — moved blocks (12,10) -> (11,14)

15/15 new local-mutant sibling(s) generated for R00372 in 16 attempt(s) (budget 600); 15 total in data/families/family-R00372-lm.json.
Wrote 15 level(s) total to data/families/family-R00372-lm.json (changed=true), 15 hint file(s) written to data/families/hints/.
Wrote family manifest to data/families/family-R00372-lm-manifest.json (15 variant(s) total).
Parent R00372: witness stressMeta.witnessSolution (len 112, 0 jump(s)), 72 movable object instance(s) under strict inventory.
  variant 1 (rotation): accepted F00372-sym-01
  variant 2 (rotation): accepted F00372-sym-02
  variant 3 (rotation): accepted F00372-sym-03
  variant 4 (reflection): accepted F00372-sym-04
  variant 5 (reflection): accepted F00372-sym-05
  variant 6 (reflection): accepted F00372-sym-06
  variant 7 (reflection): accepted F00372-sym-07

7/7 new symmetry sibling(s) generated for R00372 in 7 attempt(s) (budget 7); 7 total in data/families/family-R00372-sym.json.
Wrote 7 level(s) total to data/families/family-R00372-sym.json (changed=true), 7 hint file(s) written to data/families/hints/.
Wrote family manifest to data/families/family-R00372-sym-manifest.json (7 variant(s) total).
portfolio-solve-sweep: corpus=data/families/family-R00372-lm.json levels=15 (15 to solve) scheduler-mode=legacy budget=8000ms node-budget=20000000 workers=4 save-hints=true
  [1/15] L4 (F00372-lm-04) ok=✗
  [2/15] L3 (F00372-lm-03) ok=✗
  [3/15] L1 (F00372-lm-01) ok=✗
  [4/15] L2 (F00372-lm-02) ok=✗
  [5/15] L8 (F00372-lm-08) ok=✗
  [6/15] L5 (F00372-lm-05) ok=✗
  [7/15] L7 (F00372-lm-07) ok=✗
  [8/15] L6 (F00372-lm-06) ok=✗
  [9/15] L9 (F00372-lm-09) ok=✗
  [10/15] L10 (F00372-lm-10) ok=✗
  [11/15] L11 (F00372-lm-11) ok=✗
  [12/15] L12 (F00372-lm-12) ok=✗
  [13/15] L15 (F00372-lm-15) ok=✗
  [14/15] L13 (F00372-lm-13) ok=✗
  [15/15] L14 (F00372-lm-14) ok=✗
Hints: appended to 0 level(s); 0 hint file(s) changed on disk.
Result: solved=0/15, solvedBeforeFallback=0, fallbackOnly=0, unsolved=15
Wrote logs/family-census/solve-R00372-lm.json
Wrote logs/family-census/solve-R00372-lm-summary.md
portfolio-solve-sweep: corpus=data/families/family-R00372-sym.json levels=7 (7 to solve) scheduler-mode=legacy budget=8000ms node-budget=20000000 workers=4 save-hints=true
  [1/7] L1 (F00372-sym-01) ok=✗
  [2/7] L3 (F00372-sym-03) ok=✗
  [3/7] L4 (F00372-sym-04) ok=✗
  [4/7] L2 (F00372-sym-02) ok=✗
  [5/7] L7 (F00372-sym-07) ok=✗
  [6/7] L5 (F00372-sym-05) ok=✗
  [7/7] L6 (F00372-sym-06) ok=✗
Hints: appended to 0 level(s); 0 hint file(s) changed on disk.
Result: solved=0/7, solvedBeforeFallback=0, fallbackOnly=0, unsolved=7
Wrote logs/family-census/solve-R00372-sym.json
Wrote logs/family-census/solve-R00372-sym-summary.md
[23:23:32] DONE R00372
[23:23:32] START R00546
Parent R00546: witness stressMeta.witnessSolution (len 115, 7 jump(s)), 56 movable object instance(s) under strict inventory.
  attempt 1: accepted F00546-lm-01 — moved statue (14,2) -> (4,9)
  attempt 2: accepted F00546-lm-02 — moved blocks (12,10) -> (13,8)
  attempt 3: accepted F00546-lm-03 — moved blocks (13,1) -> (5,7)
  attempt 4: accepted F00546-lm-04 — moved mustPass (11,13) -> (2,9)
  attempt 5: accepted F00546-lm-05 — moved blocks (4,6) -> (14,6)
  attempt 6: accepted F00546-lm-06 — moved blocks (13,1) -> (10,10)
  attempt 7: accepted F00546-lm-07 — moved blocks (13,10) -> (12,9)
  attempt 8: accepted F00546-lm-08 — moved mustPass (4,3) -> (14,3)
  attempt 9: accepted F00546-lm-09 — moved blocks (13,10) -> (4,14)
  attempt 10: accepted F00546-lm-10 — moved blocks (10,4) -> (2,6)
  attempt 11: accepted F00546-lm-11 — moved blocks (5,4) -> (8,3)
  attempt 12: accepted F00546-lm-12 — moved blocks (1,7) -> (4,14)
  attempt 13: accepted F00546-lm-13 — moved market (0,1) -> (7,5)
  attempt 14: accepted F00546-lm-14 — moved geese (10,2) -> (7,4)
  attempt 15: accepted F00546-lm-15 — moved blocks (14,12) -> (5,7)

15/15 new local-mutant sibling(s) generated for R00546 in 15 attempt(s) (budget 600); 15 total in data/families/family-R00546-lm.json.
Wrote 15 level(s) total to data/families/family-R00546-lm.json (changed=true), 15 hint file(s) written to data/families/hints/.
Wrote family manifest to data/families/family-R00546-lm-manifest.json (15 variant(s) total).
Parent R00546: witness stressMeta.witnessSolution (len 115, 7 jump(s)), 56 movable object instance(s) under strict inventory.
  variant 1 (rotation): accepted F00546-sym-01
  variant 2 (rotation): accepted F00546-sym-02
  variant 3 (rotation): accepted F00546-sym-03
  variant 4 (reflection): accepted F00546-sym-04
  variant 5 (reflection): accepted F00546-sym-05
  variant 6 (reflection): accepted F00546-sym-06
  variant 7 (reflection): accepted F00546-sym-07

7/7 new symmetry sibling(s) generated for R00546 in 7 attempt(s) (budget 7); 7 total in data/families/family-R00546-sym.json.
Wrote 7 level(s) total to data/families/family-R00546-sym.json (changed=true), 7 hint file(s) written to data/families/hints/.
Wrote family manifest to data/families/family-R00546-sym-manifest.json (7 variant(s) total).
portfolio-solve-sweep: corpus=data/families/family-R00546-lm.json levels=15 (15 to solve) scheduler-mode=legacy budget=8000ms node-budget=20000000 workers=4 save-hints=true
  [1/15] L4 (F00546-lm-04) ok=✗
  [2/15] L1 (F00546-lm-01) ok=✗
  [3/15] L3 (F00546-lm-03) ok=✗
  [4/15] L2 (F00546-lm-02) ok=✗
  [5/15] L8 (F00546-lm-08) ok=✓ legacy [hint saved]
  [6/15] L6 (F00546-lm-06) ok=✗
  [7/15] L7 (F00546-lm-07) ok=✗
  [8/15] L5 (F00546-lm-05) ok=✗
  [9/15] L9 (F00546-lm-09) ok=✗
  [10/15] L12 (F00546-lm-12) ok=✗
  [11/15] L10 (F00546-lm-10) ok=✗
  [12/15] L11 (F00546-lm-11) ok=✗
  [13/15] L15 (F00546-lm-15) ok=✗
  [14/15] L14 (F00546-lm-14) ok=✗
  [15/15] L13 (F00546-lm-13) ok=✗
Hints: appended to 1 level(s); 1 hint file(s) changed on disk.
Result: solved=1/15, solvedBeforeFallback=0, fallbackOnly=1, unsolved=14
Wrote logs/family-census/solve-R00546-lm.json
Wrote logs/family-census/solve-R00546-lm-summary.md
portfolio-solve-sweep: corpus=data/families/family-R00546-sym.json levels=7 (7 to solve) scheduler-mode=legacy budget=8000ms node-budget=20000000 workers=4 save-hints=true
  [1/7] L2 (F00546-sym-02) ok=✗
  [2/7] L4 (F00546-sym-04) ok=✗
  [3/7] L1 (F00546-sym-01) ok=✗
  [4/7] L3 (F00546-sym-03) ok=✗
  [5/7] L6 (F00546-sym-06) ok=✗
  [6/7] L7 (F00546-sym-07) ok=✗
  [7/7] L5 (F00546-sym-05) ok=✗
Hints: appended to 0 level(s); 0 hint file(s) changed on disk.
Result: solved=0/7, solvedBeforeFallback=0, fallbackOnly=0, unsolved=7
Wrote logs/family-census/solve-R00546-sym.json
Wrote logs/family-census/solve-R00546-sym-summary.md
[23:25:01] DONE R00546
[23:25:01] START R00691
Parent R00691: witness hint[0] (len 100, 7 jump(s)), 45 movable object instance(s) under strict inventory.
  attempt 1: accepted F00691-lm-01 — moved blocks (5,8) -> (8,1)
  attempt 2: accepted F00691-lm-02 — moved blocks (0,3) -> (10,12)
  attempt 3: accepted F00691-lm-03 — moved mustPass (0,1) -> (5,11)
  attempt 4: accepted F00691-lm-04 — moved blocks (1,4) -> (4,2)
  attempt 5: accepted F00691-lm-05 — moved mustPass (10,7) -> (8,12)
  attempt 6: accepted F00691-lm-06 — moved lamppost (9,2) -> (9,1)
  attempt 7: accepted F00691-lm-07 — moved mustPass (4,4) -> (11,4)
  attempt 8: accepted F00691-lm-08 — moved flippingFilters (6,10) -> (3,10)
  attempt 9: accepted F00691-lm-09 — moved falseGoals (0,10) -> (11,10)
  attempt 10: accepted F00691-lm-10 — moved blocks (6,1) -> (1,6)
  attempt 11: accepted F00691-lm-11 — moved falseGoals (0,10) -> (2,8)
  attempt 12: accepted F00691-lm-12 — moved mustPass (5,4) -> (3,10)
  attempt 13: accepted F00691-lm-13 — moved lamppost (9,2) -> (3,9)
  attempt 14: accepted F00691-lm-14 — moved blocks (1,3) -> (2,1)
  attempt 15: accepted F00691-lm-15 — moved blocks (3,8) -> (1,6)

15/15 new local-mutant sibling(s) generated for R00691 in 15 attempt(s) (budget 600); 15 total in data/families/family-R00691-lm.json.
Wrote 15 level(s) total to data/families/family-R00691-lm.json (changed=true), 15 hint file(s) written to data/families/hints/.
Wrote family manifest to data/families/family-R00691-lm-manifest.json (15 variant(s) total).
Parent R00691: witness hint[0] (len 100, 7 jump(s)), 45 movable object instance(s) under strict inventory.
  variant 1 (rotation): accepted F00691-sym-01
  variant 2 (rotation): accepted F00691-sym-02
  variant 3 (rotation): accepted F00691-sym-03
  variant 4 (reflection): accepted F00691-sym-04
  variant 5 (reflection): accepted F00691-sym-05
  variant 6 (reflection): accepted F00691-sym-06
  variant 7 (reflection): accepted F00691-sym-07

7/7 new symmetry sibling(s) generated for R00691 in 7 attempt(s) (budget 7); 7 total in data/families/family-R00691-sym.json.
Wrote 7 level(s) total to data/families/family-R00691-sym.json (changed=true), 7 hint file(s) written to data/families/hints/.
Wrote family manifest to data/families/family-R00691-sym-manifest.json (7 variant(s) total).
portfolio-solve-sweep: corpus=data/families/family-R00691-lm.json levels=15 (15 to solve) scheduler-mode=legacy budget=8000ms node-budget=20000000 workers=4 save-hints=true
  [1/15] L3 (F00691-lm-03) ok=✗
  [2/15] L4 (F00691-lm-04) ok=✗
  [3/15] L1 (F00691-lm-01) ok=✗
  [4/15] L2 (F00691-lm-02) ok=✗
  [5/15] L5 (F00691-lm-05) ok=✗
  [6/15] L8 (F00691-lm-08) ok=✗
  [7/15] L6 (F00691-lm-06) ok=✗
  [8/15] L7 (F00691-lm-07) ok=✗
  [9/15] L9 (F00691-lm-09) ok=✗
  [10/15] L10 (F00691-lm-10) ok=✗
  [11/15] L11 (F00691-lm-11) ok=✗
  [12/15] L12 (F00691-lm-12) ok=✗
  [13/15] L13 (F00691-lm-13) ok=✗
  [14/15] L14 (F00691-lm-14) ok=✗
  [15/15] L15 (F00691-lm-15) ok=✗
Hints: appended to 0 level(s); 0 hint file(s) changed on disk.
Result: solved=0/15, solvedBeforeFallback=0, fallbackOnly=0, unsolved=15
Wrote logs/family-census/solve-R00691-lm.json
Wrote logs/family-census/solve-R00691-lm-summary.md
portfolio-solve-sweep: corpus=data/families/family-R00691-sym.json levels=7 (7 to solve) scheduler-mode=legacy budget=8000ms node-budget=20000000 workers=4 save-hints=true
  [1/7] L2 (F00691-sym-02) ok=✗
  [2/7] L3 (F00691-sym-03) ok=✗
  [3/7] L4 (F00691-sym-04) ok=✗
  [4/7] L5 (F00691-sym-05) ok=✗
  [5/7] L6 (F00691-sym-06) ok=✗
  [6/7] L7 (F00691-sym-07) ok=✗
  [7/7] L1 (F00691-sym-01) ok=✗
Hints: appended to 0 level(s); 0 hint file(s) changed on disk.
Result: solved=0/7, solvedBeforeFallback=0, fallbackOnly=0, unsolved=7
Wrote logs/family-census/solve-R00691-sym.json
Wrote logs/family-census/solve-R00691-sym-summary.md
[23:26:03] DONE R00691
[23:26:03] START R00867
Parent R00867: witness stressMeta.witnessSolution (len 103, 5 jump(s)), 51 movable object instance(s) under strict inventory.
  attempt 1: accepted F00867-lm-01 — moved statue (8,11) -> (6,6)
  attempt 2: accepted F00867-lm-02 — moved statue (8,11) -> (2,10)
  attempt 3: accepted F00867-lm-03 — moved market (6,10) -> (6,6)
  attempt 4: accepted F00867-lm-04 — moved mustPass (4,1) -> (6,3)
  attempt 5: accepted F00867-lm-05 — moved falseGoals (5,7) -> (2,10)
  attempt 6: accepted F00867-lm-06 — moved geese (0,7) -> (5,11)
  attempt 7: accepted F00867-lm-07 — moved mustPass (4,1) -> (5,5)
  attempt 8: accepted F00867-lm-08 — moved mustPass (11,7) -> (11,1)
  attempt 9: accepted F00867-lm-09 — moved library (6,11) -> (6,6)
  attempt 10: accepted F00867-lm-10 — moved flippingFilters (8,7) -> (3,4)
  attempt 11: accepted F00867-lm-11 — moved geese (0,5) -> (0,10)
  attempt 12: accepted F00867-lm-12 — moved mustPass (10,1) -> (11,6)
  attempt 13: rejected — degenerate duplicate of parent or another accepted variant
  attempt 14: accepted F00867-lm-13 — moved falseGoals (5,7) -> (5,11)
  attempt 15: accepted F00867-lm-14 — moved mustPass (5,8) -> (5,0)
  attempt 16: rejected — degenerate duplicate of parent or another accepted variant
  attempt 17: accepted F00867-lm-15 — moved falseGoals (2,2) -> (0,10)

15/15 new local-mutant sibling(s) generated for R00867 in 17 attempt(s) (budget 600); 15 total in data/families/family-R00867-lm.json.
Wrote 15 level(s) total to data/families/family-R00867-lm.json (changed=true), 15 hint file(s) written to data/families/hints/.
Wrote family manifest to data/families/family-R00867-lm-manifest.json (15 variant(s) total).
Parent R00867: witness stressMeta.witnessSolution (len 103, 5 jump(s)), 51 movable object instance(s) under strict inventory.
  variant 1 (rotation): accepted F00867-sym-01
  variant 2 (rotation): accepted F00867-sym-02
  variant 3 (rotation): accepted F00867-sym-03
  variant 4 (reflection): accepted F00867-sym-04
  variant 5 (reflection): accepted F00867-sym-05
  variant 6 (reflection): accepted F00867-sym-06
  variant 7 (reflection): accepted F00867-sym-07

7/7 new symmetry sibling(s) generated for R00867 in 7 attempt(s) (budget 7); 7 total in data/families/family-R00867-sym.json.
Wrote 7 level(s) total to data/families/family-R00867-sym.json (changed=true), 7 hint file(s) written to data/families/hints/.
Wrote family manifest to data/families/family-R00867-sym-manifest.json (7 variant(s) total).
portfolio-solve-sweep: corpus=data/families/family-R00867-lm.json levels=15 (15 to solve) scheduler-mode=legacy budget=8000ms node-budget=20000000 workers=4 save-hints=true
  [1/15] L3 (F00867-lm-03) ok=✓ legacy [hint saved]
  [2/15] L1 (F00867-lm-01) ok=✗
  [3/15] L4 (F00867-lm-04) ok=✗
  [4/15] L2 (F00867-lm-02) ok=✗
  [5/15] L5 (F00867-lm-05) ok=✗
  [6/15] L6 (F00867-lm-06) ok=✗
  [7/15] L8 (F00867-lm-08) ok=✗
  [8/15] L7 (F00867-lm-07) ok=✗
  [9/15] L9 (F00867-lm-09) ok=✗
  [10/15] L10 (F00867-lm-10) ok=✗
  [11/15] L11 (F00867-lm-11) ok=✗
  [12/15] L12 (F00867-lm-12) ok=✗
  [13/15] L15 (F00867-lm-15) ok=✗
  [14/15] L14 (F00867-lm-14) ok=✗
  [15/15] L13 (F00867-lm-13) ok=✗
Hints: appended to 1 level(s); 1 hint file(s) changed on disk.
Result: solved=1/15, solvedBeforeFallback=0, fallbackOnly=1, unsolved=14
Wrote logs/family-census/solve-R00867-lm.json
Wrote logs/family-census/solve-R00867-lm-summary.md
portfolio-solve-sweep: corpus=data/families/family-R00867-sym.json levels=7 (7 to solve) scheduler-mode=legacy budget=8000ms node-budget=20000000 workers=4 save-hints=true
  [1/7] L2 (F00867-sym-02) ok=✗
  [2/7] L1 (F00867-sym-01) ok=✗
  [3/7] L3 (F00867-sym-03) ok=✗
  [4/7] L4 (F00867-sym-04) ok=✗
  [5/7] L5 (F00867-sym-05) ok=✗
  [6/7] L6 (F00867-sym-06) ok=✗
  [7/7] L7 (F00867-sym-07) ok=✗
Hints: appended to 0 level(s); 0 hint file(s) changed on disk.
Result: solved=0/7, solvedBeforeFallback=0, fallbackOnly=0, unsolved=7
Wrote logs/family-census/solve-R00867-sym.json
Wrote logs/family-census/solve-R00867-sym-summary.md
[23:31:46] DONE R00867
[23:31:46] START R01080
Parent R01080: witness hint[0] (len 113, 0 jump(s)), 70 movable object instance(s) under strict inventory.
  attempt 1: accepted F01080-lm-01 — moved blocks (11,5) -> (11,0)
  attempt 2: accepted F01080-lm-02 — moved fountain (5,11) -> (2,11)
  attempt 3: accepted F01080-lm-03 — moved geese (4,6) -> (0,6)
  attempt 4: accepted F01080-lm-04 — moved flippingFilters (3,10) -> (2,3)
  attempt 5: accepted F01080-lm-05 — moved mustPass (7,4) -> (14,10)
  attempt 6: accepted F01080-lm-06 — moved geese (2,7) -> (2,8)
  attempt 7: accepted F01080-lm-07 — moved blocks (5,14) -> (14,2)
  attempt 8: accepted F01080-lm-08 — moved library (0,5) -> (7,10)
  attempt 9: accepted F01080-lm-09 — moved flippingFilters (13,1) -> (7,12)
  attempt 10: accepted F01080-lm-10 — moved blocks (11,13) -> (0,6)
  attempt 11: accepted F01080-lm-11 — moved flippingFilters (1,4) -> (6,11)
  attempt 12: accepted F01080-lm-12 — moved blocks (9,11) -> (3,6)
  attempt 13: accepted F01080-lm-13 — moved blocks (14,9) -> (14,2)
  attempt 14: accepted F01080-lm-14 — moved blocks (0,4) -> (8,10)
  attempt 15: accepted F01080-lm-15 — moved blocks (0,3) -> (8,3)

15/15 new local-mutant sibling(s) generated for R01080 in 15 attempt(s) (budget 600); 15 total in data/families/family-R01080-lm.json.
Wrote 15 level(s) total to data/families/family-R01080-lm.json (changed=true), 15 hint file(s) written to data/families/hints/.
Wrote family manifest to data/families/family-R01080-lm-manifest.json (15 variant(s) total).
Parent R01080: witness hint[0] (len 113, 0 jump(s)), 70 movable object instance(s) under strict inventory.
  variant 1 (rotation): accepted F01080-sym-01
  variant 2 (rotation): accepted F01080-sym-02
  variant 3 (rotation): accepted F01080-sym-03
  variant 4 (reflection): accepted F01080-sym-04
  variant 5 (reflection): accepted F01080-sym-05
  variant 6 (reflection): accepted F01080-sym-06
  variant 7 (reflection): accepted F01080-sym-07

7/7 new symmetry sibling(s) generated for R01080 in 7 attempt(s) (budget 7); 7 total in data/families/family-R01080-sym.json.
Wrote 7 level(s) total to data/families/family-R01080-sym.json (changed=true), 7 hint file(s) written to data/families/hints/.
Wrote family manifest to data/families/family-R01080-sym-manifest.json (7 variant(s) total).
portfolio-solve-sweep: corpus=data/families/family-R01080-lm.json levels=15 (15 to solve) scheduler-mode=legacy budget=8000ms node-budget=20000000 workers=4 save-hints=true
  [1/15] L1 (F01080-lm-01) ok=✗
  [2/15] L2 (F01080-lm-02) ok=✗
  [3/15] L4 (F01080-lm-04) ok=✗
  [4/15] L3 (F01080-lm-03) ok=✗
  [5/15] L6 (F01080-lm-06) ok=✗
  [6/15] L5 (F01080-lm-05) ok=✗
  [7/15] L10 (F01080-lm-10) ok=✓ legacy [hint saved]
  [8/15] L7 (F01080-lm-07) ok=✗
  [9/15] L8 (F01080-lm-08) ok=✗
  [10/15] L9 (F01080-lm-09) ok=✗
  [11/15] L12 (F01080-lm-12) ok=✗
  [12/15] L11 (F01080-lm-11) ok=✗
  [13/15] L13 (F01080-lm-13) ok=✗
  [14/15] L15 (F01080-lm-15) ok=✗
  [15/15] L14 (F01080-lm-14) ok=✗
Hints: appended to 1 level(s); 1 hint file(s) changed on disk.
Result: solved=1/15, solvedBeforeFallback=0, fallbackOnly=1, unsolved=14
Wrote logs/family-census/solve-R01080-lm.json
Wrote logs/family-census/solve-R01080-lm-summary.md
portfolio-solve-sweep: corpus=data/families/family-R01080-sym.json levels=7 (7 to solve) scheduler-mode=legacy budget=8000ms node-budget=20000000 workers=4 save-hints=true
  [1/7] L2 (F01080-sym-02) ok=✗
  [2/7] L1 (F01080-sym-01) ok=✗
  [3/7] L5 (F01080-sym-05) ok=✓ legacy [hint saved]
  [4/7] L3 (F01080-sym-03) ok=✗
  [5/7] L4 (F01080-sym-04) ok=✗
  [6/7] L6 (F01080-sym-06) ok=✗
  [7/7] L7 (F01080-sym-07) ok=✗
Hints: appended to 1 level(s); 1 hint file(s) changed on disk.
Result: solved=1/7, solvedBeforeFallback=0, fallbackOnly=1, unsolved=6
Wrote logs/family-census/solve-R01080-sym.json
Wrote logs/family-census/solve-R01080-sym-summary.md
[23:36:05] DONE R01080
[23:36:05] START R01290
Parent R01290: witness stressMeta.witnessSolution (len 117, 4 jump(s)), 57 movable object instance(s) under strict inventory.
  attempt 1: accepted F01290-lm-01 — moved geese (11,2) -> (12,8)
  attempt 2: accepted F01290-lm-02 — moved blocks (10,8) -> (10,6)
  attempt 3: accepted F01290-lm-03 — moved blocks (2,0) -> (3,0)
  attempt 4: accepted F01290-lm-04 — moved blocks (7,0) -> (9,7)
  attempt 5: accepted F01290-lm-05 — moved flippingFilters (12,3) -> (1,9)
  attempt 6: accepted F01290-lm-06 — moved blocks (3,11) -> (11,7)
  attempt 7: accepted F01290-lm-07 — moved falseGoals (12,7) -> (6,7)
  attempt 8: accepted F01290-lm-08 — moved blocks (7,0) -> (5,2)
  attempt 9: accepted F01290-lm-09 — moved blocks (10,7) -> (11,7)
  attempt 10: accepted F01290-lm-10 — moved library (10,1) -> (8,3)
  attempt 11: accepted F01290-lm-11 — moved blocks (3,10) -> (11,7)
  attempt 12: accepted F01290-lm-12 — moved flippingFilters (2,11) -> (12,8)
  attempt 13: accepted F01290-lm-13 — moved fountain (4,6) -> (1,6)
  attempt 14: accepted F01290-lm-14 — moved falseGoals (5,7) -> (5,2)
  attempt 15: accepted F01290-lm-15 — moved flippingFilters (12,3) -> (3,12)

15/15 new local-mutant sibling(s) generated for R01290 in 15 attempt(s) (budget 600); 15 total in data/families/family-R01290-lm.json.
Wrote 15 level(s) total to data/families/family-R01290-lm.json (changed=true), 15 hint file(s) written to data/families/hints/.
Wrote family manifest to data/families/family-R01290-lm-manifest.json (15 variant(s) total).
Parent R01290: witness stressMeta.witnessSolution (len 117, 4 jump(s)), 57 movable object instance(s) under strict inventory.
  variant 1 (rotation): accepted F01290-sym-01
  variant 2 (rotation): accepted F01290-sym-02
  variant 3 (rotation): accepted F01290-sym-03
  variant 4 (reflection): accepted F01290-sym-04
  variant 5 (reflection): accepted F01290-sym-05
  variant 6 (reflection): accepted F01290-sym-06
  variant 7 (reflection): accepted F01290-sym-07

7/7 new symmetry sibling(s) generated for R01290 in 7 attempt(s) (budget 7); 7 total in data/families/family-R01290-sym.json.
Wrote 7 level(s) total to data/families/family-R01290-sym.json (changed=true), 7 hint file(s) written to data/families/hints/.
Wrote family manifest to data/families/family-R01290-sym-manifest.json (7 variant(s) total).
portfolio-solve-sweep: corpus=data/families/family-R01290-lm.json levels=15 (15 to solve) scheduler-mode=legacy budget=8000ms node-budget=20000000 workers=4 save-hints=true
  [1/15] L2 (F01290-lm-02) ok=✗
  [2/15] L3 (F01290-lm-03) ok=✗
  [3/15] L4 (F01290-lm-04) ok=✗
  [4/15] L1 (F01290-lm-01) ok=✗
  [5/15] L8 (F01290-lm-08) ok=✗
  [6/15] L5 (F01290-lm-05) ok=✗
  [7/15] L6 (F01290-lm-06) ok=✗
  [8/15] L7 (F01290-lm-07) ok=✗
  [9/15] L11 (F01290-lm-11) ok=✗
  [10/15] L9 (F01290-lm-09) ok=✗
  [11/15] L10 (F01290-lm-10) ok=✗
  [12/15] L12 (F01290-lm-12) ok=✗
  [13/15] L15 (F01290-lm-15) ok=✗
  [14/15] L14 (F01290-lm-14) ok=✗
  [15/15] L13 (F01290-lm-13) ok=✗
Hints: appended to 0 level(s); 0 hint file(s) changed on disk.
Result: solved=0/15, solvedBeforeFallback=0, fallbackOnly=0, unsolved=15
Wrote logs/family-census/solve-R01290-lm.json
Wrote logs/family-census/solve-R01290-lm-summary.md
portfolio-solve-sweep: corpus=data/families/family-R01290-sym.json levels=7 (7 to solve) scheduler-mode=legacy budget=8000ms node-budget=20000000 workers=4 save-hints=true
  [1/7] L4 (F01290-sym-04) ok=✗
  [2/7] L2 (F01290-sym-02) ok=✗
  [3/7] L3 (F01290-sym-03) ok=✗
  [4/7] L1 (F01290-sym-01) ok=✗
  [5/7] L6 (F01290-sym-06) ok=✗
  [6/7] L5 (F01290-sym-05) ok=✗
  [7/7] L7 (F01290-sym-07) ok=✗
Hints: appended to 0 level(s); 0 hint file(s) changed on disk.
Result: solved=0/7, solvedBeforeFallback=0, fallbackOnly=0, unsolved=7
Wrote logs/family-census/solve-R01290-sym.json
Wrote logs/family-census/solve-R01290-sym-summary.md
[23:43:02] DONE R01290
[23:43:02] START R01461
Parent R01461: witness stressMeta.witnessSolution (len 106, 0 jump(s)), 54 movable object instance(s) under strict inventory.
  attempt 1: accepted F01461-lm-01 — moved geese (11,1) -> (3,1)
  attempt 2: accepted F01461-lm-02 — moved flippingFilters (6,0) -> (6,9)
  attempt 3: accepted F01461-lm-03 — moved falseGoals (0,4) -> (4,9)
  attempt 4: accepted F01461-lm-04 — moved blocks (0,3) -> (10,0)
  attempt 5: accepted F01461-lm-05 — moved falseGoals (0,4) -> (7,4)
  attempt 6: accepted F01461-lm-06 — moved blocks (7,8) -> (3,0)
  attempt 7: accepted F01461-lm-07 — moved blocks (3,6) -> (7,4)
  attempt 8: accepted F01461-lm-08 — moved geese (11,0) -> (3,0)
  attempt 9: accepted F01461-lm-09 — moved lamppost (9,10) -> (4,6)
  attempt 10: accepted F01461-lm-10 — moved blocks (8,0) -> (4,9)
  attempt 11: accepted F01461-lm-11 — moved geese (3,2) -> (4,8)
  attempt 12: accepted F01461-lm-12 — moved lamppost (9,10) -> (10,0)
  attempt 13: accepted F01461-lm-13 — moved falseGoals (7,10) -> (4,9)
  attempt 14: accepted F01461-lm-14 — moved lamppost (10,5) -> (8,3)
  attempt 15: accepted F01461-lm-15 — moved blocks (9,0) -> (10,0)

15/15 new local-mutant sibling(s) generated for R01461 in 15 attempt(s) (budget 600); 15 total in data/families/family-R01461-lm.json.
Wrote 15 level(s) total to data/families/family-R01461-lm.json (changed=true), 15 hint file(s) written to data/families/hints/.
Wrote family manifest to data/families/family-R01461-lm-manifest.json (15 variant(s) total).
Parent R01461: witness stressMeta.witnessSolution (len 106, 0 jump(s)), 54 movable object instance(s) under strict inventory.
  variant 1 (rotation): accepted F01461-sym-01
  variant 2 (rotation): accepted F01461-sym-02
  variant 3 (rotation): accepted F01461-sym-03
  variant 4 (reflection): accepted F01461-sym-04
  variant 5 (reflection): accepted F01461-sym-05
  variant 6 (reflection): accepted F01461-sym-06
  variant 7 (reflection): accepted F01461-sym-07

7/7 new symmetry sibling(s) generated for R01461 in 7 attempt(s) (budget 7); 7 total in data/families/family-R01461-sym.json.
Wrote 7 level(s) total to data/families/family-R01461-sym.json (changed=true), 7 hint file(s) written to data/families/hints/.
Wrote family manifest to data/families/family-R01461-sym-manifest.json (7 variant(s) total).
portfolio-solve-sweep: corpus=data/families/family-R01461-lm.json levels=15 (15 to solve) scheduler-mode=legacy budget=8000ms node-budget=20000000 workers=4 save-hints=true
  [1/15] L1 (F01461-lm-01) ok=✗
  [2/15] L3 (F01461-lm-03) ok=✗
  [3/15] L2 (F01461-lm-02) ok=✗
  [4/15] L4 (F01461-lm-04) ok=✗
  [5/15] L8 (F01461-lm-08) ok=✗
  [6/15] L5 (F01461-lm-05) ok=✗
  [7/15] L6 (F01461-lm-06) ok=✗
  [8/15] L7 (F01461-lm-07) ok=✗
  [9/15] L10 (F01461-lm-10) ok=✗
  [10/15] L11 (F01461-lm-11) ok=✗
  [11/15] L9 (F01461-lm-09) ok=✗
  [12/15] L12 (F01461-lm-12) ok=✗
  [13/15] L13 (F01461-lm-13) ok=✗
  [14/15] L14 (F01461-lm-14) ok=✗
  [15/15] L15 (F01461-lm-15) ok=✗
Hints: appended to 0 level(s); 0 hint file(s) changed on disk.
Result: solved=0/15, solvedBeforeFallback=0, fallbackOnly=0, unsolved=15
Wrote logs/family-census/solve-R01461-lm.json
Wrote logs/family-census/solve-R01461-lm-summary.md
portfolio-solve-sweep: corpus=data/families/family-R01461-sym.json levels=7 (7 to solve) scheduler-mode=legacy budget=8000ms node-budget=20000000 workers=4 save-hints=true
  [1/7] L3 (F01461-sym-03) ok=✗
  [2/7] L1 (F01461-sym-01) ok=✗
  [3/7] L4 (F01461-sym-04) ok=✗
  [4/7] L2 (F01461-sym-02) ok=✗
  [5/7] L7 (F01461-sym-07) ok=✗
  [6/7] L5 (F01461-sym-05) ok=✗
  [7/7] L6 (F01461-sym-06) ok=✗
Hints: appended to 0 level(s); 0 hint file(s) changed on disk.
Result: solved=0/7, solvedBeforeFallback=0, fallbackOnly=0, unsolved=7
Wrote logs/family-census/solve-R01461-sym.json
Wrote logs/family-census/solve-R01461-sym-summary.md
[23:47:24] DONE R01461
[23:47:24] START R01614
Parent R01614: witness hint[0] (len 76, 6 jump(s)), 33 movable object instance(s) under strict inventory.
  attempt 1: accepted F01614-lm-01 — moved library (7,1) -> (0,8)
  attempt 2: accepted F01614-lm-02 — moved park (3,3) -> (6,4)
  attempt 3: accepted F01614-lm-03 — moved park (6,1) -> (8,7)
  attempt 4: accepted F01614-lm-04 — moved market (5,7) -> (4,4)
  attempt 5: accepted F01614-lm-05 — moved market (2,3) -> (8,7)
  attempt 6: accepted F01614-lm-06 — moved falseGoals (1,7) -> (0,8)
  attempt 7: accepted F01614-lm-07 — moved geese (7,3) -> (10,10)
  attempt 8: accepted F01614-lm-08 — moved geese (7,0) -> (6,3)
  attempt 9: rejected — degenerate duplicate of parent or another accepted variant
  attempt 10: accepted F01614-lm-09 — moved park (2,0) -> (4,4)
  attempt 11: accepted F01614-lm-10 — moved blocks (5,5) -> (6,3)
  attempt 12: accepted F01614-lm-11 — moved blocks (5,5) -> (10,10)
  attempt 13: accepted F01614-lm-12 — moved blocks (5,4) -> (9,10)
  attempt 14: rejected — degenerate duplicate of parent or another accepted variant
  attempt 15: rejected — degenerate duplicate of parent or another accepted variant
  attempt 16: accepted F01614-lm-13 — moved blocks (5,5) -> (9,10)
  attempt 17: accepted F01614-lm-14 — moved blocks (5,0) -> (6,4)
  attempt 18: accepted F01614-lm-15 — moved blocks (6,10) -> (2,7)

15/15 new local-mutant sibling(s) generated for R01614 in 18 attempt(s) (budget 600); 15 total in data/families/family-R01614-lm.json.
Wrote 15 level(s) total to data/families/family-R01614-lm.json (changed=true), 15 hint file(s) written to data/families/hints/.
Wrote family manifest to data/families/family-R01614-lm-manifest.json (15 variant(s) total).
Parent R01614: witness hint[0] (len 76, 6 jump(s)), 33 movable object instance(s) under strict inventory.
  variant 1 (rotation): accepted F01614-sym-01
  variant 2 (rotation): accepted F01614-sym-02
  variant 3 (rotation): accepted F01614-sym-03
  variant 4 (reflection): accepted F01614-sym-04
  variant 5 (reflection): accepted F01614-sym-05
  variant 6 (reflection): accepted F01614-sym-06
  variant 7 (reflection): accepted F01614-sym-07

7/7 new symmetry sibling(s) generated for R01614 in 7 attempt(s) (budget 7); 7 total in data/families/family-R01614-sym.json.
Wrote 7 level(s) total to data/families/family-R01614-sym.json (changed=true), 7 hint file(s) written to data/families/hints/.
Wrote family manifest to data/families/family-R01614-sym-manifest.json (7 variant(s) total).
portfolio-solve-sweep: corpus=data/families/family-R01614-lm.json levels=15 (15 to solve) scheduler-mode=legacy budget=8000ms node-budget=20000000 workers=4 save-hints=true
  [1/15] L2 (F01614-lm-02) ok=✓ legacy [hint saved]
  [2/15] L4 (F01614-lm-04) ok=✗
  [3/15] L3 (F01614-lm-03) ok=✗
  [4/15] L1 (F01614-lm-01) ok=✗
  [5/15] L5 (F01614-lm-05) ok=✓ legacy [hint saved]
  [6/15] L8 (F01614-lm-08) ok=✗
  [7/15] L6 (F01614-lm-06) ok=✗
  [8/15] L7 (F01614-lm-07) ok=✗
  [9/15] L9 (F01614-lm-09) ok=✗
  [10/15] L10 (F01614-lm-10) ok=✗
  [11/15] L11 (F01614-lm-11) ok=✗
  [12/15] L12 (F01614-lm-12) ok=✗
  [13/15] L14 (F01614-lm-14) ok=✗
  [14/15] L13 (F01614-lm-13) ok=✗
  [15/15] L15 (F01614-lm-15) ok=✗
Hints: appended to 2 level(s); 2 hint file(s) changed on disk.
Result: solved=2/15, solvedBeforeFallback=0, fallbackOnly=2, unsolved=13
Wrote logs/family-census/solve-R01614-lm.json
Wrote logs/family-census/solve-R01614-lm-summary.md
portfolio-solve-sweep: corpus=data/families/family-R01614-sym.json levels=7 (7 to solve) scheduler-mode=legacy budget=8000ms node-budget=20000000 workers=4 save-hints=true
  [1/7] L1 (F01614-sym-01) ok=✗
  [2/7] L3 (F01614-sym-03) ok=✗
  [3/7] L4 (F01614-sym-04) ok=✗
  [4/7] L2 (F01614-sym-02) ok=✗
  [5/7] L7 (F01614-sym-07) ok=✗
  [6/7] L6 (F01614-sym-06) ok=✗
  [7/7] L5 (F01614-sym-05) ok=✗
Hints: appended to 0 level(s); 0 hint file(s) changed on disk.
Result: solved=0/7, solvedBeforeFallback=0, fallbackOnly=0, unsolved=7
Wrote logs/family-census/solve-R01614-sym.json
Wrote logs/family-census/solve-R01614-sym-summary.md
[23:49:16] DONE R01614
[23:49:16] START R01765
Parent R01765: witness stressMeta.witnessSolution (len 88, 6 jump(s)), 49 movable object instance(s) under strict inventory.
  attempt 1: accepted F01765-lm-01 — moved flippingFilters (4,2) -> (6,8)
  attempt 2: accepted F01765-lm-02 — moved mustPass (1,10) -> (10,2)
  attempt 3: accepted F01765-lm-03 — moved statue (6,0) -> (2,3)
  attempt 4: accepted F01765-lm-04 — moved park (0,10) -> (1,2)
  attempt 5: accepted F01765-lm-05 — moved falseGoals (5,9) -> (6,8)
  attempt 6: accepted F01765-lm-06 — moved lamppost (2,2) -> (6,8)
  attempt 7: accepted F01765-lm-07 — moved park (0,10) -> (4,5)
  attempt 8: accepted F01765-lm-08 — moved falseGoals (3,5) -> (6,8)
  attempt 9: accepted F01765-lm-09 — moved statue (4,3) -> (6,8)
  attempt 10: accepted F01765-lm-10 — moved park (0,5) -> (10,3)
  attempt 11: accepted F01765-lm-11 — moved blocks (2,6) -> (6,8)
  attempt 12: accepted F01765-lm-12 — moved park (6,6) -> (5,7)
  attempt 13: accepted F01765-lm-13 — moved mustPass (10,4) -> (6,7)
  attempt 14: accepted F01765-lm-14 — moved blocks (3,3) -> (6,8)
  attempt 15: accepted F01765-lm-15 — moved park (6,6) -> (4,5)

15/15 new local-mutant sibling(s) generated for R01765 in 15 attempt(s) (budget 600); 15 total in data/families/family-R01765-lm.json.
Wrote 15 level(s) total to data/families/family-R01765-lm.json (changed=true), 15 hint file(s) written to data/families/hints/.
Wrote family manifest to data/families/family-R01765-lm-manifest.json (15 variant(s) total).
Parent R01765: witness stressMeta.witnessSolution (len 88, 6 jump(s)), 49 movable object instance(s) under strict inventory.
  variant 1 (rotation): accepted F01765-sym-01
  variant 2 (rotation): accepted F01765-sym-02
  variant 3 (rotation): accepted F01765-sym-03
  variant 4 (reflection): accepted F01765-sym-04
  variant 5 (reflection): accepted F01765-sym-05
  variant 6 (reflection): accepted F01765-sym-06
  variant 7 (reflection): accepted F01765-sym-07

7/7 new symmetry sibling(s) generated for R01765 in 7 attempt(s) (budget 7); 7 total in data/families/family-R01765-sym.json.
Wrote 7 level(s) total to data/families/family-R01765-sym.json (changed=true), 7 hint file(s) written to data/families/hints/.
Wrote family manifest to data/families/family-R01765-sym-manifest.json (7 variant(s) total).
portfolio-solve-sweep: corpus=data/families/family-R01765-lm.json levels=15 (15 to solve) scheduler-mode=legacy budget=8000ms node-budget=20000000 workers=4 save-hints=true
  [1/15] L3 (F01765-lm-03) ok=✗
  [2/15] L2 (F01765-lm-02) ok=✗
  [3/15] L1 (F01765-lm-01) ok=✗
  [4/15] L4 (F01765-lm-04) ok=✗
  [5/15] L6 (F01765-lm-06) ok=✗
  [6/15] L5 (F01765-lm-05) ok=✗
  [7/15] L7 (F01765-lm-07) ok=✗
  [8/15] L8 (F01765-lm-08) ok=✗
  [9/15] L9 (F01765-lm-09) ok=✗
  [10/15] L10 (F01765-lm-10) ok=✗
  [11/15] L11 (F01765-lm-11) ok=✗
  [12/15] L12 (F01765-lm-12) ok=✗
  [13/15] L13 (F01765-lm-13) ok=✗
  [14/15] L15 (F01765-lm-15) ok=✗
  [15/15] L14 (F01765-lm-14) ok=✗
Hints: appended to 0 level(s); 0 hint file(s) changed on disk.
Result: solved=0/15, solvedBeforeFallback=0, fallbackOnly=0, unsolved=15
Wrote logs/family-census/solve-R01765-lm.json
Wrote logs/family-census/solve-R01765-lm-summary.md
portfolio-solve-sweep: corpus=data/families/family-R01765-sym.json levels=7 (7 to solve) scheduler-mode=legacy budget=8000ms node-budget=20000000 workers=4 save-hints=true
  [1/7] L3 (F01765-sym-03) ok=✗
  [2/7] L1 (F01765-sym-01) ok=✗
  [3/7] L4 (F01765-sym-04) ok=✗
  [4/7] L2 (F01765-sym-02) ok=✗
  [5/7] L7 (F01765-sym-07) ok=✗
  [6/7] L6 (F01765-sym-06) ok=✗
  [7/7] L5 (F01765-sym-05) ok=✗
Hints: appended to 0 level(s); 0 hint file(s) changed on disk.
Result: solved=0/7, solvedBeforeFallback=0, fallbackOnly=0, unsolved=7
Wrote logs/family-census/solve-R01765-sym.json
Wrote logs/family-census/solve-R01765-sym-summary.md
[23:54:26] DONE R01765
[23:54:26] START R01998
Parent R01998: witness stressMeta.witnessSolution (len 128, 0 jump(s)), 50 movable object instance(s) under strict inventory.
  attempt 1: accepted F01998-lm-01 — moved blocks (5,5) -> (11,14)
  attempt 2: accepted F01998-lm-02 — moved geese (0,0) -> (2,12)
  attempt 3: accepted F01998-lm-03 — moved statue (5,2) -> (0,13)
  attempt 4: accepted F01998-lm-04 — moved park (8,0) -> (14,13)
  attempt 5: accepted F01998-lm-05 — moved blocks (13,14) -> (11,1)
  attempt 6: accepted F01998-lm-06 — moved mustCross (8,11) -> (4,10)
  attempt 7: accepted F01998-lm-07 — moved mustCross (1,9) -> (1,8)
  attempt 8: accepted F01998-lm-08 — moved blocks (13,3) -> (13,2)
  attempt 9: accepted F01998-lm-09 — moved park (8,0) -> (3,14)
  attempt 10: accepted F01998-lm-10 — moved mustCross (8,12) -> (4,10)
  attempt 11: accepted F01998-lm-11 — moved mustCross (7,12) -> (2,5)
  attempt 12: accepted F01998-lm-12 — moved market (9,1) -> (4,5)
  attempt 13: accepted F01998-lm-13 — moved statue (9,2) -> (2,12)
  attempt 14: accepted F01998-lm-14 — moved blocks (4,13) -> (11,2)
  attempt 15: accepted F01998-lm-15 — moved fountain (11,4) -> (6,11)

15/15 new local-mutant sibling(s) generated for R01998 in 15 attempt(s) (budget 600); 15 total in data/families/family-R01998-lm.json.
Wrote 15 level(s) total to data/families/family-R01998-lm.json (changed=true), 15 hint file(s) written to data/families/hints/.
Wrote family manifest to data/families/family-R01998-lm-manifest.json (15 variant(s) total).
Parent R01998: witness stressMeta.witnessSolution (len 128, 0 jump(s)), 50 movable object instance(s) under strict inventory.
  variant 1 (rotation): accepted F01998-sym-01
  variant 2 (rotation): accepted F01998-sym-02
  variant 3 (rotation): accepted F01998-sym-03
  variant 4 (reflection): accepted F01998-sym-04
  variant 5 (reflection): accepted F01998-sym-05
  variant 6 (reflection): accepted F01998-sym-06
  variant 7 (reflection): accepted F01998-sym-07

7/7 new symmetry sibling(s) generated for R01998 in 7 attempt(s) (budget 7); 7 total in data/families/family-R01998-sym.json.
Wrote 7 level(s) total to data/families/family-R01998-sym.json (changed=true), 7 hint file(s) written to data/families/hints/.
Wrote family manifest to data/families/family-R01998-sym-manifest.json (7 variant(s) total).
portfolio-solve-sweep: corpus=data/families/family-R01998-lm.json levels=15 (15 to solve) scheduler-mode=legacy budget=8000ms node-budget=20000000 workers=4 save-hints=true
  [1/15] L1 (F01998-lm-01) ok=✗
  [2/15] L4 (F01998-lm-04) ok=✗
  [3/15] L2 (F01998-lm-02) ok=✗
  [4/15] L3 (F01998-lm-03) ok=✗
  [5/15] L5 (F01998-lm-05) ok=✗
  [6/15] L7 (F01998-lm-07) ok=✗
  [7/15] L6 (F01998-lm-06) ok=✗
  [8/15] L8 (F01998-lm-08) ok=✗
  [9/15] L9 (F01998-lm-09) ok=✗
  [10/15] L10 (F01998-lm-10) ok=✗
  [11/15] L12 (F01998-lm-12) ok=✗
  [12/15] L11 (F01998-lm-11) ok=✗
  [13/15] L13 (F01998-lm-13) ok=✗
  [14/15] L15 (F01998-lm-15) ok=✗
  [15/15] L14 (F01998-lm-14) ok=✗
Hints: appended to 0 level(s); 0 hint file(s) changed on disk.
Result: solved=0/15, solvedBeforeFallback=0, fallbackOnly=0, unsolved=15
Wrote logs/family-census/solve-R01998-lm.json
Wrote logs/family-census/solve-R01998-lm-summary.md
portfolio-solve-sweep: corpus=data/families/family-R01998-sym.json levels=7 (7 to solve) scheduler-mode=legacy budget=8000ms node-budget=20000000 workers=4 save-hints=true
  [1/7] L4 (F01998-sym-04) ok=✗
  [2/7] L2 (F01998-sym-02) ok=✗
  [3/7] L3 (F01998-sym-03) ok=✗
  [4/7] L1 (F01998-sym-01) ok=✗
  [5/7] L5 (F01998-sym-05) ok=✗
  [6/7] L6 (F01998-sym-06) ok=✗
  [7/7] L7 (F01998-sym-07) ok=✗
Hints: appended to 0 level(s); 0 hint file(s) changed on disk.
Result: solved=0/7, solvedBeforeFallback=0, fallbackOnly=0, unsolved=7
Wrote logs/family-census/solve-R01998-sym.json
Wrote logs/family-census/solve-R01998-sym-summary.md
[00:02:04] DONE R01998
[00:02:04] START R02035
Parent R02035: witness stressMeta.witnessSolution (len 100, 4 jump(s)), 31 movable object instance(s) under strict inventory.
  attempt 1: accepted F02035-lm-01 — moved market (11,4) -> (4,8)
  attempt 2: accepted F02035-lm-02 — moved statue (10,1) -> (2,9)
  attempt 3: accepted F02035-lm-03 — moved market (11,4) -> (7,9)
  attempt 4: accepted F02035-lm-04 — moved market (0,0) -> (2,5)
  attempt 5: accepted F02035-lm-05 — moved blocks (9,8) -> (7,10)
  attempt 6: accepted F02035-lm-06 — moved park (7,3) -> (3,0)
  attempt 7: accepted F02035-lm-07 — moved statue (8,11) -> (1,8)
  attempt 8: accepted F02035-lm-08 — moved lamppost (11,8) -> (2,5)
  attempt 9: accepted F02035-lm-09 — moved statue (3,1) -> (5,0)
  attempt 10: accepted F02035-lm-10 — moved lamppost (4,4) -> (2,5)
  attempt 11: accepted F02035-lm-11 — moved lamppost (7,1) -> (2,5)
  attempt 12: accepted F02035-lm-12 — moved statue (9,3) -> (2,5)
  attempt 13: accepted F02035-lm-13 — moved blocks (4,0) -> (5,0)
  attempt 14: accepted F02035-lm-14 — moved blocks (0,11) -> (11,2)
  attempt 15: accepted F02035-lm-15 — moved statue (8,6) -> (9,7)

15/15 new local-mutant sibling(s) generated for R02035 in 15 attempt(s) (budget 600); 15 total in data/families/family-R02035-lm.json.
Wrote 15 level(s) total to data/families/family-R02035-lm.json (changed=true), 15 hint file(s) written to data/families/hints/.
Wrote family manifest to data/families/family-R02035-lm-manifest.json (15 variant(s) total).
Parent R02035: witness stressMeta.witnessSolution (len 100, 4 jump(s)), 31 movable object instance(s) under strict inventory.
  variant 1 (rotation): accepted F02035-sym-01
  variant 2 (rotation): accepted F02035-sym-02
  variant 3 (rotation): accepted F02035-sym-03
  variant 4 (reflection): accepted F02035-sym-04
  variant 5 (reflection): accepted F02035-sym-05
  variant 6 (reflection): accepted F02035-sym-06
  variant 7 (reflection): accepted F02035-sym-07

7/7 new symmetry sibling(s) generated for R02035 in 7 attempt(s) (budget 7); 7 total in data/families/family-R02035-sym.json.
Wrote 7 level(s) total to data/families/family-R02035-sym.json (changed=true), 7 hint file(s) written to data/families/hints/.
Wrote family manifest to data/families/family-R02035-sym-manifest.json (7 variant(s) total).
portfolio-solve-sweep: corpus=data/families/family-R02035-lm.json levels=15 (15 to solve) scheduler-mode=legacy budget=8000ms node-budget=20000000 workers=4 save-hints=true
  [1/15] L1 (F02035-lm-01) ok=✗
  [2/15] L3 (F02035-lm-03) ok=✗
  [3/15] L2 (F02035-lm-02) ok=✗
  [4/15] L4 (F02035-lm-04) ok=✗
  [5/15] L6 (F02035-lm-06) ok=✗
  [6/15] L5 (F02035-lm-05) ok=✗
  [7/15] L7 (F02035-lm-07) ok=✗
  [8/15] L8 (F02035-lm-08) ok=✗
  [9/15] L11 (F02035-lm-11) ok=✗
  [10/15] L10 (F02035-lm-10) ok=✗
  [11/15] L9 (F02035-lm-09) ok=✗
  [12/15] L12 (F02035-lm-12) ok=✗
  [13/15] L13 (F02035-lm-13) ok=✗
  [14/15] L14 (F02035-lm-14) ok=✗
  [15/15] L15 (F02035-lm-15) ok=✗
Hints: appended to 0 level(s); 0 hint file(s) changed on disk.
Result: solved=0/15, solvedBeforeFallback=0, fallbackOnly=0, unsolved=15
Wrote logs/family-census/solve-R02035-lm.json
Wrote logs/family-census/solve-R02035-lm-summary.md
portfolio-solve-sweep: corpus=data/families/family-R02035-sym.json levels=7 (7 to solve) scheduler-mode=legacy budget=8000ms node-budget=20000000 workers=4 save-hints=true
  [1/7] L4 (F02035-sym-04) ok=✗
  [2/7] L2 (F02035-sym-02) ok=✗
  [3/7] L1 (F02035-sym-01) ok=✗
  [4/7] L3 (F02035-sym-03) ok=✗
  [5/7] L6 (F02035-sym-06) ok=✗
  [6/7] L5 (F02035-sym-05) ok=✗
  [7/7] L7 (F02035-sym-07) ok=✗
Hints: appended to 0 level(s); 0 hint file(s) changed on disk.
Result: solved=0/7, solvedBeforeFallback=0, fallbackOnly=0, unsolved=7
Wrote logs/family-census/solve-R02035-sym.json
Wrote logs/family-census/solve-R02035-sym-summary.md
[00:11:25] DONE R02035
[00:11:25] START R02078
Parent R02078: witness stressMeta.witnessSolution (len 97, 5 jump(s)), 37 movable object instance(s) under strict inventory.
  attempt 1: accepted F02078-lm-01 — moved blocks (2,6) -> (11,5)
  attempt 2: accepted F02078-lm-02 — moved fountain (0,10) -> (4,7)
  attempt 3: accepted F02078-lm-03 — moved fountain (6,11) -> (8,11)
  attempt 4: accepted F02078-lm-04 — moved blocks (5,9) -> (11,5)
  attempt 5: accepted F02078-lm-05 — moved park (9,11) -> (5,10)
  attempt 6: accepted F02078-lm-06 — moved blocks (11,11) -> (0,3)
  attempt 7: accepted F02078-lm-07 — moved blocks (7,10) -> (11,4)
  attempt 8: accepted F02078-lm-08 — moved falseGoals (2,5) -> (10,10)
  attempt 9: accepted F02078-lm-09 — moved falseGoals (0,4) -> (3,11)
  attempt 10: accepted F02078-lm-10 — moved blocks (5,9) -> (11,4)
  attempt 11: accepted F02078-lm-11 — moved blocks (2,6) -> (10,10)
  attempt 12: accepted F02078-lm-12 — moved falseGoals (11,0) -> (3,11)
  attempt 13: accepted F02078-lm-13 — moved fountain (11,9) -> (9,10)
  attempt 14: accepted F02078-lm-14 — moved falseGoals (10,11) -> (11,5)
  attempt 15: accepted F02078-lm-15 — moved park (7,6) -> (3,0)

15/15 new local-mutant sibling(s) generated for R02078 in 15 attempt(s) (budget 600); 15 total in data/families/family-R02078-lm.json.
Wrote 15 level(s) total to data/families/family-R02078-lm.json (changed=true), 15 hint file(s) written to data/families/hints/.
Wrote family manifest to data/families/family-R02078-lm-manifest.json (15 variant(s) total).
Parent R02078: witness stressMeta.witnessSolution (len 97, 5 jump(s)), 37 movable object instance(s) under strict inventory.
  variant 1 (rotation): accepted F02078-sym-01
  variant 2 (rotation): accepted F02078-sym-02
  variant 3 (rotation): accepted F02078-sym-03
  variant 4 (reflection): accepted F02078-sym-04
  variant 5 (reflection): accepted F02078-sym-05
  variant 6 (reflection): accepted F02078-sym-06
  variant 7 (reflection): accepted F02078-sym-07

7/7 new symmetry sibling(s) generated for R02078 in 7 attempt(s) (budget 7); 7 total in data/families/family-R02078-sym.json.
Wrote 7 level(s) total to data/families/family-R02078-sym.json (changed=true), 7 hint file(s) written to data/families/hints/.
Wrote family manifest to data/families/family-R02078-sym-manifest.json (7 variant(s) total).
portfolio-solve-sweep: corpus=data/families/family-R02078-lm.json levels=15 (15 to solve) scheduler-mode=legacy budget=8000ms node-budget=20000000 workers=4 save-hints=true
  [1/15] L1 (F02078-lm-01) ok=✗
  [2/15] L2 (F02078-lm-02) ok=✗
  [3/15] L4 (F02078-lm-04) ok=✗
  [4/15] L3 (F02078-lm-03) ok=✗
  [5/15] L6 (F02078-lm-06) ok=✗
  [6/15] L5 (F02078-lm-05) ok=✗
  [7/15] L7 (F02078-lm-07) ok=✗
  [8/15] L8 (F02078-lm-08) ok=✗
  [9/15] L9 (F02078-lm-09) ok=✗
  [10/15] L11 (F02078-lm-11) ok=✗
  [11/15] L10 (F02078-lm-10) ok=✗
  [12/15] L12 (F02078-lm-12) ok=✗
  [13/15] L13 (F02078-lm-13) ok=✗
  [14/15] L15 (F02078-lm-15) ok=✗
  [15/15] L14 (F02078-lm-14) ok=✗
Hints: appended to 0 level(s); 0 hint file(s) changed on disk.
Result: solved=0/15, solvedBeforeFallback=0, fallbackOnly=0, unsolved=15
Wrote logs/family-census/solve-R02078-lm.json
Wrote logs/family-census/solve-R02078-lm-summary.md
portfolio-solve-sweep: corpus=data/families/family-R02078-sym.json levels=7 (7 to solve) scheduler-mode=legacy budget=8000ms node-budget=20000000 workers=4 save-hints=true
  [1/7] L1 (F02078-sym-01) ok=✗
  [2/7] L2 (F02078-sym-02) ok=✗
  [3/7] L3 (F02078-sym-03) ok=✗
  [4/7] L4 (F02078-sym-04) ok=✗
  [5/7] L6 (F02078-sym-06) ok=✗
  [6/7] L5 (F02078-sym-05) ok=✗
  [7/7] L7 (F02078-sym-07) ok=✗
Hints: appended to 0 level(s); 0 hint file(s) changed on disk.
Result: solved=0/7, solvedBeforeFallback=0, fallbackOnly=0, unsolved=7
Wrote logs/family-census/solve-R02078-sym.json
Wrote logs/family-census/solve-R02078-sym-summary.md
[00:13:29] DONE R02078
[00:13:29] START R02106
Parent R02106: witness stressMeta.witnessSolution (len 97, 5 jump(s)), 57 movable object instance(s) under strict inventory.
  attempt 1: accepted F02106-lm-16 — moved mustPass (6,0) -> (0,4)
  attempt 2: accepted F02106-lm-17 — moved flippingFilters (2,5) -> (12,12)
  attempt 3: accepted F02106-lm-18 — moved blocks (9,11) -> (8,11)
  attempt 4: accepted F02106-lm-19 — moved blocks (1,10) -> (10,2)
  attempt 5: accepted F02106-lm-20 — moved blocks (6,11) -> (8,11)
  attempt 6: accepted F02106-lm-21 — moved lamppost (3,9) -> (11,3)
  attempt 7: accepted F02106-lm-22 — moved blocks (8,8) -> (12,12)
  attempt 8: accepted F02106-lm-23 — moved falseGoals (0,8) -> (3,8)
  attempt 9: accepted F02106-lm-24 — moved lamppost (3,9) -> (3,10)
  attempt 10: accepted F02106-lm-25 — moved blocks (9,11) -> (7,6)
  attempt 11: accepted F02106-lm-26 — moved mustPass (8,2) -> (4,2)
  attempt 12: accepted F02106-lm-27 — moved blocks (6,1) -> (2,8)
  attempt 13: accepted F02106-lm-28 — moved lamppost (3,9) -> (8,6)
  attempt 14: accepted F02106-lm-29 — moved blocks (10,8) -> (11,3)
  attempt 15: accepted F02106-lm-30 — moved falseGoals (6,6) -> (5,12)

15/15 new local-mutant sibling(s) generated for R02106 in 15 attempt(s) (budget 600); 15 total in data/families/family-R02106-lm.json.
Wrote 15 level(s) total to data/families/family-R02106-lm.json (changed=true), 15 hint file(s) written to data/families/hints/.
Wrote family manifest to data/families/family-R02106-lm-manifest.json (15 variant(s) total).
Parent R02106: witness stressMeta.witnessSolution (len 97, 5 jump(s)), 57 movable object instance(s) under strict inventory.
  variant 1 (rotation): accepted F02106-sym-08
  variant 2 (rotation): accepted F02106-sym-09
  variant 3 (rotation): accepted F02106-sym-10
  variant 4 (reflection): accepted F02106-sym-11
  variant 5 (reflection): accepted F02106-sym-12
  variant 6 (reflection): accepted F02106-sym-13
  variant 7 (reflection): accepted F02106-sym-14

7/7 new symmetry sibling(s) generated for R02106 in 7 attempt(s) (budget 7); 7 total in data/families/family-R02106-sym.json.
Wrote 7 level(s) total to data/families/family-R02106-sym.json (changed=true), 7 hint file(s) written to data/families/hints/.
Wrote family manifest to data/families/family-R02106-sym-manifest.json (7 variant(s) total).
portfolio-solve-sweep: corpus=data/families/family-R02106-lm.json levels=15 (15 to solve) scheduler-mode=legacy budget=8000ms node-budget=20000000 workers=4 save-hints=true
  [1/15] L1 (F02106-lm-16) ok=✓ legacy [hint saved]
  [2/15] L3 (F02106-lm-18) ok=✓ legacy [hint saved]
  [3/15] L5 (F02106-lm-20) ok=✓ legacy [hint saved]
  [4/15] L2 (F02106-lm-17) ok=✗
  [5/15] L4 (F02106-lm-19) ok=✗
  [6/15] L7 (F02106-lm-22) ok=✓ legacy [hint saved]
  [7/15] L8 (F02106-lm-23) ok=✓ legacy [hint saved]
  [8/15] L6 (F02106-lm-21) ok=✗
  [9/15] L10 (F02106-lm-25) ok=✓ legacy [hint saved]
  [10/15] L13 (F02106-lm-28) ok=✓ legacy [hint saved]
  [11/15] L9 (F02106-lm-24) ok=✗
  [12/15] L14 (F02106-lm-29) ok=✓ legacy [hint saved]
  [13/15] L12 (F02106-lm-27) ok=✗
  [14/15] L11 (F02106-lm-26) ok=✗
  [15/15] L15 (F02106-lm-30) ok=✗
Hints: appended to 8 level(s); 8 hint file(s) changed on disk.
Result: solved=8/15, solvedBeforeFallback=0, fallbackOnly=8, unsolved=7
Wrote logs/family-census/solve-R02106-lm.json
Wrote logs/family-census/solve-R02106-lm-summary.md
portfolio-solve-sweep: corpus=data/families/family-R02106-sym.json levels=7 (7 to solve) scheduler-mode=legacy budget=8000ms node-budget=20000000 workers=4 save-hints=true
  [1/7] L3 (F02106-sym-10) ok=✓ legacy [hint saved]
  [2/7] L1 (F02106-sym-08) ok=✓ legacy [hint saved]
  [3/7] L6 (F02106-sym-13) ok=✓ legacy [hint saved]
  [4/7] L4 (F02106-sym-11) ok=✗
  [5/7] L2 (F02106-sym-09) ok=✗
  [6/7] L7 (F02106-sym-14) ok=✓ legacy [hint saved]
  [7/7] L5 (F02106-sym-12) ok=✗
Hints: appended to 4 level(s); 4 hint file(s) changed on disk.
Result: solved=4/7, solvedBeforeFallback=0, fallbackOnly=4, unsolved=3
Wrote logs/family-census/solve-R02106-sym.json
Wrote logs/family-census/solve-R02106-sym-summary.md
[00:15:48] DONE R02106
[00:15:48] START R02145
Parent R02145: witness hint[0] (len 103, 4 jump(s)), 26 movable object instance(s) under strict inventory.
  attempt 1: accepted F02145-lm-01 — moved blocks (7,6) -> (3,5)
  attempt 2: accepted F02145-lm-02 — moved falseGoals (4,5) -> (7,7)
  attempt 3: accepted F02145-lm-03 — moved flippingFilters (0,4) -> (6,6)
  attempt 4: accepted F02145-lm-04 — moved flippingFilters (9,5) -> (10,5)
  attempt 5: accepted F02145-lm-05 — moved falseGoals (4,2) -> (6,6)
  attempt 6: accepted F02145-lm-06 — moved flippingFilters (11,5) -> (8,8)
  attempt 7: accepted F02145-lm-07 — moved flippingFilters (0,8) -> (11,6)
  attempt 8: accepted F02145-lm-08 — moved blocks (11,7) -> (6,6)
  attempt 9: accepted F02145-lm-09 — moved flippingFilters (6,11) -> (10,5)
  attempt 10: accepted F02145-lm-10 — moved fountain (8,6) -> (11,0)
  attempt 11: accepted F02145-lm-11 — moved falseGoals (0,6) -> (3,5)
  attempt 12: accepted F02145-lm-12 — moved blocks (9,6) -> (11,10)
  attempt 13: accepted F02145-lm-13 — moved falseGoals (0,6) -> (2,9)
  attempt 14: accepted F02145-lm-14 — moved flippingFilters (5,11) -> (7,8)
  attempt 15: accepted F02145-lm-15 — moved fountain (8,6) -> (7,8)

15/15 new local-mutant sibling(s) generated for R02145 in 15 attempt(s) (budget 600); 15 total in data/families/family-R02145-lm.json.
Wrote 15 level(s) total to data/families/family-R02145-lm.json (changed=true), 15 hint file(s) written to data/families/hints/.
Wrote family manifest to data/families/family-R02145-lm-manifest.json (15 variant(s) total).
Parent R02145: witness hint[0] (len 103, 4 jump(s)), 26 movable object instance(s) under strict inventory.
  variant 1 (rotation): accepted F02145-sym-01
  variant 2 (rotation): accepted F02145-sym-02
  variant 3 (rotation): accepted F02145-sym-03
  variant 4 (reflection): accepted F02145-sym-04
  variant 5 (reflection): accepted F02145-sym-05
  variant 6 (reflection): accepted F02145-sym-06
  variant 7 (reflection): accepted F02145-sym-07

7/7 new symmetry sibling(s) generated for R02145 in 7 attempt(s) (budget 7); 7 total in data/families/family-R02145-sym.json.
Wrote 7 level(s) total to data/families/family-R02145-sym.json (changed=true), 7 hint file(s) written to data/families/hints/.
Wrote family manifest to data/families/family-R02145-sym-manifest.json (7 variant(s) total).
portfolio-solve-sweep: corpus=data/families/family-R02145-lm.json levels=15 (15 to solve) scheduler-mode=legacy budget=8000ms node-budget=20000000 workers=4 save-hints=true
  [1/15] L4 (F02145-lm-04) ok=✗
  [2/15] L2 (F02145-lm-02) ok=✗
  [3/15] L5 (F02145-lm-05) ok=✓ legacy [hint saved]
  [4/15] L3 (F02145-lm-03) ok=✗
  [5/15] L1 (F02145-lm-01) ok=✗
  [6/15] L9 (F02145-lm-09) ok=✓ legacy [hint saved]
  [7/15] L8 (F02145-lm-08) ok=✗
  [8/15] L7 (F02145-lm-07) ok=✗
  [9/15] L6 (F02145-lm-06) ok=✗
  [10/15] L10 (F02145-lm-10) ok=✗
  [11/15] L12 (F02145-lm-12) ok=✗
  [12/15] L11 (F02145-lm-11) ok=✗
  [13/15] L13 (F02145-lm-13) ok=✗
  [14/15] L14 (F02145-lm-14) ok=✗
  [15/15] L15 (F02145-lm-15) ok=✗
Hints: appended to 2 level(s); 2 hint file(s) changed on disk.
Result: solved=2/15, solvedBeforeFallback=0, fallbackOnly=2, unsolved=13
Wrote logs/family-census/solve-R02145-lm.json
Wrote logs/family-census/solve-R02145-lm-summary.md
portfolio-solve-sweep: corpus=data/families/family-R02145-sym.json levels=7 (7 to solve) scheduler-mode=legacy budget=8000ms node-budget=20000000 workers=4 save-hints=true
  [1/7] L1 (F02145-sym-01) ok=✓ legacy [hint saved]
  [2/7] L3 (F02145-sym-03) ok=✓ legacy [hint saved]
  [3/7] L6 (F02145-sym-06) ok=✓ legacy [hint saved]
  [4/7] L4 (F02145-sym-04) ok=✗
  [5/7] L2 (F02145-sym-02) ok=✗
  [6/7] L5 (F02145-sym-05) ok=✗
  [7/7] L7 (F02145-sym-07) ok=✗
Hints: appended to 3 level(s); 3 hint file(s) changed on disk.
Result: solved=3/7, solvedBeforeFallback=0, fallbackOnly=3, unsolved=4
Wrote logs/family-census/solve-R02145-sym.json
Wrote logs/family-census/solve-R02145-sym-summary.md
[00:16:48] DONE R02145
[00:16:48] START R02181
Parent R02181: witness stressMeta.witnessSolution (len 86, 0 jump(s)), 39 movable object instance(s) under strict inventory.
  attempt 1: accepted F02181-lm-01 — moved flippingFilters (1,0) -> (0,1)
  attempt 2: accepted F02181-lm-02 — moved mustPass (7,9) -> (10,2)
  attempt 3: accepted F02181-lm-03 — moved park (5,7) -> (3,4)
  attempt 4: accepted F02181-lm-04 — moved mustPass (4,3) -> (7,1)
  attempt 5: accepted F02181-lm-05 — moved park (2,5) -> (2,7)
  attempt 6: accepted F02181-lm-06 — moved fountain (8,1) -> (1,10)
  attempt 7: accepted F02181-lm-07 — moved library (2,3) -> (6,3)
  attempt 8: accepted F02181-lm-08 — moved fountain (7,10) -> (10,8)
  attempt 9: accepted F02181-lm-09 — moved mustPass (4,9) -> (6,6)
  attempt 10: accepted F02181-lm-10 — moved blocks (0,10) -> (4,0)
  attempt 11: accepted F02181-lm-11 — moved blocks (2,6) -> (10,5)
  attempt 12: accepted F02181-lm-12 — moved mustPass (4,9) -> (2,9)
  attempt 13: rejected — degenerate duplicate of parent or another accepted variant
  attempt 14: accepted F02181-lm-13 — moved mustPass (4,9) -> (4,6)
  attempt 15: accepted F02181-lm-14 — moved blocks (0,10) -> (2,7)
  attempt 16: accepted F02181-lm-15 — moved blocks (0,10) -> (10,5)

15/15 new local-mutant sibling(s) generated for R02181 in 16 attempt(s) (budget 600); 15 total in data/families/family-R02181-lm.json.
Wrote 15 level(s) total to data/families/family-R02181-lm.json (changed=true), 15 hint file(s) written to data/families/hints/.
Wrote family manifest to data/families/family-R02181-lm-manifest.json (15 variant(s) total).
Parent R02181: witness stressMeta.witnessSolution (len 86, 0 jump(s)), 39 movable object instance(s) under strict inventory.
  variant 1 (rotation): accepted F02181-sym-01
  variant 2 (rotation): accepted F02181-sym-02
  variant 3 (rotation): accepted F02181-sym-03
  variant 4 (reflection): accepted F02181-sym-04
  variant 5 (reflection): accepted F02181-sym-05
  variant 6 (reflection): accepted F02181-sym-06
  variant 7 (reflection): accepted F02181-sym-07

7/7 new symmetry sibling(s) generated for R02181 in 7 attempt(s) (budget 7); 7 total in data/families/family-R02181-sym.json.
Wrote 7 level(s) total to data/families/family-R02181-sym.json (changed=true), 7 hint file(s) written to data/families/hints/.
Wrote family manifest to data/families/family-R02181-sym-manifest.json (7 variant(s) total).
portfolio-solve-sweep: corpus=data/families/family-R02181-lm.json levels=15 (15 to solve) scheduler-mode=legacy budget=8000ms node-budget=20000000 workers=4 save-hints=true
  [1/15] L1 (F02181-lm-01) ok=✗
  [2/15] L2 (F02181-lm-02) ok=✗
  [3/15] L4 (F02181-lm-04) ok=✗
  [4/15] L3 (F02181-lm-03) ok=✗
  [5/15] L7 (F02181-lm-07) ok=✓ legacy [hint saved]
  [6/15] L5 (F02181-lm-05) ok=✗
  [7/15] L8 (F02181-lm-08) ok=✗
  [8/15] L6 (F02181-lm-06) ok=✗
  [9/15] L9 (F02181-lm-09) ok=✗
  [10/15] L13 (F02181-lm-13) ok=✗
  [11/15] L10 (F02181-lm-10) ok=✗
  [12/15] L11 (F02181-lm-11) ok=✗
  [13/15] L12 (F02181-lm-12) ok=✗
  [14/15] L14 (F02181-lm-14) ok=✗
  [15/15] L15 (F02181-lm-15) ok=✗
Hints: appended to 1 level(s); 1 hint file(s) changed on disk.
Result: solved=1/15, solvedBeforeFallback=0, fallbackOnly=1, unsolved=14
Wrote logs/family-census/solve-R02181-lm.json
Wrote logs/family-census/solve-R02181-lm-summary.md
portfolio-solve-sweep: corpus=data/families/family-R02181-sym.json levels=7 (7 to solve) scheduler-mode=legacy budget=8000ms node-budget=20000000 workers=4 save-hints=true
  [1/7] L2 (F02181-sym-02) ok=✗
  [2/7] L1 (F02181-sym-01) ok=✗
  [3/7] L4 (F02181-sym-04) ok=✗
  [4/7] L3 (F02181-sym-03) ok=✗
  [5/7] L6 (F02181-sym-06) ok=✗
  [6/7] L7 (F02181-sym-07) ok=✗
  [7/7] L5 (F02181-sym-05) ok=✗
Hints: appended to 0 level(s); 0 hint file(s) changed on disk.
Result: solved=0/7, solvedBeforeFallback=0, fallbackOnly=0, unsolved=7
Wrote logs/family-census/solve-R02181-sym.json
Wrote logs/family-census/solve-R02181-sym-summary.md
[00:22:34] DONE R02181
[00:22:34] START R02221
Parent R02221: witness stressMeta.witnessSolution (len 80, 0 jump(s)), 36 movable object instance(s) under strict inventory.
  attempt 1: accepted F02221-lm-01 — moved blocks (1,10) -> (0,5)
  attempt 2: accepted F02221-lm-02 — moved flippingFilters (9,10) -> (8,8)
  attempt 3: accepted F02221-lm-03 — moved library (6,4) -> (2,8)
  attempt 4: accepted F02221-lm-04 — moved blocks (4,2) -> (0,5)
  attempt 5: accepted F02221-lm-05 — moved flippingFilters (10,0) -> (7,6)
  attempt 6: accepted F02221-lm-06 — moved flippingFilters (10,0) -> (8,8)
  attempt 7: accepted F02221-lm-07 — moved blocks (2,0) -> (0,6)
  attempt 8: accepted F02221-lm-08 — moved flippingFilters (1,3) -> (0,6)
  attempt 9: accepted F02221-lm-09 — moved flippingFilters (10,0) -> (0,6)
  attempt 10: accepted F02221-lm-10 — moved library (2,5) -> (5,10)
  attempt 11: accepted F02221-lm-11 — moved geese (8,5) -> (3,0)
  attempt 12: accepted F02221-lm-12 — moved park (8,0) -> (2,8)
  attempt 13: accepted F02221-lm-13 — moved park (4,0) -> (3,2)
  attempt 14: accepted F02221-lm-14 — moved park (4,0) -> (3,0)
  attempt 15: accepted F02221-lm-15 — moved flippingFilters (1,3) -> (0,9)

15/15 new local-mutant sibling(s) generated for R02221 in 15 attempt(s) (budget 600); 15 total in data/families/family-R02221-lm.json.
Wrote 15 level(s) total to data/families/family-R02221-lm.json (changed=true), 15 hint file(s) written to data/families/hints/.
Wrote family manifest to data/families/family-R02221-lm-manifest.json (15 variant(s) total).
Parent R02221: witness stressMeta.witnessSolution (len 80, 0 jump(s)), 36 movable object instance(s) under strict inventory.
  variant 1 (rotation): accepted F02221-sym-01
  variant 2 (rotation): accepted F02221-sym-02
  variant 3 (rotation): accepted F02221-sym-03
  variant 4 (reflection): accepted F02221-sym-04
  variant 5 (reflection): accepted F02221-sym-05
  variant 6 (reflection): accepted F02221-sym-06
  variant 7 (reflection): accepted F02221-sym-07

7/7 new symmetry sibling(s) generated for R02221 in 7 attempt(s) (budget 7); 7 total in data/families/family-R02221-sym.json.
Wrote 7 level(s) total to data/families/family-R02221-sym.json (changed=true), 7 hint file(s) written to data/families/hints/.
Wrote family manifest to data/families/family-R02221-sym-manifest.json (7 variant(s) total).
portfolio-solve-sweep: corpus=data/families/family-R02221-lm.json levels=15 (15 to solve) scheduler-mode=legacy budget=8000ms node-budget=20000000 workers=4 save-hints=true
  [1/15] L4 (F02221-lm-04) ok=✗
  [2/15] L3 (F02221-lm-03) ok=✗
  [3/15] L2 (F02221-lm-02) ok=✗
  [4/15] L1 (F02221-lm-01) ok=✗
  [5/15] L6 (F02221-lm-06) ok=✓ legacy [hint saved]
  [6/15] L5 (F02221-lm-05) ok=✗
  [7/15] L7 (F02221-lm-07) ok=✗
  [8/15] L8 (F02221-lm-08) ok=✗
  [9/15] L9 (F02221-lm-09) ok=✗
  [10/15] L10 (F02221-lm-10) ok=✗
  [11/15] L11 (F02221-lm-11) ok=✗
  [12/15] L12 (F02221-lm-12) ok=✗
  [13/15] L13 (F02221-lm-13) ok=✗
  [14/15] L15 (F02221-lm-15) ok=✗
  [15/15] L14 (F02221-lm-14) ok=✗
Hints: appended to 1 level(s); 1 hint file(s) changed on disk.
Result: solved=1/15, solvedBeforeFallback=0, fallbackOnly=1, unsolved=14
Wrote logs/family-census/solve-R02221-lm.json
Wrote logs/family-census/solve-R02221-lm-summary.md
portfolio-solve-sweep: corpus=data/families/family-R02221-sym.json levels=7 (7 to solve) scheduler-mode=legacy budget=8000ms node-budget=20000000 workers=4 save-hints=true
  [1/7] L2 (F02221-sym-02) ok=✗
  [2/7] L3 (F02221-sym-03) ok=✗
  [3/7] L1 (F02221-sym-01) ok=✗
  [4/7] L4 (F02221-sym-04) ok=✗
  [5/7] L6 (F02221-sym-06) ok=✗
  [6/7] L5 (F02221-sym-05) ok=✗
  [7/7] L7 (F02221-sym-07) ok=✗
Hints: appended to 0 level(s); 0 hint file(s) changed on disk.
Result: solved=0/7, solvedBeforeFallback=0, fallbackOnly=0, unsolved=7
Wrote logs/family-census/solve-R02221-sym.json
Wrote logs/family-census/solve-R02221-sym-summary.md
[00:24:18] DONE R02221
[00:24:18] START R02263
Parent R02263: witness stressMeta.witnessSolution (len 122, 4 jump(s)), 60 movable object instance(s) under strict inventory.
  attempt 1: accepted F02263-lm-01 — moved blocks (3,9) -> (7,6)
  attempt 2: accepted F02263-lm-02 — moved falseGoals (8,6) -> (1,11)
  attempt 3: accepted F02263-lm-03 — moved blocks (2,2) -> (5,13)
  attempt 4: accepted F02263-lm-04 — moved blocks (3,9) -> (13,2)
  attempt 5: accepted F02263-lm-05 — moved blocks (9,0) -> (0,5)
  attempt 6: accepted F02263-lm-06 — moved blocks (3,9) -> (11,0)
  attempt 7: accepted F02263-lm-07 — moved flippingFilters (9,4) -> (4,4)
  attempt 8: accepted F02263-lm-08 — moved blocks (10,11) -> (8,0)
  attempt 9: accepted F02263-lm-09 — moved lamppost (13,0) -> (10,13)
  attempt 10: accepted F02263-lm-10 — moved lamppost (4,9) -> (13,2)
  attempt 11: accepted F02263-lm-11 — moved flippingFilters (10,0) -> (4,10)
  attempt 12: accepted F02263-lm-12 — moved falseGoals (10,1) -> (9,8)
  attempt 13: accepted F02263-lm-13 — moved library (3,8) -> (0,0)
  attempt 14: accepted F02263-lm-14 — moved mustCross (6,3) -> (11,8)
  attempt 15: accepted F02263-lm-15 — moved park (10,12) -> (0,6)

15/15 new local-mutant sibling(s) generated for R02263 in 15 attempt(s) (budget 600); 15 total in data/families/family-R02263-lm.json.
Wrote 15 level(s) total to data/families/family-R02263-lm.json (changed=true), 15 hint file(s) written to data/families/hints/.
Wrote family manifest to data/families/family-R02263-lm-manifest.json (15 variant(s) total).
Parent R02263: witness stressMeta.witnessSolution (len 122, 4 jump(s)), 60 movable object instance(s) under strict inventory.
  variant 1 (rotation): accepted F02263-sym-01
  variant 2 (rotation): accepted F02263-sym-02
  variant 3 (rotation): accepted F02263-sym-03
  variant 4 (reflection): accepted F02263-sym-04
  variant 5 (reflection): accepted F02263-sym-05
  variant 6 (reflection): accepted F02263-sym-06
  variant 7 (reflection): accepted F02263-sym-07

7/7 new symmetry sibling(s) generated for R02263 in 7 attempt(s) (budget 7); 7 total in data/families/family-R02263-sym.json.
Wrote 7 level(s) total to data/families/family-R02263-sym.json (changed=true), 7 hint file(s) written to data/families/hints/.
Wrote family manifest to data/families/family-R02263-sym-manifest.json (7 variant(s) total).
portfolio-solve-sweep: corpus=data/families/family-R02263-lm.json levels=15 (15 to solve) scheduler-mode=legacy budget=8000ms node-budget=20000000 workers=4 save-hints=true
  [1/15] L3 (F02263-lm-03) ok=✗
  [2/15] L2 (F02263-lm-02) ok=✗
  [3/15] L1 (F02263-lm-01) ok=✗
  [4/15] L4 (F02263-lm-04) ok=✗
  [5/15] L5 (F02263-lm-05) ok=✗
  [6/15] L8 (F02263-lm-08) ok=✗
  [7/15] L7 (F02263-lm-07) ok=✗
  [8/15] L6 (F02263-lm-06) ok=✗
  [9/15] L9 (F02263-lm-09) ok=✗
  [10/15] L10 (F02263-lm-10) ok=✗
  [11/15] L12 (F02263-lm-12) ok=✗
  [12/15] L11 (F02263-lm-11) ok=✗
  [13/15] L14 (F02263-lm-14) ok=✗
  [14/15] L13 (F02263-lm-13) ok=✗
  [15/15] L15 (F02263-lm-15) ok=✗
Hints: appended to 0 level(s); 0 hint file(s) changed on disk.
Result: solved=0/15, solvedBeforeFallback=0, fallbackOnly=0, unsolved=15
Wrote logs/family-census/solve-R02263-lm.json
Wrote logs/family-census/solve-R02263-lm-summary.md
portfolio-solve-sweep: corpus=data/families/family-R02263-sym.json levels=7 (7 to solve) scheduler-mode=legacy budget=8000ms node-budget=20000000 workers=4 save-hints=true
  [1/7] L4 (F02263-sym-04) ok=✗
  [2/7] L3 (F02263-sym-03) ok=✗
  [3/7] L1 (F02263-sym-01) ok=✗
  [4/7] L2 (F02263-sym-02) ok=✗
  [5/7] L7 (F02263-sym-07) ok=✗
  [6/7] L5 (F02263-sym-05) ok=✗
  [7/7] L6 (F02263-sym-06) ok=✗
Hints: appended to 0 level(s); 0 hint file(s) changed on disk.
Result: solved=0/7, solvedBeforeFallback=0, fallbackOnly=0, unsolved=7
Wrote logs/family-census/solve-R02263-sym.json
Wrote logs/family-census/solve-R02263-sym-summary.md
[00:26:41] DONE R02263
[00:26:41] START R02298
Parent R02298: witness hint[0] (len 128, 6 jump(s)), 42 movable object instance(s) under strict inventory.
  attempt 1: accepted F02298-lm-01 — moved blocks (11,5) -> (8,3)
  attempt 2: accepted F02298-lm-02 — moved geese (3,10) -> (5,12)
  attempt 3: accepted F02298-lm-03 — moved blocks (6,4) -> (7,5)
  attempt 4: accepted F02298-lm-04 — moved fountain (7,8) -> (10,9)
  attempt 5: accepted F02298-lm-05 — moved library (11,6) -> (5,10)
  attempt 6: accepted F02298-lm-06 — moved park (7,13) -> (9,2)
  attempt 7: accepted F02298-lm-07 — moved lamppost (0,13) -> (9,11)
  attempt 8: accepted F02298-lm-08 — moved geese (12,13) -> (13,12)
  attempt 9: accepted F02298-lm-09 — moved statue (3,3) -> (5,9)
  attempt 10: accepted F02298-lm-10 — moved library (11,9) -> (6,3)
  attempt 11: accepted F02298-lm-11 — moved blocks (12,0) -> (7,12)
  attempt 12: accepted F02298-lm-12 — moved geese (12,13) -> (9,7)
  attempt 13: accepted F02298-lm-13 — moved park (9,4) -> (1,10)
  attempt 14: accepted F02298-lm-14 — moved library (11,9) -> (0,7)
  attempt 15: accepted F02298-lm-15 — moved library (11,9) -> (2,6)

15/15 new local-mutant sibling(s) generated for R02298 in 15 attempt(s) (budget 600); 15 total in data/families/family-R02298-lm.json.
Wrote 15 level(s) total to data/families/family-R02298-lm.json (changed=true), 15 hint file(s) written to data/families/hints/.
Wrote family manifest to data/families/family-R02298-lm-manifest.json (15 variant(s) total).
Parent R02298: witness hint[0] (len 128, 6 jump(s)), 42 movable object instance(s) under strict inventory.
  variant 1 (rotation): accepted F02298-sym-01
  variant 2 (rotation): accepted F02298-sym-02
  variant 3 (rotation): accepted F02298-sym-03
  variant 4 (reflection): accepted F02298-sym-04
  variant 5 (reflection): accepted F02298-sym-05
  variant 6 (reflection): accepted F02298-sym-06
  variant 7 (reflection): accepted F02298-sym-07

7/7 new symmetry sibling(s) generated for R02298 in 7 attempt(s) (budget 7); 7 total in data/families/family-R02298-sym.json.
Wrote 7 level(s) total to data/families/family-R02298-sym.json (changed=true), 7 hint file(s) written to data/families/hints/.
Wrote family manifest to data/families/family-R02298-sym-manifest.json (7 variant(s) total).
portfolio-solve-sweep: corpus=data/families/family-R02298-lm.json levels=15 (15 to solve) scheduler-mode=legacy budget=8000ms node-budget=20000000 workers=4 save-hints=true
  [1/15] L3 (F02298-lm-03) ok=✓ legacy [hint saved]
  [2/15] L5 (F02298-lm-05) ok=✓ legacy [hint saved]
  [3/15] L6 (F02298-lm-06) ok=✓ legacy [hint saved]
  [4/15] L1 (F02298-lm-01) ok=✗
  [5/15] L2 (F02298-lm-02) ok=✗
  [6/15] L4 (F02298-lm-04) ok=✗
  [7/15] L9 (F02298-lm-09) ok=✓ legacy [hint saved]
  [8/15] L10 (F02298-lm-10) ok=✓ legacy [hint saved]
  [9/15] L7 (F02298-lm-07) ok=✗
  [10/15] L8 (F02298-lm-08) ok=✗
  [11/15] L11 (F02298-lm-11) ok=✗
  [12/15] L12 (F02298-lm-12) ok=✗
  [13/15] L13 (F02298-lm-13) ok=✗
  [14/15] L14 (F02298-lm-14) ok=✗
  [15/15] L15 (F02298-lm-15) ok=✗
Hints: appended to 5 level(s); 5 hint file(s) changed on disk.
Result: solved=5/15, solvedBeforeFallback=0, fallbackOnly=5, unsolved=10
Wrote logs/family-census/solve-R02298-lm.json
Wrote logs/family-census/solve-R02298-lm-summary.md
portfolio-solve-sweep: corpus=data/families/family-R02298-sym.json levels=7 (7 to solve) scheduler-mode=legacy budget=8000ms node-budget=20000000 workers=4 save-hints=true
  [1/7] L4 (F02298-sym-04) ok=✗
  [2/7] L2 (F02298-sym-02) ok=✗
  [3/7] L3 (F02298-sym-03) ok=✗
  [4/7] L1 (F02298-sym-01) ok=✗
  [5/7] L7 (F02298-sym-07) ok=✗
  [6/7] L6 (F02298-sym-06) ok=✗
  [7/7] L5 (F02298-sym-05) ok=✗
Hints: appended to 0 level(s); 0 hint file(s) changed on disk.
Result: solved=0/7, solvedBeforeFallback=0, fallbackOnly=0, unsolved=7
Wrote logs/family-census/solve-R02298-sym.json
Wrote logs/family-census/solve-R02298-sym-summary.md
[00:29:24] DONE R02298
[00:29:24] START R02336
Parent R02336: witness stressMeta.witnessSolution (len 110, 5 jump(s)), 63 movable object instance(s) under strict inventory.
  attempt 1: accepted F02336-lm-01 — moved blocks (11,8) -> (12,13)
  attempt 2: accepted F02336-lm-02 — moved library (6,7) -> (12,7)
  attempt 3: accepted F02336-lm-03 — moved blocks (13,7) -> (13,10)
  attempt 4: accepted F02336-lm-04 — moved mustPass (10,10) -> (5,5)
  attempt 5: accepted F02336-lm-05 — moved geese (12,3) -> (4,2)
  attempt 6: accepted F02336-lm-06 — moved park (4,1) -> (3,3)
  attempt 7: accepted F02336-lm-07 — moved lamppost (11,4) -> (11,6)
  attempt 8: accepted F02336-lm-08 — moved lamppost (11,4) -> (0,13)
  attempt 9: accepted F02336-lm-09 — moved blocks (12,12) -> (6,3)
  attempt 10: accepted F02336-lm-10 — moved statue (9,4) -> (0,5)
  attempt 11: accepted F02336-lm-11 — moved fountain (5,3) -> (11,10)
  attempt 12: accepted F02336-lm-12 — moved lamppost (0,12) -> (6,3)
  attempt 13: accepted F02336-lm-13 — moved blocks (13,8) -> (6,3)
  attempt 14: accepted F02336-lm-14 — moved library (7,0) -> (7,2)
  attempt 15: accepted F02336-lm-15 — moved blocks (8,1) -> (4,6)

15/15 new local-mutant sibling(s) generated for R02336 in 15 attempt(s) (budget 600); 15 total in data/families/family-R02336-lm.json.
Wrote 15 level(s) total to data/families/family-R02336-lm.json (changed=true), 15 hint file(s) written to data/families/hints/.
Wrote family manifest to data/families/family-R02336-lm-manifest.json (15 variant(s) total).
Parent R02336: witness stressMeta.witnessSolution (len 110, 5 jump(s)), 63 movable object instance(s) under strict inventory.
  variant 1 (rotation): accepted F02336-sym-01
  variant 2 (rotation): accepted F02336-sym-02
  variant 3 (rotation): accepted F02336-sym-03
  variant 4 (reflection): accepted F02336-sym-04
  variant 5 (reflection): accepted F02336-sym-05
  variant 6 (reflection): accepted F02336-sym-06
  variant 7 (reflection): accepted F02336-sym-07

7/7 new symmetry sibling(s) generated for R02336 in 7 attempt(s) (budget 7); 7 total in data/families/family-R02336-sym.json.
Wrote 7 level(s) total to data/families/family-R02336-sym.json (changed=true), 7 hint file(s) written to data/families/hints/.
Wrote family manifest to data/families/family-R02336-sym-manifest.json (7 variant(s) total).
portfolio-solve-sweep: corpus=data/families/family-R02336-lm.json levels=15 (15 to solve) scheduler-mode=legacy budget=8000ms node-budget=20000000 workers=4 save-hints=true
  [1/15] L3 (F02336-lm-03) ok=✗
  [2/15] L4 (F02336-lm-04) ok=✗
  [3/15] L1 (F02336-lm-01) ok=✗
  [4/15] L2 (F02336-lm-02) ok=✗
  [5/15] L5 (F02336-lm-05) ok=✗
  [6/15] L8 (F02336-lm-08) ok=✗
  [7/15] L6 (F02336-lm-06) ok=✗
  [8/15] L7 (F02336-lm-07) ok=✗
  [9/15] L9 (F02336-lm-09) ok=✗
  [10/15] L10 (F02336-lm-10) ok=✗
  [11/15] L11 (F02336-lm-11) ok=✗
  [12/15] L12 (F02336-lm-12) ok=✗
  [13/15] L14 (F02336-lm-14) ok=✗
  [14/15] L13 (F02336-lm-13) ok=✗
  [15/15] L15 (F02336-lm-15) ok=✗
Hints: appended to 0 level(s); 0 hint file(s) changed on disk.
Result: solved=0/15, solvedBeforeFallback=0, fallbackOnly=0, unsolved=15
Wrote logs/family-census/solve-R02336-lm.json
Wrote logs/family-census/solve-R02336-lm-summary.md
portfolio-solve-sweep: corpus=data/families/family-R02336-sym.json levels=7 (7 to solve) scheduler-mode=legacy budget=8000ms node-budget=20000000 workers=4 save-hints=true
  [1/7] L2 (F02336-sym-02) ok=✗
  [2/7] L3 (F02336-sym-03) ok=✗
  [3/7] L4 (F02336-sym-04) ok=✗
  [4/7] L1 (F02336-sym-01) ok=✗
  [5/7] L5 (F02336-sym-05) ok=✗
  [6/7] L7 (F02336-sym-07) ok=✗
  [7/7] L6 (F02336-sym-06) ok=✗
Hints: appended to 0 level(s); 0 hint file(s) changed on disk.
Result: solved=0/7, solvedBeforeFallback=0, fallbackOnly=0, unsolved=7
Wrote logs/family-census/solve-R02336-sym.json
Wrote logs/family-census/solve-R02336-sym-summary.md
[00:36:37] DONE R02336
[00:36:37] START R02375
Parent R02375: witness stressMeta.witnessSolution (len 120, 6 jump(s)), 41 movable object instance(s) under strict inventory.
  attempt 1: accepted F02375-lm-01 — moved market (12,9) -> (11,8)
  attempt 2: accepted F02375-lm-02 — moved blocks (1,4) -> (4,6)
  attempt 3: accepted F02375-lm-03 — moved blocks (2,11) -> (10,6)
  attempt 4: accepted F02375-lm-04 — moved statue (5,7) -> (4,9)
  attempt 5: accepted F02375-lm-05 — moved geese (1,12) -> (13,6)
  attempt 6: accepted F02375-lm-06 — moved blocks (2,5) -> (9,11)
  attempt 7: accepted F02375-lm-07 — moved park (10,0) -> (13,10)
  attempt 8: accepted F02375-lm-08 — moved blocks (6,7) -> (3,10)
  attempt 9: accepted F02375-lm-09 — moved blocks (11,11) -> (4,7)
  attempt 10: accepted F02375-lm-10 — moved geese (10,12) -> (9,12)
  attempt 11: accepted F02375-lm-11 — moved blocks (2,12) -> (6,8)
  attempt 12: accepted F02375-lm-12 — moved blocks (1,3) -> (5,3)
  attempt 13: accepted F02375-lm-13 — moved geese (4,11) -> (4,2)
  attempt 14: accepted F02375-lm-14 — moved blocks (11,11) -> (9,11)
  attempt 15: accepted F02375-lm-15 — moved geese (1,11) -> (8,4)

15/15 new local-mutant sibling(s) generated for R02375 in 15 attempt(s) (budget 600); 15 total in data/families/family-R02375-lm.json.
Wrote 15 level(s) total to data/families/family-R02375-lm.json (changed=true), 15 hint file(s) written to data/families/hints/.
Wrote family manifest to data/families/family-R02375-lm-manifest.json (15 variant(s) total).
Parent R02375: witness stressMeta.witnessSolution (len 120, 6 jump(s)), 41 movable object instance(s) under strict inventory.
  variant 1 (rotation): accepted F02375-sym-01
  variant 2 (rotation): accepted F02375-sym-02
  variant 3 (rotation): accepted F02375-sym-03
  variant 4 (reflection): accepted F02375-sym-04
  variant 5 (reflection): accepted F02375-sym-05
  variant 6 (reflection): accepted F02375-sym-06
  variant 7 (reflection): accepted F02375-sym-07

7/7 new symmetry sibling(s) generated for R02375 in 7 attempt(s) (budget 7); 7 total in data/families/family-R02375-sym.json.
Wrote 7 level(s) total to data/families/family-R02375-sym.json (changed=true), 7 hint file(s) written to data/families/hints/.
Wrote family manifest to data/families/family-R02375-sym-manifest.json (7 variant(s) total).
portfolio-solve-sweep: corpus=data/families/family-R02375-lm.json levels=15 (15 to solve) scheduler-mode=legacy budget=8000ms node-budget=20000000 workers=4 save-hints=true
  [1/15] L2 (F02375-lm-02) ok=✓ legacy [hint saved]
  [2/15] L1 (F02375-lm-01) ok=✗
  [3/15] L4 (F02375-lm-04) ok=✗
  [4/15] L3 (F02375-lm-03) ok=✗
  [5/15] L5 (F02375-lm-05) ok=✗
  [6/15] L6 (F02375-lm-06) ok=✗
  [7/15] L7 (F02375-lm-07) ok=✗
  [8/15] L8 (F02375-lm-08) ok=✗
  [9/15] L9 (F02375-lm-09) ok=✗
  [10/15] L11 (F02375-lm-11) ok=✗
  [11/15] L10 (F02375-lm-10) ok=✗
  [12/15] L12 (F02375-lm-12) ok=✗
  [13/15] L13 (F02375-lm-13) ok=✗
  [14/15] L14 (F02375-lm-14) ok=✗
  [15/15] L15 (F02375-lm-15) ok=✗
Hints: appended to 1 level(s); 1 hint file(s) changed on disk.
Result: solved=1/15, solvedBeforeFallback=0, fallbackOnly=1, unsolved=14
Wrote logs/family-census/solve-R02375-lm.json
Wrote logs/family-census/solve-R02375-lm-summary.md
portfolio-solve-sweep: corpus=data/families/family-R02375-sym.json levels=7 (7 to solve) scheduler-mode=legacy budget=8000ms node-budget=20000000 workers=4 save-hints=true
  [1/7] L1 (F02375-sym-01) ok=✗
  [2/7] L3 (F02375-sym-03) ok=✗
  [3/7] L2 (F02375-sym-02) ok=✗
  [4/7] L4 (F02375-sym-04) ok=✗
  [5/7] L5 (F02375-sym-05) ok=✗
  [6/7] L6 (F02375-sym-06) ok=✗
  [7/7] L7 (F02375-sym-07) ok=✗
Hints: appended to 0 level(s); 0 hint file(s) changed on disk.
Result: solved=0/7, solvedBeforeFallback=0, fallbackOnly=0, unsolved=7
Wrote logs/family-census/solve-R02375-sym.json
Wrote logs/family-census/solve-R02375-sym-summary.md
[00:39:45] DONE R02375
[00:39:45] START R02410
Parent R02410: witness stressMeta.witnessSolution (len 72, 5 jump(s)), 46 movable object instance(s) under strict inventory.
  attempt 1: accepted F02410-lm-01 — moved blocks (1,1) -> (3,3)
  attempt 2: accepted F02410-lm-02 — moved blocks (11,2) -> (6,3)
  attempt 3: accepted F02410-lm-03 — moved mustPass (1,10) -> (5,8)
  attempt 4: accepted F02410-lm-04 — moved blocks (2,4) -> (4,1)
  attempt 5: accepted F02410-lm-05 — moved market (4,5) -> (3,8)
  attempt 6: accepted F02410-lm-06 — moved blocks (10,3) -> (9,3)
  attempt 7: accepted F02410-lm-07 — moved park (11,11) -> (10,5)
  attempt 8: accepted F02410-lm-08 — moved blocks (6,5) -> (4,1)
  attempt 9: accepted F02410-lm-09 — moved mustPass (4,11) -> (7,3)
  attempt 10: accepted F02410-lm-10 — moved blocks (1,3) -> (4,2)
  attempt 11: accepted F02410-lm-11 — moved blocks (5,4) -> (11,0)
  attempt 12: accepted F02410-lm-12 — moved blocks (7,6) -> (9,2)
  attempt 13: accepted F02410-lm-13 — moved fountain (10,11) -> (5,5)
  attempt 14: accepted F02410-lm-14 — moved blocks (6,7) -> (1,2)
  attempt 15: accepted F02410-lm-15 — moved park (11,11) -> (3,7)

15/15 new local-mutant sibling(s) generated for R02410 in 15 attempt(s) (budget 600); 15 total in data/families/family-R02410-lm.json.
Wrote 15 level(s) total to data/families/family-R02410-lm.json (changed=true), 15 hint file(s) written to data/families/hints/.
Wrote family manifest to data/families/family-R02410-lm-manifest.json (15 variant(s) total).
Parent R02410: witness stressMeta.witnessSolution (len 72, 5 jump(s)), 46 movable object instance(s) under strict inventory.
  variant 1 (rotation): accepted F02410-sym-01
  variant 2 (rotation): accepted F02410-sym-02
  variant 3 (rotation): accepted F02410-sym-03
  variant 4 (reflection): accepted F02410-sym-04
  variant 5 (reflection): accepted F02410-sym-05
  variant 6 (reflection): accepted F02410-sym-06
  variant 7 (reflection): accepted F02410-sym-07

7/7 new symmetry sibling(s) generated for R02410 in 7 attempt(s) (budget 7); 7 total in data/families/family-R02410-sym.json.
Wrote 7 level(s) total to data/families/family-R02410-sym.json (changed=true), 7 hint file(s) written to data/families/hints/.
Wrote family manifest to data/families/family-R02410-sym-manifest.json (7 variant(s) total).
portfolio-solve-sweep: corpus=data/families/family-R02410-lm.json levels=15 (15 to solve) scheduler-mode=legacy budget=8000ms node-budget=20000000 workers=4 save-hints=true
  [1/15] L2 (F02410-lm-02) ok=✗
  [2/15] L3 (F02410-lm-03) ok=✗
  [3/15] L1 (F02410-lm-01) ok=✗
  [4/15] L4 (F02410-lm-04) ok=✗
  [5/15] L8 (F02410-lm-08) ok=✗
  [6/15] L5 (F02410-lm-05) ok=✗
  [7/15] L7 (F02410-lm-07) ok=✗
  [8/15] L6 (F02410-lm-06) ok=✗
  [9/15] L10 (F02410-lm-10) ok=✗
  [10/15] L9 (F02410-lm-09) ok=✗
  [11/15] L11 (F02410-lm-11) ok=✗
  [12/15] L12 (F02410-lm-12) ok=✗
  [13/15] L13 (F02410-lm-13) ok=✗
  [14/15] L14 (F02410-lm-14) ok=✗
  [15/15] L15 (F02410-lm-15) ok=✗
Hints: appended to 0 level(s); 0 hint file(s) changed on disk.
Result: solved=0/15, solvedBeforeFallback=0, fallbackOnly=0, unsolved=15
Wrote logs/family-census/solve-R02410-lm.json
Wrote logs/family-census/solve-R02410-lm-summary.md
portfolio-solve-sweep: corpus=data/families/family-R02410-sym.json levels=7 (7 to solve) scheduler-mode=legacy budget=8000ms node-budget=20000000 workers=4 save-hints=true
  [1/7] L3 (F02410-sym-03) ok=✗
  [2/7] L4 (F02410-sym-04) ok=✗
  [3/7] L1 (F02410-sym-01) ok=✗
  [4/7] L2 (F02410-sym-02) ok=✗
  [5/7] L5 (F02410-sym-05) ok=✗
  [6/7] L6 (F02410-sym-06) ok=✗
  [7/7] L7 (F02410-sym-07) ok=✗
Hints: appended to 0 level(s); 0 hint file(s) changed on disk.
Result: solved=0/7, solvedBeforeFallback=0, fallbackOnly=0, unsolved=7
Wrote logs/family-census/solve-R02410-sym.json
Wrote logs/family-census/solve-R02410-sym-summary.md
[00:42:16] DONE R02410
[00:42:16] START R02456
Parent R02456: witness stressMeta.witnessSolution (len 116, 5 jump(s)), 32 movable object instance(s) under strict inventory.
  attempt 1: accepted F02456-lm-01 — moved falseGoals (2,7) -> (4,10)
  attempt 2: accepted F02456-lm-02 — moved falseGoals (4,12) -> (1,5)
  attempt 3: accepted F02456-lm-03 — moved geese (13,0) -> (7,3)
  attempt 4: accepted F02456-lm-04 — moved park (3,2) -> (9,13)
  attempt 5: accepted F02456-lm-05 — moved falseGoals (13,7) -> (13,8)
  attempt 6: accepted F02456-lm-06 — moved market (1,7) -> (4,10)
  attempt 7: accepted F02456-lm-07 — moved park (3,2) -> (3,6)
  attempt 8: accepted F02456-lm-08 — moved geese (1,12) -> (11,11)
  attempt 9: accepted F02456-lm-09 — moved falseGoals (4,12) -> (13,8)
  attempt 10: accepted F02456-lm-10 — moved statue (3,1) -> (11,12)
  attempt 11: accepted F02456-lm-11 — moved park (6,11) -> (5,3)
  attempt 12: accepted F02456-lm-12 — moved falseGoals (1,3) -> (3,7)
  attempt 13: accepted F02456-lm-13 — moved geese (10,2) -> (8,0)
  attempt 14: accepted F02456-lm-14 — moved geese (11,4) -> (1,5)
  attempt 15: accepted F02456-lm-15 — moved statue (5,6) -> (8,10)

15/15 new local-mutant sibling(s) generated for R02456 in 15 attempt(s) (budget 600); 15 total in data/families/family-R02456-lm.json.
Wrote 15 level(s) total to data/families/family-R02456-lm.json (changed=true), 15 hint file(s) written to data/families/hints/.
Wrote family manifest to data/families/family-R02456-lm-manifest.json (15 variant(s) total).
Parent R02456: witness stressMeta.witnessSolution (len 116, 5 jump(s)), 32 movable object instance(s) under strict inventory.
  variant 1 (rotation): accepted F02456-sym-01
  variant 2 (rotation): accepted F02456-sym-02
  variant 3 (rotation): accepted F02456-sym-03
  variant 4 (reflection): accepted F02456-sym-04
  variant 5 (reflection): accepted F02456-sym-05
  variant 6 (reflection): accepted F02456-sym-06
  variant 7 (reflection): accepted F02456-sym-07

7/7 new symmetry sibling(s) generated for R02456 in 7 attempt(s) (budget 7); 7 total in data/families/family-R02456-sym.json.
Wrote 7 level(s) total to data/families/family-R02456-sym.json (changed=true), 7 hint file(s) written to data/families/hints/.
Wrote family manifest to data/families/family-R02456-sym-manifest.json (7 variant(s) total).
portfolio-solve-sweep: corpus=data/families/family-R02456-lm.json levels=15 (15 to solve) scheduler-mode=legacy budget=8000ms node-budget=20000000 workers=4 save-hints=true
  [1/15] L1 (F02456-lm-01) ok=✓ legacy [hint saved]
  [2/15] L5 (F02456-lm-05) ok=✓ legacy [hint saved]
  [3/15] L3 (F02456-lm-03) ok=✗
  [4/15] L4 (F02456-lm-04) ok=✗
  [5/15] L2 (F02456-lm-02) ok=✗
  [6/15] L9 (F02456-lm-09) ok=✓ legacy [hint saved]
  [7/15] L6 (F02456-lm-06) ok=✗
  [8/15] L7 (F02456-lm-07) ok=✗
  [9/15] L8 (F02456-lm-08) ok=✗
  [10/15] L13 (F02456-lm-13) ok=✓ legacy [hint saved]
  [11/15] L10 (F02456-lm-10) ok=✗
  [12/15] L12 (F02456-lm-12) ok=✗
  [13/15] L11 (F02456-lm-11) ok=✗
  [14/15] L15 (F02456-lm-15) ok=✓ legacy [hint saved]
  [15/15] L14 (F02456-lm-14) ok=✗
Hints: appended to 5 level(s); 5 hint file(s) changed on disk.
Result: solved=5/15, solvedBeforeFallback=0, fallbackOnly=5, unsolved=10
Wrote logs/family-census/solve-R02456-lm.json
Wrote logs/family-census/solve-R02456-lm-summary.md
portfolio-solve-sweep: corpus=data/families/family-R02456-sym.json levels=7 (7 to solve) scheduler-mode=legacy budget=8000ms node-budget=20000000 workers=4 save-hints=true
  [1/7] L3 (F02456-sym-03) ok=✗
  [2/7] L1 (F02456-sym-01) ok=✗
  [3/7] L5 (F02456-sym-05) ok=✓ legacy [hint saved]
  [4/7] L2 (F02456-sym-02) ok=✗
  [5/7] L4 (F02456-sym-04) ok=✗
  [6/7] L6 (F02456-sym-06) ok=✗
  [7/7] L7 (F02456-sym-07) ok=✗
Hints: appended to 1 level(s); 1 hint file(s) changed on disk.
Result: solved=1/7, solvedBeforeFallback=0, fallbackOnly=1, unsolved=6
Wrote logs/family-census/solve-R02456-sym.json
Wrote logs/family-census/solve-R02456-sym-summary.md
[00:46:25] DONE R02456
[00:46:25] START R02497
Parent R02497: witness stressMeta.witnessSolution (len 90, 4 jump(s)), 24 movable object instance(s) under strict inventory.
  attempt 1: accepted F02497-lm-01 — moved library (2,9) -> (7,6)
  attempt 2: accepted F02497-lm-02 — moved market (5,1) -> (1,12)
  attempt 3: accepted F02497-lm-03 — moved library (8,2) -> (9,10)
  attempt 4: accepted F02497-lm-04 — moved statue (10,9) -> (3,8)
  attempt 5: accepted F02497-lm-05 — moved geese (9,6) -> (2,2)
  attempt 6: accepted F02497-lm-06 — moved geese (9,6) -> (3,8)
  attempt 7: accepted F02497-lm-07 — moved geese (9,6) -> (3,2)
  attempt 8: accepted F02497-lm-08 — moved library (2,9) -> (0,5)
  attempt 9: accepted F02497-lm-09 — moved library (12,9) -> (0,5)
  attempt 10: accepted F02497-lm-10 — moved library (12,9) -> (3,9)
  attempt 11: accepted F02497-lm-11 — moved lamppost (12,6) -> (0,4)
  attempt 12: accepted F02497-lm-12 — moved geese (10,3) -> (12,10)
  attempt 13: accepted F02497-lm-13 — moved market (3,6) -> (7,10)
  attempt 14: accepted F02497-lm-14 — moved fountain (0,8) -> (9,3)
  attempt 15: accepted F02497-lm-15 — moved fountain (0,8) -> (11,7)

15/15 new local-mutant sibling(s) generated for R02497 in 15 attempt(s) (budget 600); 15 total in data/families/family-R02497-lm.json.
Wrote 15 level(s) total to data/families/family-R02497-lm.json (changed=true), 15 hint file(s) written to data/families/hints/.
Wrote family manifest to data/families/family-R02497-lm-manifest.json (15 variant(s) total).
Parent R02497: witness stressMeta.witnessSolution (len 90, 4 jump(s)), 24 movable object instance(s) under strict inventory.
  variant 1 (rotation): accepted F02497-sym-01
  variant 2 (rotation): accepted F02497-sym-02
  variant 3 (rotation): accepted F02497-sym-03
  variant 4 (reflection): accepted F02497-sym-04
  variant 5 (reflection): accepted F02497-sym-05
  variant 6 (reflection): accepted F02497-sym-06
  variant 7 (reflection): accepted F02497-sym-07

7/7 new symmetry sibling(s) generated for R02497 in 7 attempt(s) (budget 7); 7 total in data/families/family-R02497-sym.json.
Wrote 7 level(s) total to data/families/family-R02497-sym.json (changed=true), 7 hint file(s) written to data/families/hints/.
Wrote family manifest to data/families/family-R02497-sym-manifest.json (7 variant(s) total).
portfolio-solve-sweep: corpus=data/families/family-R02497-lm.json levels=15 (15 to solve) scheduler-mode=legacy budget=8000ms node-budget=20000000 workers=4 save-hints=true
  [1/15] L2 (F02497-lm-02) ok=✗
  [2/15] L5 (F02497-lm-05) ok=✓ legacy [hint saved]
  [3/15] L3 (F02497-lm-03) ok=✗
  [4/15] L4 (F02497-lm-04) ok=✗
  [5/15] L1 (F02497-lm-01) ok=✗
  [6/15] L6 (F02497-lm-06) ok=✗
  [7/15] L8 (F02497-lm-08) ok=✗
  [8/15] L7 (F02497-lm-07) ok=✗
  [9/15] L9 (F02497-lm-09) ok=✗
  [10/15] L10 (F02497-lm-10) ok=✗
  [11/15] L11 (F02497-lm-11) ok=✗
  [12/15] L13 (F02497-lm-13) ok=✗
  [13/15] L12 (F02497-lm-12) ok=✗
  [14/15] L14 (F02497-lm-14) ok=✗
  [15/15] L15 (F02497-lm-15) ok=✗
Hints: appended to 1 level(s); 1 hint file(s) changed on disk.
Result: solved=1/15, solvedBeforeFallback=0, fallbackOnly=1, unsolved=14
Wrote logs/family-census/solve-R02497-lm.json
Wrote logs/family-census/solve-R02497-lm-summary.md
portfolio-solve-sweep: corpus=data/families/family-R02497-sym.json levels=7 (7 to solve) scheduler-mode=legacy budget=8000ms node-budget=20000000 workers=4 save-hints=true
  [1/7] L2 (F02497-sym-02) ok=✓ legacy [hint saved]
  [2/7] L3 (F02497-sym-03) ok=✗
  [3/7] L1 (F02497-sym-01) ok=✗
  [4/7] L5 (F02497-sym-05) ok=✗
  [5/7] L4 (F02497-sym-04) ok=✗
  [6/7] L7 (F02497-sym-07) ok=✗
  [7/7] L6 (F02497-sym-06) ok=✗
Hints: appended to 1 level(s); 1 hint file(s) changed on disk.
Result: solved=1/7, solvedBeforeFallback=0, fallbackOnly=1, unsolved=6
Wrote logs/family-census/solve-R02497-sym.json
Wrote logs/family-census/solve-R02497-sym-summary.md
[00:51:37] DONE R02497
[00:51:37] START R02533
Parent R02533: witness hint[0] (len 113, 6 jump(s)), 35 movable object instance(s) under strict inventory.
  attempt 1: accepted F02533-lm-01 — moved blocks (0,1) -> (9,13)
  attempt 2: accepted F02533-lm-02 — moved blocks (13,2) -> (12,7)
  attempt 3: accepted F02533-lm-03 — moved library (10,0) -> (12,2)
  attempt 4: accepted F02533-lm-04 — moved market (2,4) -> (5,7)
  attempt 5: accepted F02533-lm-05 — moved blocks (3,2) -> (4,4)
  attempt 6: accepted F02533-lm-06 — moved library (3,4) -> (6,2)
  attempt 7: accepted F02533-lm-07 — moved park (4,7) -> (1,6)
  attempt 8: accepted F02533-lm-08 — moved market (2,4) -> (13,4)
  attempt 9: accepted F02533-lm-09 — moved blocks (9,7) -> (12,6)
  attempt 10: accepted F02533-lm-10 — moved statue (6,9) -> (2,2)
  attempt 11: accepted F02533-lm-11 — moved blocks (6,8) -> (13,0)
  attempt 12: accepted F02533-lm-12 — moved library (10,12) -> (12,9)
  attempt 13: accepted F02533-lm-13 — moved blocks (0,1) -> (0,0)
  attempt 14: accepted F02533-lm-14 — moved market (2,4) -> (12,7)
  attempt 15: accepted F02533-lm-15 — moved blocks (11,13) -> (13,5)

15/15 new local-mutant sibling(s) generated for R02533 in 15 attempt(s) (budget 600); 15 total in data/families/family-R02533-lm.json.
Wrote 15 level(s) total to data/families/family-R02533-lm.json (changed=true), 15 hint file(s) written to data/families/hints/.
Wrote family manifest to data/families/family-R02533-lm-manifest.json (15 variant(s) total).
Parent R02533: witness hint[0] (len 113, 6 jump(s)), 35 movable object instance(s) under strict inventory.
  variant 1 (rotation): accepted F02533-sym-01
  variant 2 (rotation): accepted F02533-sym-02
  variant 3 (rotation): accepted F02533-sym-03
  variant 4 (reflection): accepted F02533-sym-04
  variant 5 (reflection): accepted F02533-sym-05
  variant 6 (reflection): accepted F02533-sym-06
  variant 7 (reflection): accepted F02533-sym-07

7/7 new symmetry sibling(s) generated for R02533 in 7 attempt(s) (budget 7); 7 total in data/families/family-R02533-sym.json.
Wrote 7 level(s) total to data/families/family-R02533-sym.json (changed=true), 7 hint file(s) written to data/families/hints/.
Wrote family manifest to data/families/family-R02533-sym-manifest.json (7 variant(s) total).
portfolio-solve-sweep: corpus=data/families/family-R02533-lm.json levels=15 (15 to solve) scheduler-mode=legacy budget=8000ms node-budget=20000000 workers=4 save-hints=true
  [1/15] L3 (F02533-lm-03) ok=✗
  [2/15] L1 (F02533-lm-01) ok=✗
  [3/15] L2 (F02533-lm-02) ok=✗
  [4/15] L4 (F02533-lm-04) ok=✗
  [5/15] L8 (F02533-lm-08) ok=✓ legacy [hint saved]
  [6/15] L7 (F02533-lm-07) ok=✓ legacy [hint saved]
  [7/15] L5 (F02533-lm-05) ok=✓ legacy [hint saved]
  [8/15] L6 (F02533-lm-06) ok=✗
  [9/15] L9 (F02533-lm-09) ok=✗
  [10/15] L10 (F02533-lm-10) ok=✗
  [11/15] L11 (F02533-lm-11) ok=✗
  [12/15] L12 (F02533-lm-12) ok=✗
  [13/15] L15 (F02533-lm-15) ok=✓ legacy [hint saved]
  [14/15] L13 (F02533-lm-13) ok=✗
  [15/15] L14 (F02533-lm-14) ok=✗
Hints: appended to 4 level(s); 4 hint file(s) changed on disk.
Result: solved=4/15, solvedBeforeFallback=0, fallbackOnly=4, unsolved=11
Wrote logs/family-census/solve-R02533-lm.json
Wrote logs/family-census/solve-R02533-lm-summary.md
portfolio-solve-sweep: corpus=data/families/family-R02533-sym.json levels=7 (7 to solve) scheduler-mode=legacy budget=8000ms node-budget=20000000 workers=4 save-hints=true
  [1/7] L2 (F02533-sym-02) ok=✓ legacy [hint saved]
  [2/7] L1 (F02533-sym-01) ok=✗
  [3/7] L3 (F02533-sym-03) ok=✗
  [4/7] L4 (F02533-sym-04) ok=✗
  [5/7] L6 (F02533-sym-06) ok=✓ legacy [hint saved]
  [6/7] L7 (F02533-sym-07) ok=✓ legacy [hint saved]
  [7/7] L5 (F02533-sym-05) ok=✗
Hints: appended to 3 level(s); 3 hint file(s) changed on disk.
Result: solved=3/7, solvedBeforeFallback=0, fallbackOnly=3, unsolved=4
Wrote logs/family-census/solve-R02533-sym.json
Wrote logs/family-census/solve-R02533-sym-summary.md
[00:55:29] DONE R02533
[00:55:29] START R02568
Parent R02568: witness stressMeta.witnessSolution (len 90, 0 jump(s)), 37 movable object instance(s) under strict inventory.
  attempt 1: accepted F02568-lm-01 — moved blocks (3,0) -> (4,0)
  attempt 2: accepted F02568-lm-02 — moved library (1,3) -> (1,6)
  attempt 3: accepted F02568-lm-03 — moved blocks (6,3) -> (4,0)
  attempt 4: accepted F02568-lm-04 — moved blocks (0,2) -> (0,0)
  attempt 5: accepted F02568-lm-05 — moved lamppost (0,3) -> (1,6)
  attempt 6: accepted F02568-lm-06 — moved flippingFilters (5,5) -> (9,8)
  attempt 7: accepted F02568-lm-07 — moved lamppost (4,1) -> (1,6)
  attempt 8: accepted F02568-lm-08 — moved blocks (6,3) -> (0,0)
  attempt 9: accepted F02568-lm-09 — moved market (1,1) -> (0,9)
  attempt 10: accepted F02568-lm-10 — moved flippingFilters (1,5) -> (9,0)
  attempt 11: accepted F02568-lm-11 — moved fountain (7,5) -> (4,0)
  attempt 12: accepted F02568-lm-12 — moved blocks (9,6) -> (1,6)
  attempt 13: accepted F02568-lm-13 — moved library (1,2) -> (4,0)
  attempt 14: accepted F02568-lm-14 — moved fountain (3,1) -> (1,6)
  attempt 15: rejected — degenerate duplicate of parent or another accepted variant
  attempt 16: accepted F02568-lm-15 — moved blocks (2,6) -> (4,0)

15/15 new local-mutant sibling(s) generated for R02568 in 16 attempt(s) (budget 600); 15 total in data/families/family-R02568-lm.json.
Wrote 15 level(s) total to data/families/family-R02568-lm.json (changed=true), 15 hint file(s) written to data/families/hints/.
Wrote family manifest to data/families/family-R02568-lm-manifest.json (15 variant(s) total).
Parent R02568: witness stressMeta.witnessSolution (len 90, 0 jump(s)), 37 movable object instance(s) under strict inventory.
  variant 1 (rotation): accepted F02568-sym-01
  variant 2 (rotation): accepted F02568-sym-02
  variant 3 (rotation): accepted F02568-sym-03
  variant 4 (reflection): accepted F02568-sym-04
  variant 5 (reflection): accepted F02568-sym-05
  variant 6 (reflection): accepted F02568-sym-06
  variant 7 (reflection): accepted F02568-sym-07

7/7 new symmetry sibling(s) generated for R02568 in 7 attempt(s) (budget 7); 7 total in data/families/family-R02568-sym.json.
Wrote 7 level(s) total to data/families/family-R02568-sym.json (changed=true), 7 hint file(s) written to data/families/hints/.
Wrote family manifest to data/families/family-R02568-sym-manifest.json (7 variant(s) total).
portfolio-solve-sweep: corpus=data/families/family-R02568-lm.json levels=15 (15 to solve) scheduler-mode=legacy budget=8000ms node-budget=20000000 workers=4 save-hints=true
  [1/15] L1 (F02568-lm-01) ok=✗
  [2/15] L4 (F02568-lm-04) ok=✗
  [3/15] L3 (F02568-lm-03) ok=✗
  [4/15] L2 (F02568-lm-02) ok=✗
  [5/15] L5 (F02568-lm-05) ok=✗
  [6/15] L6 (F02568-lm-06) ok=✗
  [7/15] L7 (F02568-lm-07) ok=✗
  [8/15] L8 (F02568-lm-08) ok=✗
  [9/15] L9 (F02568-lm-09) ok=✗
  [10/15] L10 (F02568-lm-10) ok=✗
  [11/15] L11 (F02568-lm-11) ok=✗
  [12/15] L12 (F02568-lm-12) ok=✗
  [13/15] L13 (F02568-lm-13) ok=✗
  [14/15] L14 (F02568-lm-14) ok=✗
  [15/15] L15 (F02568-lm-15) ok=✗
Hints: appended to 0 level(s); 0 hint file(s) changed on disk.
Result: solved=0/15, solvedBeforeFallback=0, fallbackOnly=0, unsolved=15
Wrote logs/family-census/solve-R02568-lm.json
Wrote logs/family-census/solve-R02568-lm-summary.md
portfolio-solve-sweep: corpus=data/families/family-R02568-sym.json levels=7 (7 to solve) scheduler-mode=legacy budget=8000ms node-budget=20000000 workers=4 save-hints=true
  [1/7] L4 (F02568-sym-04) ok=✗
  [2/7] L3 (F02568-sym-03) ok=✗
  [3/7] L2 (F02568-sym-02) ok=✗
  [4/7] L1 (F02568-sym-01) ok=✗
  [5/7] L5 (F02568-sym-05) ok=✗
  [6/7] L7 (F02568-sym-07) ok=✗
  [7/7] L6 (F02568-sym-06) ok=✗
Hints: appended to 0 level(s); 0 hint file(s) changed on disk.
Result: solved=0/7, solvedBeforeFallback=0, fallbackOnly=0, unsolved=7
Wrote logs/family-census/solve-R02568-sym.json
Wrote logs/family-census/solve-R02568-sym-summary.md
[00:57:19] DONE R02568
[00:57:19] START R02605
Parent R02605: witness stressMeta.witnessSolution (len 84, 6 jump(s)), 37 movable object instance(s) under strict inventory.
  attempt 1: accepted F02605-lm-01 — moved blocks (0,2) -> (7,7)
  attempt 2: accepted F02605-lm-02 — moved flippingFilters (0,3) -> (3,3)
  attempt 3: accepted F02605-lm-03 — moved flippingFilters (9,10) -> (8,7)
  attempt 4: accepted F02605-lm-04 — moved blocks (6,6) -> (3,3)
  attempt 5: accepted F02605-lm-05 — moved lamppost (1,8) -> (1,7)
  attempt 6: accepted F02605-lm-06 — moved statue (4,11) -> (4,2)
  attempt 7: accepted F02605-lm-07 — moved fountain (8,6) -> (10,9)
  attempt 8: accepted F02605-lm-08 — moved park (3,0) -> (7,8)
  attempt 9: accepted F02605-lm-09 — moved blocks (6,6) -> (7,7)
  attempt 10: accepted F02605-lm-10 — moved blocks (6,6) -> (10,10)
  attempt 11: accepted F02605-lm-11 — moved flippingFilters (9,10) -> (3,3)
  attempt 12: accepted F02605-lm-12 — moved flippingFilters (9,10) -> (5,8)
  attempt 13: accepted F02605-lm-13 — moved blocks (4,4) -> (9,9)
  attempt 14: accepted F02605-lm-14 — moved flippingFilters (0,6) -> (7,1)
  attempt 15: accepted F02605-lm-15 — moved blocks (0,2) -> (10,9)

15/15 new local-mutant sibling(s) generated for R02605 in 15 attempt(s) (budget 600); 15 total in data/families/family-R02605-lm.json.
Wrote 15 level(s) total to data/families/family-R02605-lm.json (changed=true), 15 hint file(s) written to data/families/hints/.
Wrote family manifest to data/families/family-R02605-lm-manifest.json (15 variant(s) total).
Parent R02605: witness stressMeta.witnessSolution (len 84, 6 jump(s)), 37 movable object instance(s) under strict inventory.
  variant 1 (rotation): accepted F02605-sym-01
  variant 2 (rotation): accepted F02605-sym-02
  variant 3 (rotation): accepted F02605-sym-03
  variant 4 (reflection): accepted F02605-sym-04
  variant 5 (reflection): accepted F02605-sym-05
  variant 6 (reflection): accepted F02605-sym-06
  variant 7 (reflection): accepted F02605-sym-07

7/7 new symmetry sibling(s) generated for R02605 in 7 attempt(s) (budget 7); 7 total in data/families/family-R02605-sym.json.
Wrote 7 level(s) total to data/families/family-R02605-sym.json (changed=true), 7 hint file(s) written to data/families/hints/.
Wrote family manifest to data/families/family-R02605-sym-manifest.json (7 variant(s) total).
portfolio-solve-sweep: corpus=data/families/family-R02605-lm.json levels=15 (15 to solve) scheduler-mode=legacy budget=8000ms node-budget=20000000 workers=4 save-hints=true
  [1/15] L2 (F02605-lm-02) ok=✗
  [2/15] L1 (F02605-lm-01) ok=✗
  [3/15] L3 (F02605-lm-03) ok=✗
  [4/15] L4 (F02605-lm-04) ok=✗
  [5/15] L5 (F02605-lm-05) ok=✗
  [6/15] L6 (F02605-lm-06) ok=✗
  [7/15] L7 (F02605-lm-07) ok=✗
  [8/15] L8 (F02605-lm-08) ok=✗
  [9/15] L11 (F02605-lm-11) ok=✗
  [10/15] L9 (F02605-lm-09) ok=✗
  [11/15] L12 (F02605-lm-12) ok=✗
  [12/15] L10 (F02605-lm-10) ok=✗
  [13/15] L15 (F02605-lm-15) ok=✗
  [14/15] L13 (F02605-lm-13) ok=✗
  [15/15] L14 (F02605-lm-14) ok=✗
Hints: appended to 0 level(s); 0 hint file(s) changed on disk.
Result: solved=0/15, solvedBeforeFallback=0, fallbackOnly=0, unsolved=15
Wrote logs/family-census/solve-R02605-lm.json
Wrote logs/family-census/solve-R02605-lm-summary.md
portfolio-solve-sweep: corpus=data/families/family-R02605-sym.json levels=7 (7 to solve) scheduler-mode=legacy budget=8000ms node-budget=20000000 workers=4 save-hints=true
  [1/7] L3 (F02605-sym-03) ok=✗
  [2/7] L4 (F02605-sym-04) ok=✗
  [3/7] L2 (F02605-sym-02) ok=✗
  [4/7] L1 (F02605-sym-01) ok=✗
  [5/7] L5 (F02605-sym-05) ok=✗
  [6/7] L7 (F02605-sym-07) ok=✗
  [7/7] L6 (F02605-sym-06) ok=✗
Hints: appended to 0 level(s); 0 hint file(s) changed on disk.
Result: solved=0/7, solvedBeforeFallback=0, fallbackOnly=0, unsolved=7
Wrote logs/family-census/solve-R02605-sym.json
Wrote logs/family-census/solve-R02605-sym-summary.md
[00:59:32] DONE R02605
[00:59:32] START R02640
Parent R02640: witness stressMeta.witnessSolution (len 76, 7 jump(s)), 42 movable object instance(s) under strict inventory.
  attempt 1: accepted F02640-lm-01 — moved mustPass (5,2) -> (6,5)
  attempt 2: accepted F02640-lm-02 — moved fountain (1,1) -> (8,5)
  attempt 3: accepted F02640-lm-03 — moved falseGoals (10,6) -> (10,9)
  attempt 4: accepted F02640-lm-04 — moved geese (0,5) -> (7,6)
  attempt 5: accepted F02640-lm-05 — moved geese (7,7) -> (7,6)
  attempt 6: accepted F02640-lm-06 — moved blocks (10,0) -> (5,7)
  attempt 7: accepted F02640-lm-07 — moved mustPass (1,7) -> (3,3)
  attempt 8: accepted F02640-lm-08 — moved mustPass (5,6) -> (1,10)
  attempt 9: accepted F02640-lm-09 — moved mustPass (9,3) -> (9,9)
  attempt 10: accepted F02640-lm-10 — moved falseGoals (10,6) -> (7,10)
  attempt 11: accepted F02640-lm-11 — moved blocks (10,4) -> (6,9)
  attempt 12: rejected — degenerate duplicate of parent or another accepted variant
  attempt 13: accepted F02640-lm-12 — moved blocks (0,6) -> (10,10)
  attempt 14: accepted F02640-lm-13 — moved flippingFilters (9,2) -> (10,9)
  attempt 15: accepted F02640-lm-14 — moved mustPass (8,1) -> (1,4)
  attempt 16: accepted F02640-lm-15 — moved falseGoals (9,0) -> (7,10)

15/15 new local-mutant sibling(s) generated for R02640 in 16 attempt(s) (budget 600); 15 total in data/families/family-R02640-lm.json.
Wrote 15 level(s) total to data/families/family-R02640-lm.json (changed=true), 15 hint file(s) written to data/families/hints/.
Wrote family manifest to data/families/family-R02640-lm-manifest.json (15 variant(s) total).
Parent R02640: witness stressMeta.witnessSolution (len 76, 7 jump(s)), 42 movable object instance(s) under strict inventory.
  variant 1 (rotation): accepted F02640-sym-01
  variant 2 (rotation): accepted F02640-sym-02
  variant 3 (rotation): accepted F02640-sym-03
  variant 4 (reflection): accepted F02640-sym-04
  variant 5 (reflection): accepted F02640-sym-05
  variant 6 (reflection): accepted F02640-sym-06
  variant 7 (reflection): accepted F02640-sym-07

7/7 new symmetry sibling(s) generated for R02640 in 7 attempt(s) (budget 7); 7 total in data/families/family-R02640-sym.json.
Wrote 7 level(s) total to data/families/family-R02640-sym.json (changed=true), 7 hint file(s) written to data/families/hints/.
Wrote family manifest to data/families/family-R02640-sym-manifest.json (7 variant(s) total).
portfolio-solve-sweep: corpus=data/families/family-R02640-lm.json levels=15 (15 to solve) scheduler-mode=legacy budget=8000ms node-budget=20000000 workers=4 save-hints=true
  [1/15] L2 (F02640-lm-02) ok=✗
  [2/15] L4 (F02640-lm-04) ok=✗
  [3/15] L1 (F02640-lm-01) ok=✗
  [4/15] L3 (F02640-lm-03) ok=✗
  [5/15] L5 (F02640-lm-05) ok=✗
  [6/15] L6 (F02640-lm-06) ok=✗
  [7/15] L8 (F02640-lm-08) ok=✗
  [8/15] L7 (F02640-lm-07) ok=✗
  [9/15] L9 (F02640-lm-09) ok=✗
  [10/15] L10 (F02640-lm-10) ok=✗
  [11/15] L11 (F02640-lm-11) ok=✗
  [12/15] L12 (F02640-lm-12) ok=✗
  [13/15] L13 (F02640-lm-13) ok=✗
  [14/15] L15 (F02640-lm-15) ok=✗
  [15/15] L14 (F02640-lm-14) ok=✗
Hints: appended to 0 level(s); 0 hint file(s) changed on disk.
Result: solved=0/15, solvedBeforeFallback=0, fallbackOnly=0, unsolved=15
Wrote logs/family-census/solve-R02640-lm.json
Wrote logs/family-census/solve-R02640-lm-summary.md
portfolio-solve-sweep: corpus=data/families/family-R02640-sym.json levels=7 (7 to solve) scheduler-mode=legacy budget=8000ms node-budget=20000000 workers=4 save-hints=true
  [1/7] L2 (F02640-sym-02) ok=✗
  [2/7] L4 (F02640-sym-04) ok=✗
  [3/7] L1 (F02640-sym-01) ok=✗
  [4/7] L3 (F02640-sym-03) ok=✗
  [5/7] L6 (F02640-sym-06) ok=✗
  [6/7] L5 (F02640-sym-05) ok=✗
  [7/7] L7 (F02640-sym-07) ok=✗
Hints: appended to 0 level(s); 0 hint file(s) changed on disk.
Result: solved=0/7, solvedBeforeFallback=0, fallbackOnly=0, unsolved=7
Wrote logs/family-census/solve-R02640-sym.json
Wrote logs/family-census/solve-R02640-sym-summary.md
[01:01:54] DONE R02640
[01:01:54] START R02682
Parent R02682: witness stressMeta.witnessSolution (len 93, 0 jump(s)), 69 movable object instance(s) under strict inventory.
  attempt 1: accepted F02682-lm-01 — moved blocks (7,7) -> (5,7)
  attempt 2: accepted F02682-lm-02 — moved statue (8,12) -> (5,8)
  attempt 3: accepted F02682-lm-03 — moved flippingFilters (1,3) -> (3,5)
  attempt 4: accepted F02682-lm-04 — moved blocks (11,0) -> (6,6)
  attempt 5: accepted F02682-lm-05 — moved flippingFilters (11,10) -> (2,5)
  attempt 6: accepted F02682-lm-06 — moved blocks (2,2) -> (6,6)
  attempt 7: accepted F02682-lm-07 — moved blocks (2,4) -> (12,7)
  attempt 8: accepted F02682-lm-08 — moved lamppost (9,8) -> (7,0)
  attempt 9: accepted F02682-lm-09 — moved geese (12,5) -> (3,7)
  attempt 10: accepted F02682-lm-10 — moved blocks (1,4) -> (5,8)
  attempt 11: accepted F02682-lm-11 — moved blocks (7,6) -> (0,3)
  attempt 12: accepted F02682-lm-12 — moved falseGoals (9,5) -> (7,9)
  attempt 13: accepted F02682-lm-13 — moved geese (1,2) -> (12,2)
  attempt 14: accepted F02682-lm-14 — moved mustPass (7,1) -> (6,10)
  attempt 15: accepted F02682-lm-15 — moved flippingFilters (12,11) -> (11,12)

15/15 new local-mutant sibling(s) generated for R02682 in 15 attempt(s) (budget 600); 15 total in data/families/family-R02682-lm.json.
Wrote 15 level(s) total to data/families/family-R02682-lm.json (changed=true), 15 hint file(s) written to data/families/hints/.
Wrote family manifest to data/families/family-R02682-lm-manifest.json (15 variant(s) total).
Parent R02682: witness stressMeta.witnessSolution (len 93, 0 jump(s)), 69 movable object instance(s) under strict inventory.
  variant 1 (rotation): accepted F02682-sym-01
  variant 2 (rotation): accepted F02682-sym-02
  variant 3 (rotation): accepted F02682-sym-03
  variant 4 (reflection): accepted F02682-sym-04
  variant 5 (reflection): accepted F02682-sym-05
  variant 6 (reflection): accepted F02682-sym-06
  variant 7 (reflection): accepted F02682-sym-07

7/7 new symmetry sibling(s) generated for R02682 in 7 attempt(s) (budget 7); 7 total in data/families/family-R02682-sym.json.
Wrote 7 level(s) total to data/families/family-R02682-sym.json (changed=true), 7 hint file(s) written to data/families/hints/.
Wrote family manifest to data/families/family-R02682-sym-manifest.json (7 variant(s) total).
portfolio-solve-sweep: corpus=data/families/family-R02682-lm.json levels=15 (15 to solve) scheduler-mode=legacy budget=8000ms node-budget=20000000 workers=4 save-hints=true
  [1/15] L1 (F02682-lm-01) ok=✗
  [2/15] L3 (F02682-lm-03) ok=✗
  [3/15] L4 (F02682-lm-04) ok=✗
  [4/15] L2 (F02682-lm-02) ok=✗
  [5/15] L5 (F02682-lm-05) ok=✗
  [6/15] L6 (F02682-lm-06) ok=✗
  [7/15] L7 (F02682-lm-07) ok=✗
  [8/15] L8 (F02682-lm-08) ok=✗
  [9/15] L9 (F02682-lm-09) ok=✗
  [10/15] L13 (F02682-lm-13) ok=✓ legacy [hint saved]
  [11/15] L10 (F02682-lm-10) ok=✗
  [12/15] L14 (F02682-lm-14) ok=✓ legacy [hint saved]
  [13/15] L11 (F02682-lm-11) ok=✗
  [14/15] L12 (F02682-lm-12) ok=✗
  [15/15] L15 (F02682-lm-15) ok=✗
Hints: appended to 2 level(s); 2 hint file(s) changed on disk.
Result: solved=2/15, solvedBeforeFallback=0, fallbackOnly=2, unsolved=13
Wrote logs/family-census/solve-R02682-lm.json
Wrote logs/family-census/solve-R02682-lm-summary.md
portfolio-solve-sweep: corpus=data/families/family-R02682-sym.json levels=7 (7 to solve) scheduler-mode=legacy budget=8000ms node-budget=20000000 workers=4 save-hints=true
  [1/7] L1 (F02682-sym-01) ok=✓ legacy [hint saved]
  [2/7] L3 (F02682-sym-03) ok=✓ legacy [hint saved]
  [3/7] L6 (F02682-sym-06) ok=✓ legacy [hint saved]
  [4/7] L4 (F02682-sym-04) ok=✓ legacy [hint saved]
  [5/7] L7 (F02682-sym-07) ok=✗
  [6/7] L2 (F02682-sym-02) ok=✗
  [7/7] L5 (F02682-sym-05) ok=✗
Hints: appended to 4 level(s); 4 hint file(s) changed on disk.
Result: solved=4/7, solvedBeforeFallback=0, fallbackOnly=4, unsolved=3
Wrote logs/family-census/solve-R02682-sym.json
Wrote logs/family-census/solve-R02682-sym-summary.md
[01:05:46] DONE R02682
[01:05:46] START R02730
Parent R02730: witness stressMeta.witnessSolution (len 90, 7 jump(s)), 50 movable object instance(s) under strict inventory.
  attempt 1: accepted F02730-lm-01 — moved blocks (11,9) -> (0,3)
  attempt 2: accepted F02730-lm-02 — moved lamppost (5,12) -> (1,3)
  attempt 3: accepted F02730-lm-03 — moved blocks (5,11) -> (12,0)
  attempt 4: accepted F02730-lm-04 — moved market (5,4) -> (9,0)
  attempt 5: accepted F02730-lm-05 — moved mustPass (2,9) -> (10,4)
  attempt 6: accepted F02730-lm-06 — moved statue (6,0) -> (3,0)
  attempt 7: accepted F02730-lm-07 — moved geese (10,1) -> (11,10)
  attempt 8: accepted F02730-lm-08 — moved library (6,1) -> (3,3)
  attempt 9: accepted F02730-lm-09 — moved park (4,2) -> (10,9)
  attempt 10: accepted F02730-lm-10 — moved library (7,9) -> (0,2)
  attempt 11: accepted F02730-lm-11 — moved market (1,11) -> (4,1)
  attempt 12: accepted F02730-lm-12 — moved market (5,4) -> (5,1)
  attempt 13: accepted F02730-lm-13 — moved library (4,4) -> (1,3)
  attempt 14: accepted F02730-lm-14 — moved fountain (9,4) -> (5,5)
  attempt 15: accepted F02730-lm-15 — moved geese (10,1) -> (5,7)

15/15 new local-mutant sibling(s) generated for R02730 in 15 attempt(s) (budget 600); 15 total in data/families/family-R02730-lm.json.
Wrote 15 level(s) total to data/families/family-R02730-lm.json (changed=true), 15 hint file(s) written to data/families/hints/.
Wrote family manifest to data/families/family-R02730-lm-manifest.json (15 variant(s) total).
Parent R02730: witness stressMeta.witnessSolution (len 90, 7 jump(s)), 50 movable object instance(s) under strict inventory.
  variant 1 (rotation): accepted F02730-sym-01
  variant 2 (rotation): accepted F02730-sym-02
  variant 3 (rotation): accepted F02730-sym-03
  variant 4 (reflection): accepted F02730-sym-04
  variant 5 (reflection): accepted F02730-sym-05
  variant 6 (reflection): accepted F02730-sym-06
  variant 7 (reflection): accepted F02730-sym-07

7/7 new symmetry sibling(s) generated for R02730 in 7 attempt(s) (budget 7); 7 total in data/families/family-R02730-sym.json.
Wrote 7 level(s) total to data/families/family-R02730-sym.json (changed=true), 7 hint file(s) written to data/families/hints/.
Wrote family manifest to data/families/family-R02730-sym-manifest.json (7 variant(s) total).
portfolio-solve-sweep: corpus=data/families/family-R02730-lm.json levels=15 (15 to solve) scheduler-mode=legacy budget=8000ms node-budget=20000000 workers=4 save-hints=true
  [1/15] L4 (F02730-lm-04) ok=✗
  [2/15] L3 (F02730-lm-03) ok=✗
  [3/15] L1 (F02730-lm-01) ok=✗
  [4/15] L2 (F02730-lm-02) ok=✗
  [5/15] L7 (F02730-lm-07) ok=✓ legacy [hint saved]
  [6/15] L5 (F02730-lm-05) ok=✓ legacy [hint saved]
  [7/15] L6 (F02730-lm-06) ok=✗
  [8/15] L8 (F02730-lm-08) ok=✗
  [9/15] L9 (F02730-lm-09) ok=✗
  [10/15] L10 (F02730-lm-10) ok=✗
  [11/15] L11 (F02730-lm-11) ok=✗
  [12/15] L12 (F02730-lm-12) ok=✗
  [13/15] L15 (F02730-lm-15) ok=✗
  [14/15] L13 (F02730-lm-13) ok=✗
  [15/15] L14 (F02730-lm-14) ok=✗
Hints: appended to 2 level(s); 2 hint file(s) changed on disk.
Result: solved=2/15, solvedBeforeFallback=0, fallbackOnly=2, unsolved=13
Wrote logs/family-census/solve-R02730-lm.json
Wrote logs/family-census/solve-R02730-lm-summary.md
portfolio-solve-sweep: corpus=data/families/family-R02730-sym.json levels=7 (7 to solve) scheduler-mode=legacy budget=8000ms node-budget=20000000 workers=4 save-hints=true
  [1/7] L2 (F02730-sym-02) ok=✓ legacy [hint saved]
  [2/7] L3 (F02730-sym-03) ok=✗
  [3/7] L1 (F02730-sym-01) ok=✗
  [4/7] L5 (F02730-sym-05) ok=✗
  [5/7] L4 (F02730-sym-04) ok=✗
  [6/7] L7 (F02730-sym-07) ok=✗
  [7/7] L6 (F02730-sym-06) ok=✗
Hints: appended to 1 level(s); 1 hint file(s) changed on disk.
Result: solved=1/7, solvedBeforeFallback=0, fallbackOnly=1, unsolved=6
Wrote logs/family-census/solve-R02730-sym.json
Wrote logs/family-census/solve-R02730-sym-summary.md
[01:11:17] DONE R02730
[01:11:17] START R02767
Parent R02767: witness stressMeta.witnessSolution (len 123, 4 jump(s)), 59 movable object instance(s) under strict inventory.
  attempt 1: accepted F02767-lm-01 — moved blocks (13,11) -> (6,12)
  attempt 2: accepted F02767-lm-02 — moved blocks (14,2) -> (12,1)
  attempt 3: accepted F02767-lm-03 — moved mustPass (7,7) -> (10,8)
  attempt 4: accepted F02767-lm-04 — moved mustPass (11,12) -> (5,12)
  attempt 5: accepted F02767-lm-05 — moved blocks (2,5) -> (9,10)
  attempt 6: accepted F02767-lm-06 — moved blocks (3,5) -> (11,1)
  attempt 7: accepted F02767-lm-07 — moved lamppost (4,1) -> (12,11)
  attempt 8: accepted F02767-lm-08 — moved statue (10,13) -> (9,10)
  attempt 9: accepted F02767-lm-09 — moved blocks (12,0) -> (9,14)
  attempt 10: accepted F02767-lm-10 — moved geese (3,3) -> (12,2)
  attempt 11: accepted F02767-lm-11 — moved blocks (0,9) -> (13,10)
  attempt 12: accepted F02767-lm-12 — moved park (11,5) -> (14,0)
  attempt 13: accepted F02767-lm-13 — moved geese (6,13) -> (2,2)
  attempt 14: accepted F02767-lm-14 — moved park (11,5) -> (9,14)
  attempt 15: accepted F02767-lm-15 — moved blocks (12,4) -> (14,6)

15/15 new local-mutant sibling(s) generated for R02767 in 15 attempt(s) (budget 600); 15 total in data/families/family-R02767-lm.json.
Wrote 15 level(s) total to data/families/family-R02767-lm.json (changed=true), 15 hint file(s) written to data/families/hints/.
Wrote family manifest to data/families/family-R02767-lm-manifest.json (15 variant(s) total).
Parent R02767: witness stressMeta.witnessSolution (len 123, 4 jump(s)), 59 movable object instance(s) under strict inventory.
  variant 1 (rotation): accepted F02767-sym-01
  variant 2 (rotation): accepted F02767-sym-02
  variant 3 (rotation): accepted F02767-sym-03
  variant 4 (reflection): accepted F02767-sym-04
  variant 5 (reflection): accepted F02767-sym-05
  variant 6 (reflection): accepted F02767-sym-06
  variant 7 (reflection): accepted F02767-sym-07

7/7 new symmetry sibling(s) generated for R02767 in 7 attempt(s) (budget 7); 7 total in data/families/family-R02767-sym.json.
Wrote 7 level(s) total to data/families/family-R02767-sym.json (changed=true), 7 hint file(s) written to data/families/hints/.
Wrote family manifest to data/families/family-R02767-sym-manifest.json (7 variant(s) total).
portfolio-solve-sweep: corpus=data/families/family-R02767-lm.json levels=15 (15 to solve) scheduler-mode=legacy budget=8000ms node-budget=20000000 workers=4 save-hints=true
  [1/15] L4 (F02767-lm-04) ok=✗
  [2/15] L2 (F02767-lm-02) ok=✗
  [3/15] L3 (F02767-lm-03) ok=✗
  [4/15] L1 (F02767-lm-01) ok=✗
  [5/15] L7 (F02767-lm-07) ok=✓ legacy [hint saved]
  [6/15] L8 (F02767-lm-08) ok=✗
  [7/15] L6 (F02767-lm-06) ok=✗
  [8/15] L5 (F02767-lm-05) ok=✗
  [9/15] L9 (F02767-lm-09) ok=✗
  [10/15] L10 (F02767-lm-10) ok=✗
  [11/15] L11 (F02767-lm-11) ok=✗
  [12/15] L12 (F02767-lm-12) ok=✗
  [13/15] L13 (F02767-lm-13) ok=✗
  [14/15] L14 (F02767-lm-14) ok=✗
  [15/15] L15 (F02767-lm-15) ok=✗
Hints: appended to 1 level(s); 1 hint file(s) changed on disk.
Result: solved=1/15, solvedBeforeFallback=0, fallbackOnly=1, unsolved=14
Wrote logs/family-census/solve-R02767-lm.json
Wrote logs/family-census/solve-R02767-lm-summary.md
portfolio-solve-sweep: corpus=data/families/family-R02767-sym.json levels=7 (7 to solve) scheduler-mode=legacy budget=8000ms node-budget=20000000 workers=4 save-hints=true
  [1/7] L3 (F02767-sym-03) ok=✗
  [2/7] L1 (F02767-sym-01) ok=✗
  [3/7] L4 (F02767-sym-04) ok=✗
  [4/7] L2 (F02767-sym-02) ok=✗
  [5/7] L5 (F02767-sym-05) ok=✗
  [6/7] L7 (F02767-sym-07) ok=✗
  [7/7] L6 (F02767-sym-06) ok=✗
Hints: appended to 0 level(s); 0 hint file(s) changed on disk.
Result: solved=0/7, solvedBeforeFallback=0, fallbackOnly=0, unsolved=7
Wrote logs/family-census/solve-R02767-sym.json
Wrote logs/family-census/solve-R02767-sym-summary.md
[01:21:09] DONE R02767
[01:21:09] START R02796
Parent R02796: witness stressMeta.witnessSolution (len 83, 0 jump(s)), 39 movable object instance(s) under strict inventory.
  attempt 1: accepted F02796-lm-01 — moved flippingFilters (7,4) -> (8,10)
  attempt 2: accepted F02796-lm-02 — moved falseGoals (6,10) -> (6,5)
  attempt 3: accepted F02796-lm-03 — moved park (6,3) -> (0,6)
  attempt 4: accepted F02796-lm-04 — moved mustPass (4,10) -> (10,1)
  attempt 5: accepted F02796-lm-05 — moved blocks (6,9) -> (6,5)
  attempt 6: accepted F02796-lm-06 — moved falseGoals (1,10) -> (10,10)
  attempt 7: accepted F02796-lm-07 — moved lamppost (1,1) -> (7,3)
  attempt 8: accepted F02796-lm-08 — moved falseGoals (6,10) -> (10,10)
  attempt 9: accepted F02796-lm-09 — moved flippingFilters (7,4) -> (7,3)
  attempt 10: accepted F02796-lm-10 — moved flippingFilters (3,1) -> (0,1)
  attempt 11: accepted F02796-lm-11 — moved falseGoals (0,10) -> (4,2)
  attempt 12: accepted F02796-lm-12 — moved flippingFilters (8,9) -> (10,8)
  attempt 13: accepted F02796-lm-13 — moved park (6,3) -> (2,2)
  attempt 14: accepted F02796-lm-14 — moved mustPass (8,2) -> (10,2)
  attempt 15: accepted F02796-lm-15 — moved flippingFilters (1,2) -> (10,8)

15/15 new local-mutant sibling(s) generated for R02796 in 15 attempt(s) (budget 600); 15 total in data/families/family-R02796-lm.json.
Wrote 15 level(s) total to data/families/family-R02796-lm.json (changed=true), 15 hint file(s) written to data/families/hints/.
Wrote family manifest to data/families/family-R02796-lm-manifest.json (15 variant(s) total).
Parent R02796: witness stressMeta.witnessSolution (len 83, 0 jump(s)), 39 movable object instance(s) under strict inventory.
  variant 1 (rotation): accepted F02796-sym-01
  variant 2 (rotation): accepted F02796-sym-02
  variant 3 (rotation): accepted F02796-sym-03
  variant 4 (reflection): accepted F02796-sym-04
  variant 5 (reflection): accepted F02796-sym-05
  variant 6 (reflection): accepted F02796-sym-06
  variant 7 (reflection): accepted F02796-sym-07

7/7 new symmetry sibling(s) generated for R02796 in 7 attempt(s) (budget 7); 7 total in data/families/family-R02796-sym.json.
Wrote 7 level(s) total to data/families/family-R02796-sym.json (changed=true), 7 hint file(s) written to data/families/hints/.
Wrote family manifest to data/families/family-R02796-sym-manifest.json (7 variant(s) total).
portfolio-solve-sweep: corpus=data/families/family-R02796-lm.json levels=15 (15 to solve) scheduler-mode=legacy budget=8000ms node-budget=20000000 workers=4 save-hints=true
  [1/15] L4 (F02796-lm-04) ok=✓ legacy [hint saved]
  [2/15] L5 (F02796-lm-05) ok=✓ legacy [hint saved]
  [3/15] L6 (F02796-lm-06) ok=✓ legacy [hint saved]
  [4/15] L1 (F02796-lm-01) ok=✓ legacy [hint saved]
  [5/15] L3 (F02796-lm-03) ok=✓ legacy [hint saved]
  [6/15] L7 (F02796-lm-07) ok=✓ legacy [hint saved]
  [7/15] L2 (F02796-lm-02) ok=✗
  [8/15] L9 (F02796-lm-09) ok=✓ legacy [hint saved]
  [9/15] L12 (F02796-lm-12) ok=✓ legacy [hint saved]
  [10/15] L13 (F02796-lm-13) ok=✓ legacy [hint saved]
  [11/15] L8 (F02796-lm-08) ok=✗
  [12/15] L15 (F02796-lm-15) ok=✓ legacy [hint saved]
  [13/15] L10 (F02796-lm-10) ok=✗
  [14/15] L11 (F02796-lm-11) ok=✗
  [15/15] L14 (F02796-lm-14) ok=✗
Hints: appended to 10 level(s); 10 hint file(s) changed on disk.
Result: solved=10/15, solvedBeforeFallback=0, fallbackOnly=10, unsolved=5
Wrote logs/family-census/solve-R02796-lm.json
Wrote logs/family-census/solve-R02796-lm-summary.md
portfolio-solve-sweep: corpus=data/families/family-R02796-sym.json levels=7 (7 to solve) scheduler-mode=legacy budget=8000ms node-budget=20000000 workers=4 save-hints=true
  [1/7] L2 (F02796-sym-02) ok=✗
  [2/7] L1 (F02796-sym-01) ok=✗
  [3/7] L3 (F02796-sym-03) ok=✗
  [4/7] L4 (F02796-sym-04) ok=✗
  [5/7] L5 (F02796-sym-05) ok=✗
  [6/7] L6 (F02796-sym-06) ok=✗
  [7/7] L7 (F02796-sym-07) ok=✗
Hints: appended to 0 level(s); 0 hint file(s) changed on disk.
Result: solved=0/7, solvedBeforeFallback=0, fallbackOnly=0, unsolved=7
Wrote logs/family-census/solve-R02796-sym.json
Wrote logs/family-census/solve-R02796-sym-summary.md
[01:22:43] DONE R02796
[01:22:43] START R02835
Parent R02835: witness stressMeta.witnessSolution (len 138, 0 jump(s)), 58 movable object instance(s) under strict inventory.
  attempt 1: accepted F02835-lm-01 — moved falseGoals (2,7) -> (4,12)
  attempt 2: accepted F02835-lm-02 — moved geese (7,5) -> (6,3)
  attempt 3: accepted F02835-lm-03 — moved falseGoals (0,9) -> (12,0)
  attempt 4: accepted F02835-lm-04 — moved blocks (1,9) -> (8,12)
  attempt 5: accepted F02835-lm-05 — moved lamppost (9,14) -> (13,7)
  attempt 6: accepted F02835-lm-06 — moved geese (7,0) -> (11,6)
  attempt 7: accepted F02835-lm-07 — moved lamppost (2,6) -> (2,10)
  attempt 8: accepted F02835-lm-08 — moved blocks (1,12) -> (8,3)
  attempt 9: accepted F02835-lm-09 — moved geese (0,0) -> (4,12)
  attempt 10: accepted F02835-lm-10 — moved blocks (2,8) -> (7,1)
  attempt 11: accepted F02835-lm-11 — moved falseGoals (0,9) -> (14,11)
  attempt 12: accepted F02835-lm-12 — moved geese (0,0) -> (0,12)
  attempt 13: accepted F02835-lm-13 — moved market (11,12) -> (5,14)
  attempt 14: accepted F02835-lm-14 — moved flippingFilters (7,9) -> (14,6)
  attempt 15: accepted F02835-lm-15 — moved flippingFilters (14,14) -> (8,14)

15/15 new local-mutant sibling(s) generated for R02835 in 15 attempt(s) (budget 600); 15 total in data/families/family-R02835-lm.json.
Wrote 15 level(s) total to data/families/family-R02835-lm.json (changed=true), 15 hint file(s) written to data/families/hints/.
Wrote family manifest to data/families/family-R02835-lm-manifest.json (15 variant(s) total).
Parent R02835: witness stressMeta.witnessSolution (len 138, 0 jump(s)), 58 movable object instance(s) under strict inventory.
  variant 1 (rotation): accepted F02835-sym-01
  variant 2 (rotation): accepted F02835-sym-02
  variant 3 (rotation): accepted F02835-sym-03
  variant 4 (reflection): accepted F02835-sym-04
  variant 5 (reflection): accepted F02835-sym-05
  variant 6 (reflection): accepted F02835-sym-06
  variant 7 (reflection): accepted F02835-sym-07

7/7 new symmetry sibling(s) generated for R02835 in 7 attempt(s) (budget 7); 7 total in data/families/family-R02835-sym.json.
Wrote 7 level(s) total to data/families/family-R02835-sym.json (changed=true), 7 hint file(s) written to data/families/hints/.
Wrote family manifest to data/families/family-R02835-sym-manifest.json (7 variant(s) total).
portfolio-solve-sweep: corpus=data/families/family-R02835-lm.json levels=15 (15 to solve) scheduler-mode=legacy budget=8000ms node-budget=20000000 workers=4 save-hints=true
  [1/15] L1 (F02835-lm-01) ok=✗
  [2/15] L3 (F02835-lm-03) ok=✗
  [3/15] L4 (F02835-lm-04) ok=✗
  [4/15] L2 (F02835-lm-02) ok=✗
  [5/15] L5 (F02835-lm-05) ok=✗
  [6/15] L6 (F02835-lm-06) ok=✗
  [7/15] L7 (F02835-lm-07) ok=✗
  [8/15] L8 (F02835-lm-08) ok=✗
  [9/15] L10 (F02835-lm-10) ok=✗
  [10/15] L9 (F02835-lm-09) ok=✗
  [11/15] L11 (F02835-lm-11) ok=✗
  [12/15] L12 (F02835-lm-12) ok=✗
  [13/15] L15 (F02835-lm-15) ok=✗
  [14/15] L13 (F02835-lm-13) ok=✗
  [15/15] L14 (F02835-lm-14) ok=✗
Hints: appended to 0 level(s); 0 hint file(s) changed on disk.
Result: solved=0/15, solvedBeforeFallback=0, fallbackOnly=0, unsolved=15
Wrote logs/family-census/solve-R02835-lm.json
Wrote logs/family-census/solve-R02835-lm-summary.md
portfolio-solve-sweep: corpus=data/families/family-R02835-sym.json levels=7 (7 to solve) scheduler-mode=legacy budget=8000ms node-budget=20000000 workers=4 save-hints=true
  [1/7] L2 (F02835-sym-02) ok=✗
  [2/7] L1 (F02835-sym-01) ok=✗
  [3/7] L3 (F02835-sym-03) ok=✗
  [4/7] L4 (F02835-sym-04) ok=✗
  [5/7] L5 (F02835-sym-05) ok=✗
  [6/7] L6 (F02835-sym-06) ok=✗
  [7/7] L7 (F02835-sym-07) ok=✗
Hints: appended to 0 level(s); 0 hint file(s) changed on disk.
Result: solved=0/7, solvedBeforeFallback=0, fallbackOnly=0, unsolved=7
Wrote logs/family-census/solve-R02835-sym.json
Wrote logs/family-census/solve-R02835-sym-summary.md
[01:27:41] DONE R02835
[01:27:41] START R02870
Parent R02870: witness stressMeta.witnessSolution (len 123, 5 jump(s)), 33 movable object instance(s) under strict inventory.
  attempt 1: accepted F02870-lm-01 — moved library (9,4) -> (6,7)
  attempt 2: accepted F02870-lm-02 — moved mustPass (2,4) -> (6,9)
  attempt 3: accepted F02870-lm-03 — moved mustPass (10,1) -> (6,3)
  attempt 4: accepted F02870-lm-04 — moved mustPass (3,13) -> (5,13)
  attempt 5: accepted F02870-lm-05 — moved flippingFilters (10,12) -> (4,10)
  attempt 6: accepted F02870-lm-06 — moved lamppost (13,0) -> (11,6)
  attempt 7: accepted F02870-lm-07 — moved mustPass (2,4) -> (7,7)
  attempt 8: accepted F02870-lm-08 — moved park (1,3) -> (3,2)
  attempt 9: accepted F02870-lm-09 — moved market (9,12) -> (0,9)
  attempt 10: accepted F02870-lm-10 — moved flippingFilters (10,8) -> (11,3)
  attempt 11: accepted F02870-lm-11 — moved library (6,0) -> (10,6)
  attempt 12: accepted F02870-lm-12 — moved flippingFilters (4,3) -> (11,11)
  attempt 13: accepted F02870-lm-13 — moved library (9,4) -> (11,6)
  attempt 14: accepted F02870-lm-14 — moved market (9,12) -> (1,8)
  attempt 15: accepted F02870-lm-15 — moved flippingFilters (5,7) -> (12,11)

15/15 new local-mutant sibling(s) generated for R02870 in 15 attempt(s) (budget 600); 15 total in data/families/family-R02870-lm.json.
Wrote 15 level(s) total to data/families/family-R02870-lm.json (changed=true), 15 hint file(s) written to data/families/hints/.
Wrote family manifest to data/families/family-R02870-lm-manifest.json (15 variant(s) total).
Parent R02870: witness stressMeta.witnessSolution (len 123, 5 jump(s)), 33 movable object instance(s) under strict inventory.
  variant 1 (rotation): accepted F02870-sym-01
  variant 2 (rotation): accepted F02870-sym-02
  variant 3 (rotation): accepted F02870-sym-03
  variant 4 (reflection): accepted F02870-sym-04
  variant 5 (reflection): accepted F02870-sym-05
  variant 6 (reflection): accepted F02870-sym-06
  variant 7 (reflection): accepted F02870-sym-07

7/7 new symmetry sibling(s) generated for R02870 in 7 attempt(s) (budget 7); 7 total in data/families/family-R02870-sym.json.
Wrote 7 level(s) total to data/families/family-R02870-sym.json (changed=true), 7 hint file(s) written to data/families/hints/.
Wrote family manifest to data/families/family-R02870-sym-manifest.json (7 variant(s) total).
portfolio-solve-sweep: corpus=data/families/family-R02870-lm.json levels=15 (15 to solve) scheduler-mode=legacy budget=8000ms node-budget=20000000 workers=4 save-hints=true
  [1/15] L1 (F02870-lm-01) ok=✗
  [2/15] L2 (F02870-lm-02) ok=✗
  [3/15] L4 (F02870-lm-04) ok=✗
  [4/15] L3 (F02870-lm-03) ok=✗
  [5/15] L6 (F02870-lm-06) ok=✗
  [6/15] L5 (F02870-lm-05) ok=✗
  [7/15] L8 (F02870-lm-08) ok=✗
  [8/15] L7 (F02870-lm-07) ok=✗
  [9/15] L9 (F02870-lm-09) ok=✗
  [10/15] L10 (F02870-lm-10) ok=✗
  [11/15] L11 (F02870-lm-11) ok=✗
  [12/15] L12 (F02870-lm-12) ok=✗
  [13/15] L15 (F02870-lm-15) ok=✗
  [14/15] L13 (F02870-lm-13) ok=✗
  [15/15] L14 (F02870-lm-14) ok=✗
Hints: appended to 0 level(s); 0 hint file(s) changed on disk.
Result: solved=0/15, solvedBeforeFallback=0, fallbackOnly=0, unsolved=15
Wrote logs/family-census/solve-R02870-lm.json
Wrote logs/family-census/solve-R02870-lm-summary.md
portfolio-solve-sweep: corpus=data/families/family-R02870-sym.json levels=7 (7 to solve) scheduler-mode=legacy budget=8000ms node-budget=20000000 workers=4 save-hints=true
  [1/7] L3 (F02870-sym-03) ok=✗
  [2/7] L1 (F02870-sym-01) ok=✗
  [3/7] L2 (F02870-sym-02) ok=✗
  [4/7] L4 (F02870-sym-04) ok=✗
  [5/7] L5 (F02870-sym-05) ok=✗
  [6/7] L6 (F02870-sym-06) ok=✗
  [7/7] L7 (F02870-sym-07) ok=✗
Hints: appended to 0 level(s); 0 hint file(s) changed on disk.
Result: solved=0/7, solvedBeforeFallback=0, fallbackOnly=0, unsolved=7
Wrote logs/family-census/solve-R02870-sym.json
Wrote logs/family-census/solve-R02870-sym-summary.md
[01:39:07] DONE R02870
[01:39:07] START R02915
Parent R02915: witness stressMeta.witnessSolution (len 117, 6 jump(s)), 41 movable object instance(s) under strict inventory.
  attempt 1: accepted F02915-lm-01 — moved fountain (4,8) -> (10,5)
  attempt 2: accepted F02915-lm-02 — moved market (4,7) -> (10,5)
  attempt 3: accepted F02915-lm-03 — moved mustCross (9,9) -> (8,9)
  attempt 4: accepted F02915-lm-04 — moved lamppost (3,8) -> (12,3)
  attempt 5: accepted F02915-lm-05 — moved mustCross (8,6) -> (8,9)
  attempt 6: accepted F02915-lm-06 — moved library (4,4) -> (11,10)
  attempt 7: accepted F02915-lm-07 — moved blocks (12,4) -> (11,11)
  attempt 8: accepted F02915-lm-08 — moved blocks (11,2) -> (10,5)
  attempt 9: accepted F02915-lm-09 — moved geese (4,12) -> (2,10)
  attempt 10: rejected — degenerate duplicate of parent or another accepted variant
  attempt 11: accepted F02915-lm-10 — moved market (5,10) -> (11,0)
  attempt 12: accepted F02915-lm-11 — moved geese (7,11) -> (2,10)
  attempt 13: accepted F02915-lm-12 — moved market (10,10) -> (3,10)
  attempt 14: accepted F02915-lm-13 — moved blocks (10,12) -> (3,3)
  attempt 15: accepted F02915-lm-14 — moved blocks (12,1) -> (12,3)
  attempt 16: accepted F02915-lm-15 — moved market (4,7) -> (8,12)

15/15 new local-mutant sibling(s) generated for R02915 in 16 attempt(s) (budget 600); 15 total in data/families/family-R02915-lm.json.
Wrote 15 level(s) total to data/families/family-R02915-lm.json (changed=true), 15 hint file(s) written to data/families/hints/.
Wrote family manifest to data/families/family-R02915-lm-manifest.json (15 variant(s) total).
Parent R02915: witness stressMeta.witnessSolution (len 117, 6 jump(s)), 41 movable object instance(s) under strict inventory.
  variant 1 (rotation): accepted F02915-sym-01
  variant 2 (rotation): accepted F02915-sym-02
  variant 3 (rotation): accepted F02915-sym-03
  variant 4 (reflection): accepted F02915-sym-04
  variant 5 (reflection): accepted F02915-sym-05
  variant 6 (reflection): accepted F02915-sym-06
  variant 7 (reflection): accepted F02915-sym-07

7/7 new symmetry sibling(s) generated for R02915 in 7 attempt(s) (budget 7); 7 total in data/families/family-R02915-sym.json.
Wrote 7 level(s) total to data/families/family-R02915-sym.json (changed=true), 7 hint file(s) written to data/families/hints/.
Wrote family manifest to data/families/family-R02915-sym-manifest.json (7 variant(s) total).
portfolio-solve-sweep: corpus=data/families/family-R02915-lm.json levels=15 (15 to solve) scheduler-mode=legacy budget=8000ms node-budget=20000000 workers=4 save-hints=true
  [1/15] L4 (F02915-lm-04) ok=✗
  [2/15] L1 (F02915-lm-01) ok=✗
  [3/15] L2 (F02915-lm-02) ok=✗
  [4/15] L3 (F02915-lm-03) ok=✗
  [5/15] L7 (F02915-lm-07) ok=✗
  [6/15] L6 (F02915-lm-06) ok=✗
  [7/15] L5 (F02915-lm-05) ok=✗
  [8/15] L8 (F02915-lm-08) ok=✗
  [9/15] L9 (F02915-lm-09) ok=✗
  [10/15] L10 (F02915-lm-10) ok=✗
  [11/15] L11 (F02915-lm-11) ok=✗
  [12/15] L12 (F02915-lm-12) ok=✗
  [13/15] L13 (F02915-lm-13) ok=✗
  [14/15] L15 (F02915-lm-15) ok=✗
  [15/15] L14 (F02915-lm-14) ok=✗
Hints: appended to 0 level(s); 0 hint file(s) changed on disk.
Result: solved=0/15, solvedBeforeFallback=0, fallbackOnly=0, unsolved=15
Wrote logs/family-census/solve-R02915-lm.json
Wrote logs/family-census/solve-R02915-lm-summary.md
portfolio-solve-sweep: corpus=data/families/family-R02915-sym.json levels=7 (7 to solve) scheduler-mode=legacy budget=8000ms node-budget=20000000 workers=4 save-hints=true
  [1/7] L2 (F02915-sym-02) ok=✗
  [2/7] L3 (F02915-sym-03) ok=✗
  [3/7] L1 (F02915-sym-01) ok=✗
  [4/7] L4 (F02915-sym-04) ok=✗
  [5/7] L7 (F02915-sym-07) ok=✗
  [6/7] L6 (F02915-sym-06) ok=✗
  [7/7] L5 (F02915-sym-05) ok=✗
Hints: appended to 0 level(s); 0 hint file(s) changed on disk.
Result: solved=0/7, solvedBeforeFallback=0, fallbackOnly=0, unsolved=7
Wrote logs/family-census/solve-R02915-sym.json
Wrote logs/family-census/solve-R02915-sym-summary.md
[01:41:26] DONE R02915
[01:41:26] START R02951
Parent R02951: witness stressMeta.witnessSolution (len 117, 0 jump(s)), 54 movable object instance(s) under strict inventory.
  attempt 1: accepted F02951-lm-01 — moved blocks (5,1) -> (13,14)
  attempt 2: accepted F02951-lm-02 — moved geese (1,0) -> (7,12)
  attempt 3: accepted F02951-lm-03 — moved blocks (14,2) -> (0,2)
  attempt 4: accepted F02951-lm-04 — moved blocks (1,9) -> (9,7)
  attempt 5: accepted F02951-lm-05 — moved geese (1,0) -> (0,13)
  attempt 6: accepted F02951-lm-06 — moved blocks (5,8) -> (2,12)
  attempt 7: accepted F02951-lm-07 — moved market (6,2) -> (7,0)
  attempt 8: accepted F02951-lm-08 — moved park (5,3) -> (14,14)
  attempt 9: accepted F02951-lm-09 — moved blocks (10,1) -> (9,7)
  attempt 10: accepted F02951-lm-10 — moved statue (2,10) -> (8,5)
  attempt 11: accepted F02951-lm-11 — moved library (12,0) -> (1,8)
  attempt 12: accepted F02951-lm-12 — moved blocks (6,13) -> (11,6)
  attempt 13: accepted F02951-lm-13 — moved blocks (13,6) -> (6,1)
  attempt 14: accepted F02951-lm-14 — moved blocks (11,13) -> (14,6)
  attempt 15: accepted F02951-lm-15 — moved blocks (1,9) -> (1,11)

15/15 new local-mutant sibling(s) generated for R02951 in 15 attempt(s) (budget 600); 15 total in data/families/family-R02951-lm.json.
Wrote 15 level(s) total to data/families/family-R02951-lm.json (changed=true), 15 hint file(s) written to data/families/hints/.
Wrote family manifest to data/families/family-R02951-lm-manifest.json (15 variant(s) total).
Parent R02951: witness stressMeta.witnessSolution (len 117, 0 jump(s)), 54 movable object instance(s) under strict inventory.
  variant 1 (rotation): accepted F02951-sym-01
  variant 2 (rotation): accepted F02951-sym-02
  variant 3 (rotation): accepted F02951-sym-03
  variant 4 (reflection): accepted F02951-sym-04
  variant 5 (reflection): accepted F02951-sym-05
  variant 6 (reflection): accepted F02951-sym-06
  variant 7 (reflection): accepted F02951-sym-07

7/7 new symmetry sibling(s) generated for R02951 in 7 attempt(s) (budget 7); 7 total in data/families/family-R02951-sym.json.
Wrote 7 level(s) total to data/families/family-R02951-sym.json (changed=true), 7 hint file(s) written to data/families/hints/.
Wrote family manifest to data/families/family-R02951-sym-manifest.json (7 variant(s) total).
portfolio-solve-sweep: corpus=data/families/family-R02951-lm.json levels=15 (15 to solve) scheduler-mode=legacy budget=8000ms node-budget=20000000 workers=4 save-hints=true
  [1/15] L1 (F02951-lm-01) ok=✗
  [2/15] L4 (F02951-lm-04) ok=✗
  [3/15] L2 (F02951-lm-02) ok=✗
  [4/15] L3 (F02951-lm-03) ok=✗
  [5/15] L5 (F02951-lm-05) ok=✗
  [6/15] L6 (F02951-lm-06) ok=✗
  [7/15] L8 (F02951-lm-08) ok=✗
  [8/15] L7 (F02951-lm-07) ok=✗
  [9/15] L10 (F02951-lm-10) ok=✓ legacy [hint saved]
  [10/15] L9 (F02951-lm-09) ok=✗
  [11/15] L11 (F02951-lm-11) ok=✗
  [12/15] L12 (F02951-lm-12) ok=✗
  [13/15] L13 (F02951-lm-13) ok=✗
  [14/15] L14 (F02951-lm-14) ok=✗
  [15/15] L15 (F02951-lm-15) ok=✗
Hints: appended to 1 level(s); 1 hint file(s) changed on disk.
Result: solved=1/15, solvedBeforeFallback=0, fallbackOnly=1, unsolved=14
Wrote logs/family-census/solve-R02951-lm.json
Wrote logs/family-census/solve-R02951-lm-summary.md
portfolio-solve-sweep: corpus=data/families/family-R02951-sym.json levels=7 (7 to solve) scheduler-mode=legacy budget=8000ms node-budget=20000000 workers=4 save-hints=true
  [1/7] L4 (F02951-sym-04) ok=✗
  [2/7] L3 (F02951-sym-03) ok=✗
  [3/7] L2 (F02951-sym-02) ok=✗
  [4/7] L1 (F02951-sym-01) ok=✗
  [5/7] L5 (F02951-sym-05) ok=✗
  [6/7] L7 (F02951-sym-07) ok=✗
  [7/7] L6 (F02951-sym-06) ok=✗
Hints: appended to 0 level(s); 0 hint file(s) changed on disk.
Result: solved=0/7, solvedBeforeFallback=0, fallbackOnly=0, unsolved=7
Wrote logs/family-census/solve-R02951-sym.json
Wrote logs/family-census/solve-R02951-sym-summary.md
[01:45:24] DONE R02951
[01:45:24] START R02997
Parent R02997: witness hint[0] (len 127, 6 jump(s)), 49 movable object instance(s) under strict inventory.
  attempt 1: accepted F02997-lm-01 — moved blocks (8,3) -> (3,6)
  attempt 2: accepted F02997-lm-02 — moved mustPass (10,8) -> (4,3)
  attempt 3: accepted F02997-lm-03 — moved mustCross (2,11) -> (4,13)
  attempt 4: accepted F02997-lm-04 — moved blocks (9,6) -> (1,3)
  attempt 5: accepted F02997-lm-05 — moved mustCross (6,12) -> (10,10)
  attempt 6: accepted F02997-lm-06 — moved mustPass (10,11) -> (11,4)
  attempt 7: accepted F02997-lm-07 — moved blocks (9,6) -> (10,6)
  attempt 8: accepted F02997-lm-08 — moved mustCross (3,11) -> (4,13)
  attempt 9: accepted F02997-lm-09 — moved mustCross (6,12) -> (4,13)
  attempt 10: accepted F02997-lm-10 — moved blocks (5,7) -> (10,1)
  attempt 11: accepted F02997-lm-11 — moved market (5,11) -> (14,8)
  attempt 12: accepted F02997-lm-12 — moved market (14,13) -> (1,0)
  attempt 13: accepted F02997-lm-13 — moved lamppost (4,7) -> (3,0)
  attempt 14: accepted F02997-lm-14 — moved mustPass (1,13) -> (1,10)
  attempt 15: accepted F02997-lm-15 — moved blocks (6,1) -> (3,0)

15/15 new local-mutant sibling(s) generated for R02997 in 15 attempt(s) (budget 600); 15 total in data/families/family-R02997-lm.json.
Wrote 15 level(s) total to data/families/family-R02997-lm.json (changed=true), 15 hint file(s) written to data/families/hints/.
Wrote family manifest to data/families/family-R02997-lm-manifest.json (15 variant(s) total).
Parent R02997: witness hint[0] (len 127, 6 jump(s)), 49 movable object instance(s) under strict inventory.
  variant 1 (rotation): accepted F02997-sym-01
  variant 2 (rotation): accepted F02997-sym-02
  variant 3 (rotation): accepted F02997-sym-03
  variant 4 (reflection): accepted F02997-sym-04
  variant 5 (reflection): accepted F02997-sym-05
  variant 6 (reflection): accepted F02997-sym-06
  variant 7 (reflection): accepted F02997-sym-07

7/7 new symmetry sibling(s) generated for R02997 in 7 attempt(s) (budget 7); 7 total in data/families/family-R02997-sym.json.
Wrote 7 level(s) total to data/families/family-R02997-sym.json (changed=true), 7 hint file(s) written to data/families/hints/.
Wrote family manifest to data/families/family-R02997-sym-manifest.json (7 variant(s) total).
portfolio-solve-sweep: corpus=data/families/family-R02997-lm.json levels=15 (15 to solve) scheduler-mode=legacy budget=8000ms node-budget=20000000 workers=4 save-hints=true
  [1/15] L1 (F02997-lm-01) ok=✗
  [2/15] L2 (F02997-lm-02) ok=✗
  [3/15] L4 (F02997-lm-04) ok=✗
  [4/15] L3 (F02997-lm-03) ok=✗
  [5/15] L5 (F02997-lm-05) ok=✗
  [6/15] L6 (F02997-lm-06) ok=✗
  [7/15] L7 (F02997-lm-07) ok=✗
  [8/15] L8 (F02997-lm-08) ok=✗
  [9/15] L11 (F02997-lm-11) ok=✗
  [10/15] L10 (F02997-lm-10) ok=✗
  [11/15] L9 (F02997-lm-09) ok=✗
  [12/15] L12 (F02997-lm-12) ok=✗
  [13/15] L13 (F02997-lm-13) ok=✗
  [14/15] L14 (F02997-lm-14) ok=✗
  [15/15] L15 (F02997-lm-15) ok=✗
Hints: appended to 0 level(s); 0 hint file(s) changed on disk.
Result: solved=0/15, solvedBeforeFallback=0, fallbackOnly=0, unsolved=15
Wrote logs/family-census/solve-R02997-lm.json
Wrote logs/family-census/solve-R02997-lm-summary.md
portfolio-solve-sweep: corpus=data/families/family-R02997-sym.json levels=7 (7 to solve) scheduler-mode=legacy budget=8000ms node-budget=20000000 workers=4 save-hints=true
  [1/7] L2 (F02997-sym-02) ok=✗
  [2/7] L1 (F02997-sym-01) ok=✗
  [3/7] L4 (F02997-sym-04) ok=✗
  [4/7] L3 (F02997-sym-03) ok=✗
  [5/7] L5 (F02997-sym-05) ok=✗
  [6/7] L7 (F02997-sym-07) ok=✗
  [7/7] L6 (F02997-sym-06) ok=✗
Hints: appended to 0 level(s); 0 hint file(s) changed on disk.
Result: solved=0/7, solvedBeforeFallback=0, fallbackOnly=0, unsolved=7
Wrote logs/family-census/solve-R02997-sym.json
Wrote logs/family-census/solve-R02997-sym-summary.md
[01:50:29] DONE R02997
[01:50:29] START R03032
Parent R03032: witness stressMeta.witnessSolution (len 106, 6 jump(s)), 58 movable object instance(s) under strict inventory.
  attempt 1: accepted F03032-lm-01 — moved falseGoals (3,8) -> (0,8)
  attempt 2: accepted F03032-lm-02 — moved flippingFilters (10,8) -> (2,10)
  attempt 3: accepted F03032-lm-03 — moved blocks (9,1) -> (10,10)
  attempt 4: accepted F03032-lm-04 — moved blocks (8,2) -> (6,0)
  attempt 5: accepted F03032-lm-05 — moved geese (11,0) -> (6,9)
  attempt 6: accepted F03032-lm-06 — moved market (12,4) -> (1,9)
  attempt 7: accepted F03032-lm-07 — moved market (5,1) -> (6,9)
  attempt 8: accepted F03032-lm-08 — moved falseGoals (12,6) -> (12,5)
  attempt 9: accepted F03032-lm-09 — moved statue (12,8) -> (12,7)
  attempt 10: accepted F03032-lm-10 — moved library (2,2) -> (11,2)
  attempt 11: accepted F03032-lm-11 — moved flippingFilters (12,11) -> (11,2)
  attempt 12: accepted F03032-lm-12 — moved market (5,1) -> (0,8)
  attempt 13: accepted F03032-lm-13 — moved blocks (12,0) -> (0,0)
  attempt 14: accepted F03032-lm-14 — moved market (3,6) -> (0,8)
  attempt 15: accepted F03032-lm-15 — moved geese (2,6) -> (11,2)

15/15 new local-mutant sibling(s) generated for R03032 in 15 attempt(s) (budget 600); 15 total in data/families/family-R03032-lm.json.
Wrote 15 level(s) total to data/families/family-R03032-lm.json (changed=true), 15 hint file(s) written to data/families/hints/.
Wrote family manifest to data/families/family-R03032-lm-manifest.json (15 variant(s) total).
Parent R03032: witness stressMeta.witnessSolution (len 106, 6 jump(s)), 58 movable object instance(s) under strict inventory.
  variant 1 (rotation): accepted F03032-sym-01
  variant 2 (rotation): accepted F03032-sym-02
  variant 3 (rotation): accepted F03032-sym-03
  variant 4 (reflection): accepted F03032-sym-04
  variant 5 (reflection): accepted F03032-sym-05
  variant 6 (reflection): accepted F03032-sym-06
  variant 7 (reflection): accepted F03032-sym-07

7/7 new symmetry sibling(s) generated for R03032 in 7 attempt(s) (budget 7); 7 total in data/families/family-R03032-sym.json.
Wrote 7 level(s) total to data/families/family-R03032-sym.json (changed=true), 7 hint file(s) written to data/families/hints/.
Wrote family manifest to data/families/family-R03032-sym-manifest.json (7 variant(s) total).
portfolio-solve-sweep: corpus=data/families/family-R03032-lm.json levels=15 (15 to solve) scheduler-mode=legacy budget=8000ms node-budget=20000000 workers=4 save-hints=true
  [1/15] L1 (F03032-lm-01) ok=✗
  [2/15] L3 (F03032-lm-03) ok=✗
  [3/15] L4 (F03032-lm-04) ok=✗
  [4/15] L2 (F03032-lm-02) ok=✗
  [5/15] L5 (F03032-lm-05) ok=✗
  [6/15] L6 (F03032-lm-06) ok=✗
  [7/15] L8 (F03032-lm-08) ok=✗
  [8/15] L7 (F03032-lm-07) ok=✗
  [9/15] L9 (F03032-lm-09) ok=✗
  [10/15] L11 (F03032-lm-11) ok=✗
  [11/15] L10 (F03032-lm-10) ok=✗
  [12/15] L12 (F03032-lm-12) ok=✗
  [13/15] L13 (F03032-lm-13) ok=✗
  [14/15] L14 (F03032-lm-14) ok=✗
  [15/15] L15 (F03032-lm-15) ok=✗
Hints: appended to 0 level(s); 0 hint file(s) changed on disk.
Result: solved=0/15, solvedBeforeFallback=0, fallbackOnly=0, unsolved=15
Wrote logs/family-census/solve-R03032-lm.json
Wrote logs/family-census/solve-R03032-lm-summary.md
portfolio-solve-sweep: corpus=data/families/family-R03032-sym.json levels=7 (7 to solve) scheduler-mode=legacy budget=8000ms node-budget=20000000 workers=4 save-hints=true
  [1/7] L2 (F03032-sym-02) ok=✗
  [2/7] L4 (F03032-sym-04) ok=✗
  [3/7] L3 (F03032-sym-03) ok=✗
  [4/7] L1 (F03032-sym-01) ok=✗
  [5/7] L7 (F03032-sym-07) ok=✗
  [6/7] L5 (F03032-sym-05) ok=✗
  [7/7] L6 (F03032-sym-06) ok=✗
Hints: appended to 0 level(s); 0 hint file(s) changed on disk.
Result: solved=0/7, solvedBeforeFallback=0, fallbackOnly=0, unsolved=7
Wrote logs/family-census/solve-R03032-sym.json
Wrote logs/family-census/solve-R03032-sym-summary.md
[01:52:35] DONE R03032
[01:52:35] START R03057
Parent R03057: witness hint[0] (len 71, 0 jump(s)), 37 movable object instance(s) under strict inventory.
  attempt 1: accepted F03057-lm-01 — moved blocks (7,0) -> (0,10)
  attempt 2: accepted F03057-lm-02 — moved blocks (7,0) -> (10,9)
  attempt 3: accepted F03057-lm-03 — moved falseGoals (7,1) -> (2,8)
  attempt 4: accepted F03057-lm-04 — moved lamppost (7,7) -> (8,9)
  attempt 5: accepted F03057-lm-05 — moved falseGoals (9,5) -> (2,10)
  attempt 6: accepted F03057-lm-06 — moved lamppost (2,4) -> (0,3)
  attempt 7: accepted F03057-lm-07 — moved falseGoals (1,4) -> (0,8)
  attempt 8: accepted F03057-lm-08 — moved mustPass (5,6) -> (7,6)
  attempt 9: accepted F03057-lm-09 — moved mustPass (1,6) -> (1,7)
  attempt 10: accepted F03057-lm-10 — moved falseGoals (7,1) -> (2,10)
  attempt 11: accepted F03057-lm-11 — moved lamppost (9,4) -> (8,1)
  attempt 12: accepted F03057-lm-12 — moved lamppost (7,7) -> (7,6)
  attempt 13: accepted F03057-lm-13 — moved statue (7,3) -> (9,7)
  attempt 14: accepted F03057-lm-14 — moved lamppost (7,7) -> (7,10)
  attempt 15: accepted F03057-lm-15 — moved blocks (1,5) -> (8,1)

15/15 new local-mutant sibling(s) generated for R03057 in 15 attempt(s) (budget 600); 15 total in data/families/family-R03057-lm.json.
Wrote 15 level(s) total to data/families/family-R03057-lm.json (changed=true), 15 hint file(s) written to data/families/hints/.
Wrote family manifest to data/families/family-R03057-lm-manifest.json (15 variant(s) total).
Parent R03057: witness hint[0] (len 71, 0 jump(s)), 37 movable object instance(s) under strict inventory.
  variant 1 (rotation): accepted F03057-sym-01
  variant 2 (rotation): accepted F03057-sym-02
  variant 3 (rotation): accepted F03057-sym-03
  variant 4 (reflection): accepted F03057-sym-04
  variant 5 (reflection): accepted F03057-sym-05
  variant 6 (reflection): accepted F03057-sym-06
  variant 7 (reflection): accepted F03057-sym-07

7/7 new symmetry sibling(s) generated for R03057 in 7 attempt(s) (budget 7); 7 total in data/families/family-R03057-sym.json.
Wrote 7 level(s) total to data/families/family-R03057-sym.json (changed=true), 7 hint file(s) written to data/families/hints/.
Wrote family manifest to data/families/family-R03057-sym-manifest.json (7 variant(s) total).
portfolio-solve-sweep: corpus=data/families/family-R03057-lm.json levels=15 (15 to solve) scheduler-mode=legacy budget=8000ms node-budget=20000000 workers=4 save-hints=true
  [1/15] L3 (F03057-lm-03) ok=✗
  [2/15] L1 (F03057-lm-01) ok=✗
  [3/15] L4 (F03057-lm-04) ok=✗
  [4/15] L2 (F03057-lm-02) ok=✗
  [5/15] L7 (F03057-lm-07) ok=✓ legacy [hint saved]
  [6/15] L5 (F03057-lm-05) ok=✗
  [7/15] L8 (F03057-lm-08) ok=✗
  [8/15] L6 (F03057-lm-06) ok=✗
  [9/15] L9 (F03057-lm-09) ok=✗
  [10/15] L10 (F03057-lm-10) ok=✗
  [11/15] L11 (F03057-lm-11) ok=✗
  [12/15] L12 (F03057-lm-12) ok=✗
  [13/15] L13 (F03057-lm-13) ok=✓ legacy [hint saved]
  [14/15] L15 (F03057-lm-15) ok=✗
  [15/15] L14 (F03057-lm-14) ok=✗
Hints: appended to 2 level(s); 2 hint file(s) changed on disk.
Result: solved=2/15, solvedBeforeFallback=0, fallbackOnly=2, unsolved=13
Wrote logs/family-census/solve-R03057-lm.json
Wrote logs/family-census/solve-R03057-lm-summary.md
portfolio-solve-sweep: corpus=data/families/family-R03057-sym.json levels=7 (7 to solve) scheduler-mode=legacy budget=8000ms node-budget=20000000 workers=4 save-hints=true
  [1/7] L2 (F03057-sym-02) ok=✗
  [2/7] L4 (F03057-sym-04) ok=✗
  [3/7] L3 (F03057-sym-03) ok=✗
  [4/7] L1 (F03057-sym-01) ok=✗
  [5/7] L6 (F03057-sym-06) ok=✗
  [6/7] L5 (F03057-sym-05) ok=✗
  [7/7] L7 (F03057-sym-07) ok=✗
Hints: appended to 0 level(s); 0 hint file(s) changed on disk.
Result: solved=0/7, solvedBeforeFallback=0, fallbackOnly=0, unsolved=7
Wrote logs/family-census/solve-R03057-sym.json
Wrote logs/family-census/solve-R03057-sym-summary.md
[01:54:36] DONE R03057
[01:54:36] START R03088
Parent R03088: witness stressMeta.witnessSolution (len 89, 5 jump(s)), 42 movable object instance(s) under strict inventory.
  attempt 1: accepted F03088-lm-01 — moved geese (2,4) -> (5,11)
  attempt 2: accepted F03088-lm-02 — moved falseGoals (1,3) -> (11,9)
  attempt 3: accepted F03088-lm-03 — moved statue (6,0) -> (9,1)
  attempt 4: accepted F03088-lm-04 — moved geese (10,10) -> (6,2)
  attempt 5: accepted F03088-lm-05 — moved statue (6,0) -> (4,5)
  attempt 6: accepted F03088-lm-06 — moved market (1,6) -> (9,9)
  attempt 7: accepted F03088-lm-07 — moved falseGoals (11,11) -> (9,4)
  attempt 8: accepted F03088-lm-08 — moved falseGoals (11,8) -> (0,0)
  attempt 9: accepted F03088-lm-09 — moved falseGoals (11,11) -> (11,0)
  attempt 10: accepted F03088-lm-10 — moved falseGoals (11,11) -> (10,8)
  attempt 11: accepted F03088-lm-11 — moved market (9,8) -> (5,7)
  attempt 12: accepted F03088-lm-12 — moved falseGoals (0,2) -> (11,1)
  attempt 13: accepted F03088-lm-13 — moved geese (10,7) -> (1,1)
  attempt 14: accepted F03088-lm-14 — moved geese (2,4) -> (10,9)
  attempt 15: accepted F03088-lm-15 — moved market (9,8) -> (11,4)

15/15 new local-mutant sibling(s) generated for R03088 in 15 attempt(s) (budget 600); 15 total in data/families/family-R03088-lm.json.
Wrote 15 level(s) total to data/families/family-R03088-lm.json (changed=true), 15 hint file(s) written to data/families/hints/.
Wrote family manifest to data/families/family-R03088-lm-manifest.json (15 variant(s) total).
Parent R03088: witness stressMeta.witnessSolution (len 89, 5 jump(s)), 42 movable object instance(s) under strict inventory.
  variant 1 (rotation): accepted F03088-sym-01
  variant 2 (rotation): accepted F03088-sym-02
  variant 3 (rotation): accepted F03088-sym-03
  variant 4 (reflection): accepted F03088-sym-04
  variant 5 (reflection): accepted F03088-sym-05
  variant 6 (reflection): accepted F03088-sym-06
  variant 7 (reflection): accepted F03088-sym-07

7/7 new symmetry sibling(s) generated for R03088 in 7 attempt(s) (budget 7); 7 total in data/families/family-R03088-sym.json.
Wrote 7 level(s) total to data/families/family-R03088-sym.json (changed=true), 7 hint file(s) written to data/families/hints/.
Wrote family manifest to data/families/family-R03088-sym-manifest.json (7 variant(s) total).
portfolio-solve-sweep: corpus=data/families/family-R03088-lm.json levels=15 (15 to solve) scheduler-mode=legacy budget=8000ms node-budget=20000000 workers=4 save-hints=true
  [1/15] L2 (F03088-lm-02) ok=✗
  [2/15] L4 (F03088-lm-04) ok=✗
  [3/15] L1 (F03088-lm-01) ok=✗
  [4/15] L3 (F03088-lm-03) ok=✗
  [5/15] L5 (F03088-lm-05) ok=✗
  [6/15] L7 (F03088-lm-07) ok=✗
  [7/15] L6 (F03088-lm-06) ok=✗
  [8/15] L8 (F03088-lm-08) ok=✗
  [9/15] L10 (F03088-lm-10) ok=✗
  [10/15] L9 (F03088-lm-09) ok=✗
  [11/15] L12 (F03088-lm-12) ok=✗
  [12/15] L11 (F03088-lm-11) ok=✗
  [13/15] L14 (F03088-lm-14) ok=✗
  [14/15] L13 (F03088-lm-13) ok=✗
  [15/15] L15 (F03088-lm-15) ok=✗
Hints: appended to 0 level(s); 0 hint file(s) changed on disk.
Result: solved=0/15, solvedBeforeFallback=0, fallbackOnly=0, unsolved=15
Wrote logs/family-census/solve-R03088-lm.json
Wrote logs/family-census/solve-R03088-lm-summary.md
portfolio-solve-sweep: corpus=data/families/family-R03088-sym.json levels=7 (7 to solve) scheduler-mode=legacy budget=8000ms node-budget=20000000 workers=4 save-hints=true
  [1/7] L3 (F03088-sym-03) ok=✗
  [2/7] L1 (F03088-sym-01) ok=✗
  [3/7] L2 (F03088-sym-02) ok=✗
  [4/7] L4 (F03088-sym-04) ok=✗
  [5/7] L6 (F03088-sym-06) ok=✗
  [6/7] L7 (F03088-sym-07) ok=✗
  [7/7] L5 (F03088-sym-05) ok=✗
Hints: appended to 0 level(s); 0 hint file(s) changed on disk.
Result: solved=0/7, solvedBeforeFallback=0, fallbackOnly=0, unsolved=7
Wrote logs/family-census/solve-R03088-sym.json
Wrote logs/family-census/solve-R03088-sym-summary.md
[02:02:01] DONE R03088
[02:02:01] START R03121
Parent R03121: witness stressMeta.witnessSolution (len 85, 0 jump(s)), 32 movable object instance(s) under strict inventory.
  attempt 1: accepted F03121-lm-01 — moved blocks (8,10) -> (8,7)
  attempt 2: accepted F03121-lm-02 — moved blocks (6,10) -> (8,0)
  attempt 3: accepted F03121-lm-03 — moved flippingFilters (10,9) -> (9,9)
  attempt 4: accepted F03121-lm-04 — moved blocks (10,6) -> (5,10)
  attempt 5: accepted F03121-lm-05 — moved blocks (7,8) -> (8,7)
  attempt 6: accepted F03121-lm-06 — moved flippingFilters (9,6) -> (8,1)
  attempt 7: accepted F03121-lm-07 — moved blocks (9,2) -> (9,8)
  attempt 8: accepted F03121-lm-08 — moved blocks (8,10) -> (9,3)
  attempt 9: accepted F03121-lm-09 — moved blocks (10,3) -> (8,6)
  attempt 10: accepted F03121-lm-10 — moved fountain (3,10) -> (6,6)
  attempt 11: accepted F03121-lm-11 — moved blocks (10,3) -> (5,10)
  attempt 12: accepted F03121-lm-12 — moved statue (2,0) -> (5,10)
  attempt 13: accepted F03121-lm-13 — moved blocks (7,3) -> (9,8)
  attempt 14: accepted F03121-lm-14 — moved blocks (7,7) -> (9,9)
  attempt 15: accepted F03121-lm-15 — moved flippingFilters (8,3) -> (10,1)

15/15 new local-mutant sibling(s) generated for R03121 in 15 attempt(s) (budget 600); 15 total in data/families/family-R03121-lm.json.
Wrote 15 level(s) total to data/families/family-R03121-lm.json (changed=true), 15 hint file(s) written to data/families/hints/.
Wrote family manifest to data/families/family-R03121-lm-manifest.json (15 variant(s) total).
Parent R03121: witness stressMeta.witnessSolution (len 85, 0 jump(s)), 32 movable object instance(s) under strict inventory.
  variant 1 (rotation): accepted F03121-sym-01
  variant 2 (rotation): accepted F03121-sym-02
  variant 3 (rotation): accepted F03121-sym-03
  variant 4 (reflection): accepted F03121-sym-04
  variant 5 (reflection): accepted F03121-sym-05
  variant 6 (reflection): accepted F03121-sym-06
  variant 7 (reflection): accepted F03121-sym-07

7/7 new symmetry sibling(s) generated for R03121 in 7 attempt(s) (budget 7); 7 total in data/families/family-R03121-sym.json.
Wrote 7 level(s) total to data/families/family-R03121-sym.json (changed=true), 7 hint file(s) written to data/families/hints/.
Wrote family manifest to data/families/family-R03121-sym-manifest.json (7 variant(s) total).
portfolio-solve-sweep: corpus=data/families/family-R03121-lm.json levels=15 (15 to solve) scheduler-mode=legacy budget=8000ms node-budget=20000000 workers=4 save-hints=true
  [1/15] L1 (F03121-lm-01) ok=✗
  [2/15] L4 (F03121-lm-04) ok=✗
  [3/15] L3 (F03121-lm-03) ok=✗
  [4/15] L2 (F03121-lm-02) ok=✗
  [5/15] L6 (F03121-lm-06) ok=✗
  [6/15] L5 (F03121-lm-05) ok=✗
  [7/15] L8 (F03121-lm-08) ok=✗
  [8/15] L7 (F03121-lm-07) ok=✗
  [9/15] L10 (F03121-lm-10) ok=✗
  [10/15] L9 (F03121-lm-09) ok=✗
  [11/15] L11 (F03121-lm-11) ok=✗
  [12/15] L12 (F03121-lm-12) ok=✗
  [13/15] L14 (F03121-lm-14) ok=✗
  [14/15] L13 (F03121-lm-13) ok=✗
  [15/15] L15 (F03121-lm-15) ok=✗
Hints: appended to 0 level(s); 0 hint file(s) changed on disk.
Result: solved=0/15, solvedBeforeFallback=0, fallbackOnly=0, unsolved=15
Wrote logs/family-census/solve-R03121-lm.json
Wrote logs/family-census/solve-R03121-lm-summary.md
portfolio-solve-sweep: corpus=data/families/family-R03121-sym.json levels=7 (7 to solve) scheduler-mode=legacy budget=8000ms node-budget=20000000 workers=4 save-hints=true
  [1/7] L4 (F03121-sym-04) ok=✗
  [2/7] L1 (F03121-sym-01) ok=✗
  [3/7] L2 (F03121-sym-02) ok=✗
  [4/7] L3 (F03121-sym-03) ok=✗
  [5/7] L5 (F03121-sym-05) ok=✗
  [6/7] L6 (F03121-sym-06) ok=✗
  [7/7] L7 (F03121-sym-07) ok=✗
Hints: appended to 0 level(s); 0 hint file(s) changed on disk.
Result: solved=0/7, solvedBeforeFallback=0, fallbackOnly=0, unsolved=7
Wrote logs/family-census/solve-R03121-sym.json
Wrote logs/family-census/solve-R03121-sym-summary.md
[02:06:46] DONE R03121
[02:06:46] START R03155
Parent R03155: witness stressMeta.witnessSolution (len 101, 0 jump(s)), 51 movable object instance(s) under strict inventory.
  attempt 1: accepted F03155-lm-01 — moved falseGoals (12,3) -> (10,12)
  attempt 2: accepted F03155-lm-02 — moved falseGoals (12,12) -> (12,10)
  attempt 3: accepted F03155-lm-03 — moved blocks (5,9) -> (10,9)
  attempt 4: accepted F03155-lm-04 — moved lamppost (0,7) -> (6,7)
  attempt 5: accepted F03155-lm-05 — moved library (1,5) -> (6,7)
  attempt 6: accepted F03155-lm-06 — moved blocks (4,0) -> (0,11)
  attempt 7: accepted F03155-lm-07 — moved geese (11,11) -> (12,4)
  attempt 8: accepted F03155-lm-08 — moved market (6,1) -> (6,7)
  attempt 9: accepted F03155-lm-09 — moved blocks (0,0) -> (10,9)
  attempt 10: accepted F03155-lm-10 — moved geese (11,11) -> (3,2)
  attempt 11: accepted F03155-lm-11 — moved blocks (5,7) -> (4,1)
  attempt 12: accepted F03155-lm-12 — moved falseGoals (7,3) -> (1,12)
  attempt 13: accepted F03155-lm-13 — moved falseGoals (12,3) -> (5,5)
  attempt 14: accepted F03155-lm-14 — moved falseGoals (6,5) -> (1,3)
  attempt 15: accepted F03155-lm-15 — moved blocks (5,9) -> (12,10)

15/15 new local-mutant sibling(s) generated for R03155 in 15 attempt(s) (budget 600); 15 total in data/families/family-R03155-lm.json.
Wrote 15 level(s) total to data/families/family-R03155-lm.json (changed=true), 15 hint file(s) written to data/families/hints/.
Wrote family manifest to data/families/family-R03155-lm-manifest.json (15 variant(s) total).
Parent R03155: witness stressMeta.witnessSolution (len 101, 0 jump(s)), 51 movable object instance(s) under strict inventory.
  variant 1 (rotation): accepted F03155-sym-01
  variant 2 (rotation): accepted F03155-sym-02
  variant 3 (rotation): accepted F03155-sym-03
  variant 4 (reflection): accepted F03155-sym-04
  variant 5 (reflection): accepted F03155-sym-05
  variant 6 (reflection): accepted F03155-sym-06
  variant 7 (reflection): accepted F03155-sym-07

7/7 new symmetry sibling(s) generated for R03155 in 7 attempt(s) (budget 7); 7 total in data/families/family-R03155-sym.json.
Wrote 7 level(s) total to data/families/family-R03155-sym.json (changed=true), 7 hint file(s) written to data/families/hints/.
Wrote family manifest to data/families/family-R03155-sym-manifest.json (7 variant(s) total).
portfolio-solve-sweep: corpus=data/families/family-R03155-lm.json levels=15 (15 to solve) scheduler-mode=legacy budget=8000ms node-budget=20000000 workers=4 save-hints=true
  [1/15] L3 (F03155-lm-03) ok=✗
  [2/15] L4 (F03155-lm-04) ok=✗
  [3/15] L2 (F03155-lm-02) ok=✗
  [4/15] L1 (F03155-lm-01) ok=✗
  [5/15] L5 (F03155-lm-05) ok=✗
  [6/15] L7 (F03155-lm-07) ok=✗
  [7/15] L6 (F03155-lm-06) ok=✗
  [8/15] L8 (F03155-lm-08) ok=✗
  [9/15] L9 (F03155-lm-09) ok=✗
  [10/15] L10 (F03155-lm-10) ok=✗
  [11/15] L11 (F03155-lm-11) ok=✗
  [12/15] L12 (F03155-lm-12) ok=✗
  [13/15] L15 (F03155-lm-15) ok=✗
  [14/15] L14 (F03155-lm-14) ok=✗
  [15/15] L13 (F03155-lm-13) ok=✗
Hints: appended to 0 level(s); 0 hint file(s) changed on disk.
Result: solved=0/15, solvedBeforeFallback=0, fallbackOnly=0, unsolved=15
Wrote logs/family-census/solve-R03155-lm.json
Wrote logs/family-census/solve-R03155-lm-summary.md
portfolio-solve-sweep: corpus=data/families/family-R03155-sym.json levels=7 (7 to solve) scheduler-mode=legacy budget=8000ms node-budget=20000000 workers=4 save-hints=true
  [1/7] L1 (F03155-sym-01) ok=✗
  [2/7] L3 (F03155-sym-03) ok=✗
  [3/7] L4 (F03155-sym-04) ok=✗
  [4/7] L2 (F03155-sym-02) ok=✗
  [5/7] L7 (F03155-sym-07) ok=✗
  [6/7] L5 (F03155-sym-05) ok=✗
  [7/7] L6 (F03155-sym-06) ok=✗
Hints: appended to 0 level(s); 0 hint file(s) changed on disk.
Result: solved=0/7, solvedBeforeFallback=0, fallbackOnly=0, unsolved=7
Wrote logs/family-census/solve-R03155-sym.json
Wrote logs/family-census/solve-R03155-sym-summary.md
[02:09:23] DONE R03155
[02:09:23] START R03184
Parent R03184: witness hint[0] (len 91, 5 jump(s)), 49 movable object instance(s) under strict inventory.
  attempt 1: accepted F03184-lm-01 — moved mustPass (2,7) -> (10,5)
  attempt 2: accepted F03184-lm-02 — moved geese (0,11) -> (6,9)
  attempt 3: accepted F03184-lm-03 — moved library (0,6) -> (6,4)
  attempt 4: accepted F03184-lm-04 — moved geese (10,11) -> (6,0)
  attempt 5: accepted F03184-lm-05 — moved blocks (9,4) -> (2,9)
  attempt 6: rejected — degenerate duplicate of parent or another accepted variant
  attempt 7: accepted F03184-lm-06 — moved blocks (10,9) -> (1,4)
  attempt 8: accepted F03184-lm-07 — moved blocks (2,4) -> (6,0)
  attempt 9: accepted F03184-lm-08 — moved blocks (9,5) -> (1,3)
  attempt 10: accepted F03184-lm-09 — moved geese (6,1) -> (5,10)
  attempt 11: accepted F03184-lm-10 — moved blocks (9,4) -> (5,10)
  attempt 12: accepted F03184-lm-11 — moved statue (7,6) -> (6,11)
  attempt 13: accepted F03184-lm-12 — moved geese (9,2) -> (11,3)
  attempt 14: accepted F03184-lm-13 — moved blocks (3,9) -> (7,9)
  attempt 15: accepted F03184-lm-14 — moved blocks (4,6) -> (11,11)
  attempt 16: accepted F03184-lm-15 — moved flippingFilters (4,3) -> (1,1)

15/15 new local-mutant sibling(s) generated for R03184 in 16 attempt(s) (budget 600); 15 total in data/families/family-R03184-lm.json.
Wrote 15 level(s) total to data/families/family-R03184-lm.json (changed=true), 15 hint file(s) written to data/families/hints/.
Wrote family manifest to data/families/family-R03184-lm-manifest.json (15 variant(s) total).
Parent R03184: witness hint[0] (len 91, 5 jump(s)), 49 movable object instance(s) under strict inventory.
  variant 1 (rotation): accepted F03184-sym-01
  variant 2 (rotation): accepted F03184-sym-02
  variant 3 (rotation): accepted F03184-sym-03
  variant 4 (reflection): accepted F03184-sym-04
  variant 5 (reflection): accepted F03184-sym-05
  variant 6 (reflection): accepted F03184-sym-06
  variant 7 (reflection): accepted F03184-sym-07

7/7 new symmetry sibling(s) generated for R03184 in 7 attempt(s) (budget 7); 7 total in data/families/family-R03184-sym.json.
Wrote 7 level(s) total to data/families/family-R03184-sym.json (changed=true), 7 hint file(s) written to data/families/hints/.
Wrote family manifest to data/families/family-R03184-sym-manifest.json (7 variant(s) total).
portfolio-solve-sweep: corpus=data/families/family-R03184-lm.json levels=15 (15 to solve) scheduler-mode=legacy budget=8000ms node-budget=20000000 workers=4 save-hints=true
  [1/15] L1 (F03184-lm-01) ok=✗
  [2/15] L2 (F03184-lm-02) ok=✗
  [3/15] L4 (F03184-lm-04) ok=✗
  [4/15] L3 (F03184-lm-03) ok=✗
  [5/15] L7 (F03184-lm-07) ok=✗
  [6/15] L6 (F03184-lm-06) ok=✗
  [7/15] L5 (F03184-lm-05) ok=✗
  [8/15] L8 (F03184-lm-08) ok=✗
  [9/15] L11 (F03184-lm-11) ok=✗
  [10/15] L10 (F03184-lm-10) ok=✗
  [11/15] L9 (F03184-lm-09) ok=✗
  [12/15] L12 (F03184-lm-12) ok=✗
  [13/15] L13 (F03184-lm-13) ok=✗
  [14/15] L15 (F03184-lm-15) ok=✗
  [15/15] L14 (F03184-lm-14) ok=✗
Hints: appended to 0 level(s); 0 hint file(s) changed on disk.
Result: solved=0/15, solvedBeforeFallback=0, fallbackOnly=0, unsolved=15
Wrote logs/family-census/solve-R03184-lm.json
Wrote logs/family-census/solve-R03184-lm-summary.md
portfolio-solve-sweep: corpus=data/families/family-R03184-sym.json levels=7 (7 to solve) scheduler-mode=legacy budget=8000ms node-budget=20000000 workers=4 save-hints=true
  [1/7] L1 (F03184-sym-01) ok=✗
  [2/7] L2 (F03184-sym-02) ok=✗
  [3/7] L4 (F03184-sym-04) ok=✗
  [4/7] L3 (F03184-sym-03) ok=✗
  [5/7] L6 (F03184-sym-06) ok=✗
  [6/7] L5 (F03184-sym-05) ok=✗
  [7/7] L7 (F03184-sym-07) ok=✗
Hints: appended to 0 level(s); 0 hint file(s) changed on disk.
Result: solved=0/7, solvedBeforeFallback=0, fallbackOnly=0, unsolved=7
Wrote logs/family-census/solve-R03184-sym.json
Wrote logs/family-census/solve-R03184-sym-summary.md
[02:11:21] DONE R03184
[02:11:21] START R03216
Parent R03216: witness stressMeta.witnessSolution (len 112, 6 jump(s)), 44 movable object instance(s) under strict inventory.
  attempt 1: accepted F03216-lm-01 — moved mustPass (13,3) -> (2,2)
  attempt 2: accepted F03216-lm-02 — moved blocks (2,9) -> (8,5)
  attempt 3: accepted F03216-lm-03 — moved blocks (14,0) -> (4,3)
  attempt 4: accepted F03216-lm-04 — moved lamppost (10,5) -> (14,13)
  attempt 5: accepted F03216-lm-05 — moved falseGoals (2,1) -> (14,12)
  attempt 6: accepted F03216-lm-06 — moved statue (8,11) -> (3,6)
  attempt 7: accepted F03216-lm-07 — moved blocks (14,0) -> (4,9)
  attempt 8: accepted F03216-lm-08 — moved blocks (11,9) -> (7,14)
  attempt 9: accepted F03216-lm-09 — moved library (1,8) -> (10,11)
  attempt 10: accepted F03216-lm-10 — moved statue (8,11) -> (7,14)
  attempt 11: accepted F03216-lm-11 — moved statue (8,3) -> (5,4)
  attempt 12: accepted F03216-lm-12 — moved lamppost (4,7) -> (14,8)
  attempt 13: accepted F03216-lm-13 — moved blocks (9,5) -> (10,6)
  attempt 14: accepted F03216-lm-14 — moved library (1,8) -> (5,4)
  attempt 15: accepted F03216-lm-15 — moved fountain (0,12) -> (1,3)

15/15 new local-mutant sibling(s) generated for R03216 in 15 attempt(s) (budget 600); 15 total in data/families/family-R03216-lm.json.
Wrote 15 level(s) total to data/families/family-R03216-lm.json (changed=true), 15 hint file(s) written to data/families/hints/.
Wrote family manifest to data/families/family-R03216-lm-manifest.json (15 variant(s) total).
Parent R03216: witness stressMeta.witnessSolution (len 112, 6 jump(s)), 44 movable object instance(s) under strict inventory.
  variant 1 (rotation): accepted F03216-sym-01
  variant 2 (rotation): accepted F03216-sym-02
  variant 3 (rotation): accepted F03216-sym-03
  variant 4 (reflection): accepted F03216-sym-04
  variant 5 (reflection): accepted F03216-sym-05
  variant 6 (reflection): accepted F03216-sym-06
  variant 7 (reflection): accepted F03216-sym-07

7/7 new symmetry sibling(s) generated for R03216 in 7 attempt(s) (budget 7); 7 total in data/families/family-R03216-sym.json.
Wrote 7 level(s) total to data/families/family-R03216-sym.json (changed=true), 7 hint file(s) written to data/families/hints/.
Wrote family manifest to data/families/family-R03216-sym-manifest.json (7 variant(s) total).
portfolio-solve-sweep: corpus=data/families/family-R03216-lm.json levels=15 (15 to solve) scheduler-mode=legacy budget=8000ms node-budget=20000000 workers=4 save-hints=true
  [1/15] L3 (F03216-lm-03) ok=✗
  [2/15] L4 (F03216-lm-04) ok=✗
  [3/15] L1 (F03216-lm-01) ok=✗
  [4/15] L2 (F03216-lm-02) ok=✗
  [5/15] L5 (F03216-lm-05) ok=✗
  [6/15] L7 (F03216-lm-07) ok=✗
  [7/15] L6 (F03216-lm-06) ok=✗
  [8/15] L8 (F03216-lm-08) ok=✗
  [9/15] L10 (F03216-lm-10) ok=✗
  [10/15] L9 (F03216-lm-09) ok=✗
  [11/15] L11 (F03216-lm-11) ok=✗
  [12/15] L12 (F03216-lm-12) ok=✗
  [13/15] L13 (F03216-lm-13) ok=✗
  [14/15] L14 (F03216-lm-14) ok=✗
  [15/15] L15 (F03216-lm-15) ok=✗
Hints: appended to 0 level(s); 0 hint file(s) changed on disk.
Result: solved=0/15, solvedBeforeFallback=0, fallbackOnly=0, unsolved=15
Wrote logs/family-census/solve-R03216-lm.json
Wrote logs/family-census/solve-R03216-lm-summary.md
portfolio-solve-sweep: corpus=data/families/family-R03216-sym.json levels=7 (7 to solve) scheduler-mode=legacy budget=8000ms node-budget=20000000 workers=4 save-hints=true
  [1/7] L1 (F03216-sym-01) ok=✗
  [2/7] L4 (F03216-sym-04) ok=✗
  [3/7] L2 (F03216-sym-02) ok=✗
  [4/7] L3 (F03216-sym-03) ok=✗
  [5/7] L7 (F03216-sym-07) ok=✗
  [6/7] L5 (F03216-sym-05) ok=✗
  [7/7] L6 (F03216-sym-06) ok=✗
Hints: appended to 0 level(s); 0 hint file(s) changed on disk.
Result: solved=0/7, solvedBeforeFallback=0, fallbackOnly=0, unsolved=7
Wrote logs/family-census/solve-R03216-sym.json
Wrote logs/family-census/solve-R03216-sym-summary.md
[02:13:21] DONE R03216
[02:13:21] START R03264
Parent R03264: witness hint[0] (len 95, 5 jump(s)), 40 movable object instance(s) under strict inventory.
  attempt 1: accepted F03264-lm-01 — moved statue (0,4) -> (8,2)
  attempt 2: accepted F03264-lm-02 — moved blocks (9,4) -> (1,5)
  attempt 3: accepted F03264-lm-03 — moved library (12,1) -> (7,8)
  attempt 4: accepted F03264-lm-04 — moved mustPass (5,7) -> (3,11)
  attempt 5: accepted F03264-lm-05 — moved blocks (8,11) -> (0,11)
  attempt 6: accepted F03264-lm-06 — moved statue (9,5) -> (4,12)
  attempt 7: accepted F03264-lm-07 — moved falseGoals (11,0) -> (12,12)
  attempt 8: accepted F03264-lm-08 — moved mustPass (3,3) -> (8,2)
  attempt 9: accepted F03264-lm-09 — moved park (7,12) -> (10,6)
  attempt 10: accepted F03264-lm-10 — moved blocks (5,5) -> (1,11)
  attempt 11: accepted F03264-lm-11 — moved mustPass (3,3) -> (8,6)
  attempt 12: accepted F03264-lm-12 — moved falseGoals (2,0) -> (12,10)
  attempt 13: accepted F03264-lm-13 — moved blocks (3,0) -> (10,4)
  attempt 14: accepted F03264-lm-14 — moved blocks (4,5) -> (6,4)
  attempt 15: accepted F03264-lm-15 — moved blocks (2,12) -> (1,5)

15/15 new local-mutant sibling(s) generated for R03264 in 15 attempt(s) (budget 600); 15 total in data/families/family-R03264-lm.json.
Wrote 15 level(s) total to data/families/family-R03264-lm.json (changed=true), 15 hint file(s) written to data/families/hints/.
Wrote family manifest to data/families/family-R03264-lm-manifest.json (15 variant(s) total).
Parent R03264: witness hint[0] (len 95, 5 jump(s)), 40 movable object instance(s) under strict inventory.
  variant 1 (rotation): accepted F03264-sym-01
  variant 2 (rotation): accepted F03264-sym-02
  variant 3 (rotation): accepted F03264-sym-03
  variant 4 (reflection): accepted F03264-sym-04
  variant 5 (reflection): accepted F03264-sym-05
  variant 6 (reflection): accepted F03264-sym-06
  variant 7 (reflection): accepted F03264-sym-07

7/7 new symmetry sibling(s) generated for R03264 in 7 attempt(s) (budget 7); 7 total in data/families/family-R03264-sym.json.
Wrote 7 level(s) total to data/families/family-R03264-sym.json (changed=true), 7 hint file(s) written to data/families/hints/.
Wrote family manifest to data/families/family-R03264-sym-manifest.json (7 variant(s) total).
portfolio-solve-sweep: corpus=data/families/family-R03264-lm.json levels=15 (15 to solve) scheduler-mode=legacy budget=8000ms node-budget=20000000 workers=4 save-hints=true
  [1/15] L3 (F03264-lm-03) ok=✓ legacy [hint saved]
  [2/15] L1 (F03264-lm-01) ok=✗
  [3/15] L2 (F03264-lm-02) ok=✗
  [4/15] L4 (F03264-lm-04) ok=✗
  [5/15] L5 (F03264-lm-05) ok=✗
  [6/15] L8 (F03264-lm-08) ok=✗
  [7/15] L6 (F03264-lm-06) ok=✗
  [8/15] L7 (F03264-lm-07) ok=✗
  [9/15] L9 (F03264-lm-09) ok=✗
  [10/15] L10 (F03264-lm-10) ok=✗
  [11/15] L11 (F03264-lm-11) ok=✗
  [12/15] L12 (F03264-lm-12) ok=✗
  [13/15] L13 (F03264-lm-13) ok=✗
  [14/15] L15 (F03264-lm-15) ok=✗
  [15/15] L14 (F03264-lm-14) ok=✗
Hints: appended to 1 level(s); 1 hint file(s) changed on disk.
Result: solved=1/15, solvedBeforeFallback=0, fallbackOnly=1, unsolved=14
Wrote logs/family-census/solve-R03264-lm.json
Wrote logs/family-census/solve-R03264-lm-summary.md
portfolio-solve-sweep: corpus=data/families/family-R03264-sym.json levels=7 (7 to solve) scheduler-mode=legacy budget=8000ms node-budget=20000000 workers=4 save-hints=true
  [1/7] L2 (F03264-sym-02) ok=✗
  [2/7] L4 (F03264-sym-04) ok=✗
  [3/7] L3 (F03264-sym-03) ok=✗
  [4/7] L1 (F03264-sym-01) ok=✗
  [5/7] L5 (F03264-sym-05) ok=✗
  [6/7] L6 (F03264-sym-06) ok=✗
  [7/7] L7 (F03264-sym-07) ok=✗
Hints: appended to 0 level(s); 0 hint file(s) changed on disk.
Result: solved=0/7, solvedBeforeFallback=0, fallbackOnly=0, unsolved=7
Wrote logs/family-census/solve-R03264-sym.json
Wrote logs/family-census/solve-R03264-sym-summary.md
[02:16:09] DONE R03264
[02:16:09] START R03293
Parent R03293: witness hint[0] (len 88, 0 jump(s)), 43 movable object instance(s) under strict inventory.
  attempt 1: accepted F03293-lm-01 — moved blocks (7,1) -> (4,0)
  attempt 2: accepted F03293-lm-02 — moved blocks (7,10) -> (8,9)
  attempt 3: accepted F03293-lm-03 — moved mustCross (1,6) -> (7,6)
  attempt 4: accepted F03293-lm-04 — moved mustCross (2,8) -> (7,6)
  attempt 5: accepted F03293-lm-05 — moved library (5,5) -> (0,1)
  attempt 6: accepted F03293-lm-06 — moved library (4,3) -> (6,8)
  attempt 7: accepted F03293-lm-07 — moved statue (1,11) -> (8,5)
  attempt 8: accepted F03293-lm-08 — moved blocks (1,0) -> (4,6)
  attempt 9: accepted F03293-lm-09 — moved blocks (2,0) -> (6,9)
  attempt 10: accepted F03293-lm-10 — moved blocks (7,1) -> (3,11)
  attempt 11: accepted F03293-lm-11 — moved mustCross (2,8) -> (8,7)
  attempt 12: accepted F03293-lm-12 — moved blocks (7,2) -> (9,10)
  attempt 13: rejected — degenerate duplicate of parent or another accepted variant
  attempt 14: accepted F03293-lm-13 — moved blocks (8,1) -> (0,0)
  attempt 15: rejected — degenerate duplicate of parent or another accepted variant
  attempt 16: accepted F03293-lm-14 — moved mustCross (1,10) -> (6,3)
  attempt 17: accepted F03293-lm-15 — moved blocks (11,0) -> (0,0)

15/15 new local-mutant sibling(s) generated for R03293 in 17 attempt(s) (budget 600); 15 total in data/families/family-R03293-lm.json.
Wrote 15 level(s) total to data/families/family-R03293-lm.json (changed=true), 15 hint file(s) written to data/families/hints/.
Wrote family manifest to data/families/family-R03293-lm-manifest.json (15 variant(s) total).
Parent R03293: witness hint[0] (len 88, 0 jump(s)), 43 movable object instance(s) under strict inventory.
  variant 1 (rotation): accepted F03293-sym-01
  variant 2 (rotation): accepted F03293-sym-02
  variant 3 (rotation): accepted F03293-sym-03
  variant 4 (reflection): accepted F03293-sym-04
  variant 5 (reflection): accepted F03293-sym-05
  variant 6 (reflection): accepted F03293-sym-06
  variant 7 (reflection): accepted F03293-sym-07

7/7 new symmetry sibling(s) generated for R03293 in 7 attempt(s) (budget 7); 7 total in data/families/family-R03293-sym.json.
Wrote 7 level(s) total to data/families/family-R03293-sym.json (changed=true), 7 hint file(s) written to data/families/hints/.
Wrote family manifest to data/families/family-R03293-sym-manifest.json (7 variant(s) total).
portfolio-solve-sweep: corpus=data/families/family-R03293-lm.json levels=15 (15 to solve) scheduler-mode=legacy budget=8000ms node-budget=20000000 workers=4 save-hints=true
  [1/15] L2 (F03293-lm-02) ok=✗
  [2/15] L4 (F03293-lm-04) ok=✗
  [3/15] L1 (F03293-lm-01) ok=✗
  [4/15] L3 (F03293-lm-03) ok=✗
  [5/15] L7 (F03293-lm-07) ok=✓ legacy [hint saved]
  [6/15] L6 (F03293-lm-06) ok=✗
  [7/15] L5 (F03293-lm-05) ok=✗
  [8/15] L8 (F03293-lm-08) ok=✗
  [9/15] L9 (F03293-lm-09) ok=✗
  [10/15] L13 (F03293-lm-13) ok=✗
  [11/15] L10 (F03293-lm-10) ok=✗
  [12/15] L11 (F03293-lm-11) ok=✗
  [13/15] L12 (F03293-lm-12) ok=✗
  [14/15] L14 (F03293-lm-14) ok=✓ legacy [hint saved]
  [15/15] L15 (F03293-lm-15) ok=✗
Hints: appended to 2 level(s); 2 hint file(s) changed on disk.
Result: solved=2/15, solvedBeforeFallback=0, fallbackOnly=2, unsolved=13
Wrote logs/family-census/solve-R03293-lm.json
Wrote logs/family-census/solve-R03293-lm-summary.md
portfolio-solve-sweep: corpus=data/families/family-R03293-sym.json levels=7 (7 to solve) scheduler-mode=legacy budget=8000ms node-budget=20000000 workers=4 save-hints=true
  [1/7] L4 (F03293-sym-04) ok=✓ legacy [hint saved]
  [2/7] L3 (F03293-sym-03) ok=✗
  [3/7] L1 (F03293-sym-01) ok=✗
  [4/7] L2 (F03293-sym-02) ok=✗
  [5/7] L5 (F03293-sym-05) ok=✗
  [6/7] L6 (F03293-sym-06) ok=✗
  [7/7] L7 (F03293-sym-07) ok=✗
Hints: appended to 1 level(s); 1 hint file(s) changed on disk.
Result: solved=1/7, solvedBeforeFallback=0, fallbackOnly=1, unsolved=6
Wrote logs/family-census/solve-R03293-sym.json
Wrote logs/family-census/solve-R03293-sym-summary.md
[02:21:03] DONE R03293
[02:21:03] START R03323
Parent R03323: witness hint[0] (len 91, 7 jump(s)), 54 movable object instance(s) under strict inventory.
  attempt 1: accepted F03323-lm-01 — moved blocks (7,6) -> (4,10)
  attempt 2: accepted F03323-lm-02 — moved blocks (0,8) -> (6,11)
  attempt 3: accepted F03323-lm-03 — moved blocks (0,8) -> (11,4)
  attempt 4: accepted F03323-lm-04 — moved flippingFilters (4,8) -> (6,12)
  attempt 5: accepted F03323-lm-05 — moved blocks (5,11) -> (5,1)
  attempt 6: accepted F03323-lm-06 — moved geese (9,8) -> (7,12)
  attempt 7: accepted F03323-lm-07 — moved blocks (12,3) -> (11,8)
  attempt 8: accepted F03323-lm-08 — moved mustPass (8,4) -> (10,12)
  attempt 9: accepted F03323-lm-09 — moved falseGoals (10,4) -> (11,9)
  attempt 10: accepted F03323-lm-10 — moved blocks (8,12) -> (3,4)
  attempt 11: accepted F03323-lm-11 — moved flippingFilters (0,9) -> (11,4)
  attempt 12: accepted F03323-lm-12 — moved blocks (5,10) -> (11,6)
  attempt 13: accepted F03323-lm-13 — moved blocks (10,10) -> (12,4)
  attempt 14: accepted F03323-lm-14 — moved blocks (11,1) -> (9,1)
  attempt 15: accepted F03323-lm-15 — moved blocks (12,2) -> (0,12)

15/15 new local-mutant sibling(s) generated for R03323 in 15 attempt(s) (budget 600); 15 total in data/families/family-R03323-lm.json.
Wrote 15 level(s) total to data/families/family-R03323-lm.json (changed=true), 15 hint file(s) written to data/families/hints/.
Wrote family manifest to data/families/family-R03323-lm-manifest.json (15 variant(s) total).
Parent R03323: witness hint[0] (len 91, 7 jump(s)), 54 movable object instance(s) under strict inventory.
  variant 1 (rotation): accepted F03323-sym-01
  variant 2 (rotation): accepted F03323-sym-02
  variant 3 (rotation): accepted F03323-sym-03
  variant 4 (reflection): accepted F03323-sym-04
  variant 5 (reflection): accepted F03323-sym-05
  variant 6 (reflection): accepted F03323-sym-06
  variant 7 (reflection): accepted F03323-sym-07

7/7 new symmetry sibling(s) generated for R03323 in 7 attempt(s) (budget 7); 7 total in data/families/family-R03323-sym.json.
Wrote 7 level(s) total to data/families/family-R03323-sym.json (changed=true), 7 hint file(s) written to data/families/hints/.
Wrote family manifest to data/families/family-R03323-sym-manifest.json (7 variant(s) total).
portfolio-solve-sweep: corpus=data/families/family-R03323-lm.json levels=15 (15 to solve) scheduler-mode=legacy budget=8000ms node-budget=20000000 workers=4 save-hints=true
  [1/15] L2 (F03323-lm-02) ok=✓ legacy [hint saved]
  [2/15] L1 (F03323-lm-01) ok=✓ legacy [hint saved]
  [3/15] L4 (F03323-lm-04) ok=✗
  [4/15] L6 (F03323-lm-06) ok=✓ legacy [hint saved]
  [5/15] L5 (F03323-lm-05) ok=✗
  [6/15] L3 (F03323-lm-03) ok=✓ legacy [hint saved]
  [7/15] L7 (F03323-lm-07) ok=✗
  [8/15] L10 (F03323-lm-10) ok=✗
  [9/15] L12 (F03323-lm-12) ok=✓ legacy [hint saved]
  [10/15] L13 (F03323-lm-13) ok=✓ legacy [hint saved]
  [11/15] L9 (F03323-lm-09) ok=✗
  [12/15] L8 (F03323-lm-08) ok=✗
  [13/15] L14 (F03323-lm-14) ok=✓ legacy [hint saved]
  [14/15] L11 (F03323-lm-11) ok=✗
  [15/15] L15 (F03323-lm-15) ok=✗
Hints: appended to 7 level(s); 7 hint file(s) changed on disk.
Result: solved=7/15, solvedBeforeFallback=0, fallbackOnly=7, unsolved=8
Wrote logs/family-census/solve-R03323-lm.json
Wrote logs/family-census/solve-R03323-lm-summary.md
portfolio-solve-sweep: corpus=data/families/family-R03323-sym.json levels=7 (7 to solve) scheduler-mode=legacy budget=8000ms node-budget=20000000 workers=4 save-hints=true
  [1/7] L2 (F03323-sym-02) ok=✓ legacy [hint saved]
  [2/7] L3 (F03323-sym-03) ok=✗
  [3/7] L4 (F03323-sym-04) ok=✗
  [4/7] L1 (F03323-sym-01) ok=✗
  [5/7] L5 (F03323-sym-05) ok=✗
  [6/7] L7 (F03323-sym-07) ok=✓ legacy [hint saved]
  [7/7] L6 (F03323-sym-06) ok=✗
Hints: appended to 2 level(s); 2 hint file(s) changed on disk.
Result: solved=2/7, solvedBeforeFallback=0, fallbackOnly=2, unsolved=5
Wrote logs/family-census/solve-R03323-sym.json
Wrote logs/family-census/solve-R03323-sym-summary.md
[02:22:52] DONE R03323
[02:22:52] START R03356
Parent R03356: witness stressMeta.witnessSolution (len 116, 4 jump(s)), 71 movable object instance(s) under strict inventory.
  attempt 1: accepted F03356-lm-01 — moved blocks (9,14) -> (7,0)
  attempt 2: accepted F03356-lm-02 — moved mustPass (5,10) -> (8,0)
  attempt 3: accepted F03356-lm-03 — moved blocks (12,14) -> (13,9)
  attempt 4: accepted F03356-lm-04 — moved blocks (7,3) -> (12,13)
  attempt 5: accepted F03356-lm-05 — moved blocks (9,11) -> (5,1)
  attempt 6: accepted F03356-lm-06 — moved blocks (6,14) -> (0,3)
  attempt 7: accepted F03356-lm-07 — moved falseGoals (7,7) -> (8,14)
  attempt 8: accepted F03356-lm-08 — moved blocks (6,5) -> (8,12)
  attempt 9: accepted F03356-lm-09 — moved falseGoals (9,1) -> (8,14)
  attempt 10: accepted F03356-lm-10 — moved geese (14,0) -> (8,14)
  attempt 11: accepted F03356-lm-11 — moved blocks (14,1) -> (11,9)
  attempt 12: accepted F03356-lm-12 — moved blocks (12,14) -> (14,2)
  attempt 13: accepted F03356-lm-13 — moved geese (3,3) -> (10,10)
  attempt 14: accepted F03356-lm-14 — moved blocks (11,7) -> (5,1)
  attempt 15: accepted F03356-lm-15 — moved falseGoals (7,7) -> (12,10)

15/15 new local-mutant sibling(s) generated for R03356 in 15 attempt(s) (budget 600); 15 total in data/families/family-R03356-lm.json.
Wrote 15 level(s) total to data/families/family-R03356-lm.json (changed=true), 15 hint file(s) written to data/families/hints/.
Wrote family manifest to data/families/family-R03356-lm-manifest.json (15 variant(s) total).
Parent R03356: witness stressMeta.witnessSolution (len 116, 4 jump(s)), 71 movable object instance(s) under strict inventory.
  variant 1 (rotation): accepted F03356-sym-01
  variant 2 (rotation): accepted F03356-sym-02
  variant 3 (rotation): accepted F03356-sym-03
  variant 4 (reflection): accepted F03356-sym-04
  variant 5 (reflection): accepted F03356-sym-05
  variant 6 (reflection): accepted F03356-sym-06
  variant 7 (reflection): accepted F03356-sym-07

7/7 new symmetry sibling(s) generated for R03356 in 7 attempt(s) (budget 7); 7 total in data/families/family-R03356-sym.json.
Wrote 7 level(s) total to data/families/family-R03356-sym.json (changed=true), 7 hint file(s) written to data/families/hints/.
Wrote family manifest to data/families/family-R03356-sym-manifest.json (7 variant(s) total).
portfolio-solve-sweep: corpus=data/families/family-R03356-lm.json levels=15 (15 to solve) scheduler-mode=legacy budget=8000ms node-budget=20000000 workers=4 save-hints=true
  [1/15] L4 (F03356-lm-04) ok=✓ legacy [hint saved]
  [2/15] L2 (F03356-lm-02) ok=✗
  [3/15] L1 (F03356-lm-01) ok=✗
  [4/15] L3 (F03356-lm-03) ok=✗
  [5/15] L5 (F03356-lm-05) ok=✗
  [6/15] L6 (F03356-lm-06) ok=✗
  [7/15] L7 (F03356-lm-07) ok=✗
  [8/15] L8 (F03356-lm-08) ok=✗
  [9/15] L9 (F03356-lm-09) ok=✗
  [10/15] L13 (F03356-lm-13) ok=✓ legacy [hint saved]
  [11/15] L11 (F03356-lm-11) ok=✗
  [12/15] L10 (F03356-lm-10) ok=✗
  [13/15] L12 (F03356-lm-12) ok=✗
  [14/15] L14 (F03356-lm-14) ok=✗
  [15/15] L15 (F03356-lm-15) ok=✗
Hints: appended to 2 level(s); 2 hint file(s) changed on disk.
Result: solved=2/15, solvedBeforeFallback=0, fallbackOnly=2, unsolved=13
Wrote logs/family-census/solve-R03356-lm.json
Wrote logs/family-census/solve-R03356-lm-summary.md
portfolio-solve-sweep: corpus=data/families/family-R03356-sym.json levels=7 (7 to solve) scheduler-mode=legacy budget=8000ms node-budget=20000000 workers=4 save-hints=true
  [1/7] L3 (F03356-sym-03) ok=✗
  [2/7] L1 (F03356-sym-01) ok=✗
  [3/7] L2 (F03356-sym-02) ok=✗
  [4/7] L4 (F03356-sym-04) ok=✗
  [5/7] L6 (F03356-sym-06) ok=✗
  [6/7] L7 (F03356-sym-07) ok=✗
  [7/7] L5 (F03356-sym-05) ok=✗
Hints: appended to 0 level(s); 0 hint file(s) changed on disk.
Result: solved=0/7, solvedBeforeFallback=0, fallbackOnly=0, unsolved=7
Wrote logs/family-census/solve-R03356-sym.json
Wrote logs/family-census/solve-R03356-sym-summary.md
[02:26:13] DONE R03356
