[23:10:36] START R00093
Parent R00093: witness stressMeta.witnessSolution (len 126, 0 jump(s)), 68 movable object instance(s) under strict inventory.
  attempt 1: accepted F00093-lm-01 — moved park (12,12) -> (5,5)
  attempt 2: accepted F00093-lm-02 — moved park (9,0) -> (10,0)
  attempt 3: accepted F00093-lm-03 — moved blocks (11,7) -> (7,3)
  attempt 4: accepted F00093-lm-04 — moved blocks (5,12) -> (7,3)
  attempt 5: accepted F00093-lm-05 — moved flippingFilters (5,2) -> (6,3)
  attempt 6: accepted F00093-lm-06 — moved blocks (1,5) -> (7,3)
  attempt 7: accepted F00093-lm-07 — moved fountain (3,10) -> (6,4)
  attempt 8: accepted F00093-lm-08 — moved falseGoals (1,11) -> (11,1)
  attempt 9: accepted F00093-lm-09 — moved park (0,12) -> (1,9)
  attempt 10: accepted F00093-lm-10 — moved blocks (11,11) -> (6,0)
  attempt 11: accepted F00093-lm-11 — moved flippingFilters (12,2) -> (10,0)
  attempt 12: accepted F00093-lm-12 — moved fountain (7,8) -> (11,5)
  attempt 13: accepted F00093-lm-13 — moved flippingFilters (9,12) -> (1,10)
  attempt 14: accepted F00093-lm-14 — moved falseGoals (7,2) -> (6,3)
  attempt 15: accepted F00093-lm-15 — moved park (9,0) -> (7,3)

15/15 new local-mutant sibling(s) generated for R00093 in 15 attempt(s) (budget 600); 15 total in data/families/family-R00093-lm.json.
Wrote 15 level(s) total to data/families/family-R00093-lm.json (changed=true), 15 hint file(s) written to data/families/hints/.
Wrote family manifest to data/families/family-R00093-lm-manifest.json (15 variant(s) total).
Parent R00093: witness stressMeta.witnessSolution (len 126, 0 jump(s)), 68 movable object instance(s) under strict inventory.
  variant 1 (rotation): accepted F00093-sym-01
  variant 2 (rotation): accepted F00093-sym-02
  variant 3 (rotation): accepted F00093-sym-03
  variant 4 (reflection): accepted F00093-sym-04
  variant 5 (reflection): accepted F00093-sym-05
  variant 6 (reflection): accepted F00093-sym-06
  variant 7 (reflection): accepted F00093-sym-07

7/7 new symmetry sibling(s) generated for R00093 in 7 attempt(s) (budget 7); 7 total in data/families/family-R00093-sym.json.
Wrote 7 level(s) total to data/families/family-R00093-sym.json (changed=true), 7 hint file(s) written to data/families/hints/.
Wrote family manifest to data/families/family-R00093-sym-manifest.json (7 variant(s) total).
portfolio-solve-sweep: corpus=data/families/family-R00093-lm.json levels=15 (15 to solve) scheduler-mode=legacy budget=8000ms node-budget=20000000 workers=4 save-hints=true
  [1/15] L4 (F00093-lm-04) ok=✗
  [2/15] L3 (F00093-lm-03) ok=✗
  [3/15] L1 (F00093-lm-01) ok=✗
  [4/15] L2 (F00093-lm-02) ok=✗
  [5/15] L5 (F00093-lm-05) ok=✗
  [6/15] L6 (F00093-lm-06) ok=✗
  [7/15] L8 (F00093-lm-08) ok=✗
  [8/15] L7 (F00093-lm-07) ok=✗
  [9/15] L9 (F00093-lm-09) ok=✗
  [10/15] L11 (F00093-lm-11) ok=✗
  [11/15] L12 (F00093-lm-12) ok=✗
  [12/15] L10 (F00093-lm-10) ok=✗
  [13/15] L15 (F00093-lm-15) ok=✗
  [14/15] L14 (F00093-lm-14) ok=✗
  [15/15] L13 (F00093-lm-13) ok=✗
Hints: appended to 0 level(s); 0 hint file(s) changed on disk.
Result: solved=0/15, solvedBeforeFallback=0, fallbackOnly=0, unsolved=15
Wrote logs/family-census/solve-R00093-lm.json
Wrote logs/family-census/solve-R00093-lm-summary.md
portfolio-solve-sweep: corpus=data/families/family-R00093-sym.json levels=7 (7 to solve) scheduler-mode=legacy budget=8000ms node-budget=20000000 workers=4 save-hints=true
  [1/7] L3 (F00093-sym-03) ok=✗
  [2/7] L1 (F00093-sym-01) ok=✗
  [3/7] L4 (F00093-sym-04) ok=✗
  [4/7] L2 (F00093-sym-02) ok=✗
  [5/7] L6 (F00093-sym-06) ok=✗
  [6/7] L5 (F00093-sym-05) ok=✗
  [7/7] L7 (F00093-sym-07) ok=✗
Hints: appended to 0 level(s); 0 hint file(s) changed on disk.
Result: solved=0/7, solvedBeforeFallback=0, fallbackOnly=0, unsolved=7
Wrote logs/family-census/solve-R00093-sym.json
Wrote logs/family-census/solve-R00093-sym-summary.md
[23:16:53] DONE R00093
[23:16:53] START R00350
Parent R00350: witness hint[0] (len 114, 4 jump(s)), 44 movable object instance(s) under strict inventory.
  attempt 1: accepted F00350-lm-01 — moved falseGoals (4,8) -> (12,11)
  attempt 2: accepted F00350-lm-02 — moved statue (4,7) -> (12,12)
  attempt 3: accepted F00350-lm-03 — moved fountain (1,3) -> (12,9)
  attempt 4: accepted F00350-lm-04 — moved blocks (0,5) -> (6,7)
  attempt 5: accepted F00350-lm-05 — moved geese (12,2) -> (2,1)
  attempt 6: accepted F00350-lm-06 — moved flippingFilters (4,0) -> (5,5)
  attempt 7: accepted F00350-lm-07 — moved flippingFilters (6,1) -> (9,0)
  attempt 8: rejected — degenerate duplicate of parent or another accepted variant
  attempt 9: accepted F00350-lm-08 — moved geese (6,6) -> (8,8)
  attempt 10: accepted F00350-lm-09 — moved blocks (7,9) -> (8,12)
  attempt 11: rejected — degenerate duplicate of parent or another accepted variant
  attempt 12: accepted F00350-lm-10 — moved blocks (5,0) -> (8,8)
  attempt 13: accepted F00350-lm-11 — moved falseGoals (7,1) -> (2,1)
  attempt 14: accepted F00350-lm-12 — moved falseGoals (1,4) -> (12,8)
  attempt 15: accepted F00350-lm-13 — moved statue (4,7) -> (8,8)
  attempt 16: accepted F00350-lm-14 — moved market (11,5) -> (8,0)
  attempt 17: accepted F00350-lm-15 — moved fountain (1,3) -> (6,4)

15/15 new local-mutant sibling(s) generated for R00350 in 17 attempt(s) (budget 600); 15 total in data/families/family-R00350-lm.json.
Wrote 15 level(s) total to data/families/family-R00350-lm.json (changed=true), 15 hint file(s) written to data/families/hints/.
Wrote family manifest to data/families/family-R00350-lm-manifest.json (15 variant(s) total).
Parent R00350: witness hint[0] (len 114, 4 jump(s)), 44 movable object instance(s) under strict inventory.
  variant 1 (rotation): accepted F00350-sym-01
  variant 2 (rotation): accepted F00350-sym-02
  variant 3 (rotation): accepted F00350-sym-03
  variant 4 (reflection): accepted F00350-sym-04
  variant 5 (reflection): accepted F00350-sym-05
  variant 6 (reflection): accepted F00350-sym-06
  variant 7 (reflection): accepted F00350-sym-07

7/7 new symmetry sibling(s) generated for R00350 in 7 attempt(s) (budget 7); 7 total in data/families/family-R00350-sym.json.
Wrote 7 level(s) total to data/families/family-R00350-sym.json (changed=true), 7 hint file(s) written to data/families/hints/.
Wrote family manifest to data/families/family-R00350-sym-manifest.json (7 variant(s) total).
portfolio-solve-sweep: corpus=data/families/family-R00350-lm.json levels=15 (15 to solve) scheduler-mode=legacy budget=8000ms node-budget=20000000 workers=4 save-hints=true
  [1/15] L2 (F00350-lm-02) ok=✗
  [2/15] L1 (F00350-lm-01) ok=✗
  [3/15] L4 (F00350-lm-04) ok=✗
  [4/15] L3 (F00350-lm-03) ok=✗
  [5/15] L7 (F00350-lm-07) ok=✗
  [6/15] L5 (F00350-lm-05) ok=✗
  [7/15] L6 (F00350-lm-06) ok=✗
  [8/15] L8 (F00350-lm-08) ok=✗
  [9/15] L9 (F00350-lm-09) ok=✗
  [10/15] L10 (F00350-lm-10) ok=✗
  [11/15] L11 (F00350-lm-11) ok=✗
  [12/15] L12 (F00350-lm-12) ok=✗
  [13/15] L13 (F00350-lm-13) ok=✗
  [14/15] L14 (F00350-lm-14) ok=✗
  [15/15] L15 (F00350-lm-15) ok=✗
Hints: appended to 0 level(s); 0 hint file(s) changed on disk.
Result: solved=0/15, solvedBeforeFallback=0, fallbackOnly=0, unsolved=15
Wrote logs/family-census/solve-R00350-lm.json
Wrote logs/family-census/solve-R00350-lm-summary.md
portfolio-solve-sweep: corpus=data/families/family-R00350-sym.json levels=7 (7 to solve) scheduler-mode=legacy budget=8000ms node-budget=20000000 workers=4 save-hints=true
  [1/7] L1 (F00350-sym-01) ok=✗
  [2/7] L4 (F00350-sym-04) ok=✗
  [3/7] L2 (F00350-sym-02) ok=✗
  [4/7] L3 (F00350-sym-03) ok=✗
  [5/7] L6 (F00350-sym-06) ok=✗
  [6/7] L5 (F00350-sym-05) ok=✗
  [7/7] L7 (F00350-sym-07) ok=✗
Hints: appended to 0 level(s); 0 hint file(s) changed on disk.
Result: solved=0/7, solvedBeforeFallback=0, fallbackOnly=0, unsolved=7
Wrote logs/family-census/solve-R00350-sym.json
Wrote logs/family-census/solve-R00350-sym-summary.md
[23:19:50] DONE R00350
[23:19:50] START R00528
Parent R00528: witness stressMeta.witnessSolution (len 115, 0 jump(s)), 61 movable object instance(s) under strict inventory.
  attempt 1: accepted F00528-lm-01 — moved blocks (4,5) -> (13,0)
  attempt 2: accepted F00528-lm-02 — moved blocks (5,13) -> (12,1)
  attempt 3: accepted F00528-lm-03 — moved blocks (13,14) -> (0,3)
  attempt 4: accepted F00528-lm-04 — moved market (0,0) -> (8,14)
  attempt 5: accepted F00528-lm-05 — moved blocks (13,9) -> (6,6)
  attempt 6: accepted F00528-lm-06 — moved fountain (8,7) -> (12,10)
  attempt 7: accepted F00528-lm-07 — moved geese (0,9) -> (9,14)
  attempt 8: accepted F00528-lm-08 — moved fountain (9,9) -> (14,7)
  attempt 9: accepted F00528-lm-09 — moved market (14,9) -> (12,0)
  attempt 10: accepted F00528-lm-10 — moved blocks (13,14) -> (7,2)
  attempt 11: accepted F00528-lm-11 — moved blocks (1,12) -> (1,10)
  attempt 12: accepted F00528-lm-12 — moved blocks (14,13) -> (8,12)
  attempt 13: accepted F00528-lm-13 — moved market (14,9) -> (10,6)
  attempt 14: accepted F00528-lm-14 — moved falseGoals (0,2) -> (1,4)
  attempt 15: accepted F00528-lm-15 — moved blocks (4,5) -> (0,14)

15/15 new local-mutant sibling(s) generated for R00528 in 15 attempt(s) (budget 600); 15 total in data/families/family-R00528-lm.json.
Wrote 15 level(s) total to data/families/family-R00528-lm.json (changed=true), 15 hint file(s) written to data/families/hints/.
Wrote family manifest to data/families/family-R00528-lm-manifest.json (15 variant(s) total).
Parent R00528: witness stressMeta.witnessSolution (len 115, 0 jump(s)), 61 movable object instance(s) under strict inventory.
  variant 1 (rotation): accepted F00528-sym-01
  variant 2 (rotation): accepted F00528-sym-02
  variant 3 (rotation): accepted F00528-sym-03
  variant 4 (reflection): accepted F00528-sym-04
  variant 5 (reflection): accepted F00528-sym-05
  variant 6 (reflection): accepted F00528-sym-06
  variant 7 (reflection): accepted F00528-sym-07

7/7 new symmetry sibling(s) generated for R00528 in 7 attempt(s) (budget 7); 7 total in data/families/family-R00528-sym.json.
Wrote 7 level(s) total to data/families/family-R00528-sym.json (changed=true), 7 hint file(s) written to data/families/hints/.
Wrote family manifest to data/families/family-R00528-sym-manifest.json (7 variant(s) total).
portfolio-solve-sweep: corpus=data/families/family-R00528-lm.json levels=15 (15 to solve) scheduler-mode=legacy budget=8000ms node-budget=20000000 workers=4 save-hints=true
  [1/15] L3 (F00528-lm-03) ok=✗
  [2/15] L4 (F00528-lm-04) ok=✗
  [3/15] L2 (F00528-lm-02) ok=✗
  [4/15] L1 (F00528-lm-01) ok=✗
  [5/15] L5 (F00528-lm-05) ok=✗
  [6/15] L6 (F00528-lm-06) ok=✗
  [7/15] L7 (F00528-lm-07) ok=✗
  [8/15] L8 (F00528-lm-08) ok=✗
  [9/15] L9 (F00528-lm-09) ok=✗
  [10/15] L10 (F00528-lm-10) ok=✗
  [11/15] L12 (F00528-lm-12) ok=✗
  [12/15] L11 (F00528-lm-11) ok=✗
  [13/15] L13 (F00528-lm-13) ok=✗
  [14/15] L15 (F00528-lm-15) ok=✓ legacy [hint saved]
  [15/15] L14 (F00528-lm-14) ok=✓ legacy [hint saved]
Hints: appended to 2 level(s); 2 hint file(s) changed on disk.
Result: solved=2/15, solvedBeforeFallback=0, fallbackOnly=2, unsolved=13
Wrote logs/family-census/solve-R00528-lm.json
Wrote logs/family-census/solve-R00528-lm-summary.md
portfolio-solve-sweep: corpus=data/families/family-R00528-sym.json levels=7 (7 to solve) scheduler-mode=legacy budget=8000ms node-budget=20000000 workers=4 save-hints=true
  [1/7] L3 (F00528-sym-03) ok=✗
  [2/7] L1 (F00528-sym-01) ok=✗
  [3/7] L2 (F00528-sym-02) ok=✗
  [4/7] L4 (F00528-sym-04) ok=✗
  [5/7] L5 (F00528-sym-05) ok=✗
  [6/7] L7 (F00528-sym-07) ok=✗
  [7/7] L6 (F00528-sym-06) ok=✗
Hints: appended to 0 level(s); 0 hint file(s) changed on disk.
Result: solved=0/7, solvedBeforeFallback=0, fallbackOnly=0, unsolved=7
Wrote logs/family-census/solve-R00528-sym.json
Wrote logs/family-census/solve-R00528-sym-summary.md
[23:26:39] DONE R00528
[23:26:39] START R00656
Parent R00656: witness stressMeta.witnessSolution (len 139, 7 jump(s)), 53 movable object instance(s) under strict inventory.
  attempt 1: accepted F00656-lm-01 — moved market (3,13) -> (1,10)
  attempt 2: accepted F00656-lm-02 — moved library (7,8) -> (12,7)
  attempt 3: accepted F00656-lm-03 — moved blocks (13,14) -> (3,9)
  attempt 4: accepted F00656-lm-04 — moved park (6,3) -> (4,1)
  attempt 5: accepted F00656-lm-05 — moved mustPass (0,13) -> (3,11)
  attempt 6: accepted F00656-lm-06 — moved blocks (13,13) -> (13,0)
  attempt 7: accepted F00656-lm-07 — moved blocks (4,9) -> (10,9)
  attempt 8: accepted F00656-lm-08 — moved lamppost (3,14) -> (14,14)
  attempt 9: accepted F00656-lm-09 — moved mustPass (11,13) -> (6,1)
  attempt 10: accepted F00656-lm-10 — moved mustPass (1,5) -> (11,7)
  attempt 11: accepted F00656-lm-11 — moved fountain (2,9) -> (8,6)
  attempt 12: accepted F00656-lm-12 — moved blocks (0,10) -> (5,5)
  attempt 13: accepted F00656-lm-13 — moved blocks (9,6) -> (4,1)
  attempt 14: accepted F00656-lm-14 — moved park (6,3) -> (14,14)
  attempt 15: accepted F00656-lm-15 — moved blocks (14,1) -> (4,8)

15/15 new local-mutant sibling(s) generated for R00656 in 15 attempt(s) (budget 600); 15 total in data/families/family-R00656-lm.json.
Wrote 15 level(s) total to data/families/family-R00656-lm.json (changed=true), 15 hint file(s) written to data/families/hints/.
Wrote family manifest to data/families/family-R00656-lm-manifest.json (15 variant(s) total).
Parent R00656: witness stressMeta.witnessSolution (len 139, 7 jump(s)), 53 movable object instance(s) under strict inventory.
  variant 1 (rotation): accepted F00656-sym-01
  variant 2 (rotation): accepted F00656-sym-02
  variant 3 (rotation): accepted F00656-sym-03
  variant 4 (reflection): accepted F00656-sym-04
  variant 5 (reflection): accepted F00656-sym-05
  variant 6 (reflection): accepted F00656-sym-06
  variant 7 (reflection): accepted F00656-sym-07

7/7 new symmetry sibling(s) generated for R00656 in 7 attempt(s) (budget 7); 7 total in data/families/family-R00656-sym.json.
Wrote 7 level(s) total to data/families/family-R00656-sym.json (changed=true), 7 hint file(s) written to data/families/hints/.
Wrote family manifest to data/families/family-R00656-sym-manifest.json (7 variant(s) total).
portfolio-solve-sweep: corpus=data/families/family-R00656-lm.json levels=15 (15 to solve) scheduler-mode=legacy budget=8000ms node-budget=20000000 workers=4 save-hints=true
  [1/15] L1 (F00656-lm-01) ok=✗
  [2/15] L4 (F00656-lm-04) ok=✗
  [3/15] L3 (F00656-lm-03) ok=✗
  [4/15] L2 (F00656-lm-02) ok=✗
  [5/15] L5 (F00656-lm-05) ok=✗
  [6/15] L6 (F00656-lm-06) ok=✗
  [7/15] L7 (F00656-lm-07) ok=✗
  [8/15] L8 (F00656-lm-08) ok=✗
  [9/15] L9 (F00656-lm-09) ok=✗
  [10/15] L10 (F00656-lm-10) ok=✗
  [11/15] L11 (F00656-lm-11) ok=✗
  [12/15] L12 (F00656-lm-12) ok=✗
  [13/15] L13 (F00656-lm-13) ok=✗
  [14/15] L14 (F00656-lm-14) ok=✗
  [15/15] L15 (F00656-lm-15) ok=✗
Hints: appended to 0 level(s); 0 hint file(s) changed on disk.
Result: solved=0/15, solvedBeforeFallback=0, fallbackOnly=0, unsolved=15
Wrote logs/family-census/solve-R00656-lm.json
Wrote logs/family-census/solve-R00656-lm-summary.md
portfolio-solve-sweep: corpus=data/families/family-R00656-sym.json levels=7 (7 to solve) scheduler-mode=legacy budget=8000ms node-budget=20000000 workers=4 save-hints=true
  [1/7] L4 (F00656-sym-04) ok=✗
  [2/7] L3 (F00656-sym-03) ok=✗
  [3/7] L1 (F00656-sym-01) ok=✗
  [4/7] L2 (F00656-sym-02) ok=✗
  [5/7] L5 (F00656-sym-05) ok=✗
  [6/7] L6 (F00656-sym-06) ok=✗
  [7/7] L7 (F00656-sym-07) ok=✗
Hints: appended to 0 level(s); 0 hint file(s) changed on disk.
Result: solved=0/7, solvedBeforeFallback=0, fallbackOnly=0, unsolved=7
Wrote logs/family-census/solve-R00656-sym.json
Wrote logs/family-census/solve-R00656-sym-summary.md
[23:30:21] DONE R00656
[23:30:21] START R00813
Parent R00813: witness hint[0] (len 89, 0 jump(s)), 31 movable object instance(s) under strict inventory.
  attempt 1: accepted F00813-lm-01 — moved mustPass (5,2) -> (0,2)
  attempt 2: accepted F00813-lm-02 — moved blocks (0,6) -> (10,8)
  attempt 3: accepted F00813-lm-03 — moved blocks (1,5) -> (10,8)
  attempt 4: accepted F00813-lm-04 — moved mustPass (1,0) -> (3,1)
  attempt 5: accepted F00813-lm-05 — moved falseGoals (8,4) -> (10,8)
  attempt 6: accepted F00813-lm-06 — moved park (1,6) -> (10,7)
  attempt 7: accepted F00813-lm-07 — moved lamppost (2,5) -> (0,5)
  attempt 8: accepted F00813-lm-08 — moved falseGoals (8,4) -> (10,9)
  attempt 9: accepted F00813-lm-09 — moved mustPass (5,10) -> (7,10)
  attempt 10: accepted F00813-lm-10 — moved mustPass (3,10) -> (6,1)
  attempt 11: accepted F00813-lm-11 — moved statue (0,3) -> (10,9)
  attempt 12: accepted F00813-lm-12 — moved lamppost (2,5) -> (10,7)
  attempt 13: accepted F00813-lm-13 — moved statue (5,6) -> (1,10)
  attempt 14: accepted F00813-lm-14 — moved blocks (4,5) -> (10,8)
  attempt 15: accepted F00813-lm-15 — moved falseGoals (7,8) -> (0,10)

15/15 new local-mutant sibling(s) generated for R00813 in 15 attempt(s) (budget 600); 15 total in data/families/family-R00813-lm.json.
Wrote 15 level(s) total to data/families/family-R00813-lm.json (changed=true), 15 hint file(s) written to data/families/hints/.
Wrote family manifest to data/families/family-R00813-lm-manifest.json (15 variant(s) total).
Parent R00813: witness hint[0] (len 89, 0 jump(s)), 31 movable object instance(s) under strict inventory.
  variant 1 (rotation): accepted F00813-sym-01
  variant 2 (rotation): accepted F00813-sym-02
  variant 3 (rotation): accepted F00813-sym-03
  variant 4 (reflection): accepted F00813-sym-04
  variant 5 (reflection): accepted F00813-sym-05
  variant 6 (reflection): accepted F00813-sym-06
  variant 7 (reflection): accepted F00813-sym-07

7/7 new symmetry sibling(s) generated for R00813 in 7 attempt(s) (budget 7); 7 total in data/families/family-R00813-sym.json.
Wrote 7 level(s) total to data/families/family-R00813-sym.json (changed=true), 7 hint file(s) written to data/families/hints/.
Wrote family manifest to data/families/family-R00813-sym-manifest.json (7 variant(s) total).
portfolio-solve-sweep: corpus=data/families/family-R00813-lm.json levels=15 (15 to solve) scheduler-mode=legacy budget=8000ms node-budget=20000000 workers=4 save-hints=true
  [1/15] L3 (F00813-lm-03) ok=✗
  [2/15] L4 (F00813-lm-04) ok=✗
  [3/15] L1 (F00813-lm-01) ok=✗
  [4/15] L5 (F00813-lm-05) ok=✗
  [5/15] L6 (F00813-lm-06) ok=✗
  [6/15] L7 (F00813-lm-07) ok=✗
  [7/15] L2 (F00813-lm-02) ok=✗
  [8/15] L8 (F00813-lm-08) ok=✗
  [9/15] L9 (F00813-lm-09) ok=✗
  [10/15] L10 (F00813-lm-10) ok=✗
  [11/15] L11 (F00813-lm-11) ok=✗
  [12/15] L13 (F00813-lm-13) ok=✗
  [13/15] L12 (F00813-lm-12) ok=✗
  [14/15] L14 (F00813-lm-14) ok=✗
  [15/15] L15 (F00813-lm-15) ok=✗
Hints: appended to 0 level(s); 0 hint file(s) changed on disk.
Result: solved=0/15, solvedBeforeFallback=0, fallbackOnly=0, unsolved=15
Wrote logs/family-census/solve-R00813-lm.json
Wrote logs/family-census/solve-R00813-lm-summary.md
portfolio-solve-sweep: corpus=data/families/family-R00813-sym.json levels=7 (7 to solve) scheduler-mode=legacy budget=8000ms node-budget=20000000 workers=4 save-hints=true
  [1/7] L1 (F00813-sym-01) ok=✗
  [2/7] L3 (F00813-sym-03) ok=✗
  [3/7] L4 (F00813-sym-04) ok=✗
  [4/7] L2 (F00813-sym-02) ok=✗
  [5/7] L5 (F00813-sym-05) ok=✗
  [6/7] L6 (F00813-sym-06) ok=✗
  [7/7] L7 (F00813-sym-07) ok=✗
Hints: appended to 0 level(s); 0 hint file(s) changed on disk.
Result: solved=0/7, solvedBeforeFallback=0, fallbackOnly=0, unsolved=7
Wrote logs/family-census/solve-R00813-sym.json
Wrote logs/family-census/solve-R00813-sym-summary.md
[23:31:27] DONE R00813
[23:31:27] START R01023
Parent R01023: witness stressMeta.witnessSolution (len 77, 5 jump(s)), 40 movable object instance(s) under strict inventory.
  attempt 1: accepted F01023-lm-01 — moved flippingFilters (10,7) -> (7,1)
  attempt 2: accepted F01023-lm-02 — moved flippingFilters (6,0) -> (10,0)
  attempt 3: accepted F01023-lm-03 — moved fountain (9,7) -> (2,1)
  attempt 4: accepted F01023-lm-04 — moved statue (4,10) -> (0,8)
  attempt 5: accepted F01023-lm-05 — moved blocks (10,9) -> (9,0)
  attempt 6: accepted F01023-lm-06 — moved mustPass (2,5) -> (2,10)
  attempt 7: accepted F01023-lm-07 — moved market (5,3) -> (7,1)
  attempt 8: accepted F01023-lm-08 — moved flippingFilters (6,3) -> (2,4)
  attempt 9: accepted F01023-lm-09 — moved statue (4,10) -> (3,6)
  attempt 10: accepted F01023-lm-10 — moved mustPass (4,2) -> (2,7)
  attempt 11: accepted F01023-lm-11 — moved flippingFilters (6,3) -> (5,4)
  attempt 12: accepted F01023-lm-12 — moved fountain (10,6) -> (0,6)
  attempt 13: accepted F01023-lm-13 — moved blocks (9,9) -> (0,0)
  attempt 14: accepted F01023-lm-14 — moved library (5,7) -> (3,2)
  attempt 15: accepted F01023-lm-15 — moved blocks (2,2) -> (3,3)

15/15 new local-mutant sibling(s) generated for R01023 in 15 attempt(s) (budget 600); 15 total in data/families/family-R01023-lm.json.
Wrote 15 level(s) total to data/families/family-R01023-lm.json (changed=true), 15 hint file(s) written to data/families/hints/.
Wrote family manifest to data/families/family-R01023-lm-manifest.json (15 variant(s) total).
Parent R01023: witness stressMeta.witnessSolution (len 77, 5 jump(s)), 40 movable object instance(s) under strict inventory.
  variant 1 (rotation): accepted F01023-sym-01
  variant 2 (rotation): accepted F01023-sym-02
  variant 3 (rotation): accepted F01023-sym-03
  variant 4 (reflection): accepted F01023-sym-04
  variant 5 (reflection): accepted F01023-sym-05
  variant 6 (reflection): accepted F01023-sym-06
  variant 7 (reflection): accepted F01023-sym-07

7/7 new symmetry sibling(s) generated for R01023 in 7 attempt(s) (budget 7); 7 total in data/families/family-R01023-sym.json.
Wrote 7 level(s) total to data/families/family-R01023-sym.json (changed=true), 7 hint file(s) written to data/families/hints/.
Wrote family manifest to data/families/family-R01023-sym-manifest.json (7 variant(s) total).
portfolio-solve-sweep: corpus=data/families/family-R01023-lm.json levels=15 (15 to solve) scheduler-mode=legacy budget=8000ms node-budget=20000000 workers=4 save-hints=true
  [1/15] L4 (F01023-lm-04) ok=✗
  [2/15] L1 (F01023-lm-01) ok=✗
  [3/15] L2 (F01023-lm-02) ok=✗
  [4/15] L3 (F01023-lm-03) ok=✗
  [5/15] L6 (F01023-lm-06) ok=✗
  [6/15] L5 (F01023-lm-05) ok=✗
  [7/15] L7 (F01023-lm-07) ok=✗
  [8/15] L8 (F01023-lm-08) ok=✗
  [9/15] L9 (F01023-lm-09) ok=✗
  [10/15] L11 (F01023-lm-11) ok=✗
  [11/15] L10 (F01023-lm-10) ok=✗
  [12/15] L12 (F01023-lm-12) ok=✗
  [13/15] L14 (F01023-lm-14) ok=✗
  [14/15] L13 (F01023-lm-13) ok=✗
  [15/15] L15 (F01023-lm-15) ok=✗
Hints: appended to 0 level(s); 0 hint file(s) changed on disk.
Result: solved=0/15, solvedBeforeFallback=0, fallbackOnly=0, unsolved=15
Wrote logs/family-census/solve-R01023-lm.json
Wrote logs/family-census/solve-R01023-lm-summary.md
portfolio-solve-sweep: corpus=data/families/family-R01023-sym.json levels=7 (7 to solve) scheduler-mode=legacy budget=8000ms node-budget=20000000 workers=4 save-hints=true
  [1/7] L2 (F01023-sym-02) ok=✗
  [2/7] L1 (F01023-sym-01) ok=✗
  [3/7] L4 (F01023-sym-04) ok=✗
  [4/7] L3 (F01023-sym-03) ok=✗
  [5/7] L7 (F01023-sym-07) ok=✗
  [6/7] L5 (F01023-sym-05) ok=✗
  [7/7] L6 (F01023-sym-06) ok=✗
Hints: appended to 0 level(s); 0 hint file(s) changed on disk.
Result: solved=0/7, solvedBeforeFallback=0, fallbackOnly=0, unsolved=7
Wrote logs/family-census/solve-R01023-sym.json
Wrote logs/family-census/solve-R01023-sym-summary.md
[23:39:05] DONE R01023
[23:39:05] START R01269
Parent R01269: witness stressMeta.witnessSolution (len 150, 7 jump(s)), 52 movable object instance(s) under strict inventory.
  attempt 1: accepted F01269-lm-01 — moved market (0,0) -> (0,13)
  attempt 2: accepted F01269-lm-02 — moved geese (4,5) -> (14,12)
  attempt 3: accepted F01269-lm-03 — moved flippingFilters (3,9) -> (7,10)
  attempt 4: accepted F01269-lm-04 — moved library (13,8) -> (8,8)
  attempt 5: accepted F01269-lm-05 — moved library (0,6) -> (14,11)
  attempt 6: accepted F01269-lm-06 — moved blocks (9,13) -> (14,12)
  attempt 7: accepted F01269-lm-07 — moved geese (12,6) -> (12,12)
  attempt 8: accepted F01269-lm-08 — moved mustCross (10,11) -> (5,7)
  attempt 9: accepted F01269-lm-09 — moved park (2,9) -> (11,4)
  attempt 10: accepted F01269-lm-10 — moved blocks (11,5) -> (7,9)
  attempt 11: accepted F01269-lm-11 — moved statue (3,5) -> (8,14)
  attempt 12: accepted F01269-lm-12 — moved library (13,8) -> (7,6)
  attempt 13: accepted F01269-lm-13 — moved statue (10,0) -> (8,1)
  attempt 14: accepted F01269-lm-14 — moved blocks (11,14) -> (14,14)
  attempt 15: accepted F01269-lm-15 — moved park (2,9) -> (11,3)

15/15 new local-mutant sibling(s) generated for R01269 in 15 attempt(s) (budget 600); 15 total in data/families/family-R01269-lm.json.
Wrote 15 level(s) total to data/families/family-R01269-lm.json (changed=true), 15 hint file(s) written to data/families/hints/.
Wrote family manifest to data/families/family-R01269-lm-manifest.json (15 variant(s) total).
Parent R01269: witness stressMeta.witnessSolution (len 150, 7 jump(s)), 52 movable object instance(s) under strict inventory.
  variant 1 (rotation): accepted F01269-sym-01
  variant 2 (rotation): accepted F01269-sym-02
  variant 3 (rotation): accepted F01269-sym-03
  variant 4 (reflection): accepted F01269-sym-04
  variant 5 (reflection): accepted F01269-sym-05
  variant 6 (reflection): accepted F01269-sym-06
  variant 7 (reflection): accepted F01269-sym-07

7/7 new symmetry sibling(s) generated for R01269 in 7 attempt(s) (budget 7); 7 total in data/families/family-R01269-sym.json.
Wrote 7 level(s) total to data/families/family-R01269-sym.json (changed=true), 7 hint file(s) written to data/families/hints/.
Wrote family manifest to data/families/family-R01269-sym-manifest.json (7 variant(s) total).
portfolio-solve-sweep: corpus=data/families/family-R01269-lm.json levels=15 (15 to solve) scheduler-mode=legacy budget=8000ms node-budget=20000000 workers=4 save-hints=true
  [1/15] L2 (F01269-lm-02) ok=✗
  [2/15] L4 (F01269-lm-04) ok=✗
  [3/15] L3 (F01269-lm-03) ok=✗
  [4/15] L1 (F01269-lm-01) ok=✗
  [5/15] L5 (F01269-lm-05) ok=✗
  [6/15] L6 (F01269-lm-06) ok=✗
  [7/15] L7 (F01269-lm-07) ok=✗
  [8/15] L8 (F01269-lm-08) ok=✗
  [9/15] L9 (F01269-lm-09) ok=✗
  [10/15] L10 (F01269-lm-10) ok=✗
  [11/15] L12 (F01269-lm-12) ok=✗
  [12/15] L11 (F01269-lm-11) ok=✗
  [13/15] L13 (F01269-lm-13) ok=✗
  [14/15] L14 (F01269-lm-14) ok=✗
  [15/15] L15 (F01269-lm-15) ok=✗
Hints: appended to 0 level(s); 0 hint file(s) changed on disk.
Result: solved=0/15, solvedBeforeFallback=0, fallbackOnly=0, unsolved=15
Wrote logs/family-census/solve-R01269-lm.json
Wrote logs/family-census/solve-R01269-lm-summary.md
portfolio-solve-sweep: corpus=data/families/family-R01269-sym.json levels=7 (7 to solve) scheduler-mode=legacy budget=8000ms node-budget=20000000 workers=4 save-hints=true
  [1/7] L4 (F01269-sym-04) ok=✗
  [2/7] L2 (F01269-sym-02) ok=✗
  [3/7] L1 (F01269-sym-01) ok=✗
  [4/7] L3 (F01269-sym-03) ok=✗
  [5/7] L5 (F01269-sym-05) ok=✗
  [6/7] L7 (F01269-sym-07) ok=✗
  [7/7] L6 (F01269-sym-06) ok=✗
Hints: appended to 0 level(s); 0 hint file(s) changed on disk.
Result: solved=0/7, solvedBeforeFallback=0, fallbackOnly=0, unsolved=7
Wrote logs/family-census/solve-R01269-sym.json
Wrote logs/family-census/solve-R01269-sym-summary.md
[23:45:27] DONE R01269
[23:45:27] START R01417
Parent R01417: witness stressMeta.witnessSolution (len 143, 5 jump(s)), 40 movable object instance(s) under strict inventory.
  attempt 1: accepted F01417-lm-01 — moved statue (1,3) -> (9,0)
  attempt 2: accepted F01417-lm-02 — moved park (9,7) -> (11,8)
  attempt 3: accepted F01417-lm-03 — moved falseGoals (13,10) -> (13,9)
  attempt 4: accepted F01417-lm-04 — moved park (9,12) -> (2,2)
  attempt 5: accepted F01417-lm-05 — moved blocks (9,1) -> (0,8)
  attempt 6: accepted F01417-lm-06 — moved statue (1,7) -> (13,0)
  attempt 7: accepted F01417-lm-07 — moved statue (4,3) -> (9,2)
  attempt 8: accepted F01417-lm-08 — moved fountain (11,13) -> (11,9)
  attempt 9: accepted F01417-lm-09 — moved fountain (10,2) -> (11,8)
  attempt 10: accepted F01417-lm-10 — moved blocks (11,12) -> (8,7)
  attempt 11: accepted F01417-lm-11 — moved blocks (7,1) -> (12,8)
  attempt 12: accepted F01417-lm-12 — moved falseGoals (13,10) -> (12,13)
  attempt 13: accepted F01417-lm-13 — moved lamppost (6,13) -> (9,2)
  attempt 14: accepted F01417-lm-14 — moved falseGoals (12,7) -> (8,7)
  attempt 15: accepted F01417-lm-15 — moved blocks (9,1) -> (11,1)

15/15 new local-mutant sibling(s) generated for R01417 in 15 attempt(s) (budget 600); 15 total in data/families/family-R01417-lm.json.
Wrote 15 level(s) total to data/families/family-R01417-lm.json (changed=true), 15 hint file(s) written to data/families/hints/.
Wrote family manifest to data/families/family-R01417-lm-manifest.json (15 variant(s) total).
Parent R01417: witness stressMeta.witnessSolution (len 143, 5 jump(s)), 40 movable object instance(s) under strict inventory.
  variant 1 (rotation): accepted F01417-sym-01
  variant 2 (rotation): accepted F01417-sym-02
  variant 3 (rotation): accepted F01417-sym-03
  variant 4 (reflection): accepted F01417-sym-04
  variant 5 (reflection): accepted F01417-sym-05
  variant 6 (reflection): accepted F01417-sym-06
  variant 7 (reflection): accepted F01417-sym-07

7/7 new symmetry sibling(s) generated for R01417 in 7 attempt(s) (budget 7); 7 total in data/families/family-R01417-sym.json.
Wrote 7 level(s) total to data/families/family-R01417-sym.json (changed=true), 7 hint file(s) written to data/families/hints/.
Wrote family manifest to data/families/family-R01417-sym-manifest.json (7 variant(s) total).
portfolio-solve-sweep: corpus=data/families/family-R01417-lm.json levels=15 (15 to solve) scheduler-mode=legacy budget=8000ms node-budget=20000000 workers=4 save-hints=true
  [1/15] L3 (F01417-lm-03) ok=✗
  [2/15] L4 (F01417-lm-04) ok=✗
  [3/15] L2 (F01417-lm-02) ok=✗
  [4/15] L1 (F01417-lm-01) ok=✗
  [5/15] L6 (F01417-lm-06) ok=✗
  [6/15] L5 (F01417-lm-05) ok=✗
  [7/15] L7 (F01417-lm-07) ok=✗
  [8/15] L8 (F01417-lm-08) ok=✗
  [9/15] L9 (F01417-lm-09) ok=✗
  [10/15] L12 (F01417-lm-12) ok=✗
  [11/15] L10 (F01417-lm-10) ok=✗
  [12/15] L11 (F01417-lm-11) ok=✗
  [13/15] L13 (F01417-lm-13) ok=✗
  [14/15] L15 (F01417-lm-15) ok=✗
  [15/15] L14 (F01417-lm-14) ok=✗
Hints: appended to 0 level(s); 0 hint file(s) changed on disk.
Result: solved=0/15, solvedBeforeFallback=0, fallbackOnly=0, unsolved=15
Wrote logs/family-census/solve-R01417-lm.json
Wrote logs/family-census/solve-R01417-lm-summary.md
portfolio-solve-sweep: corpus=data/families/family-R01417-sym.json levels=7 (7 to solve) scheduler-mode=legacy budget=8000ms node-budget=20000000 workers=4 save-hints=true
  [1/7] L1 (F01417-sym-01) ok=✗
  [2/7] L3 (F01417-sym-03) ok=✗
  [3/7] L2 (F01417-sym-02) ok=✗
  [4/7] L4 (F01417-sym-04) ok=✗
  [5/7] L5 (F01417-sym-05) ok=✗
  [6/7] L6 (F01417-sym-06) ok=✗
  [7/7] L7 (F01417-sym-07) ok=✗
Hints: appended to 0 level(s); 0 hint file(s) changed on disk.
Result: solved=0/7, solvedBeforeFallback=0, fallbackOnly=0, unsolved=7
Wrote logs/family-census/solve-R01417-sym.json
Wrote logs/family-census/solve-R01417-sym-summary.md
[23:48:44] DONE R01417
[23:48:44] START R01590
Parent R01590: witness stressMeta.witnessSolution (len 147, 6 jump(s)), 35 movable object instance(s) under strict inventory.
  attempt 1: accepted F01590-lm-01 — moved mustPass (7,7) -> (4,5)
  attempt 2: accepted F01590-lm-02 — moved flippingFilters (7,2) -> (8,4)
  attempt 3: accepted F01590-lm-03 — moved mustPass (8,7) -> (9,3)
  attempt 4: accepted F01590-lm-04 — moved mustPass (8,3) -> (2,5)
  attempt 5: accepted F01590-lm-05 — moved flippingFilters (9,10) -> (1,8)
  attempt 6: accepted F01590-lm-06 — moved falseGoals (2,14) -> (2,11)
  attempt 7: accepted F01590-lm-07 — moved falseGoals (2,14) -> (3,0)
  attempt 8: accepted F01590-lm-08 — moved statue (9,4) -> (1,9)
  attempt 9: accepted F01590-lm-09 — moved statue (9,4) -> (9,6)
  attempt 10: accepted F01590-lm-10 — moved mustPass (8,3) -> (7,8)
  attempt 11: accepted F01590-lm-11 — moved falseGoals (2,14) -> (7,1)
  attempt 12: accepted F01590-lm-12 — moved flippingFilters (0,7) -> (11,11)
  attempt 13: accepted F01590-lm-13 — moved falseGoals (8,10) -> (0,9)
  attempt 14: accepted F01590-lm-14 — moved flippingFilters (2,6) -> (8,4)
  attempt 15: accepted F01590-lm-15 — moved market (0,8) -> (1,13)

15/15 new local-mutant sibling(s) generated for R01590 in 15 attempt(s) (budget 600); 15 total in data/families/family-R01590-lm.json.
Wrote 15 level(s) total to data/families/family-R01590-lm.json (changed=true), 15 hint file(s) written to data/families/hints/.
Wrote family manifest to data/families/family-R01590-lm-manifest.json (15 variant(s) total).
Parent R01590: witness stressMeta.witnessSolution (len 147, 6 jump(s)), 35 movable object instance(s) under strict inventory.
  variant 1 (rotation): accepted F01590-sym-01
  variant 2 (rotation): accepted F01590-sym-02
  variant 3 (rotation): accepted F01590-sym-03
  variant 4 (reflection): accepted F01590-sym-04
  variant 5 (reflection): accepted F01590-sym-05
  variant 6 (reflection): accepted F01590-sym-06
  variant 7 (reflection): accepted F01590-sym-07

7/7 new symmetry sibling(s) generated for R01590 in 7 attempt(s) (budget 7); 7 total in data/families/family-R01590-sym.json.
Wrote 7 level(s) total to data/families/family-R01590-sym.json (changed=true), 7 hint file(s) written to data/families/hints/.
Wrote family manifest to data/families/family-R01590-sym-manifest.json (7 variant(s) total).
portfolio-solve-sweep: corpus=data/families/family-R01590-lm.json levels=15 (15 to solve) scheduler-mode=legacy budget=8000ms node-budget=20000000 workers=4 save-hints=true
  [1/15] L2 (F01590-lm-02) ok=✗
  [2/15] L4 (F01590-lm-04) ok=✗
  [3/15] L1 (F01590-lm-01) ok=✗
  [4/15] L3 (F01590-lm-03) ok=✗
  [5/15] L5 (F01590-lm-05) ok=✓ legacy [hint saved]
  [6/15] L6 (F01590-lm-06) ok=✗
  [7/15] L7 (F01590-lm-07) ok=✗
  [8/15] L8 (F01590-lm-08) ok=✗
  [9/15] L9 (F01590-lm-09) ok=✗
  [10/15] L10 (F01590-lm-10) ok=✗
  [11/15] L12 (F01590-lm-12) ok=✗
  [12/15] L11 (F01590-lm-11) ok=✗
  [13/15] L13 (F01590-lm-13) ok=✗
  [14/15] L14 (F01590-lm-14) ok=✗
  [15/15] L15 (F01590-lm-15) ok=✗
Hints: appended to 1 level(s); 1 hint file(s) changed on disk.
Result: solved=1/15, solvedBeforeFallback=0, fallbackOnly=1, unsolved=14
Wrote logs/family-census/solve-R01590-lm.json
Wrote logs/family-census/solve-R01590-lm-summary.md
portfolio-solve-sweep: corpus=data/families/family-R01590-sym.json levels=7 (7 to solve) scheduler-mode=legacy budget=8000ms node-budget=20000000 workers=4 save-hints=true
  [1/7] L1 (F01590-sym-01) ok=✗
  [2/7] L3 (F01590-sym-03) ok=✗
  [3/7] L4 (F01590-sym-04) ok=✗
  [4/7] L2 (F01590-sym-02) ok=✗
  [5/7] L6 (F01590-sym-06) ok=✗
  [6/7] L5 (F01590-sym-05) ok=✗
  [7/7] L7 (F01590-sym-07) ok=✗
Hints: appended to 0 level(s); 0 hint file(s) changed on disk.
Result: solved=0/7, solvedBeforeFallback=0, fallbackOnly=0, unsolved=7
Wrote logs/family-census/solve-R01590-sym.json
Wrote logs/family-census/solve-R01590-sym-summary.md
[23:53:28] DONE R01590
[23:53:28] START R01735
Parent R01735: witness stressMeta.witnessSolution (len 97, 5 jump(s)), 64 movable object instance(s) under strict inventory.
  attempt 1: accepted F01735-lm-01 — moved blocks (6,11) -> (9,7)
  attempt 2: accepted F01735-lm-02 — moved mustPass (1,11) -> (8,3)
  attempt 3: accepted F01735-lm-03 — moved blocks (9,5) -> (13,13)
  attempt 4: accepted F01735-lm-04 — moved blocks (7,13) -> (6,3)
  attempt 5: accepted F01735-lm-05 — moved flippingFilters (3,13) -> (5,11)
  attempt 6: accepted F01735-lm-06 — moved blocks (7,10) -> (13,13)
  attempt 7: accepted F01735-lm-07 — moved blocks (10,13) -> (5,11)
  attempt 8: accepted F01735-lm-08 — moved blocks (10,13) -> (5,10)
  attempt 9: rejected — degenerate duplicate of parent or another accepted variant
  attempt 10: accepted F01735-lm-09 — moved blocks (10,13) -> (4,12)
  attempt 11: accepted F01735-lm-10 — moved market (6,0) -> (10,9)
  attempt 12: accepted F01735-lm-11 — moved fountain (10,12) -> (6,1)
  attempt 13: accepted F01735-lm-12 — moved geese (7,0) -> (8,5)
  attempt 14: accepted F01735-lm-13 — moved geese (8,4) -> (3,2)
  attempt 15: accepted F01735-lm-14 — moved flippingFilters (1,4) -> (11,6)
  attempt 16: accepted F01735-lm-15 — moved geese (9,11) -> (3,4)

15/15 new local-mutant sibling(s) generated for R01735 in 16 attempt(s) (budget 600); 15 total in data/families/family-R01735-lm.json.
Wrote 15 level(s) total to data/families/family-R01735-lm.json (changed=true), 15 hint file(s) written to data/families/hints/.
Wrote family manifest to data/families/family-R01735-lm-manifest.json (15 variant(s) total).
Parent R01735: witness stressMeta.witnessSolution (len 97, 5 jump(s)), 64 movable object instance(s) under strict inventory.
  variant 1 (rotation): accepted F01735-sym-01
  variant 2 (rotation): accepted F01735-sym-02
  variant 3 (rotation): accepted F01735-sym-03
  variant 4 (reflection): accepted F01735-sym-04
  variant 5 (reflection): accepted F01735-sym-05
  variant 6 (reflection): accepted F01735-sym-06
  variant 7 (reflection): accepted F01735-sym-07

7/7 new symmetry sibling(s) generated for R01735 in 7 attempt(s) (budget 7); 7 total in data/families/family-R01735-sym.json.
Wrote 7 level(s) total to data/families/family-R01735-sym.json (changed=true), 7 hint file(s) written to data/families/hints/.
Wrote family manifest to data/families/family-R01735-sym-manifest.json (7 variant(s) total).
portfolio-solve-sweep: corpus=data/families/family-R01735-lm.json levels=15 (15 to solve) scheduler-mode=legacy budget=8000ms node-budget=20000000 workers=4 save-hints=true
  [1/15] L4 (F01735-lm-04) ok=✗
  [2/15] L1 (F01735-lm-01) ok=✗
  [3/15] L3 (F01735-lm-03) ok=✗
  [4/15] L2 (F01735-lm-02) ok=✗
  [5/15] L7 (F01735-lm-07) ok=✗
  [6/15] L5 (F01735-lm-05) ok=✗
  [7/15] L6 (F01735-lm-06) ok=✗
  [8/15] L8 (F01735-lm-08) ok=✗
  [9/15] L9 (F01735-lm-09) ok=✗
  [10/15] L10 (F01735-lm-10) ok=✗
  [11/15] L11 (F01735-lm-11) ok=✗
  [12/15] L12 (F01735-lm-12) ok=✗
  [13/15] L14 (F01735-lm-14) ok=✗
  [14/15] L15 (F01735-lm-15) ok=✗
  [15/15] L13 (F01735-lm-13) ok=✗
Hints: appended to 0 level(s); 0 hint file(s) changed on disk.
Result: solved=0/15, solvedBeforeFallback=0, fallbackOnly=0, unsolved=15
Wrote logs/family-census/solve-R01735-lm.json
Wrote logs/family-census/solve-R01735-lm-summary.md
portfolio-solve-sweep: corpus=data/families/family-R01735-sym.json levels=7 (7 to solve) scheduler-mode=legacy budget=8000ms node-budget=20000000 workers=4 save-hints=true
  [1/7] L3 (F01735-sym-03) ok=✗
  [2/7] L1 (F01735-sym-01) ok=✗
  [3/7] L4 (F01735-sym-04) ok=✗
  [4/7] L2 (F01735-sym-02) ok=✗
  [5/7] L5 (F01735-sym-05) ok=✗
  [6/7] L7 (F01735-sym-07) ok=✗
  [7/7] L6 (F01735-sym-06) ok=✗
Hints: appended to 0 level(s); 0 hint file(s) changed on disk.
Result: solved=0/7, solvedBeforeFallback=0, fallbackOnly=0, unsolved=7
Wrote logs/family-census/solve-R01735-sym.json
Wrote logs/family-census/solve-R01735-sym-summary.md
[23:58:44] DONE R01735
[23:58:44] START R01932
Parent R01932: witness stressMeta.witnessSolution (len 109, 5 jump(s)), 33 movable object instance(s) under strict inventory.
  attempt 1: accepted F01932-lm-01 — moved fountain (2,0) -> (7,6)
  attempt 2: accepted F01932-lm-02 — moved park (4,8) -> (6,8)
  attempt 3: accepted F01932-lm-03 — moved flippingFilters (12,1) -> (4,1)
  attempt 4: accepted F01932-lm-04 — moved statue (12,11) -> (1,11)
  attempt 5: accepted F01932-lm-05 — moved falseGoals (6,9) -> (6,3)
  attempt 6: accepted F01932-lm-06 — moved statue (7,3) -> (0,11)
  attempt 7: accepted F01932-lm-07 — moved flippingFilters (12,1) -> (10,1)
  attempt 8: accepted F01932-lm-08 — moved mustPass (8,8) -> (9,8)
  attempt 9: accepted F01932-lm-09 — moved falseGoals (3,1) -> (7,11)
  attempt 10: accepted F01932-lm-10 — moved mustPass (8,8) -> (4,2)
  attempt 11: accepted F01932-lm-11 — moved park (11,5) -> (3,8)
  attempt 12: accepted F01932-lm-12 — moved market (12,2) -> (12,3)
  attempt 13: accepted F01932-lm-13 — moved fountain (2,0) -> (6,12)
  attempt 14: accepted F01932-lm-14 — moved falseGoals (3,1) -> (1,0)
  attempt 15: accepted F01932-lm-15 — moved flippingFilters (9,11) -> (10,2)

15/15 new local-mutant sibling(s) generated for R01932 in 15 attempt(s) (budget 600); 15 total in data/families/family-R01932-lm.json.
Wrote 15 level(s) total to data/families/family-R01932-lm.json (changed=true), 15 hint file(s) written to data/families/hints/.
Wrote family manifest to data/families/family-R01932-lm-manifest.json (15 variant(s) total).
Parent R01932: witness stressMeta.witnessSolution (len 109, 5 jump(s)), 33 movable object instance(s) under strict inventory.
  variant 1 (rotation): accepted F01932-sym-01
  variant 2 (rotation): accepted F01932-sym-02
  variant 3 (rotation): accepted F01932-sym-03
  variant 4 (reflection): accepted F01932-sym-04
  variant 5 (reflection): accepted F01932-sym-05
  variant 6 (reflection): accepted F01932-sym-06
  variant 7 (reflection): accepted F01932-sym-07

7/7 new symmetry sibling(s) generated for R01932 in 7 attempt(s) (budget 7); 7 total in data/families/family-R01932-sym.json.
Wrote 7 level(s) total to data/families/family-R01932-sym.json (changed=true), 7 hint file(s) written to data/families/hints/.
Wrote family manifest to data/families/family-R01932-sym-manifest.json (7 variant(s) total).
portfolio-solve-sweep: corpus=data/families/family-R01932-lm.json levels=15 (15 to solve) scheduler-mode=legacy budget=8000ms node-budget=20000000 workers=4 save-hints=true
  [1/15] L4 (F01932-lm-04) ok=✗
  [2/15] L2 (F01932-lm-02) ok=✗
  [3/15] L1 (F01932-lm-01) ok=✗
  [4/15] L3 (F01932-lm-03) ok=✗
  [5/15] L5 (F01932-lm-05) ok=✗
  [6/15] L7 (F01932-lm-07) ok=✗
  [7/15] L6 (F01932-lm-06) ok=✗
  [8/15] L8 (F01932-lm-08) ok=✗
  [9/15] L10 (F01932-lm-10) ok=✗
  [10/15] L9 (F01932-lm-09) ok=✗
  [11/15] L11 (F01932-lm-11) ok=✗
  [12/15] L12 (F01932-lm-12) ok=✗
  [13/15] L13 (F01932-lm-13) ok=✗
  [14/15] L15 (F01932-lm-15) ok=✗
  [15/15] L14 (F01932-lm-14) ok=✗
Hints: appended to 0 level(s); 0 hint file(s) changed on disk.
Result: solved=0/15, solvedBeforeFallback=0, fallbackOnly=0, unsolved=15
Wrote logs/family-census/solve-R01932-lm.json
Wrote logs/family-census/solve-R01932-lm-summary.md
portfolio-solve-sweep: corpus=data/families/family-R01932-sym.json levels=7 (7 to solve) scheduler-mode=legacy budget=8000ms node-budget=20000000 workers=4 save-hints=true
  [1/7] L1 (F01932-sym-01) ok=✗
  [2/7] L3 (F01932-sym-03) ok=✗
  [3/7] L4 (F01932-sym-04) ok=✗
  [4/7] L2 (F01932-sym-02) ok=✗
  [5/7] L6 (F01932-sym-06) ok=✗
  [6/7] L5 (F01932-sym-05) ok=✗
  [7/7] L7 (F01932-sym-07) ok=✗
Hints: appended to 0 level(s); 0 hint file(s) changed on disk.
Result: solved=0/7, solvedBeforeFallback=0, fallbackOnly=0, unsolved=7
Wrote logs/family-census/solve-R01932-sym.json
Wrote logs/family-census/solve-R01932-sym-summary.md
[00:01:34] DONE R01932
[00:01:34] START R02030
Parent R02030: witness stressMeta.witnessSolution (len 100, 7 jump(s)), 42 movable object instance(s) under strict inventory.
  attempt 1: accepted F02030-lm-01 — moved blocks (7,8) -> (6,11)
  attempt 2: accepted F02030-lm-02 — moved mustPass (11,1) -> (11,2)
  attempt 3: accepted F02030-lm-03 — moved blocks (3,1) -> (5,9)
  attempt 4: accepted F02030-lm-04 — moved mustPass (0,6) -> (6,1)
  attempt 5: accepted F02030-lm-05 — moved blocks (9,11) -> (4,7)
  attempt 6: accepted F02030-lm-06 — moved geese (6,9) -> (4,7)
  attempt 7: accepted F02030-lm-07 — moved fountain (0,0) -> (7,11)
  attempt 8: accepted F02030-lm-08 — moved library (9,0) -> (4,7)
  attempt 9: accepted F02030-lm-09 — moved blocks (9,11) -> (6,10)
  attempt 10: accepted F02030-lm-10 — moved blocks (1,0) -> (5,9)
  attempt 11: accepted F02030-lm-11 — moved blocks (1,0) -> (8,10)
  attempt 12: accepted F02030-lm-12 — moved mustPass (0,6) -> (6,4)
  attempt 13: accepted F02030-lm-13 — moved library (4,1) -> (7,10)
  attempt 14: accepted F02030-lm-14 — moved geese (0,11) -> (7,10)
  attempt 15: accepted F02030-lm-15 — moved lamppost (0,2) -> (8,10)

15/15 new local-mutant sibling(s) generated for R02030 in 15 attempt(s) (budget 600); 15 total in data/families/family-R02030-lm.json.
Wrote 15 level(s) total to data/families/family-R02030-lm.json (changed=true), 15 hint file(s) written to data/families/hints/.
Wrote family manifest to data/families/family-R02030-lm-manifest.json (15 variant(s) total).
Parent R02030: witness stressMeta.witnessSolution (len 100, 7 jump(s)), 42 movable object instance(s) under strict inventory.
  variant 1 (rotation): accepted F02030-sym-01
  variant 2 (rotation): accepted F02030-sym-02
  variant 3 (rotation): accepted F02030-sym-03
  variant 4 (reflection): accepted F02030-sym-04
  variant 5 (reflection): accepted F02030-sym-05
  variant 6 (reflection): accepted F02030-sym-06
  variant 7 (reflection): accepted F02030-sym-07

7/7 new symmetry sibling(s) generated for R02030 in 7 attempt(s) (budget 7); 7 total in data/families/family-R02030-sym.json.
Wrote 7 level(s) total to data/families/family-R02030-sym.json (changed=true), 7 hint file(s) written to data/families/hints/.
Wrote family manifest to data/families/family-R02030-sym-manifest.json (7 variant(s) total).
portfolio-solve-sweep: corpus=data/families/family-R02030-lm.json levels=15 (15 to solve) scheduler-mode=legacy budget=8000ms node-budget=20000000 workers=4 save-hints=true
  [1/15] L3 (F02030-lm-03) ok=✗
  [2/15] L1 (F02030-lm-01) ok=✗
  [3/15] L2 (F02030-lm-02) ok=✗
  [4/15] L4 (F02030-lm-04) ok=✗
  [5/15] L5 (F02030-lm-05) ok=✗
  [6/15] L6 (F02030-lm-06) ok=✗
  [7/15] L8 (F02030-lm-08) ok=✗
  [8/15] L7 (F02030-lm-07) ok=✗
  [9/15] L9 (F02030-lm-09) ok=✗
  [10/15] L10 (F02030-lm-10) ok=✗
  [11/15] L11 (F02030-lm-11) ok=✗
  [12/15] L12 (F02030-lm-12) ok=✗
  [13/15] L13 (F02030-lm-13) ok=✗
  [14/15] L14 (F02030-lm-14) ok=✗
  [15/15] L15 (F02030-lm-15) ok=✗
Hints: appended to 0 level(s); 0 hint file(s) changed on disk.
Result: solved=0/15, solvedBeforeFallback=0, fallbackOnly=0, unsolved=15
Wrote logs/family-census/solve-R02030-lm.json
Wrote logs/family-census/solve-R02030-lm-summary.md
portfolio-solve-sweep: corpus=data/families/family-R02030-sym.json levels=7 (7 to solve) scheduler-mode=legacy budget=8000ms node-budget=20000000 workers=4 save-hints=true
  [1/7] L3 (F02030-sym-03) ok=✗
  [2/7] L4 (F02030-sym-04) ok=✗
  [3/7] L1 (F02030-sym-01) ok=✗
  [4/7] L2 (F02030-sym-02) ok=✗
  [5/7] L5 (F02030-sym-05) ok=✗
  [6/7] L6 (F02030-sym-06) ok=✗
  [7/7] L7 (F02030-sym-07) ok=✗
Hints: appended to 0 level(s); 0 hint file(s) changed on disk.
Result: solved=0/7, solvedBeforeFallback=0, fallbackOnly=0, unsolved=7
Wrote logs/family-census/solve-R02030-sym.json
Wrote logs/family-census/solve-R02030-sym-summary.md
[00:04:19] DONE R02030
[00:04:19] START R02072
Parent R02072: witness stressMeta.witnessSolution (len 78, 5 jump(s)), 36 movable object instance(s) under strict inventory.
  attempt 1: accepted F02072-lm-01 — moved blocks (2,0) -> (5,1)
  attempt 2: accepted F02072-lm-02 — moved blocks (2,0) -> (7,3)
  attempt 3: accepted F02072-lm-03 — moved geese (0,9) -> (6,3)
  attempt 4: accepted F02072-lm-04 — moved library (0,3) -> (7,3)
  attempt 5: accepted F02072-lm-05 — moved library (6,5) -> (5,4)
  attempt 6: accepted F02072-lm-06 — moved blocks (7,5) -> (4,7)
  attempt 7: accepted F02072-lm-07 — moved blocks (4,6) -> (5,1)
  attempt 8: accepted F02072-lm-08 — moved geese (6,4) -> (6,3)
  attempt 9: accepted F02072-lm-09 — moved geese (6,4) -> (9,10)
  attempt 10: accepted F02072-lm-10 — moved lamppost (1,0) -> (5,4)
  attempt 11: accepted F02072-lm-11 — moved blocks (10,2) -> (4,7)
  attempt 12: accepted F02072-lm-12 — moved geese (6,4) -> (5,1)
  attempt 13: accepted F02072-lm-13 — moved fountain (2,7) -> (0,1)
  attempt 14: accepted F02072-lm-14 — moved library (6,5) -> (7,0)
  attempt 15: accepted F02072-lm-15 — moved park (2,10) -> (3,0)

15/15 new local-mutant sibling(s) generated for R02072 in 15 attempt(s) (budget 600); 15 total in data/families/family-R02072-lm.json.
Wrote 15 level(s) total to data/families/family-R02072-lm.json (changed=true), 15 hint file(s) written to data/families/hints/.
Wrote family manifest to data/families/family-R02072-lm-manifest.json (15 variant(s) total).
Parent R02072: witness stressMeta.witnessSolution (len 78, 5 jump(s)), 36 movable object instance(s) under strict inventory.
  variant 1 (rotation): accepted F02072-sym-01
  variant 2 (rotation): accepted F02072-sym-02
  variant 3 (rotation): accepted F02072-sym-03
  variant 4 (reflection): accepted F02072-sym-04
  variant 5 (reflection): accepted F02072-sym-05
  variant 6 (reflection): accepted F02072-sym-06
  variant 7 (reflection): accepted F02072-sym-07

7/7 new symmetry sibling(s) generated for R02072 in 7 attempt(s) (budget 7); 7 total in data/families/family-R02072-sym.json.
Wrote 7 level(s) total to data/families/family-R02072-sym.json (changed=true), 7 hint file(s) written to data/families/hints/.
Wrote family manifest to data/families/family-R02072-sym-manifest.json (7 variant(s) total).
portfolio-solve-sweep: corpus=data/families/family-R02072-lm.json levels=15 (15 to solve) scheduler-mode=legacy budget=8000ms node-budget=20000000 workers=4 save-hints=true
  [1/15] L3 (F02072-lm-03) ok=✗
  [2/15] L4 (F02072-lm-04) ok=✗
  [3/15] L1 (F02072-lm-01) ok=✗
  [4/15] L2 (F02072-lm-02) ok=✗
  [5/15] L5 (F02072-lm-05) ok=✗
  [6/15] L6 (F02072-lm-06) ok=✗
  [7/15] L7 (F02072-lm-07) ok=✗
  [8/15] L8 (F02072-lm-08) ok=✗
  [9/15] L11 (F02072-lm-11) ok=✗
  [10/15] L9 (F02072-lm-09) ok=✗
  [11/15] L10 (F02072-lm-10) ok=✗
  [12/15] L12 (F02072-lm-12) ok=✗
  [13/15] L14 (F02072-lm-14) ok=✗
  [14/15] L13 (F02072-lm-13) ok=✗
  [15/15] L15 (F02072-lm-15) ok=✗
Hints: appended to 0 level(s); 0 hint file(s) changed on disk.
Result: solved=0/15, solvedBeforeFallback=0, fallbackOnly=0, unsolved=15
Wrote logs/family-census/solve-R02072-lm.json
Wrote logs/family-census/solve-R02072-lm-summary.md
portfolio-solve-sweep: corpus=data/families/family-R02072-sym.json levels=7 (7 to solve) scheduler-mode=legacy budget=8000ms node-budget=20000000 workers=4 save-hints=true
  [1/7] L1 (F02072-sym-01) ok=✗
  [2/7] L2 (F02072-sym-02) ok=✗
  [3/7] L4 (F02072-sym-04) ok=✗
  [4/7] L3 (F02072-sym-03) ok=✗
  [5/7] L7 (F02072-sym-07) ok=✗
  [6/7] L6 (F02072-sym-06) ok=✗
  [7/7] L5 (F02072-sym-05) ok=✗
Hints: appended to 0 level(s); 0 hint file(s) changed on disk.
Result: solved=0/7, solvedBeforeFallback=0, fallbackOnly=0, unsolved=7
Wrote logs/family-census/solve-R02072-sym.json
Wrote logs/family-census/solve-R02072-sym-summary.md
[00:07:13] DONE R02072
[00:07:13] START R02102
Parent R02102: witness stressMeta.witnessSolution (len 126, 4 jump(s)), 46 movable object instance(s) under strict inventory.
  attempt 1: accepted F02102-lm-01 — moved falseGoals (2,1) -> (11,6)
  attempt 2: accepted F02102-lm-02 — moved library (3,10) -> (11,6)
  attempt 3: accepted F02102-lm-03 — moved flippingFilters (0,2) -> (3,3)
  attempt 4: accepted F02102-lm-04 — moved falseGoals (1,0) -> (12,6)
  attempt 5: accepted F02102-lm-05 — moved falseGoals (1,0) -> (10,6)
  attempt 6: accepted F02102-lm-06 — moved flippingFilters (0,8) -> (12,11)
  attempt 7: accepted F02102-lm-07 — moved falseGoals (3,4) -> (11,6)
  attempt 8: accepted F02102-lm-08 — moved falseGoals (2,1) -> (4,10)
  attempt 9: accepted F02102-lm-09 — moved blocks (1,4) -> (10,7)
  attempt 10: accepted F02102-lm-10 — moved library (9,1) -> (2,9)
  attempt 11: accepted F02102-lm-11 — moved geese (12,4) -> (11,5)
  attempt 12: accepted F02102-lm-12 — moved park (11,12) -> (1,1)
  attempt 13: accepted F02102-lm-13 — moved library (1,7) -> (0,9)
  attempt 14: accepted F02102-lm-14 — moved blocks (11,7) -> (8,6)
  attempt 15: accepted F02102-lm-15 — moved falseGoals (9,5) -> (11,5)

15/15 new local-mutant sibling(s) generated for R02102 in 15 attempt(s) (budget 600); 15 total in data/families/family-R02102-lm.json.
Wrote 15 level(s) total to data/families/family-R02102-lm.json (changed=true), 15 hint file(s) written to data/families/hints/.
Wrote family manifest to data/families/family-R02102-lm-manifest.json (15 variant(s) total).
Parent R02102: witness stressMeta.witnessSolution (len 126, 4 jump(s)), 46 movable object instance(s) under strict inventory.
  variant 1 (rotation): accepted F02102-sym-01
  variant 2 (rotation): accepted F02102-sym-02
  variant 3 (rotation): accepted F02102-sym-03
  variant 4 (reflection): accepted F02102-sym-04
  variant 5 (reflection): accepted F02102-sym-05
  variant 6 (reflection): accepted F02102-sym-06
  variant 7 (reflection): accepted F02102-sym-07

7/7 new symmetry sibling(s) generated for R02102 in 7 attempt(s) (budget 7); 7 total in data/families/family-R02102-sym.json.
Wrote 7 level(s) total to data/families/family-R02102-sym.json (changed=true), 7 hint file(s) written to data/families/hints/.
Wrote family manifest to data/families/family-R02102-sym-manifest.json (7 variant(s) total).
portfolio-solve-sweep: corpus=data/families/family-R02102-lm.json levels=15 (15 to solve) scheduler-mode=legacy budget=8000ms node-budget=20000000 workers=4 save-hints=true
  [1/15] L2 (F02102-lm-02) ok=✗
  [2/15] L4 (F02102-lm-04) ok=✗
  [3/15] L1 (F02102-lm-01) ok=✗
  [4/15] L3 (F02102-lm-03) ok=✗
  [5/15] L5 (F02102-lm-05) ok=✗
  [6/15] L6 (F02102-lm-06) ok=✗
  [7/15] L7 (F02102-lm-07) ok=✗
  [8/15] L8 (F02102-lm-08) ok=✗
  [9/15] L9 (F02102-lm-09) ok=✗
  [10/15] L10 (F02102-lm-10) ok=✗
  [11/15] L12 (F02102-lm-12) ok=✗
  [12/15] L11 (F02102-lm-11) ok=✗
  [13/15] L13 (F02102-lm-13) ok=✗
  [14/15] L14 (F02102-lm-14) ok=✗
  [15/15] L15 (F02102-lm-15) ok=✗
Hints: appended to 0 level(s); 0 hint file(s) changed on disk.
Result: solved=0/15, solvedBeforeFallback=0, fallbackOnly=0, unsolved=15
Wrote logs/family-census/solve-R02102-lm.json
Wrote logs/family-census/solve-R02102-lm-summary.md
portfolio-solve-sweep: corpus=data/families/family-R02102-sym.json levels=7 (7 to solve) scheduler-mode=legacy budget=8000ms node-budget=20000000 workers=4 save-hints=true
  [1/7] L2 (F02102-sym-02) ok=✗
  [2/7] L4 (F02102-sym-04) ok=✗
  [3/7] L1 (F02102-sym-01) ok=✗
  [4/7] L3 (F02102-sym-03) ok=✗
  [5/7] L6 (F02102-sym-06) ok=✗
  [6/7] L5 (F02102-sym-05) ok=✗
  [7/7] L7 (F02102-sym-07) ok=✗
Hints: appended to 0 level(s); 0 hint file(s) changed on disk.
Result: solved=0/7, solvedBeforeFallback=0, fallbackOnly=0, unsolved=7
Wrote logs/family-census/solve-R02102-sym.json
Wrote logs/family-census/solve-R02102-sym-summary.md
[00:10:37] DONE R02102
[00:10:37] START R02138
Parent R02138: witness hint[0] (len 114, 4 jump(s)), 55 movable object instance(s) under strict inventory.
  attempt 1: accepted F02138-lm-01 — moved statue (1,0) -> (5,0)
  attempt 2: accepted F02138-lm-02 — moved blocks (5,11) -> (7,7)
  attempt 3: accepted F02138-lm-03 — moved blocks (7,0) -> (13,0)
  attempt 4: accepted F02138-lm-04 — moved blocks (2,0) -> (3,10)
  attempt 5: accepted F02138-lm-05 — moved flippingFilters (13,1) -> (5,0)
  attempt 6: accepted F02138-lm-06 — moved lamppost (9,3) -> (7,10)
  attempt 7: accepted F02138-lm-07 — moved flippingFilters (12,0) -> (3,12)
  attempt 8: accepted F02138-lm-08 — moved blocks (4,13) -> (6,10)
  attempt 9: accepted F02138-lm-09 — moved flippingFilters (6,12) -> (7,13)
  attempt 10: accepted F02138-lm-10 — moved blocks (13,2) -> (2,11)
  attempt 11: accepted F02138-lm-11 — moved mustPass (7,5) -> (10,9)
  attempt 12: accepted F02138-lm-12 — moved flippingFilters (13,1) -> (4,12)
  attempt 13: accepted F02138-lm-13 — moved blocks (1,13) -> (14,3)
  attempt 14: accepted F02138-lm-14 — moved mustPass (14,11) -> (7,13)
  attempt 15: accepted F02138-lm-15 — moved blocks (8,1) -> (13,0)

15/15 new local-mutant sibling(s) generated for R02138 in 15 attempt(s) (budget 600); 15 total in data/families/family-R02138-lm.json.
Wrote 15 level(s) total to data/families/family-R02138-lm.json (changed=true), 15 hint file(s) written to data/families/hints/.
Wrote family manifest to data/families/family-R02138-lm-manifest.json (15 variant(s) total).
Parent R02138: witness hint[0] (len 114, 4 jump(s)), 55 movable object instance(s) under strict inventory.
  variant 1 (rotation): accepted F02138-sym-01
  variant 2 (rotation): accepted F02138-sym-02
  variant 3 (rotation): accepted F02138-sym-03
  variant 4 (reflection): accepted F02138-sym-04
  variant 5 (reflection): accepted F02138-sym-05
  variant 6 (reflection): accepted F02138-sym-06
  variant 7 (reflection): accepted F02138-sym-07

7/7 new symmetry sibling(s) generated for R02138 in 7 attempt(s) (budget 7); 7 total in data/families/family-R02138-sym.json.
Wrote 7 level(s) total to data/families/family-R02138-sym.json (changed=true), 7 hint file(s) written to data/families/hints/.
Wrote family manifest to data/families/family-R02138-sym-manifest.json (7 variant(s) total).
portfolio-solve-sweep: corpus=data/families/family-R02138-lm.json levels=15 (15 to solve) scheduler-mode=legacy budget=8000ms node-budget=20000000 workers=4 save-hints=true
  [1/15] L4 (F02138-lm-04) ok=✓ legacy [hint saved]
  [2/15] L2 (F02138-lm-02) ok=✗
  [3/15] L6 (F02138-lm-06) ok=✓ legacy [hint saved]
  [4/15] L3 (F02138-lm-03) ok=✗
  [5/15] L1 (F02138-lm-01) ok=✗
  [6/15] L5 (F02138-lm-05) ok=✗
  [7/15] L10 (F02138-lm-10) ok=✓ legacy [hint saved]
  [8/15] L8 (F02138-lm-08) ok=✗
  [9/15] L7 (F02138-lm-07) ok=✗
  [10/15] L9 (F02138-lm-09) ok=✗
  [11/15] L14 (F02138-lm-14) ok=✓ legacy [hint saved]
  [12/15] L11 (F02138-lm-11) ok=✗
  [13/15] L13 (F02138-lm-13) ok=✓ legacy [hint saved]
  [14/15] L15 (F02138-lm-15) ok=✗
  [15/15] L12 (F02138-lm-12) ok=✗
Hints: appended to 5 level(s); 5 hint file(s) changed on disk.
Result: solved=5/15, solvedBeforeFallback=0, fallbackOnly=5, unsolved=10
Wrote logs/family-census/solve-R02138-lm.json
Wrote logs/family-census/solve-R02138-lm-summary.md
portfolio-solve-sweep: corpus=data/families/family-R02138-sym.json levels=7 (7 to solve) scheduler-mode=legacy budget=8000ms node-budget=20000000 workers=4 save-hints=true
  [1/7] L4 (F02138-sym-04) ok=✓ legacy [hint saved]
  [2/7] L3 (F02138-sym-03) ok=✗
  [3/7] L5 (F02138-sym-05) ok=✗
  [4/7] L2 (F02138-sym-02) ok=✗
  [5/7] L1 (F02138-sym-01) ok=✗
  [6/7] L6 (F02138-sym-06) ok=✗
  [7/7] L7 (F02138-sym-07) ok=✗
Hints: appended to 1 level(s); 1 hint file(s) changed on disk.
Result: solved=1/7, solvedBeforeFallback=0, fallbackOnly=1, unsolved=6
Wrote logs/family-census/solve-R02138-sym.json
Wrote logs/family-census/solve-R02138-sym-summary.md
[00:13:02] DONE R02138
[00:13:02] START R02176
Parent R02176: witness stressMeta.witnessSolution (len 108, 7 jump(s)), 24 movable object instance(s) under strict inventory.
  attempt 1: accepted F02176-lm-01 — moved library (5,3) -> (0,11)
  attempt 2: accepted F02176-lm-02 — moved library (7,12) -> (9,3)
  attempt 3: accepted F02176-lm-03 — moved library (5,3) -> (8,11)
  attempt 4: accepted F02176-lm-04 — moved fountain (4,2) -> (5,8)
  attempt 5: accepted F02176-lm-05 — moved market (5,4) -> (10,0)
  attempt 6: accepted F02176-lm-06 — moved market (0,5) -> (0,9)
  attempt 7: accepted F02176-lm-07 — moved statue (6,9) -> (1,0)
  attempt 8: accepted F02176-lm-08 — moved market (5,4) -> (1,11)
  attempt 9: accepted F02176-lm-09 — moved statue (2,0) -> (10,1)
  attempt 10: rejected — degenerate duplicate of parent or another accepted variant
  attempt 11: accepted F02176-lm-10 — moved fountain (3,8) -> (2,7)
  attempt 12: accepted F02176-lm-11 — moved park (7,7) -> (11,3)
  attempt 13: accepted F02176-lm-12 — moved market (0,5) -> (0,11)
  attempt 14: accepted F02176-lm-13 — moved fountain (4,2) -> (6,6)
  attempt 15: accepted F02176-lm-14 — moved market (5,4) -> (9,10)
  attempt 16: accepted F02176-lm-15 — moved market (0,5) -> (1,10)

15/15 new local-mutant sibling(s) generated for R02176 in 16 attempt(s) (budget 600); 15 total in data/families/family-R02176-lm.json.
Wrote 15 level(s) total to data/families/family-R02176-lm.json (changed=true), 15 hint file(s) written to data/families/hints/.
Wrote family manifest to data/families/family-R02176-lm-manifest.json (15 variant(s) total).
Parent R02176: witness stressMeta.witnessSolution (len 108, 7 jump(s)), 24 movable object instance(s) under strict inventory.
  variant 1 (rotation): accepted F02176-sym-01
  variant 2 (rotation): accepted F02176-sym-02
  variant 3 (rotation): accepted F02176-sym-03
  variant 4 (reflection): accepted F02176-sym-04
  variant 5 (reflection): accepted F02176-sym-05
  variant 6 (reflection): accepted F02176-sym-06
  variant 7 (reflection): accepted F02176-sym-07

7/7 new symmetry sibling(s) generated for R02176 in 7 attempt(s) (budget 7); 7 total in data/families/family-R02176-sym.json.
Wrote 7 level(s) total to data/families/family-R02176-sym.json (changed=true), 7 hint file(s) written to data/families/hints/.
Wrote family manifest to data/families/family-R02176-sym-manifest.json (7 variant(s) total).
portfolio-solve-sweep: corpus=data/families/family-R02176-lm.json levels=15 (15 to solve) scheduler-mode=legacy budget=8000ms node-budget=20000000 workers=4 save-hints=true
  [1/15] L2 (F02176-lm-02) ok=✓ legacy [hint saved]
  [2/15] L1 (F02176-lm-01) ok=✗
  [3/15] L3 (F02176-lm-03) ok=✗
  [4/15] L4 (F02176-lm-04) ok=✗
  [5/15] L5 (F02176-lm-05) ok=✗
  [6/15] L7 (F02176-lm-07) ok=✗
  [7/15] L8 (F02176-lm-08) ok=✗
  [8/15] L6 (F02176-lm-06) ok=✗
  [9/15] L11 (F02176-lm-11) ok=✓ legacy [hint saved]
  [10/15] L12 (F02176-lm-12) ok=✓ legacy [hint saved]
  [11/15] L14 (F02176-lm-14) ok=✓ legacy [hint saved]
  [12/15] L9 (F02176-lm-09) ok=✗
  [13/15] L10 (F02176-lm-10) ok=✗
  [14/15] L15 (F02176-lm-15) ok=✗
  [15/15] L13 (F02176-lm-13) ok=✗
Hints: appended to 4 level(s); 4 hint file(s) changed on disk.
Result: solved=4/15, solvedBeforeFallback=0, fallbackOnly=4, unsolved=11
Wrote logs/family-census/solve-R02176-lm.json
Wrote logs/family-census/solve-R02176-lm-summary.md
portfolio-solve-sweep: corpus=data/families/family-R02176-sym.json levels=7 (7 to solve) scheduler-mode=legacy budget=8000ms node-budget=20000000 workers=4 save-hints=true
  [1/7] L1 (F02176-sym-01) ok=✓ legacy [hint saved]
  [2/7] L3 (F02176-sym-03) ok=✗
  [3/7] L4 (F02176-sym-04) ok=✗
  [4/7] L2 (F02176-sym-02) ok=✗
  [5/7] L5 (F02176-sym-05) ok=✗
  [6/7] L6 (F02176-sym-06) ok=✗
  [7/7] L7 (F02176-sym-07) ok=✗
Hints: appended to 1 level(s); 1 hint file(s) changed on disk.
Result: solved=1/7, solvedBeforeFallback=0, fallbackOnly=1, unsolved=6
Wrote logs/family-census/solve-R02176-sym.json
Wrote logs/family-census/solve-R02176-sym-summary.md
[00:19:21] DONE R02176
[00:19:21] START R02210
Parent R02210: witness stressMeta.witnessSolution (len 116, 7 jump(s)), 53 movable object instance(s) under strict inventory.
  attempt 1: accepted F02210-lm-01 — moved fountain (7,8) -> (9,4)
  attempt 2: accepted F02210-lm-02 — moved blocks (6,8) -> (9,5)
  attempt 3: accepted F02210-lm-03 — moved market (0,9) -> (4,10)
  attempt 4: accepted F02210-lm-04 — moved mustPass (12,11) -> (5,9)
  attempt 5: accepted F02210-lm-05 — moved blocks (10,1) -> (8,8)
  attempt 6: accepted F02210-lm-06 — moved flippingFilters (0,1) -> (7,7)
  attempt 7: accepted F02210-lm-07 — moved mustPass (10,8) -> (8,9)
  attempt 8: accepted F02210-lm-08 — moved geese (0,5) -> (8,8)
  attempt 9: accepted F02210-lm-09 — moved blocks (9,11) -> (8,6)
  attempt 10: accepted F02210-lm-10 — moved market (0,9) -> (6,5)
  attempt 11: accepted F02210-lm-11 — moved mustPass (10,8) -> (10,10)
  attempt 12: accepted F02210-lm-12 — moved blocks (12,4) -> (9,4)
  attempt 13: accepted F02210-lm-13 — moved blocks (0,8) -> (9,5)
  attempt 14: accepted F02210-lm-14 — moved blocks (6,7) -> (3,8)
  attempt 15: accepted F02210-lm-15 — moved lamppost (3,1) -> (4,10)

15/15 new local-mutant sibling(s) generated for R02210 in 15 attempt(s) (budget 600); 15 total in data/families/family-R02210-lm.json.
Wrote 15 level(s) total to data/families/family-R02210-lm.json (changed=true), 15 hint file(s) written to data/families/hints/.
Wrote family manifest to data/families/family-R02210-lm-manifest.json (15 variant(s) total).
Parent R02210: witness stressMeta.witnessSolution (len 116, 7 jump(s)), 53 movable object instance(s) under strict inventory.
  variant 1 (rotation): accepted F02210-sym-01
  variant 2 (rotation): accepted F02210-sym-02
  variant 3 (rotation): accepted F02210-sym-03
  variant 4 (reflection): accepted F02210-sym-04
  variant 5 (reflection): accepted F02210-sym-05
  variant 6 (reflection): accepted F02210-sym-06
  variant 7 (reflection): accepted F02210-sym-07

7/7 new symmetry sibling(s) generated for R02210 in 7 attempt(s) (budget 7); 7 total in data/families/family-R02210-sym.json.
Wrote 7 level(s) total to data/families/family-R02210-sym.json (changed=true), 7 hint file(s) written to data/families/hints/.
Wrote family manifest to data/families/family-R02210-sym-manifest.json (7 variant(s) total).
portfolio-solve-sweep: corpus=data/families/family-R02210-lm.json levels=15 (15 to solve) scheduler-mode=legacy budget=8000ms node-budget=20000000 workers=4 save-hints=true
  [1/15] L1 (F02210-lm-01) ok=✗
  [2/15] L2 (F02210-lm-02) ok=✗
  [3/15] L4 (F02210-lm-04) ok=✗
  [4/15] L3 (F02210-lm-03) ok=✗
  [5/15] L5 (F02210-lm-05) ok=✗
  [6/15] L7 (F02210-lm-07) ok=✗
  [7/15] L6 (F02210-lm-06) ok=✗
  [8/15] L8 (F02210-lm-08) ok=✗
  [9/15] L10 (F02210-lm-10) ok=✗
  [10/15] L11 (F02210-lm-11) ok=✗
  [11/15] L9 (F02210-lm-09) ok=✗
  [12/15] L12 (F02210-lm-12) ok=✗
  [13/15] L15 (F02210-lm-15) ok=✗
  [14/15] L13 (F02210-lm-13) ok=✗
  [15/15] L14 (F02210-lm-14) ok=✗
Hints: appended to 0 level(s); 0 hint file(s) changed on disk.
Result: solved=0/15, solvedBeforeFallback=0, fallbackOnly=0, unsolved=15
Wrote logs/family-census/solve-R02210-lm.json
Wrote logs/family-census/solve-R02210-lm-summary.md
portfolio-solve-sweep: corpus=data/families/family-R02210-sym.json levels=7 (7 to solve) scheduler-mode=legacy budget=8000ms node-budget=20000000 workers=4 save-hints=true
  [1/7] L1 (F02210-sym-01) ok=✗
  [2/7] L2 (F02210-sym-02) ok=✗
  [3/7] L3 (F02210-sym-03) ok=✗
  [4/7] L4 (F02210-sym-04) ok=✗
  [5/7] L6 (F02210-sym-06) ok=✗
  [6/7] L5 (F02210-sym-05) ok=✗
  [7/7] L7 (F02210-sym-07) ok=✗
Hints: appended to 0 level(s); 0 hint file(s) changed on disk.
Result: solved=0/7, solvedBeforeFallback=0, fallbackOnly=0, unsolved=7
Wrote logs/family-census/solve-R02210-sym.json
Wrote logs/family-census/solve-R02210-sym-summary.md
[00:23:06] DONE R02210
[00:23:06] START R02254
Parent R02254: witness stressMeta.witnessSolution (len 84, 4 jump(s)), 50 movable object instance(s) under strict inventory.
  attempt 1: accepted F02254-lm-01 — moved blocks (6,8) -> (6,6)
  attempt 2: accepted F02254-lm-02 — moved flippingFilters (7,5) -> (7,3)
  attempt 3: accepted F02254-lm-03 — moved statue (8,10) -> (9,3)
  attempt 4: accepted F02254-lm-04 — moved falseGoals (0,6) -> (5,5)
  attempt 5: accepted F02254-lm-05 — moved blocks (6,4) -> (3,7)
  attempt 6: accepted F02254-lm-06 — moved park (5,12) -> (7,3)
  attempt 7: accepted F02254-lm-07 — moved blocks (5,9) -> (3,7)
  attempt 8: accepted F02254-lm-08 — moved falseGoals (5,4) -> (7,8)
  attempt 9: accepted F02254-lm-09 — moved park (0,7) -> (5,11)
  attempt 10: accepted F02254-lm-10 — moved blocks (8,0) -> (5,8)
  attempt 11: accepted F02254-lm-11 — moved flippingFilters (7,5) -> (9,7)
  attempt 12: accepted F02254-lm-12 — moved blocks (8,9) -> (6,1)
  attempt 13: accepted F02254-lm-13 — moved falseGoals (0,6) -> (7,3)
  attempt 14: accepted F02254-lm-14 — moved falseGoals (0,6) -> (5,11)
  attempt 15: accepted F02254-lm-15 — moved blocks (11,3) -> (3,7)

15/15 new local-mutant sibling(s) generated for R02254 in 15 attempt(s) (budget 600); 15 total in data/families/family-R02254-lm.json.
Wrote 15 level(s) total to data/families/family-R02254-lm.json (changed=true), 15 hint file(s) written to data/families/hints/.
Wrote family manifest to data/families/family-R02254-lm-manifest.json (15 variant(s) total).
Parent R02254: witness stressMeta.witnessSolution (len 84, 4 jump(s)), 50 movable object instance(s) under strict inventory.
  variant 1 (rotation): accepted F02254-sym-01
  variant 2 (rotation): accepted F02254-sym-02
  variant 3 (rotation): accepted F02254-sym-03
  variant 4 (reflection): accepted F02254-sym-04
  variant 5 (reflection): accepted F02254-sym-05
  variant 6 (reflection): accepted F02254-sym-06
  variant 7 (reflection): accepted F02254-sym-07

7/7 new symmetry sibling(s) generated for R02254 in 7 attempt(s) (budget 7); 7 total in data/families/family-R02254-sym.json.
Wrote 7 level(s) total to data/families/family-R02254-sym.json (changed=true), 7 hint file(s) written to data/families/hints/.
Wrote family manifest to data/families/family-R02254-sym-manifest.json (7 variant(s) total).
portfolio-solve-sweep: corpus=data/families/family-R02254-lm.json levels=15 (15 to solve) scheduler-mode=legacy budget=8000ms node-budget=20000000 workers=4 save-hints=true
  [1/15] L4 (F02254-lm-04) ok=✗
  [2/15] L2 (F02254-lm-02) ok=✗
  [3/15] L1 (F02254-lm-01) ok=✗
  [4/15] L3 (F02254-lm-03) ok=✗
  [5/15] L7 (F02254-lm-07) ok=✗
  [6/15] L5 (F02254-lm-05) ok=✗
  [7/15] L6 (F02254-lm-06) ok=✗
  [8/15] L8 (F02254-lm-08) ok=✗
  [9/15] L10 (F02254-lm-10) ok=✗
  [10/15] L9 (F02254-lm-09) ok=✗
  [11/15] L11 (F02254-lm-11) ok=✗
  [12/15] L12 (F02254-lm-12) ok=✗
  [13/15] L15 (F02254-lm-15) ok=✗
  [14/15] L13 (F02254-lm-13) ok=✗
  [15/15] L14 (F02254-lm-14) ok=✗
Hints: appended to 0 level(s); 0 hint file(s) changed on disk.
Result: solved=0/15, solvedBeforeFallback=0, fallbackOnly=0, unsolved=15
Wrote logs/family-census/solve-R02254-lm.json
Wrote logs/family-census/solve-R02254-lm-summary.md
portfolio-solve-sweep: corpus=data/families/family-R02254-sym.json levels=7 (7 to solve) scheduler-mode=legacy budget=8000ms node-budget=20000000 workers=4 save-hints=true
  [1/7] L2 (F02254-sym-02) ok=✗
  [2/7] L4 (F02254-sym-04) ok=✗
  [3/7] L1 (F02254-sym-01) ok=✗
  [4/7] L3 (F02254-sym-03) ok=✗
  [5/7] L6 (F02254-sym-06) ok=✗
  [6/7] L5 (F02254-sym-05) ok=✗
  [7/7] L7 (F02254-sym-07) ok=✗
Hints: appended to 0 level(s); 0 hint file(s) changed on disk.
Result: solved=0/7, solvedBeforeFallback=0, fallbackOnly=0, unsolved=7
Wrote logs/family-census/solve-R02254-sym.json
Wrote logs/family-census/solve-R02254-sym-summary.md
[00:24:10] DONE R02254
[00:24:10] START R02291
Parent R02291: witness hint[0] (len 79, 6 jump(s)), 53 movable object instance(s) under strict inventory.
  attempt 1: accepted F02291-lm-01 — moved park (3,6) -> (9,8)
  attempt 2: accepted F02291-lm-02 — moved statue (4,4) -> (4,1)
  attempt 3: accepted F02291-lm-03 — moved falseGoals (8,1) -> (9,8)
  attempt 4: accepted F02291-lm-04 — moved blocks (6,2) -> (1,0)
  attempt 5: accepted F02291-lm-05 — moved fountain (10,0) -> (10,10)
  attempt 6: accepted F02291-lm-06 — moved flippingFilters (2,7) -> (1,0)
  attempt 7: accepted F02291-lm-07 — moved fountain (2,1) -> (8,8)
  attempt 8: rejected — degenerate duplicate of parent or another accepted variant
  attempt 9: accepted F02291-lm-08 — moved blocks (7,4) -> (1,0)
  attempt 10: accepted F02291-lm-09 — moved library (7,5) -> (2,4)
  attempt 11: accepted F02291-lm-10 — moved falseGoals (6,0) -> (1,0)
  attempt 12: accepted F02291-lm-11 — moved mustPass (7,2) -> (0,4)
  attempt 13: accepted F02291-lm-12 — moved library (7,5) -> (9,8)
  attempt 14: accepted F02291-lm-13 — moved library (3,7) -> (2,4)
  attempt 15: accepted F02291-lm-14 — moved blocks (0,10) -> (9,8)
  attempt 16: accepted F02291-lm-15 — moved flippingFilters (3,2) -> (3,5)

15/15 new local-mutant sibling(s) generated for R02291 in 16 attempt(s) (budget 600); 15 total in data/families/family-R02291-lm.json.
Wrote 15 level(s) total to data/families/family-R02291-lm.json (changed=true), 15 hint file(s) written to data/families/hints/.
Wrote family manifest to data/families/family-R02291-lm-manifest.json (15 variant(s) total).
Parent R02291: witness hint[0] (len 79, 6 jump(s)), 53 movable object instance(s) under strict inventory.
  variant 1 (rotation): accepted F02291-sym-01
  variant 2 (rotation): accepted F02291-sym-02
  variant 3 (rotation): accepted F02291-sym-03
  variant 4 (reflection): accepted F02291-sym-04
  variant 5 (reflection): accepted F02291-sym-05
  variant 6 (reflection): accepted F02291-sym-06
  variant 7 (reflection): accepted F02291-sym-07

7/7 new symmetry sibling(s) generated for R02291 in 7 attempt(s) (budget 7); 7 total in data/families/family-R02291-sym.json.
Wrote 7 level(s) total to data/families/family-R02291-sym.json (changed=true), 7 hint file(s) written to data/families/hints/.
Wrote family manifest to data/families/family-R02291-sym-manifest.json (7 variant(s) total).
portfolio-solve-sweep: corpus=data/families/family-R02291-lm.json levels=15 (15 to solve) scheduler-mode=legacy budget=8000ms node-budget=20000000 workers=4 save-hints=true
  [1/15] L1 (F02291-lm-01) ok=✓ legacy [hint saved]
  [2/15] L4 (F02291-lm-04) ok=✓ legacy [hint saved]
  [3/15] L2 (F02291-lm-02) ok=✗
  [4/15] L3 (F02291-lm-03) ok=✗
  [5/15] L5 (F02291-lm-05) ok=✗
  [6/15] L6 (F02291-lm-06) ok=✗
  [7/15] L7 (F02291-lm-07) ok=✓ legacy [hint saved]
  [8/15] L8 (F02291-lm-08) ok=✗
  [9/15] L9 (F02291-lm-09) ok=✗
  [10/15] L10 (F02291-lm-10) ok=✗
  [11/15] L11 (F02291-lm-11) ok=✗
  [12/15] L12 (F02291-lm-12) ok=✗
  [13/15] L13 (F02291-lm-13) ok=✗
  [14/15] L14 (F02291-lm-14) ok=✗
  [15/15] L15 (F02291-lm-15) ok=✗
Hints: appended to 3 level(s); 3 hint file(s) changed on disk.
Result: solved=3/15, solvedBeforeFallback=0, fallbackOnly=3, unsolved=12
Wrote logs/family-census/solve-R02291-lm.json
Wrote logs/family-census/solve-R02291-lm-summary.md
portfolio-solve-sweep: corpus=data/families/family-R02291-sym.json levels=7 (7 to solve) scheduler-mode=legacy budget=8000ms node-budget=20000000 workers=4 save-hints=true
  [1/7] L4 (F02291-sym-04) ok=✗
  [2/7] L3 (F02291-sym-03) ok=✗
  [3/7] L2 (F02291-sym-02) ok=✗
  [4/7] L1 (F02291-sym-01) ok=✗
  [5/7] L5 (F02291-sym-05) ok=✗
  [6/7] L6 (F02291-sym-06) ok=✗
  [7/7] L7 (F02291-sym-07) ok=✗
Hints: appended to 0 level(s); 0 hint file(s) changed on disk.
Result: solved=0/7, solvedBeforeFallback=0, fallbackOnly=0, unsolved=7
Wrote logs/family-census/solve-R02291-sym.json
Wrote logs/family-census/solve-R02291-sym-summary.md
[00:30:06] DONE R02291
[00:30:06] START R02330
Parent R02330: witness stressMeta.witnessSolution (len 105, 0 jump(s)), 84 movable object instance(s) under strict inventory.
  attempt 1: accepted F02330-lm-01 — moved blocks (9,0) -> (11,4)
  attempt 2: accepted F02330-lm-02 — moved geese (5,0) -> (8,11)
  attempt 3: accepted F02330-lm-03 — moved library (12,12) -> (6,1)
  attempt 4: accepted F02330-lm-04 — moved fountain (7,5) -> (8,5)
  attempt 5: accepted F02330-lm-05 — moved blocks (7,4) -> (11,4)
  attempt 6: accepted F02330-lm-06 — moved blocks (3,2) -> (0,8)
  attempt 7: accepted F02330-lm-07 — moved mustPass (5,9) -> (11,11)
  attempt 8: accepted F02330-lm-08 — moved market (0,4) -> (8,12)
  attempt 9: accepted F02330-lm-09 — moved geese (4,1) -> (4,0)
  attempt 10: accepted F02330-lm-10 — moved falseGoals (7,1) -> (4,0)
  attempt 11: accepted F02330-lm-11 — moved mustPass (5,9) -> (6,2)
  attempt 12: accepted F02330-lm-12 — moved statue (7,12) -> (4,4)
  attempt 13: accepted F02330-lm-13 — moved mustPass (5,9) -> (2,12)
  attempt 14: accepted F02330-lm-14 — moved blocks (3,3) -> (8,12)
  attempt 15: accepted F02330-lm-15 — moved blocks (3,5) -> (8,5)

15/15 new local-mutant sibling(s) generated for R02330 in 15 attempt(s) (budget 600); 15 total in data/families/family-R02330-lm.json.
Wrote 15 level(s) total to data/families/family-R02330-lm.json (changed=true), 15 hint file(s) written to data/families/hints/.
Wrote family manifest to data/families/family-R02330-lm-manifest.json (15 variant(s) total).
Parent R02330: witness stressMeta.witnessSolution (len 105, 0 jump(s)), 84 movable object instance(s) under strict inventory.
  variant 1 (rotation): accepted F02330-sym-01
  variant 2 (rotation): accepted F02330-sym-02
  variant 3 (rotation): accepted F02330-sym-03
  variant 4 (reflection): accepted F02330-sym-04
  variant 5 (reflection): accepted F02330-sym-05
  variant 6 (reflection): accepted F02330-sym-06
  variant 7 (reflection): accepted F02330-sym-07

7/7 new symmetry sibling(s) generated for R02330 in 7 attempt(s) (budget 7); 7 total in data/families/family-R02330-sym.json.
Wrote 7 level(s) total to data/families/family-R02330-sym.json (changed=true), 7 hint file(s) written to data/families/hints/.
Wrote family manifest to data/families/family-R02330-sym-manifest.json (7 variant(s) total).
portfolio-solve-sweep: corpus=data/families/family-R02330-lm.json levels=15 (15 to solve) scheduler-mode=legacy budget=8000ms node-budget=20000000 workers=4 save-hints=true
  [1/15] L1 (F02330-lm-01) ok=✗
  [2/15] L2 (F02330-lm-02) ok=✗
  [3/15] L3 (F02330-lm-03) ok=✗
  [4/15] L4 (F02330-lm-04) ok=✗
  [5/15] L5 (F02330-lm-05) ok=✗
  [6/15] L6 (F02330-lm-06) ok=✗
  [7/15] L8 (F02330-lm-08) ok=✗
  [8/15] L7 (F02330-lm-07) ok=✗
  [9/15] L9 (F02330-lm-09) ok=✗
  [10/15] L10 (F02330-lm-10) ok=✗
  [11/15] L11 (F02330-lm-11) ok=✗
  [12/15] L12 (F02330-lm-12) ok=✗
  [13/15] L13 (F02330-lm-13) ok=✗
  [14/15] L14 (F02330-lm-14) ok=✗
  [15/15] L15 (F02330-lm-15) ok=✗
Hints: appended to 0 level(s); 0 hint file(s) changed on disk.
Result: solved=0/15, solvedBeforeFallback=0, fallbackOnly=0, unsolved=15
Wrote logs/family-census/solve-R02330-lm.json
Wrote logs/family-census/solve-R02330-lm-summary.md
portfolio-solve-sweep: corpus=data/families/family-R02330-sym.json levels=7 (7 to solve) scheduler-mode=legacy budget=8000ms node-budget=20000000 workers=4 save-hints=true
  [1/7] L3 (F02330-sym-03) ok=✗
  [2/7] L2 (F02330-sym-02) ok=✗
  [3/7] L4 (F02330-sym-04) ok=✗
  [4/7] L1 (F02330-sym-01) ok=✗
  [5/7] L6 (F02330-sym-06) ok=✗
  [6/7] L5 (F02330-sym-05) ok=✗
  [7/7] L7 (F02330-sym-07) ok=✗
Hints: appended to 0 level(s); 0 hint file(s) changed on disk.
Result: solved=0/7, solvedBeforeFallback=0, fallbackOnly=0, unsolved=7
Wrote logs/family-census/solve-R02330-sym.json
Wrote logs/family-census/solve-R02330-sym-summary.md
[00:36:39] DONE R02330
[00:36:39] START R02368
Parent R02368: witness stressMeta.witnessSolution (len 126, 0 jump(s)), 61 movable object instance(s) under strict inventory.
  attempt 1: accepted F02368-lm-01 — moved blocks (2,12) -> (13,12)
  attempt 2: accepted F02368-lm-02 — moved park (6,4) -> (14,1)
  attempt 3: accepted F02368-lm-03 — moved blocks (10,6) -> (6,2)
  attempt 4: accepted F02368-lm-04 — moved blocks (0,12) -> (9,1)
  attempt 5: accepted F02368-lm-05 — moved falseGoals (8,6) -> (8,5)
  attempt 6: accepted F02368-lm-06 — moved park (4,0) -> (12,8)
  attempt 7: accepted F02368-lm-07 — moved park (6,4) -> (14,12)
  attempt 8: accepted F02368-lm-08 — moved geese (7,6) -> (12,12)
  attempt 9: accepted F02368-lm-09 — moved blocks (8,7) -> (8,3)
  attempt 10: accepted F02368-lm-10 — moved geese (7,2) -> (14,12)
  attempt 11: accepted F02368-lm-11 — moved falseGoals (8,6) -> (10,9)
  attempt 12: accepted F02368-lm-12 — moved blocks (2,12) -> (11,5)
  attempt 13: accepted F02368-lm-13 — moved geese (2,11) -> (14,1)
  attempt 14: accepted F02368-lm-14 — moved blocks (2,12) -> (10,9)
  attempt 15: accepted F02368-lm-15 — moved statue (0,11) -> (11,6)

15/15 new local-mutant sibling(s) generated for R02368 in 15 attempt(s) (budget 600); 15 total in data/families/family-R02368-lm.json.
Wrote 15 level(s) total to data/families/family-R02368-lm.json (changed=true), 15 hint file(s) written to data/families/hints/.
Wrote family manifest to data/families/family-R02368-lm-manifest.json (15 variant(s) total).
Parent R02368: witness stressMeta.witnessSolution (len 126, 0 jump(s)), 61 movable object instance(s) under strict inventory.
  variant 1 (rotation): accepted F02368-sym-01
  variant 2 (rotation): accepted F02368-sym-02
  variant 3 (rotation): accepted F02368-sym-03
  variant 4 (reflection): accepted F02368-sym-04
  variant 5 (reflection): accepted F02368-sym-05
  variant 6 (reflection): accepted F02368-sym-06
  variant 7 (reflection): accepted F02368-sym-07

7/7 new symmetry sibling(s) generated for R02368 in 7 attempt(s) (budget 7); 7 total in data/families/family-R02368-sym.json.
Wrote 7 level(s) total to data/families/family-R02368-sym.json (changed=true), 7 hint file(s) written to data/families/hints/.
Wrote family manifest to data/families/family-R02368-sym-manifest.json (7 variant(s) total).
portfolio-solve-sweep: corpus=data/families/family-R02368-lm.json levels=15 (15 to solve) scheduler-mode=legacy budget=8000ms node-budget=20000000 workers=4 save-hints=true
  [1/15] L4 (F02368-lm-04) ok=✗
  [2/15] L2 (F02368-lm-02) ok=✗
  [3/15] L1 (F02368-lm-01) ok=✗
  [4/15] L3 (F02368-lm-03) ok=✗
  [5/15] L5 (F02368-lm-05) ok=✗
  [6/15] L8 (F02368-lm-08) ok=✗
  [7/15] L7 (F02368-lm-07) ok=✗
  [8/15] L6 (F02368-lm-06) ok=✗
  [9/15] L9 (F02368-lm-09) ok=✗
  [10/15] L10 (F02368-lm-10) ok=✗
  [11/15] L12 (F02368-lm-12) ok=✗
  [12/15] L11 (F02368-lm-11) ok=✗
  [13/15] L14 (F02368-lm-14) ok=✗
  [14/15] L13 (F02368-lm-13) ok=✗
  [15/15] L15 (F02368-lm-15) ok=✗
Hints: appended to 0 level(s); 0 hint file(s) changed on disk.
Result: solved=0/15, solvedBeforeFallback=0, fallbackOnly=0, unsolved=15
Wrote logs/family-census/solve-R02368-lm.json
Wrote logs/family-census/solve-R02368-lm-summary.md
portfolio-solve-sweep: corpus=data/families/family-R02368-sym.json levels=7 (7 to solve) scheduler-mode=legacy budget=8000ms node-budget=20000000 workers=4 save-hints=true
  [1/7] L2 (F02368-sym-02) ok=✗
  [2/7] L3 (F02368-sym-03) ok=✗
  [3/7] L1 (F02368-sym-01) ok=✗
  [4/7] L4 (F02368-sym-04) ok=✗
  [5/7] L7 (F02368-sym-07) ok=✗
  [6/7] L5 (F02368-sym-05) ok=✗
  [7/7] L6 (F02368-sym-06) ok=✗
Hints: appended to 0 level(s); 0 hint file(s) changed on disk.
Result: solved=0/7, solvedBeforeFallback=0, fallbackOnly=0, unsolved=7
Wrote logs/family-census/solve-R02368-sym.json
Wrote logs/family-census/solve-R02368-sym-summary.md
[00:43:10] DONE R02368
[00:43:10] START R02404
Parent R02404: witness stressMeta.witnessSolution (len 135, 5 jump(s)), 56 movable object instance(s) under strict inventory.
  attempt 1: accepted F02404-lm-01 — moved fountain (9,13) -> (12,6)
  attempt 2: accepted F02404-lm-02 — moved blocks (4,14) -> (5,5)
  attempt 3: accepted F02404-lm-03 — moved flippingFilters (3,6) -> (5,12)
  attempt 4: accepted F02404-lm-04 — moved blocks (8,14) -> (11,13)
  attempt 5: accepted F02404-lm-05 — moved blocks (11,6) -> (3,8)
  attempt 6: accepted F02404-lm-06 — moved blocks (4,1) -> (4,13)
  attempt 7: accepted F02404-lm-07 — moved geese (14,0) -> (3,7)
  attempt 8: accepted F02404-lm-08 — moved park (2,5) -> (7,13)
  attempt 9: accepted F02404-lm-09 — moved blocks (4,14) -> (11,11)
  attempt 10: accepted F02404-lm-10 — moved lamppost (12,5) -> (11,12)
  attempt 11: accepted F02404-lm-11 — moved blocks (4,12) -> (10,14)
  attempt 12: accepted F02404-lm-12 — moved blocks (12,12) -> (10,14)
  attempt 13: accepted F02404-lm-13 — moved fountain (8,7) -> (5,4)
  attempt 14: accepted F02404-lm-14 — moved blocks (4,12) -> (6,2)
  attempt 15: accepted F02404-lm-15 — moved flippingFilters (3,6) -> (13,13)

15/15 new local-mutant sibling(s) generated for R02404 in 15 attempt(s) (budget 600); 15 total in data/families/family-R02404-lm.json.
Wrote 15 level(s) total to data/families/family-R02404-lm.json (changed=true), 15 hint file(s) written to data/families/hints/.
Wrote family manifest to data/families/family-R02404-lm-manifest.json (15 variant(s) total).
Parent R02404: witness stressMeta.witnessSolution (len 135, 5 jump(s)), 56 movable object instance(s) under strict inventory.
  variant 1 (rotation): accepted F02404-sym-01
  variant 2 (rotation): accepted F02404-sym-02
  variant 3 (rotation): accepted F02404-sym-03
  variant 4 (reflection): accepted F02404-sym-04
  variant 5 (reflection): accepted F02404-sym-05
  variant 6 (reflection): accepted F02404-sym-06
  variant 7 (reflection): accepted F02404-sym-07

7/7 new symmetry sibling(s) generated for R02404 in 7 attempt(s) (budget 7); 7 total in data/families/family-R02404-sym.json.
Wrote 7 level(s) total to data/families/family-R02404-sym.json (changed=true), 7 hint file(s) written to data/families/hints/.
Wrote family manifest to data/families/family-R02404-sym-manifest.json (7 variant(s) total).
portfolio-solve-sweep: corpus=data/families/family-R02404-lm.json levels=15 (15 to solve) scheduler-mode=legacy budget=8000ms node-budget=20000000 workers=4 save-hints=true
  [1/15] L3 (F02404-lm-03) ok=✗
  [2/15] L4 (F02404-lm-04) ok=✗
  [3/15] L2 (F02404-lm-02) ok=✗
  [4/15] L1 (F02404-lm-01) ok=✗
  [5/15] L8 (F02404-lm-08) ok=✗
  [6/15] L7 (F02404-lm-07) ok=✗
  [7/15] L6 (F02404-lm-06) ok=✗
  [8/15] L5 (F02404-lm-05) ok=✗
  [9/15] L12 (F02404-lm-12) ok=✗
  [10/15] L10 (F02404-lm-10) ok=✗
  [11/15] L9 (F02404-lm-09) ok=✗
  [12/15] L11 (F02404-lm-11) ok=✗
  [13/15] L13 (F02404-lm-13) ok=✗
  [14/15] L14 (F02404-lm-14) ok=✗
  [15/15] L15 (F02404-lm-15) ok=✗
Hints: appended to 0 level(s); 0 hint file(s) changed on disk.
Result: solved=0/15, solvedBeforeFallback=0, fallbackOnly=0, unsolved=15
Wrote logs/family-census/solve-R02404-lm.json
Wrote logs/family-census/solve-R02404-lm-summary.md
portfolio-solve-sweep: corpus=data/families/family-R02404-sym.json levels=7 (7 to solve) scheduler-mode=legacy budget=8000ms node-budget=20000000 workers=4 save-hints=true
  [1/7] L1 (F02404-sym-01) ok=✗
  [2/7] L4 (F02404-sym-04) ok=✗
  [3/7] L3 (F02404-sym-03) ok=✗
  [4/7] L2 (F02404-sym-02) ok=✗
  [5/7] L5 (F02404-sym-05) ok=✗
  [6/7] L7 (F02404-sym-07) ok=✗
  [7/7] L6 (F02404-sym-06) ok=✗
Hints: appended to 0 level(s); 0 hint file(s) changed on disk.
Result: solved=0/7, solvedBeforeFallback=0, fallbackOnly=0, unsolved=7
Wrote logs/family-census/solve-R02404-sym.json
Wrote logs/family-census/solve-R02404-sym-summary.md
[00:47:04] DONE R02404
[00:47:04] START R02449
Parent R02449: witness stressMeta.witnessSolution (len 77, 6 jump(s)), 32 movable object instance(s) under strict inventory.
  attempt 1: accepted F02449-lm-01 — moved blocks (9,0) -> (10,5)
  attempt 2: accepted F02449-lm-02 — moved blocks (10,4) -> (9,4)
  attempt 3: accepted F02449-lm-03 — moved flippingFilters (7,1) -> (9,1)
  attempt 4: accepted F02449-lm-04 — moved blocks (8,4) -> (9,7)
  attempt 5: accepted F02449-lm-05 — moved blocks (5,10) -> (7,0)
  attempt 6: accepted F02449-lm-06 — moved flippingFilters (8,2) -> (11,2)
  attempt 7: accepted F02449-lm-07 — moved blocks (4,8) -> (7,0)
  attempt 8: accepted F02449-lm-08 — moved blocks (4,0) -> (6,1)
  attempt 9: accepted F02449-lm-09 — moved blocks (1,3) -> (5,8)
  attempt 10: accepted F02449-lm-10 — moved blocks (7,4) -> (10,5)
  attempt 11: accepted F02449-lm-11 — moved blocks (4,8) -> (7,11)
  attempt 12: accepted F02449-lm-12 — moved blocks (0,0) -> (0,2)
  attempt 13: accepted F02449-lm-13 — moved blocks (10,0) -> (6,0)
  attempt 14: accepted F02449-lm-14 — moved flippingFilters (7,1) -> (11,2)
  attempt 15: accepted F02449-lm-15 — moved flippingFilters (7,1) -> (3,9)

15/15 new local-mutant sibling(s) generated for R02449 in 15 attempt(s) (budget 600); 15 total in data/families/family-R02449-lm.json.
Wrote 15 level(s) total to data/families/family-R02449-lm.json (changed=true), 15 hint file(s) written to data/families/hints/.
Wrote family manifest to data/families/family-R02449-lm-manifest.json (15 variant(s) total).
Parent R02449: witness stressMeta.witnessSolution (len 77, 6 jump(s)), 32 movable object instance(s) under strict inventory.
  variant 1 (rotation): accepted F02449-sym-01
  variant 2 (rotation): accepted F02449-sym-02
  variant 3 (rotation): accepted F02449-sym-03
  variant 4 (reflection): accepted F02449-sym-04
  variant 5 (reflection): accepted F02449-sym-05
  variant 6 (reflection): accepted F02449-sym-06
  variant 7 (reflection): accepted F02449-sym-07

7/7 new symmetry sibling(s) generated for R02449 in 7 attempt(s) (budget 7); 7 total in data/families/family-R02449-sym.json.
Wrote 7 level(s) total to data/families/family-R02449-sym.json (changed=true), 7 hint file(s) written to data/families/hints/.
Wrote family manifest to data/families/family-R02449-sym-manifest.json (7 variant(s) total).
portfolio-solve-sweep: corpus=data/families/family-R02449-lm.json levels=15 (15 to solve) scheduler-mode=legacy budget=8000ms node-budget=20000000 workers=4 save-hints=true
  [1/15] L3 (F02449-lm-03) ok=✓ legacy [hint saved]
  [2/15] L2 (F02449-lm-02) ok=✓ legacy [hint saved]
  [3/15] L4 (F02449-lm-04) ok=✗
  [4/15] L1 (F02449-lm-01) ok=✗
  [5/15] L6 (F02449-lm-06) ok=✓ legacy [hint saved]
  [6/15] L5 (F02449-lm-05) ok=✗
  [7/15] L7 (F02449-lm-07) ok=✓ legacy [hint saved]
  [8/15] L8 (F02449-lm-08) ok=✗
  [9/15] L9 (F02449-lm-09) ok=✗
  [10/15] L10 (F02449-lm-10) ok=✗
  [11/15] L14 (F02449-lm-14) ok=✓ legacy [hint saved]
  [12/15] L11 (F02449-lm-11) ok=✓ legacy [hint saved]
  [13/15] L15 (F02449-lm-15) ok=✓ legacy [hint saved]
  [14/15] L12 (F02449-lm-12) ok=✗
  [15/15] L13 (F02449-lm-13) ok=✗
Hints: appended to 7 level(s); 7 hint file(s) changed on disk.
Result: solved=7/15, solvedBeforeFallback=0, fallbackOnly=7, unsolved=8
Wrote logs/family-census/solve-R02449-lm.json
Wrote logs/family-census/solve-R02449-lm-summary.md
portfolio-solve-sweep: corpus=data/families/family-R02449-sym.json levels=7 (7 to solve) scheduler-mode=legacy budget=8000ms node-budget=20000000 workers=4 save-hints=true
  [1/7] L2 (F02449-sym-02) ok=✗
  [2/7] L1 (F02449-sym-01) ok=✗
  [3/7] L3 (F02449-sym-03) ok=✗
  [4/7] L4 (F02449-sym-04) ok=✗
  [5/7] L6 (F02449-sym-06) ok=✗
  [6/7] L5 (F02449-sym-05) ok=✗
  [7/7] L7 (F02449-sym-07) ok=✗
Hints: appended to 0 level(s); 0 hint file(s) changed on disk.
Result: solved=0/7, solvedBeforeFallback=0, fallbackOnly=0, unsolved=7
Wrote logs/family-census/solve-R02449-sym.json
Wrote logs/family-census/solve-R02449-sym-summary.md
[00:48:32] DONE R02449
[00:48:32] START R02486
Parent R02486: witness stressMeta.witnessSolution (len 115, 4 jump(s)), 64 movable object instance(s) under strict inventory.
  attempt 1: accepted F02486-lm-01 — moved mustPass (4,0) -> (8,3)
  attempt 2: accepted F02486-lm-02 — moved geese (12,6) -> (0,12)
  attempt 3: accepted F02486-lm-03 — moved falseGoals (9,6) -> (5,1)
  attempt 4: accepted F02486-lm-04 — moved geese (12,6) -> (3,11)
  attempt 5: accepted F02486-lm-05 — moved mustPass (4,1) -> (7,3)
  attempt 6: accepted F02486-lm-06 — moved blocks (5,7) -> (3,11)
  attempt 7: accepted F02486-lm-07 — moved falseGoals (9,7) -> (0,12)
  attempt 8: accepted F02486-lm-08 — moved statue (9,12) -> (0,12)
  attempt 9: accepted F02486-lm-09 — moved blocks (7,0) -> (2,11)
  attempt 10: accepted F02486-lm-10 — moved geese (2,12) -> (8,0)
  attempt 11: accepted F02486-lm-11 — moved library (1,6) -> (0,12)
  attempt 12: rejected — degenerate duplicate of parent or another accepted variant
  attempt 13: accepted F02486-lm-12 — moved blocks (5,2) -> (6,0)
  attempt 14: accepted F02486-lm-13 — moved statue (8,7) -> (5,1)
  attempt 15: rejected — degenerate duplicate of parent or another accepted variant
  attempt 16: accepted F02486-lm-14 — moved blocks (12,12) -> (3,11)
  attempt 17: accepted F02486-lm-15 — moved blocks (1,10) -> (5,1)

15/15 new local-mutant sibling(s) generated for R02486 in 17 attempt(s) (budget 600); 15 total in data/families/family-R02486-lm.json.
Wrote 15 level(s) total to data/families/family-R02486-lm.json (changed=true), 15 hint file(s) written to data/families/hints/.
Wrote family manifest to data/families/family-R02486-lm-manifest.json (15 variant(s) total).
Parent R02486: witness stressMeta.witnessSolution (len 115, 4 jump(s)), 64 movable object instance(s) under strict inventory.
  variant 1 (rotation): accepted F02486-sym-01
  variant 2 (rotation): accepted F02486-sym-02
  variant 3 (rotation): accepted F02486-sym-03
  variant 4 (reflection): accepted F02486-sym-04
  variant 5 (reflection): accepted F02486-sym-05
  variant 6 (reflection): accepted F02486-sym-06
  variant 7 (reflection): accepted F02486-sym-07

7/7 new symmetry sibling(s) generated for R02486 in 7 attempt(s) (budget 7); 7 total in data/families/family-R02486-sym.json.
Wrote 7 level(s) total to data/families/family-R02486-sym.json (changed=true), 7 hint file(s) written to data/families/hints/.
Wrote family manifest to data/families/family-R02486-sym-manifest.json (7 variant(s) total).
portfolio-solve-sweep: corpus=data/families/family-R02486-lm.json levels=15 (15 to solve) scheduler-mode=legacy budget=8000ms node-budget=20000000 workers=4 save-hints=true
  [1/15] L2 (F02486-lm-02) ok=✗
  [2/15] L1 (F02486-lm-01) ok=✗
  [3/15] L4 (F02486-lm-04) ok=✗
  [4/15] L3 (F02486-lm-03) ok=✗
  [5/15] L8 (F02486-lm-08) ok=✗
  [6/15] L5 (F02486-lm-05) ok=✗
  [7/15] L6 (F02486-lm-06) ok=✗
  [8/15] L7 (F02486-lm-07) ok=✗
  [9/15] L9 (F02486-lm-09) ok=✗
  [10/15] L11 (F02486-lm-11) ok=✗
  [11/15] L10 (F02486-lm-10) ok=✗
  [12/15] L12 (F02486-lm-12) ok=✗
  [13/15] L14 (F02486-lm-14) ok=✗
  [14/15] L13 (F02486-lm-13) ok=✗
  [15/15] L15 (F02486-lm-15) ok=✗
Hints: appended to 0 level(s); 0 hint file(s) changed on disk.
Result: solved=0/15, solvedBeforeFallback=0, fallbackOnly=0, unsolved=15
Wrote logs/family-census/solve-R02486-lm.json
Wrote logs/family-census/solve-R02486-lm-summary.md
portfolio-solve-sweep: corpus=data/families/family-R02486-sym.json levels=7 (7 to solve) scheduler-mode=legacy budget=8000ms node-budget=20000000 workers=4 save-hints=true
  [1/7] L3 (F02486-sym-03) ok=✗
  [2/7] L4 (F02486-sym-04) ok=✗
  [3/7] L1 (F02486-sym-01) ok=✗
  [4/7] L2 (F02486-sym-02) ok=✗
  [5/7] L5 (F02486-sym-05) ok=✗
  [6/7] L7 (F02486-sym-07) ok=✗
  [7/7] L6 (F02486-sym-06) ok=✗
Hints: appended to 0 level(s); 0 hint file(s) changed on disk.
Result: solved=0/7, solvedBeforeFallback=0, fallbackOnly=0, unsolved=7
Wrote logs/family-census/solve-R02486-sym.json
Wrote logs/family-census/solve-R02486-sym-summary.md
[00:50:46] DONE R02486
[00:50:46] START R02527
Parent R02527: witness stressMeta.witnessSolution (len 129, 7 jump(s)), 30 movable object instance(s) under strict inventory.
  attempt 1: accepted F02527-lm-01 — moved fountain (6,9) -> (12,11)
  attempt 2: accepted F02527-lm-02 — moved falseGoals (0,2) -> (7,9)
  attempt 3: accepted F02527-lm-03 — moved blocks (9,2) -> (11,0)
  attempt 4: accepted F02527-lm-04 — moved park (3,2) -> (1,5)
  attempt 5: accepted F02527-lm-05 — moved lamppost (8,2) -> (7,9)
  attempt 6: accepted F02527-lm-06 — moved blocks (1,2) -> (12,0)
  attempt 7: accepted F02527-lm-07 — moved lamppost (9,5) -> (12,0)
  attempt 8: accepted F02527-lm-08 — moved fountain (10,10) -> (8,1)
  attempt 9: accepted F02527-lm-09 — moved blocks (5,10) -> (8,4)
  attempt 10: accepted F02527-lm-10 — moved fountain (1,10) -> (9,4)
  attempt 11: rejected — degenerate duplicate of parent or another accepted variant
  attempt 12: accepted F02527-lm-11 — moved fountain (12,12) -> (8,1)
  attempt 13: accepted F02527-lm-12 — moved statue (12,1) -> (11,12)
  attempt 14: accepted F02527-lm-13 — moved fountain (1,10) -> (8,4)
  attempt 15: accepted F02527-lm-14 — moved park (9,0) -> (8,1)
  attempt 16: accepted F02527-lm-15 — moved blocks (10,4) -> (11,12)

15/15 new local-mutant sibling(s) generated for R02527 in 16 attempt(s) (budget 600); 15 total in data/families/family-R02527-lm.json.
Wrote 15 level(s) total to data/families/family-R02527-lm.json (changed=true), 15 hint file(s) written to data/families/hints/.
Wrote family manifest to data/families/family-R02527-lm-manifest.json (15 variant(s) total).
Parent R02527: witness stressMeta.witnessSolution (len 129, 7 jump(s)), 30 movable object instance(s) under strict inventory.
  variant 1 (rotation): accepted F02527-sym-01
  variant 2 (rotation): accepted F02527-sym-02
  variant 3 (rotation): accepted F02527-sym-03
  variant 4 (reflection): accepted F02527-sym-04
  variant 5 (reflection): accepted F02527-sym-05
  variant 6 (reflection): accepted F02527-sym-06
  variant 7 (reflection): accepted F02527-sym-07

7/7 new symmetry sibling(s) generated for R02527 in 7 attempt(s) (budget 7); 7 total in data/families/family-R02527-sym.json.
Wrote 7 level(s) total to data/families/family-R02527-sym.json (changed=true), 7 hint file(s) written to data/families/hints/.
Wrote family manifest to data/families/family-R02527-sym-manifest.json (7 variant(s) total).
portfolio-solve-sweep: corpus=data/families/family-R02527-lm.json levels=15 (15 to solve) scheduler-mode=legacy budget=8000ms node-budget=20000000 workers=4 save-hints=true
  [1/15] L3 (F02527-lm-03) ok=✗
  [2/15] L4 (F02527-lm-04) ok=✗
  [3/15] L1 (F02527-lm-01) ok=✗
  [4/15] L2 (F02527-lm-02) ok=✗
  [5/15] L8 (F02527-lm-08) ok=✗
  [6/15] L5 (F02527-lm-05) ok=✗
  [7/15] L6 (F02527-lm-06) ok=✗
  [8/15] L7 (F02527-lm-07) ok=✗
  [9/15] L11 (F02527-lm-11) ok=✗
  [10/15] L9 (F02527-lm-09) ok=✗
  [11/15] L10 (F02527-lm-10) ok=✗
  [12/15] L12 (F02527-lm-12) ok=✗
  [13/15] L13 (F02527-lm-13) ok=✗
  [14/15] L15 (F02527-lm-15) ok=✗
  [15/15] L14 (F02527-lm-14) ok=✗
Hints: appended to 0 level(s); 0 hint file(s) changed on disk.
Result: solved=0/15, solvedBeforeFallback=0, fallbackOnly=0, unsolved=15
Wrote logs/family-census/solve-R02527-lm.json
Wrote logs/family-census/solve-R02527-lm-summary.md
portfolio-solve-sweep: corpus=data/families/family-R02527-sym.json levels=7 (7 to solve) scheduler-mode=legacy budget=8000ms node-budget=20000000 workers=4 save-hints=true
  [1/7] L3 (F02527-sym-03) ok=✗
  [2/7] L2 (F02527-sym-02) ok=✗
  [3/7] L4 (F02527-sym-04) ok=✗
  [4/7] L1 (F02527-sym-01) ok=✗
  [5/7] L5 (F02527-sym-05) ok=✗
  [6/7] L7 (F02527-sym-07) ok=✗
  [7/7] L6 (F02527-sym-06) ok=✗
Hints: appended to 0 level(s); 0 hint file(s) changed on disk.
Result: solved=0/7, solvedBeforeFallback=0, fallbackOnly=0, unsolved=7
Wrote logs/family-census/solve-R02527-sym.json
Wrote logs/family-census/solve-R02527-sym-summary.md
[00:54:25] DONE R02527
[00:54:25] START R02556
Parent R02556: witness stressMeta.witnessSolution (len 133, 0 jump(s)), 53 movable object instance(s) under strict inventory.
  attempt 1: accepted F02556-lm-01 — moved park (5,13) -> (9,4)
  attempt 2: accepted F02556-lm-02 — moved statue (7,10) -> (11,12)
  attempt 3: accepted F02556-lm-03 — moved blocks (12,13) -> (6,11)
  attempt 4: accepted F02556-lm-04 — moved mustPass (3,11) -> (4,0)
  attempt 5: accepted F02556-lm-05 — moved geese (13,10) -> (9,11)
  attempt 6: accepted F02556-lm-06 — moved statue (7,10) -> (6,2)
  attempt 7: accepted F02556-lm-07 — moved fountain (3,1) -> (13,6)
  attempt 8: accepted F02556-lm-08 — moved library (1,3) -> (13,3)
  attempt 9: accepted F02556-lm-09 — moved blocks (10,12) -> (9,11)
  attempt 10: accepted F02556-lm-10 — moved lamppost (8,2) -> (9,3)
  attempt 11: accepted F02556-lm-11 — moved geese (13,12) -> (9,3)
  attempt 12: accepted F02556-lm-12 — moved mustPass (3,11) -> (9,0)
  attempt 13: accepted F02556-lm-13 — moved mustPass (12,7) -> (9,0)
  attempt 14: accepted F02556-lm-14 — moved blocks (8,13) -> (9,4)
  attempt 15: accepted F02556-lm-15 — moved blocks (11,11) -> (9,9)

15/15 new local-mutant sibling(s) generated for R02556 in 15 attempt(s) (budget 600); 15 total in data/families/family-R02556-lm.json.
Wrote 15 level(s) total to data/families/family-R02556-lm.json (changed=true), 15 hint file(s) written to data/families/hints/.
Wrote family manifest to data/families/family-R02556-lm-manifest.json (15 variant(s) total).
Parent R02556: witness stressMeta.witnessSolution (len 133, 0 jump(s)), 53 movable object instance(s) under strict inventory.
  variant 1 (rotation): accepted F02556-sym-01
  variant 2 (rotation): accepted F02556-sym-02
  variant 3 (rotation): accepted F02556-sym-03
  variant 4 (reflection): accepted F02556-sym-04
  variant 5 (reflection): accepted F02556-sym-05
  variant 6 (reflection): accepted F02556-sym-06
  variant 7 (reflection): accepted F02556-sym-07

7/7 new symmetry sibling(s) generated for R02556 in 7 attempt(s) (budget 7); 7 total in data/families/family-R02556-sym.json.
Wrote 7 level(s) total to data/families/family-R02556-sym.json (changed=true), 7 hint file(s) written to data/families/hints/.
Wrote family manifest to data/families/family-R02556-sym-manifest.json (7 variant(s) total).
portfolio-solve-sweep: corpus=data/families/family-R02556-lm.json levels=15 (15 to solve) scheduler-mode=legacy budget=8000ms node-budget=20000000 workers=4 save-hints=true
  [1/15] L1 (F02556-lm-01) ok=✗
  [2/15] L2 (F02556-lm-02) ok=✗
  [3/15] L4 (F02556-lm-04) ok=✗
  [4/15] L3 (F02556-lm-03) ok=✗
  [5/15] L5 (F02556-lm-05) ok=✗
  [6/15] L7 (F02556-lm-07) ok=✗
  [7/15] L6 (F02556-lm-06) ok=✗
  [8/15] L8 (F02556-lm-08) ok=✗
  [9/15] L10 (F02556-lm-10) ok=✗
  [10/15] L11 (F02556-lm-11) ok=✗
  [11/15] L9 (F02556-lm-09) ok=✗
  [12/15] L12 (F02556-lm-12) ok=✗
  [13/15] L15 (F02556-lm-15) ok=✗
  [14/15] L13 (F02556-lm-13) ok=✗
  [15/15] L14 (F02556-lm-14) ok=✗
Hints: appended to 0 level(s); 0 hint file(s) changed on disk.
Result: solved=0/15, solvedBeforeFallback=0, fallbackOnly=0, unsolved=15
Wrote logs/family-census/solve-R02556-lm.json
Wrote logs/family-census/solve-R02556-lm-summary.md
portfolio-solve-sweep: corpus=data/families/family-R02556-sym.json levels=7 (7 to solve) scheduler-mode=legacy budget=8000ms node-budget=20000000 workers=4 save-hints=true
  [1/7] L1 (F02556-sym-01) ok=✗
  [2/7] L3 (F02556-sym-03) ok=✗
  [3/7] L2 (F02556-sym-02) ok=✗
  [4/7] L4 (F02556-sym-04) ok=✗
  [5/7] L6 (F02556-sym-06) ok=✗
  [6/7] L5 (F02556-sym-05) ok=✗
  [7/7] L7 (F02556-sym-07) ok=✗
Hints: appended to 0 level(s); 0 hint file(s) changed on disk.
Result: solved=0/7, solvedBeforeFallback=0, fallbackOnly=0, unsolved=7
Wrote logs/family-census/solve-R02556-sym.json
Wrote logs/family-census/solve-R02556-sym-summary.md
[01:00:52] DONE R02556
[01:00:52] START R02597
Parent R02597: witness stressMeta.witnessSolution (len 78, 7 jump(s)), 46 movable object instance(s) under strict inventory.
  attempt 1: accepted F02597-lm-01 — moved mustPass (1,4) -> (10,3)
  attempt 2: accepted F02597-lm-02 — moved statue (7,2) -> (2,10)
  attempt 3: accepted F02597-lm-03 — moved park (1,3) -> (10,4)
  attempt 4: accepted F02597-lm-04 — moved blocks (11,8) -> (6,5)
  attempt 5: accepted F02597-lm-05 — moved library (11,0) -> (7,10)
  attempt 6: accepted F02597-lm-06 — moved fountain (4,8) -> (9,6)
  attempt 7: accepted F02597-lm-07 — moved park (1,3) -> (7,11)
  attempt 8: accepted F02597-lm-08 — moved fountain (4,8) -> (2,7)
  attempt 9: accepted F02597-lm-09 — moved library (11,0) -> (3,3)
  attempt 10: accepted F02597-lm-10 — moved fountain (4,8) -> (5,3)
  attempt 11: accepted F02597-lm-11 — moved blocks (7,7) -> (5,3)
  attempt 12: accepted F02597-lm-12 — moved library (2,0) -> (5,4)
  attempt 13: accepted F02597-lm-13 — moved market (6,1) -> (11,7)
  attempt 14: accepted F02597-lm-14 — moved mustPass (3,2) -> (4,6)
  attempt 15: accepted F02597-lm-15 — moved mustPass (3,2) -> (9,11)

15/15 new local-mutant sibling(s) generated for R02597 in 15 attempt(s) (budget 600); 15 total in data/families/family-R02597-lm.json.
Wrote 15 level(s) total to data/families/family-R02597-lm.json (changed=true), 15 hint file(s) written to data/families/hints/.
Wrote family manifest to data/families/family-R02597-lm-manifest.json (15 variant(s) total).
Parent R02597: witness stressMeta.witnessSolution (len 78, 7 jump(s)), 46 movable object instance(s) under strict inventory.
  variant 1 (rotation): accepted F02597-sym-01
  variant 2 (rotation): accepted F02597-sym-02
  variant 3 (rotation): accepted F02597-sym-03
  variant 4 (reflection): accepted F02597-sym-04
  variant 5 (reflection): accepted F02597-sym-05
  variant 6 (reflection): accepted F02597-sym-06
  variant 7 (reflection): accepted F02597-sym-07

7/7 new symmetry sibling(s) generated for R02597 in 7 attempt(s) (budget 7); 7 total in data/families/family-R02597-sym.json.
Wrote 7 level(s) total to data/families/family-R02597-sym.json (changed=true), 7 hint file(s) written to data/families/hints/.
Wrote family manifest to data/families/family-R02597-sym-manifest.json (7 variant(s) total).
portfolio-solve-sweep: corpus=data/families/family-R02597-lm.json levels=15 (15 to solve) scheduler-mode=legacy budget=8000ms node-budget=20000000 workers=4 save-hints=true
  [1/15] L1 (F02597-lm-01) ok=✓ legacy [hint saved]
  [2/15] L5 (F02597-lm-05) ok=✓ legacy [hint saved]
  [3/15] L2 (F02597-lm-02) ok=✓ legacy [hint saved]
  [4/15] L3 (F02597-lm-03) ok=✓ legacy [hint saved]
  [5/15] L4 (F02597-lm-04) ok=✗
  [6/15] L8 (F02597-lm-08) ok=✓ legacy [hint saved]
  [7/15] L6 (F02597-lm-06) ok=✗
  [8/15] L7 (F02597-lm-07) ok=✗
  [9/15] L9 (F02597-lm-09) ok=✗
  [10/15] L11 (F02597-lm-11) ok=✗
  [11/15] L10 (F02597-lm-10) ok=✗
  [12/15] L12 (F02597-lm-12) ok=✗
  [13/15] L13 (F02597-lm-13) ok=✗
  [14/15] L14 (F02597-lm-14) ok=✗
  [15/15] L15 (F02597-lm-15) ok=✗
Hints: appended to 5 level(s); 5 hint file(s) changed on disk.
Result: solved=5/15, solvedBeforeFallback=0, fallbackOnly=5, unsolved=10
Wrote logs/family-census/solve-R02597-lm.json
Wrote logs/family-census/solve-R02597-lm-summary.md
portfolio-solve-sweep: corpus=data/families/family-R02597-sym.json levels=7 (7 to solve) scheduler-mode=legacy budget=8000ms node-budget=20000000 workers=4 save-hints=true
  [1/7] L3 (F02597-sym-03) ok=✗
  [2/7] L2 (F02597-sym-02) ok=✗
  [3/7] L4 (F02597-sym-04) ok=✗
  [4/7] L1 (F02597-sym-01) ok=✗
  [5/7] L7 (F02597-sym-07) ok=✗
  [6/7] L6 (F02597-sym-06) ok=✗
  [7/7] L5 (F02597-sym-05) ok=✗
Hints: appended to 0 level(s); 0 hint file(s) changed on disk.
Result: solved=0/7, solvedBeforeFallback=0, fallbackOnly=0, unsolved=7
Wrote logs/family-census/solve-R02597-sym.json
Wrote logs/family-census/solve-R02597-sym-summary.md
[01:06:02] DONE R02597
[01:06:02] START R02633
Parent R02633: witness stressMeta.witnessSolution (len 92, 6 jump(s)), 53 movable object instance(s) under strict inventory.
  attempt 1: accepted F02633-lm-01 — moved library (4,0) -> (7,8)
  attempt 2: accepted F02633-lm-02 — moved blocks (1,1) -> (12,9)
  attempt 3: accepted F02633-lm-03 — moved blocks (10,10) -> (0,1)
  attempt 4: accepted F02633-lm-04 — moved blocks (3,8) -> (2,6)
  attempt 5: accepted F02633-lm-05 — moved flippingFilters (10,7) -> (6,6)
  attempt 6: accepted F02633-lm-06 — moved blocks (12,5) -> (6,5)
  attempt 7: accepted F02633-lm-07 — moved blocks (11,2) -> (9,5)
  attempt 8: accepted F02633-lm-08 — moved blocks (11,2) -> (11,5)
  attempt 9: accepted F02633-lm-09 — moved blocks (3,8) -> (10,4)
  attempt 10: accepted F02633-lm-10 — moved falseGoals (10,2) -> (11,10)
  attempt 11: accepted F02633-lm-11 — moved blocks (1,0) -> (0,1)
  attempt 12: accepted F02633-lm-12 — moved park (8,7) -> (7,5)
  attempt 13: accepted F02633-lm-13 — moved falseGoals (6,7) -> (5,9)
  attempt 14: accepted F02633-lm-14 — moved flippingFilters (0,7) -> (9,5)
  attempt 15: accepted F02633-lm-15 — moved flippingFilters (10,7) -> (1,9)

15/15 new local-mutant sibling(s) generated for R02633 in 15 attempt(s) (budget 600); 15 total in data/families/family-R02633-lm.json.
Wrote 15 level(s) total to data/families/family-R02633-lm.json (changed=true), 15 hint file(s) written to data/families/hints/.
Wrote family manifest to data/families/family-R02633-lm-manifest.json (15 variant(s) total).
Parent R02633: witness stressMeta.witnessSolution (len 92, 6 jump(s)), 53 movable object instance(s) under strict inventory.
  variant 1 (rotation): accepted F02633-sym-01
  variant 2 (rotation): accepted F02633-sym-02
  variant 3 (rotation): accepted F02633-sym-03
  variant 4 (reflection): accepted F02633-sym-04
  variant 5 (reflection): accepted F02633-sym-05
  variant 6 (reflection): accepted F02633-sym-06
  variant 7 (reflection): accepted F02633-sym-07

7/7 new symmetry sibling(s) generated for R02633 in 7 attempt(s) (budget 7); 7 total in data/families/family-R02633-sym.json.
Wrote 7 level(s) total to data/families/family-R02633-sym.json (changed=true), 7 hint file(s) written to data/families/hints/.
Wrote family manifest to data/families/family-R02633-sym-manifest.json (7 variant(s) total).
portfolio-solve-sweep: corpus=data/families/family-R02633-lm.json levels=15 (15 to solve) scheduler-mode=legacy budget=8000ms node-budget=20000000 workers=4 save-hints=true
  [1/15] L4 (F02633-lm-04) ok=✗
  [2/15] L3 (F02633-lm-03) ok=✗
  [3/15] L2 (F02633-lm-02) ok=✗
  [4/15] L1 (F02633-lm-01) ok=✗
  [5/15] L7 (F02633-lm-07) ok=✗
  [6/15] L5 (F02633-lm-05) ok=✗
  [7/15] L6 (F02633-lm-06) ok=✗
  [8/15] L8 (F02633-lm-08) ok=✗
  [9/15] L9 (F02633-lm-09) ok=✗
  [10/15] L10 (F02633-lm-10) ok=✗
  [11/15] L11 (F02633-lm-11) ok=✗
  [12/15] L12 (F02633-lm-12) ok=✗
  [13/15] L15 (F02633-lm-15) ok=✗
  [14/15] L13 (F02633-lm-13) ok=✗
  [15/15] L14 (F02633-lm-14) ok=✗
Hints: appended to 0 level(s); 0 hint file(s) changed on disk.
Result: solved=0/15, solvedBeforeFallback=0, fallbackOnly=0, unsolved=15
Wrote logs/family-census/solve-R02633-lm.json
Wrote logs/family-census/solve-R02633-lm-summary.md
portfolio-solve-sweep: corpus=data/families/family-R02633-sym.json levels=7 (7 to solve) scheduler-mode=legacy budget=8000ms node-budget=20000000 workers=4 save-hints=true
  [1/7] L4 (F02633-sym-04) ok=✗
  [2/7] L3 (F02633-sym-03) ok=✗
  [3/7] L2 (F02633-sym-02) ok=✗
  [4/7] L1 (F02633-sym-01) ok=✗
  [5/7] L6 (F02633-sym-06) ok=✗
  [6/7] L5 (F02633-sym-05) ok=✗
  [7/7] L7 (F02633-sym-07) ok=✗
Hints: appended to 0 level(s); 0 hint file(s) changed on disk.
Result: solved=0/7, solvedBeforeFallback=0, fallbackOnly=0, unsolved=7
Wrote logs/family-census/solve-R02633-sym.json
Wrote logs/family-census/solve-R02633-sym-summary.md
[01:08:15] DONE R02633
[01:08:15] START R02666
Parent R02666: witness stressMeta.witnessSolution (len 111, 0 jump(s)), 66 movable object instance(s) under strict inventory.
  attempt 1: accepted F02666-lm-01 — moved blocks (9,4) -> (5,0)
  attempt 2: accepted F02666-lm-02 — moved park (6,12) -> (0,2)
  attempt 3: accepted F02666-lm-03 — moved lamppost (5,12) -> (6,2)
  attempt 4: accepted F02666-lm-04 — moved blocks (8,0) -> (4,7)
  attempt 5: accepted F02666-lm-05 — moved mustPass (3,7) -> (6,10)
  attempt 6: accepted F02666-lm-06 — moved blocks (0,10) -> (4,7)
  attempt 7: accepted F02666-lm-07 — moved statue (10,3) -> (6,2)
  attempt 8: accepted F02666-lm-08 — moved flippingFilters (12,10) -> (7,9)
  attempt 9: accepted F02666-lm-09 — moved blocks (1,9) -> (2,8)
  attempt 10: accepted F02666-lm-10 — moved flippingFilters (1,7) -> (10,10)
  attempt 11: accepted F02666-lm-11 — moved blocks (5,6) -> (10,2)
  attempt 12: accepted F02666-lm-12 — moved mustPass (5,8) -> (8,5)
  attempt 13: accepted F02666-lm-13 — moved blocks (0,8) -> (10,2)
  attempt 14: accepted F02666-lm-14 — moved blocks (5,6) -> (0,2)
  attempt 15: accepted F02666-lm-15 — moved geese (0,7) -> (2,5)

15/15 new local-mutant sibling(s) generated for R02666 in 15 attempt(s) (budget 600); 15 total in data/families/family-R02666-lm.json.
Wrote 15 level(s) total to data/families/family-R02666-lm.json (changed=true), 15 hint file(s) written to data/families/hints/.
Wrote family manifest to data/families/family-R02666-lm-manifest.json (15 variant(s) total).
Parent R02666: witness stressMeta.witnessSolution (len 111, 0 jump(s)), 66 movable object instance(s) under strict inventory.
  variant 1 (rotation): accepted F02666-sym-01
  variant 2 (rotation): accepted F02666-sym-02
  variant 3 (rotation): accepted F02666-sym-03
  variant 4 (reflection): accepted F02666-sym-04
  variant 5 (reflection): accepted F02666-sym-05
  variant 6 (reflection): accepted F02666-sym-06
  variant 7 (reflection): accepted F02666-sym-07

7/7 new symmetry sibling(s) generated for R02666 in 7 attempt(s) (budget 7); 7 total in data/families/family-R02666-sym.json.
Wrote 7 level(s) total to data/families/family-R02666-sym.json (changed=true), 7 hint file(s) written to data/families/hints/.
Wrote family manifest to data/families/family-R02666-sym-manifest.json (7 variant(s) total).
portfolio-solve-sweep: corpus=data/families/family-R02666-lm.json levels=15 (15 to solve) scheduler-mode=legacy budget=8000ms node-budget=20000000 workers=4 save-hints=true
  [1/15] L4 (F02666-lm-04) ok=✗
  [2/15] L2 (F02666-lm-02) ok=✗
  [3/15] L3 (F02666-lm-03) ok=✗
  [4/15] L1 (F02666-lm-01) ok=✗
  [5/15] L7 (F02666-lm-07) ok=✗
  [6/15] L5 (F02666-lm-05) ok=✗
  [7/15] L8 (F02666-lm-08) ok=✗
  [8/15] L6 (F02666-lm-06) ok=✗
  [9/15] L10 (F02666-lm-10) ok=✗
  [10/15] L12 (F02666-lm-12) ok=✗
  [11/15] L9 (F02666-lm-09) ok=✗
  [12/15] L11 (F02666-lm-11) ok=✗
  [13/15] L13 (F02666-lm-13) ok=✗
  [14/15] L15 (F02666-lm-15) ok=✗
  [15/15] L14 (F02666-lm-14) ok=✗
Hints: appended to 0 level(s); 0 hint file(s) changed on disk.
Result: solved=0/15, solvedBeforeFallback=0, fallbackOnly=0, unsolved=15
Wrote logs/family-census/solve-R02666-lm.json
Wrote logs/family-census/solve-R02666-lm-summary.md
portfolio-solve-sweep: corpus=data/families/family-R02666-sym.json levels=7 (7 to solve) scheduler-mode=legacy budget=8000ms node-budget=20000000 workers=4 save-hints=true
  [1/7] L4 (F02666-sym-04) ok=✗
  [2/7] L2 (F02666-sym-02) ok=✗
  [3/7] L3 (F02666-sym-03) ok=✗
  [4/7] L1 (F02666-sym-01) ok=✗
  [5/7] L5 (F02666-sym-05) ok=✗
  [6/7] L6 (F02666-sym-06) ok=✗
  [7/7] L7 (F02666-sym-07) ok=✗
Hints: appended to 0 level(s); 0 hint file(s) changed on disk.
Result: solved=0/7, solvedBeforeFallback=0, fallbackOnly=0, unsolved=7
Wrote logs/family-census/solve-R02666-sym.json
Wrote logs/family-census/solve-R02666-sym-summary.md
[01:11:13] DONE R02666
[01:11:13] START R02722
Parent R02722: witness stressMeta.witnessSolution (len 129, 7 jump(s)), 45 movable object instance(s) under strict inventory.
  attempt 1: accepted F02722-lm-01 — moved blocks (8,1) -> (1,0)
  attempt 2: accepted F02722-lm-02 — moved blocks (8,1) -> (5,7)
  attempt 3: accepted F02722-lm-03 — moved blocks (8,1) -> (10,6)
  attempt 4: accepted F02722-lm-04 — moved geese (6,5) -> (5,8)
  attempt 5: rejected — degenerate duplicate of parent or another accepted variant
  attempt 6: accepted F02722-lm-05 — moved library (11,9) -> (9,12)
  attempt 7: accepted F02722-lm-06 — moved market (2,8) -> (0,11)
  attempt 8: accepted F02722-lm-07 — moved flippingFilters (11,7) -> (13,7)
  attempt 9: accepted F02722-lm-08 — moved park (12,4) -> (9,10)
  attempt 10: accepted F02722-lm-09 — moved flippingFilters (3,1) -> (2,6)
  attempt 11: accepted F02722-lm-10 — moved blocks (12,7) -> (1,1)
  attempt 12: accepted F02722-lm-11 — moved blocks (2,1) -> (11,6)
  attempt 13: accepted F02722-lm-12 — moved fountain (1,11) -> (3,6)
  attempt 14: accepted F02722-lm-13 — moved blocks (9,0) -> (6,4)
  attempt 15: accepted F02722-lm-14 — moved geese (10,9) -> (6,4)
  attempt 16: accepted F02722-lm-15 — moved blocks (2,10) -> (10,6)

15/15 new local-mutant sibling(s) generated for R02722 in 16 attempt(s) (budget 600); 15 total in data/families/family-R02722-lm.json.
Wrote 15 level(s) total to data/families/family-R02722-lm.json (changed=true), 15 hint file(s) written to data/families/hints/.
Wrote family manifest to data/families/family-R02722-lm-manifest.json (15 variant(s) total).
Parent R02722: witness stressMeta.witnessSolution (len 129, 7 jump(s)), 45 movable object instance(s) under strict inventory.
  variant 1 (rotation): accepted F02722-sym-01
  variant 2 (rotation): accepted F02722-sym-02
  variant 3 (rotation): accepted F02722-sym-03
  variant 4 (reflection): accepted F02722-sym-04
  variant 5 (reflection): accepted F02722-sym-05
  variant 6 (reflection): accepted F02722-sym-06
  variant 7 (reflection): accepted F02722-sym-07

7/7 new symmetry sibling(s) generated for R02722 in 7 attempt(s) (budget 7); 7 total in data/families/family-R02722-sym.json.
Wrote 7 level(s) total to data/families/family-R02722-sym.json (changed=true), 7 hint file(s) written to data/families/hints/.
Wrote family manifest to data/families/family-R02722-sym-manifest.json (7 variant(s) total).
portfolio-solve-sweep: corpus=data/families/family-R02722-lm.json levels=15 (15 to solve) scheduler-mode=legacy budget=8000ms node-budget=20000000 workers=4 save-hints=true
  [1/15] L4 (F02722-lm-04) ok=✗
  [2/15] L3 (F02722-lm-03) ok=✗
  [3/15] L1 (F02722-lm-01) ok=✗
  [4/15] L2 (F02722-lm-02) ok=✗
  [5/15] L5 (F02722-lm-05) ok=✗
  [6/15] L6 (F02722-lm-06) ok=✗
  [7/15] L7 (F02722-lm-07) ok=✗
  [8/15] L8 (F02722-lm-08) ok=✗
  [9/15] L10 (F02722-lm-10) ok=✗
  [10/15] L9 (F02722-lm-09) ok=✗
  [11/15] L11 (F02722-lm-11) ok=✗
  [12/15] L12 (F02722-lm-12) ok=✗
  [13/15] L13 (F02722-lm-13) ok=✗
  [14/15] L14 (F02722-lm-14) ok=✗
  [15/15] L15 (F02722-lm-15) ok=✗
Hints: appended to 0 level(s); 0 hint file(s) changed on disk.
Result: solved=0/15, solvedBeforeFallback=0, fallbackOnly=0, unsolved=15
Wrote logs/family-census/solve-R02722-lm.json
Wrote logs/family-census/solve-R02722-lm-summary.md
portfolio-solve-sweep: corpus=data/families/family-R02722-sym.json levels=7 (7 to solve) scheduler-mode=legacy budget=8000ms node-budget=20000000 workers=4 save-hints=true
  [1/7] L3 (F02722-sym-03) ok=✗
  [2/7] L2 (F02722-sym-02) ok=✗
  [3/7] L4 (F02722-sym-04) ok=✗
  [4/7] L1 (F02722-sym-01) ok=✗
  [5/7] L6 (F02722-sym-06) ok=✗
  [6/7] L5 (F02722-sym-05) ok=✗
  [7/7] L7 (F02722-sym-07) ok=✗
Hints: appended to 0 level(s); 0 hint file(s) changed on disk.
Result: solved=0/7, solvedBeforeFallback=0, fallbackOnly=0, unsolved=7
Wrote logs/family-census/solve-R02722-sym.json
Wrote logs/family-census/solve-R02722-sym-summary.md
[01:17:02] DONE R02722
[01:17:02] START R02758
Parent R02758: witness stressMeta.witnessSolution (len 75, 4 jump(s)), 40 movable object instance(s) under strict inventory.
  attempt 1: accepted F02758-lm-01 — moved flippingFilters (7,6) -> (9,4)
  attempt 2: accepted F02758-lm-02 — moved mustPass (8,7) -> (9,5)
  attempt 3: accepted F02758-lm-03 — moved flippingFilters (3,5) -> (5,10)
  attempt 4: accepted F02758-lm-04 — moved statue (6,8) -> (8,2)
  attempt 5: accepted F02758-lm-05 — moved mustPass (5,7) -> (8,1)
  attempt 6: accepted F02758-lm-06 — moved statue (2,1) -> (8,2)
  attempt 7: accepted F02758-lm-07 — moved blocks (6,4) -> (5,4)
  attempt 8: accepted F02758-lm-08 — moved blocks (9,2) -> (10,6)
  attempt 9: accepted F02758-lm-09 — moved falseGoals (5,5) -> (4,9)
  attempt 10: accepted F02758-lm-10 — moved fountain (2,6) -> (10,10)
  attempt 11: accepted F02758-lm-11 — moved falseGoals (4,10) -> (5,6)
  attempt 12: accepted F02758-lm-12 — moved mustPass (0,3) -> (6,6)
  attempt 13: accepted F02758-lm-13 — moved blocks (5,9) -> (6,10)
  attempt 14: accepted F02758-lm-14 — moved blocks (1,10) -> (4,6)
  attempt 15: accepted F02758-lm-15 — moved blocks (10,7) -> (3,3)

15/15 new local-mutant sibling(s) generated for R02758 in 15 attempt(s) (budget 600); 15 total in data/families/family-R02758-lm.json.
Wrote 15 level(s) total to data/families/family-R02758-lm.json (changed=true), 15 hint file(s) written to data/families/hints/.
Wrote family manifest to data/families/family-R02758-lm-manifest.json (15 variant(s) total).
Parent R02758: witness stressMeta.witnessSolution (len 75, 4 jump(s)), 40 movable object instance(s) under strict inventory.
  variant 1 (rotation): accepted F02758-sym-01
  variant 2 (rotation): accepted F02758-sym-02
  variant 3 (rotation): accepted F02758-sym-03
  variant 4 (reflection): accepted F02758-sym-04
  variant 5 (reflection): accepted F02758-sym-05
  variant 6 (reflection): accepted F02758-sym-06
  variant 7 (reflection): accepted F02758-sym-07

7/7 new symmetry sibling(s) generated for R02758 in 7 attempt(s) (budget 7); 7 total in data/families/family-R02758-sym.json.
Wrote 7 level(s) total to data/families/family-R02758-sym.json (changed=true), 7 hint file(s) written to data/families/hints/.
Wrote family manifest to data/families/family-R02758-sym-manifest.json (7 variant(s) total).
portfolio-solve-sweep: corpus=data/families/family-R02758-lm.json levels=15 (15 to solve) scheduler-mode=legacy budget=8000ms node-budget=20000000 workers=4 save-hints=true
  [1/15] L4 (F02758-lm-04) ok=✗
  [2/15] L1 (F02758-lm-01) ok=✗
  [3/15] L2 (F02758-lm-02) ok=✗
  [4/15] L3 (F02758-lm-03) ok=✗
  [5/15] L5 (F02758-lm-05) ok=✗
  [6/15] L6 (F02758-lm-06) ok=✗
  [7/15] L7 (F02758-lm-07) ok=✗
  [8/15] L8 (F02758-lm-08) ok=✗
  [9/15] L9 (F02758-lm-09) ok=✗
  [10/15] L10 (F02758-lm-10) ok=✗
  [11/15] L11 (F02758-lm-11) ok=✗
  [12/15] L12 (F02758-lm-12) ok=✗
  [13/15] L14 (F02758-lm-14) ok=✗
  [14/15] L13 (F02758-lm-13) ok=✗
  [15/15] L15 (F02758-lm-15) ok=✗
Hints: appended to 0 level(s); 0 hint file(s) changed on disk.
Result: solved=0/15, solvedBeforeFallback=0, fallbackOnly=0, unsolved=15
Wrote logs/family-census/solve-R02758-lm.json
Wrote logs/family-census/solve-R02758-lm-summary.md
portfolio-solve-sweep: corpus=data/families/family-R02758-sym.json levels=7 (7 to solve) scheduler-mode=legacy budget=8000ms node-budget=20000000 workers=4 save-hints=true
  [1/7] L1 (F02758-sym-01) ok=✗
  [2/7] L4 (F02758-sym-04) ok=✗
  [3/7] L2 (F02758-sym-02) ok=✗
  [4/7] L3 (F02758-sym-03) ok=✗
  [5/7] L6 (F02758-sym-06) ok=✓ legacy [hint saved]
  [6/7] L7 (F02758-sym-07) ok=✗
  [7/7] L5 (F02758-sym-05) ok=✗
Hints: appended to 1 level(s); 1 hint file(s) changed on disk.
Result: solved=1/7, solvedBeforeFallback=0, fallbackOnly=1, unsolved=6
Wrote logs/family-census/solve-R02758-sym.json
Wrote logs/family-census/solve-R02758-sym-summary.md
[01:21:09] DONE R02758
[01:21:09] START R02790
Parent R02790: witness hint[0] (len 131, 6 jump(s)), 43 movable object instance(s) under strict inventory.
  attempt 1: accepted F02790-lm-01 — moved blocks (0,11) -> (2,4)
  attempt 2: accepted F02790-lm-02 — moved blocks (4,0) -> (3,4)
  attempt 3: accepted F02790-lm-03 — moved geese (2,6) -> (1,13)
  attempt 4: accepted F02790-lm-04 — moved flippingFilters (8,11) -> (11,13)
  attempt 5: accepted F02790-lm-05 — moved blocks (7,10) -> (5,5)
  attempt 6: accepted F02790-lm-06 — moved geese (8,0) -> (1,13)
  attempt 7: accepted F02790-lm-07 — moved falseGoals (9,0) -> (5,4)
  attempt 8: accepted F02790-lm-08 — moved blocks (7,6) -> (0,10)
  attempt 9: accepted F02790-lm-09 — moved geese (2,6) -> (0,10)
  attempt 10: accepted F02790-lm-10 — moved flippingFilters (3,12) -> (9,6)
  attempt 11: accepted F02790-lm-11 — moved falseGoals (9,0) -> (5,9)
  attempt 12: accepted F02790-lm-12 — moved blocks (3,5) -> (13,13)
  attempt 13: accepted F02790-lm-13 — moved blocks (3,6) -> (1,12)
  attempt 14: accepted F02790-lm-14 — moved blocks (0,8) -> (2,4)
  attempt 15: accepted F02790-lm-15 — moved falseGoals (5,10) -> (11,1)

15/15 new local-mutant sibling(s) generated for R02790 in 15 attempt(s) (budget 600); 15 total in data/families/family-R02790-lm.json.
Wrote 15 level(s) total to data/families/family-R02790-lm.json (changed=true), 15 hint file(s) written to data/families/hints/.
Wrote family manifest to data/families/family-R02790-lm-manifest.json (15 variant(s) total).
Parent R02790: witness hint[0] (len 131, 6 jump(s)), 43 movable object instance(s) under strict inventory.
  variant 1 (rotation): accepted F02790-sym-01
  variant 2 (rotation): accepted F02790-sym-02
  variant 3 (rotation): accepted F02790-sym-03
  variant 4 (reflection): accepted F02790-sym-04
  variant 5 (reflection): accepted F02790-sym-05
  variant 6 (reflection): accepted F02790-sym-06
  variant 7 (reflection): accepted F02790-sym-07

7/7 new symmetry sibling(s) generated for R02790 in 7 attempt(s) (budget 7); 7 total in data/families/family-R02790-sym.json.
Wrote 7 level(s) total to data/families/family-R02790-sym.json (changed=true), 7 hint file(s) written to data/families/hints/.
Wrote family manifest to data/families/family-R02790-sym-manifest.json (7 variant(s) total).
portfolio-solve-sweep: corpus=data/families/family-R02790-lm.json levels=15 (15 to solve) scheduler-mode=legacy budget=8000ms node-budget=20000000 workers=4 save-hints=true
  [1/15] L4 (F02790-lm-04) ok=✓ legacy [hint saved]
  [2/15] L1 (F02790-lm-01) ok=✗
  [3/15] L3 (F02790-lm-03) ok=✗
  [4/15] L2 (F02790-lm-02) ok=✗
  [5/15] L5 (F02790-lm-05) ok=✗
  [6/15] L7 (F02790-lm-07) ok=✗
  [7/15] L6 (F02790-lm-06) ok=✗
  [8/15] L10 (F02790-lm-10) ok=✓ legacy [hint saved]
  [9/15] L8 (F02790-lm-08) ok=✗
  [10/15] L9 (F02790-lm-09) ok=✗
  [11/15] L12 (F02790-lm-12) ok=✓ legacy [hint saved]
  [12/15] L11 (F02790-lm-11) ok=✗
  [13/15] L13 (F02790-lm-13) ok=✗
  [14/15] L14 (F02790-lm-14) ok=✗
  [15/15] L15 (F02790-lm-15) ok=✗
Hints: appended to 3 level(s); 3 hint file(s) changed on disk.
Result: solved=3/15, solvedBeforeFallback=0, fallbackOnly=3, unsolved=12
Wrote logs/family-census/solve-R02790-lm.json
Wrote logs/family-census/solve-R02790-lm-summary.md
portfolio-solve-sweep: corpus=data/families/family-R02790-sym.json levels=7 (7 to solve) scheduler-mode=legacy budget=8000ms node-budget=20000000 workers=4 save-hints=true
  [1/7] L2 (F02790-sym-02) ok=✗
  [2/7] L1 (F02790-sym-01) ok=✗
  [3/7] L4 (F02790-sym-04) ok=✗
  [4/7] L3 (F02790-sym-03) ok=✗
  [5/7] L5 (F02790-sym-05) ok=✗
  [6/7] L7 (F02790-sym-07) ok=✗
  [7/7] L6 (F02790-sym-06) ok=✗
Hints: appended to 0 level(s); 0 hint file(s) changed on disk.
Result: solved=0/7, solvedBeforeFallback=0, fallbackOnly=0, unsolved=7
Wrote logs/family-census/solve-R02790-sym.json
Wrote logs/family-census/solve-R02790-sym-summary.md
[01:22:57] DONE R02790
[01:22:57] START R02828
Parent R02828: witness stressMeta.witnessSolution (len 127, 5 jump(s)), 79 movable object instance(s) under strict inventory.
  attempt 1: accepted F02828-lm-01 — moved blocks (13,0) -> (11,6)
  attempt 2: accepted F02828-lm-02 — moved statue (0,0) -> (11,0)
  attempt 3: accepted F02828-lm-03 — moved blocks (1,0) -> (1,5)
  attempt 4: accepted F02828-lm-04 — moved market (13,14) -> (10,7)
  attempt 5: accepted F02828-lm-05 — moved statue (2,0) -> (11,6)
  attempt 6: accepted F02828-lm-06 — moved fountain (10,10) -> (11,14)
  attempt 7: accepted F02828-lm-07 — moved fountain (0,4) -> (11,3)
  attempt 8: accepted F02828-lm-08 — moved park (6,12) -> (8,8)
  attempt 9: accepted F02828-lm-09 — moved blocks (13,12) -> (10,11)
  attempt 10: accepted F02828-lm-10 — moved blocks (0,6) -> (5,12)
  attempt 11: accepted F02828-lm-11 — moved blocks (4,3) -> (12,7)
  attempt 12: accepted F02828-lm-12 — moved blocks (0,13) -> (3,2)
  attempt 13: accepted F02828-lm-13 — moved blocks (4,2) -> (6,3)
  attempt 14: accepted F02828-lm-14 — moved lamppost (8,6) -> (11,10)
  attempt 15: accepted F02828-lm-15 — moved blocks (0,14) -> (7,10)

15/15 new local-mutant sibling(s) generated for R02828 in 15 attempt(s) (budget 600); 15 total in data/families/family-R02828-lm.json.
Wrote 15 level(s) total to data/families/family-R02828-lm.json (changed=true), 15 hint file(s) written to data/families/hints/.
Wrote family manifest to data/families/family-R02828-lm-manifest.json (15 variant(s) total).
Parent R02828: witness stressMeta.witnessSolution (len 127, 5 jump(s)), 79 movable object instance(s) under strict inventory.
  variant 1 (rotation): accepted F02828-sym-01
  variant 2 (rotation): accepted F02828-sym-02
  variant 3 (rotation): accepted F02828-sym-03
  variant 4 (reflection): accepted F02828-sym-04
  variant 5 (reflection): accepted F02828-sym-05
  variant 6 (reflection): accepted F02828-sym-06
  variant 7 (reflection): accepted F02828-sym-07

7/7 new symmetry sibling(s) generated for R02828 in 7 attempt(s) (budget 7); 7 total in data/families/family-R02828-sym.json.
Wrote 7 level(s) total to data/families/family-R02828-sym.json (changed=true), 7 hint file(s) written to data/families/hints/.
Wrote family manifest to data/families/family-R02828-sym-manifest.json (7 variant(s) total).
portfolio-solve-sweep: corpus=data/families/family-R02828-lm.json levels=15 (15 to solve) scheduler-mode=legacy budget=8000ms node-budget=20000000 workers=4 save-hints=true
  [1/15] L3 (F02828-lm-03) ok=✗
  [2/15] L2 (F02828-lm-02) ok=✗
  [3/15] L1 (F02828-lm-01) ok=✗
  [4/15] L4 (F02828-lm-04) ok=✗
  [5/15] L5 (F02828-lm-05) ok=✗
  [6/15] L6 (F02828-lm-06) ok=✗
  [7/15] L7 (F02828-lm-07) ok=✗
  [8/15] L8 (F02828-lm-08) ok=✗
  [9/15] L9 (F02828-lm-09) ok=✗
  [10/15] L10 (F02828-lm-10) ok=✗
  [11/15] L12 (F02828-lm-12) ok=✗
  [12/15] L11 (F02828-lm-11) ok=✗
  [13/15] L14 (F02828-lm-14) ok=✗
  [14/15] L13 (F02828-lm-13) ok=✗
  [15/15] L15 (F02828-lm-15) ok=✗
Hints: appended to 0 level(s); 0 hint file(s) changed on disk.
Result: solved=0/15, solvedBeforeFallback=0, fallbackOnly=0, unsolved=15
Wrote logs/family-census/solve-R02828-lm.json
Wrote logs/family-census/solve-R02828-lm-summary.md
portfolio-solve-sweep: corpus=data/families/family-R02828-sym.json levels=7 (7 to solve) scheduler-mode=legacy budget=8000ms node-budget=20000000 workers=4 save-hints=true
  [1/7] L4 (F02828-sym-04) ok=✗
  [2/7] L3 (F02828-sym-03) ok=✗
  [3/7] L1 (F02828-sym-01) ok=✗
  [4/7] L2 (F02828-sym-02) ok=✗
  [5/7] L5 (F02828-sym-05) ok=✗
  [6/7] L7 (F02828-sym-07) ok=✗
  [7/7] L6 (F02828-sym-06) ok=✗
Hints: appended to 0 level(s); 0 hint file(s) changed on disk.
Result: solved=0/7, solvedBeforeFallback=0, fallbackOnly=0, unsolved=7
Wrote logs/family-census/solve-R02828-sym.json
Wrote logs/family-census/solve-R02828-sym-summary.md
[01:28:38] DONE R02828
[01:28:38] START R02863
Parent R02863: witness hint[0] (len 84, 0 jump(s)), 69 movable object instance(s) under strict inventory.
  attempt 1: accepted F02863-lm-01 — moved blocks (8,6) -> (6,3)
  attempt 2: accepted F02863-lm-02 — moved mustPass (6,11) -> (2,5)
  attempt 3: accepted F02863-lm-03 — moved flippingFilters (2,3) -> (3,9)
  attempt 4: accepted F02863-lm-04 — moved blocks (10,12) -> (2,1)
  attempt 5: accepted F02863-lm-05 — moved mustPass (10,3) -> (1,8)
  attempt 6: accepted F02863-lm-06 — moved blocks (1,3) -> (4,4)
  attempt 7: accepted F02863-lm-07 — moved geese (11,9) -> (1,0)
  attempt 8: accepted F02863-lm-08 — moved library (4,11) -> (7,4)
  attempt 9: accepted F02863-lm-09 — moved flippingFilters (10,5) -> (3,11)
  attempt 10: accepted F02863-lm-10 — moved fountain (3,12) -> (0,7)
  attempt 11: accepted F02863-lm-11 — moved fountain (1,4) -> (6,4)
  attempt 12: accepted F02863-lm-12 — moved statue (8,1) -> (5,7)
  attempt 13: accepted F02863-lm-13 — moved lamppost (12,12) -> (10,9)
  attempt 14: accepted F02863-lm-14 — moved blocks (4,12) -> (10,0)
  attempt 15: accepted F02863-lm-15 — moved flippingFilters (2,3) -> (1,2)

15/15 new local-mutant sibling(s) generated for R02863 in 15 attempt(s) (budget 600); 15 total in data/families/family-R02863-lm.json.
Wrote 15 level(s) total to data/families/family-R02863-lm.json (changed=true), 15 hint file(s) written to data/families/hints/.
Wrote family manifest to data/families/family-R02863-lm-manifest.json (15 variant(s) total).
Parent R02863: witness hint[0] (len 84, 0 jump(s)), 69 movable object instance(s) under strict inventory.
  variant 1 (rotation): accepted F02863-sym-01
  variant 2 (rotation): accepted F02863-sym-02
  variant 3 (rotation): accepted F02863-sym-03
  variant 4 (reflection): accepted F02863-sym-04
  variant 5 (reflection): accepted F02863-sym-05
  variant 6 (reflection): accepted F02863-sym-06
  variant 7 (reflection): accepted F02863-sym-07

7/7 new symmetry sibling(s) generated for R02863 in 7 attempt(s) (budget 7); 7 total in data/families/family-R02863-sym.json.
Wrote 7 level(s) total to data/families/family-R02863-sym.json (changed=true), 7 hint file(s) written to data/families/hints/.
Wrote family manifest to data/families/family-R02863-sym-manifest.json (7 variant(s) total).
portfolio-solve-sweep: corpus=data/families/family-R02863-lm.json levels=15 (15 to solve) scheduler-mode=legacy budget=8000ms node-budget=20000000 workers=4 save-hints=true
  [1/15] L1 (F02863-lm-01) ok=✓ legacy [hint saved]
  [2/15] L4 (F02863-lm-04) ok=✗
  [3/15] L3 (F02863-lm-03) ok=✗
  [4/15] L2 (F02863-lm-02) ok=✗
  [5/15] L5 (F02863-lm-05) ok=✗
  [6/15] L6 (F02863-lm-06) ok=✗
  [7/15] L7 (F02863-lm-07) ok=✗
  [8/15] L8 (F02863-lm-08) ok=✗
  [9/15] L9 (F02863-lm-09) ok=✗
  [10/15] L10 (F02863-lm-10) ok=✗
  [11/15] L11 (F02863-lm-11) ok=✗
  [12/15] L12 (F02863-lm-12) ok=✗
  [13/15] L13 (F02863-lm-13) ok=✗
  [14/15] L14 (F02863-lm-14) ok=✗
  [15/15] L15 (F02863-lm-15) ok=✗
Hints: appended to 1 level(s); 1 hint file(s) changed on disk.
Result: solved=1/15, solvedBeforeFallback=0, fallbackOnly=1, unsolved=14
Wrote logs/family-census/solve-R02863-lm.json
Wrote logs/family-census/solve-R02863-lm-summary.md
portfolio-solve-sweep: corpus=data/families/family-R02863-sym.json levels=7 (7 to solve) scheduler-mode=legacy budget=8000ms node-budget=20000000 workers=4 save-hints=true
  [1/7] L3 (F02863-sym-03) ok=✗
  [2/7] L2 (F02863-sym-02) ok=✗
  [3/7] L1 (F02863-sym-01) ok=✗
  [4/7] L4 (F02863-sym-04) ok=✗
  [5/7] L5 (F02863-sym-05) ok=✗
  [6/7] L6 (F02863-sym-06) ok=✗
  [7/7] L7 (F02863-sym-07) ok=✗
Hints: appended to 0 level(s); 0 hint file(s) changed on disk.
Result: solved=0/7, solvedBeforeFallback=0, fallbackOnly=0, unsolved=7
Wrote logs/family-census/solve-R02863-sym.json
Wrote logs/family-census/solve-R02863-sym-summary.md
[01:37:40] DONE R02863
[01:37:40] START R02906
Parent R02906: witness stressMeta.witnessSolution (len 93, 0 jump(s)), 56 movable object instance(s) under strict inventory.
  attempt 1: accepted F02906-lm-01 — moved lamppost (6,9) -> (10,2)
  attempt 2: accepted F02906-lm-02 — moved park (1,4) -> (2,3)
  attempt 3: accepted F02906-lm-03 — moved mustPass (11,12) -> (7,11)
  attempt 4: accepted F02906-lm-04 — moved blocks (0,1) -> (8,2)
  attempt 5: accepted F02906-lm-05 — moved blocks (10,0) -> (10,4)
  attempt 6: accepted F02906-lm-06 — moved blocks (9,1) -> (2,3)
  attempt 7: accepted F02906-lm-07 — moved geese (3,1) -> (7,0)
  attempt 8: accepted F02906-lm-08 — moved blocks (8,1) -> (2,2)
  attempt 9: accepted F02906-lm-09 — moved mustPass (12,6) -> (8,9)
  attempt 10: accepted F02906-lm-10 — moved blocks (0,1) -> (8,3)
  attempt 11: accepted F02906-lm-11 — moved park (9,6) -> (2,5)
  attempt 12: accepted F02906-lm-12 — moved park (9,6) -> (4,7)
  attempt 13: accepted F02906-lm-13 — moved market (9,0) -> (10,3)
  attempt 14: accepted F02906-lm-14 — moved geese (9,3) -> (10,4)
  attempt 15: accepted F02906-lm-15 — moved blocks (9,5) -> (2,5)

15/15 new local-mutant sibling(s) generated for R02906 in 15 attempt(s) (budget 600); 15 total in data/families/family-R02906-lm.json.
Wrote 15 level(s) total to data/families/family-R02906-lm.json (changed=true), 15 hint file(s) written to data/families/hints/.
Wrote family manifest to data/families/family-R02906-lm-manifest.json (15 variant(s) total).
Parent R02906: witness stressMeta.witnessSolution (len 93, 0 jump(s)), 56 movable object instance(s) under strict inventory.
  variant 1 (rotation): accepted F02906-sym-01
  variant 2 (rotation): accepted F02906-sym-02
  variant 3 (rotation): accepted F02906-sym-03
  variant 4 (reflection): accepted F02906-sym-04
  variant 5 (reflection): accepted F02906-sym-05
  variant 6 (reflection): accepted F02906-sym-06
  variant 7 (reflection): accepted F02906-sym-07

7/7 new symmetry sibling(s) generated for R02906 in 7 attempt(s) (budget 7); 7 total in data/families/family-R02906-sym.json.
Wrote 7 level(s) total to data/families/family-R02906-sym.json (changed=true), 7 hint file(s) written to data/families/hints/.
Wrote family manifest to data/families/family-R02906-sym-manifest.json (7 variant(s) total).
portfolio-solve-sweep: corpus=data/families/family-R02906-lm.json levels=15 (15 to solve) scheduler-mode=legacy budget=8000ms node-budget=20000000 workers=4 save-hints=true
  [1/15] L4 (F02906-lm-04) ok=✗
  [2/15] L1 (F02906-lm-01) ok=✗
  [3/15] L2 (F02906-lm-02) ok=✗
  [4/15] L3 (F02906-lm-03) ok=✗
  [5/15] L5 (F02906-lm-05) ok=✗
  [6/15] L6 (F02906-lm-06) ok=✗
  [7/15] L7 (F02906-lm-07) ok=✗
  [8/15] L8 (F02906-lm-08) ok=✗
  [9/15] L9 (F02906-lm-09) ok=✗
  [10/15] L10 (F02906-lm-10) ok=✗
  [11/15] L11 (F02906-lm-11) ok=✗
  [12/15] L12 (F02906-lm-12) ok=✗
  [13/15] L15 (F02906-lm-15) ok=✗
  [14/15] L14 (F02906-lm-14) ok=✗
  [15/15] L13 (F02906-lm-13) ok=✗
Hints: appended to 0 level(s); 0 hint file(s) changed on disk.
Result: solved=0/15, solvedBeforeFallback=0, fallbackOnly=0, unsolved=15
Wrote logs/family-census/solve-R02906-lm.json
Wrote logs/family-census/solve-R02906-lm-summary.md
portfolio-solve-sweep: corpus=data/families/family-R02906-sym.json levels=7 (7 to solve) scheduler-mode=legacy budget=8000ms node-budget=20000000 workers=4 save-hints=true
  [1/7] L3 (F02906-sym-03) ok=✗
  [2/7] L2 (F02906-sym-02) ok=✗
  [3/7] L4 (F02906-sym-04) ok=✗
  [4/7] L1 (F02906-sym-01) ok=✗
  [5/7] L5 (F02906-sym-05) ok=✗
  [6/7] L6 (F02906-sym-06) ok=✗
  [7/7] L7 (F02906-sym-07) ok=✗
Hints: appended to 0 level(s); 0 hint file(s) changed on disk.
Result: solved=0/7, solvedBeforeFallback=0, fallbackOnly=0, unsolved=7
Wrote logs/family-census/solve-R02906-sym.json
Wrote logs/family-census/solve-R02906-sym-summary.md
[01:40:19] DONE R02906
[01:40:19] START R02942
Parent R02942: witness stressMeta.witnessSolution (len 138, 5 jump(s)), 46 movable object instance(s) under strict inventory.
  attempt 1: accepted F02942-lm-01 — moved geese (7,7) -> (1,9)
  attempt 2: accepted F02942-lm-02 — moved geese (7,2) -> (13,4)
  attempt 3: accepted F02942-lm-03 — moved blocks (5,0) -> (10,5)
  attempt 4: accepted F02942-lm-04 — moved park (5,9) -> (4,5)
  attempt 5: accepted F02942-lm-05 — moved geese (7,7) -> (1,0)
  attempt 6: accepted F02942-lm-06 — moved mustPass (13,11) -> (1,5)
  attempt 7: accepted F02942-lm-07 — moved blocks (5,0) -> (7,4)
  attempt 8: accepted F02942-lm-08 — moved library (13,2) -> (6,11)
  attempt 9: accepted F02942-lm-09 — moved blocks (5,0) -> (8,2)
  attempt 10: accepted F02942-lm-10 — moved park (3,10) -> (12,7)
  attempt 11: accepted F02942-lm-11 — moved library (7,5) -> (3,0)
  attempt 12: accepted F02942-lm-12 — moved geese (7,2) -> (6,5)
  attempt 13: accepted F02942-lm-13 — moved library (13,2) -> (10,12)
  attempt 14: accepted F02942-lm-14 — moved blocks (0,1) -> (1,10)
  attempt 15: accepted F02942-lm-15 — moved blocks (0,13) -> (8,2)

15/15 new local-mutant sibling(s) generated for R02942 in 15 attempt(s) (budget 600); 15 total in data/families/family-R02942-lm.json.
Wrote 15 level(s) total to data/families/family-R02942-lm.json (changed=true), 15 hint file(s) written to data/families/hints/.
Wrote family manifest to data/families/family-R02942-lm-manifest.json (15 variant(s) total).
Parent R02942: witness stressMeta.witnessSolution (len 138, 5 jump(s)), 46 movable object instance(s) under strict inventory.
  variant 1 (rotation): accepted F02942-sym-01
  variant 2 (rotation): accepted F02942-sym-02
  variant 3 (rotation): accepted F02942-sym-03
  variant 4 (reflection): accepted F02942-sym-04
  variant 5 (reflection): accepted F02942-sym-05
  variant 6 (reflection): accepted F02942-sym-06
  variant 7 (reflection): accepted F02942-sym-07

7/7 new symmetry sibling(s) generated for R02942 in 7 attempt(s) (budget 7); 7 total in data/families/family-R02942-sym.json.
Wrote 7 level(s) total to data/families/family-R02942-sym.json (changed=true), 7 hint file(s) written to data/families/hints/.
Wrote family manifest to data/families/family-R02942-sym-manifest.json (7 variant(s) total).
portfolio-solve-sweep: corpus=data/families/family-R02942-lm.json levels=15 (15 to solve) scheduler-mode=legacy budget=8000ms node-budget=20000000 workers=4 save-hints=true
  [1/15] L1 (F02942-lm-01) ok=✗
  [2/15] L2 (F02942-lm-02) ok=✗
  [3/15] L4 (F02942-lm-04) ok=✗
  [4/15] L3 (F02942-lm-03) ok=✗
  [5/15] L5 (F02942-lm-05) ok=✗
  [6/15] L7 (F02942-lm-07) ok=✗
  [7/15] L6 (F02942-lm-06) ok=✗
  [8/15] L8 (F02942-lm-08) ok=✗
  [9/15] L10 (F02942-lm-10) ok=✗
  [10/15] L9 (F02942-lm-09) ok=✗
  [11/15] L11 (F02942-lm-11) ok=✗
  [12/15] L12 (F02942-lm-12) ok=✗
  [13/15] L14 (F02942-lm-14) ok=✗
  [14/15] L15 (F02942-lm-15) ok=✗
  [15/15] L13 (F02942-lm-13) ok=✗
Hints: appended to 0 level(s); 0 hint file(s) changed on disk.
Result: solved=0/15, solvedBeforeFallback=0, fallbackOnly=0, unsolved=15
Wrote logs/family-census/solve-R02942-lm.json
Wrote logs/family-census/solve-R02942-lm-summary.md
portfolio-solve-sweep: corpus=data/families/family-R02942-sym.json levels=7 (7 to solve) scheduler-mode=legacy budget=8000ms node-budget=20000000 workers=4 save-hints=true
  [1/7] L2 (F02942-sym-02) ok=✗
  [2/7] L4 (F02942-sym-04) ok=✗
  [3/7] L3 (F02942-sym-03) ok=✗
  [4/7] L1 (F02942-sym-01) ok=✗
  [5/7] L5 (F02942-sym-05) ok=✗
  [6/7] L6 (F02942-sym-06) ok=✗
  [7/7] L7 (F02942-sym-07) ok=✗
Hints: appended to 0 level(s); 0 hint file(s) changed on disk.
Result: solved=0/7, solvedBeforeFallback=0, fallbackOnly=0, unsolved=7
Wrote logs/family-census/solve-R02942-sym.json
Wrote logs/family-census/solve-R02942-sym-summary.md
[01:45:13] DONE R02942
[01:45:13] START R02993
Parent R02993: witness stressMeta.witnessSolution (len 100, 0 jump(s)), 75 movable object instance(s) under strict inventory.
  attempt 1: accepted F02993-lm-01 — moved blocks (10,9) -> (12,9)
  attempt 2: accepted F02993-lm-02 — moved market (8,4) -> (9,10)
  attempt 3: accepted F02993-lm-03 — moved blocks (8,3) -> (8,5)
  attempt 4: accepted F02993-lm-04 — moved falseGoals (9,12) -> (0,9)
  attempt 5: accepted F02993-lm-05 — moved park (7,8) -> (11,11)
  attempt 6: accepted F02993-lm-06 — moved geese (11,10) -> (0,1)
  attempt 7: accepted F02993-lm-07 — moved mustPass (5,1) -> (4,8)
  attempt 8: accepted F02993-lm-08 — moved mustCross (3,5) -> (2,5)
  attempt 9: accepted F02993-lm-09 — moved mustPass (10,8) -> (2,6)
  attempt 10: accepted F02993-lm-10 — moved mustPass (1,6) -> (8,9)
  attempt 11: accepted F02993-lm-11 — moved blocks (12,10) -> (9,9)
  attempt 12: accepted F02993-lm-12 — moved blocks (9,3) -> (9,10)
  attempt 13: accepted F02993-lm-13 — moved mustCross (6,1) -> (2,2)
  attempt 14: accepted F02993-lm-14 — moved library (6,9) -> (3,12)
  attempt 15: accepted F02993-lm-15 — moved lamppost (6,11) -> (1,9)

15/15 new local-mutant sibling(s) generated for R02993 in 15 attempt(s) (budget 600); 15 total in data/families/family-R02993-lm.json.
Wrote 15 level(s) total to data/families/family-R02993-lm.json (changed=true), 15 hint file(s) written to data/families/hints/.
Wrote family manifest to data/families/family-R02993-lm-manifest.json (15 variant(s) total).
Parent R02993: witness stressMeta.witnessSolution (len 100, 0 jump(s)), 75 movable object instance(s) under strict inventory.
  variant 1 (rotation): accepted F02993-sym-01
  variant 2 (rotation): accepted F02993-sym-02
  variant 3 (rotation): accepted F02993-sym-03
  variant 4 (reflection): accepted F02993-sym-04
  variant 5 (reflection): accepted F02993-sym-05
  variant 6 (reflection): accepted F02993-sym-06
  variant 7 (reflection): accepted F02993-sym-07

7/7 new symmetry sibling(s) generated for R02993 in 7 attempt(s) (budget 7); 7 total in data/families/family-R02993-sym.json.
Wrote 7 level(s) total to data/families/family-R02993-sym.json (changed=true), 7 hint file(s) written to data/families/hints/.
Wrote family manifest to data/families/family-R02993-sym-manifest.json (7 variant(s) total).
portfolio-solve-sweep: corpus=data/families/family-R02993-lm.json levels=15 (15 to solve) scheduler-mode=legacy budget=8000ms node-budget=20000000 workers=4 save-hints=true
  [1/15] L2 (F02993-lm-02) ok=✗
  [2/15] L3 (F02993-lm-03) ok=✗
  [3/15] L1 (F02993-lm-01) ok=✗
  [4/15] L4 (F02993-lm-04) ok=✗
  [5/15] L7 (F02993-lm-07) ok=✗
  [6/15] L5 (F02993-lm-05) ok=✗
  [7/15] L6 (F02993-lm-06) ok=✗
  [8/15] L8 (F02993-lm-08) ok=✗
  [9/15] L9 (F02993-lm-09) ok=✗
  [10/15] L12 (F02993-lm-12) ok=✗
  [11/15] L11 (F02993-lm-11) ok=✗
  [12/15] L10 (F02993-lm-10) ok=✗
  [13/15] L13 (F02993-lm-13) ok=✗
  [14/15] L15 (F02993-lm-15) ok=✗
  [15/15] L14 (F02993-lm-14) ok=✗
Hints: appended to 0 level(s); 0 hint file(s) changed on disk.
Result: solved=0/15, solvedBeforeFallback=0, fallbackOnly=0, unsolved=15
Wrote logs/family-census/solve-R02993-lm.json
Wrote logs/family-census/solve-R02993-lm-summary.md
portfolio-solve-sweep: corpus=data/families/family-R02993-sym.json levels=7 (7 to solve) scheduler-mode=legacy budget=8000ms node-budget=20000000 workers=4 save-hints=true
  [1/7] L4 (F02993-sym-04) ok=✗
  [2/7] L2 (F02993-sym-02) ok=✗
  [3/7] L3 (F02993-sym-03) ok=✗
  [4/7] L1 (F02993-sym-01) ok=✗
  [5/7] L5 (F02993-sym-05) ok=✗
  [6/7] L7 (F02993-sym-07) ok=✗
  [7/7] L6 (F02993-sym-06) ok=✗
Hints: appended to 0 level(s); 0 hint file(s) changed on disk.
Result: solved=0/7, solvedBeforeFallback=0, fallbackOnly=0, unsolved=7
Wrote logs/family-census/solve-R02993-sym.json
Wrote logs/family-census/solve-R02993-sym-summary.md
[01:52:59] DONE R02993
[01:52:59] START R03028
Parent R03028: witness stressMeta.witnessSolution (len 79, 6 jump(s)), 38 movable object instance(s) under strict inventory.
  attempt 1: accepted F03028-lm-01 — moved blocks (10,8) -> (9,8)
  attempt 2: accepted F03028-lm-02 — moved falseGoals (5,10) -> (5,0)
  attempt 3: accepted F03028-lm-03 — moved falseGoals (8,1) -> (6,10)
  attempt 4: accepted F03028-lm-04 — moved geese (4,2) -> (6,10)
  attempt 5: accepted F03028-lm-05 — moved blocks (5,1) -> (5,0)
  attempt 6: accepted F03028-lm-06 — moved lamppost (8,5) -> (5,8)
  attempt 7: accepted F03028-lm-07 — moved geese (8,7) -> (10,9)
  attempt 8: accepted F03028-lm-08 — moved statue (0,6) -> (4,6)
  attempt 9: accepted F03028-lm-09 — moved geese (7,9) -> (9,10)
  attempt 10: accepted F03028-lm-10 — moved blocks (9,0) -> (4,10)
  attempt 11: accepted F03028-lm-11 — moved geese (3,10) -> (4,10)
  attempt 12: accepted F03028-lm-12 — moved blocks (10,8) -> (5,0)
  attempt 13: accepted F03028-lm-13 — moved park (0,3) -> (0,2)
  attempt 14: accepted F03028-lm-14 — moved geese (10,10) -> (5,8)
  attempt 15: accepted F03028-lm-15 — moved fountain (2,3) -> (3,1)

15/15 new local-mutant sibling(s) generated for R03028 in 15 attempt(s) (budget 600); 15 total in data/families/family-R03028-lm.json.
Wrote 15 level(s) total to data/families/family-R03028-lm.json (changed=true), 15 hint file(s) written to data/families/hints/.
Wrote family manifest to data/families/family-R03028-lm-manifest.json (15 variant(s) total).
Parent R03028: witness stressMeta.witnessSolution (len 79, 6 jump(s)), 38 movable object instance(s) under strict inventory.
  variant 1 (rotation): accepted F03028-sym-01
  variant 2 (rotation): accepted F03028-sym-02
  variant 3 (rotation): accepted F03028-sym-03
  variant 4 (reflection): accepted F03028-sym-04
  variant 5 (reflection): accepted F03028-sym-05
  variant 6 (reflection): accepted F03028-sym-06
  variant 7 (reflection): accepted F03028-sym-07

7/7 new symmetry sibling(s) generated for R03028 in 7 attempt(s) (budget 7); 7 total in data/families/family-R03028-sym.json.
Wrote 7 level(s) total to data/families/family-R03028-sym.json (changed=true), 7 hint file(s) written to data/families/hints/.
Wrote family manifest to data/families/family-R03028-sym-manifest.json (7 variant(s) total).
portfolio-solve-sweep: corpus=data/families/family-R03028-lm.json levels=15 (15 to solve) scheduler-mode=legacy budget=8000ms node-budget=20000000 workers=4 save-hints=true
  [1/15] L3 (F03028-lm-03) ok=✓ legacy [hint saved]
  [2/15] L1 (F03028-lm-01) ok=✗
  [3/15] L4 (F03028-lm-04) ok=✗
  [4/15] L2 (F03028-lm-02) ok=✗
  [5/15] L8 (F03028-lm-08) ok=✗
  [6/15] L5 (F03028-lm-05) ok=✗
  [7/15] L6 (F03028-lm-06) ok=✗
  [8/15] L7 (F03028-lm-07) ok=✗
  [9/15] L10 (F03028-lm-10) ok=✗
  [10/15] L9 (F03028-lm-09) ok=✗
  [11/15] L12 (F03028-lm-12) ok=✗
  [12/15] L11 (F03028-lm-11) ok=✗
  [13/15] L13 (F03028-lm-13) ok=✗
  [14/15] L14 (F03028-lm-14) ok=✗
  [15/15] L15 (F03028-lm-15) ok=✗
Hints: appended to 1 level(s); 1 hint file(s) changed on disk.
Result: solved=1/15, solvedBeforeFallback=0, fallbackOnly=1, unsolved=14
Wrote logs/family-census/solve-R03028-lm.json
Wrote logs/family-census/solve-R03028-lm-summary.md
portfolio-solve-sweep: corpus=data/families/family-R03028-sym.json levels=7 (7 to solve) scheduler-mode=legacy budget=8000ms node-budget=20000000 workers=4 save-hints=true
  [1/7] L2 (F03028-sym-02) ok=✗
  [2/7] L1 (F03028-sym-01) ok=✗
  [3/7] L3 (F03028-sym-03) ok=✗
  [4/7] L4 (F03028-sym-04) ok=✗
  [5/7] L7 (F03028-sym-07) ok=✗
  [6/7] L5 (F03028-sym-05) ok=✗
  [7/7] L6 (F03028-sym-06) ok=✗
Hints: appended to 0 level(s); 0 hint file(s) changed on disk.
Result: solved=0/7, solvedBeforeFallback=0, fallbackOnly=0, unsolved=7
Wrote logs/family-census/solve-R03028-sym.json
Wrote logs/family-census/solve-R03028-sym-summary.md
[01:57:34] DONE R03028
[01:57:34] START R03053
Parent R03053: witness stressMeta.witnessSolution (len 104, 0 jump(s)), 32 movable object instance(s) under strict inventory.
  attempt 1: accepted F03053-lm-01 — moved geese (0,6) -> (4,3)
  attempt 2: accepted F03053-lm-02 — moved park (8,2) -> (3,3)
  attempt 3: accepted F03053-lm-03 — moved park (8,2) -> (3,1)
  attempt 4: accepted F03053-lm-04 — moved geese (6,6) -> (0,11)
  attempt 5: accepted F03053-lm-05 — moved statue (3,7) -> (1,10)
  attempt 6: accepted F03053-lm-06 — moved statue (3,10) -> (10,7)
  attempt 7: accepted F03053-lm-07 — moved library (6,2) -> (4,4)
  attempt 8: accepted F03053-lm-08 — moved library (0,8) -> (2,7)
  attempt 9: accepted F03053-lm-09 — moved geese (0,7) -> (0,2)
  attempt 10: accepted F03053-lm-10 — moved geese (6,6) -> (1,2)
  attempt 11: accepted F03053-lm-11 — moved geese (10,3) -> (11,9)
  attempt 12: accepted F03053-lm-12 — moved statue (2,3) -> (11,5)
  attempt 13: accepted F03053-lm-13 — moved geese (11,8) -> (1,3)
  attempt 14: accepted F03053-lm-14 — moved market (7,7) -> (2,8)
  attempt 15: accepted F03053-lm-15 — moved mustCross (3,8) -> (9,6)

15/15 new local-mutant sibling(s) generated for R03053 in 15 attempt(s) (budget 600); 15 total in data/families/family-R03053-lm.json.
Wrote 15 level(s) total to data/families/family-R03053-lm.json (changed=true), 15 hint file(s) written to data/families/hints/.
Wrote family manifest to data/families/family-R03053-lm-manifest.json (15 variant(s) total).
Parent R03053: witness stressMeta.witnessSolution (len 104, 0 jump(s)), 32 movable object instance(s) under strict inventory.
  variant 1 (rotation): accepted F03053-sym-01
  variant 2 (rotation): accepted F03053-sym-02
  variant 3 (rotation): accepted F03053-sym-03
  variant 4 (reflection): accepted F03053-sym-04
  variant 5 (reflection): accepted F03053-sym-05
  variant 6 (reflection): accepted F03053-sym-06
  variant 7 (reflection): accepted F03053-sym-07

7/7 new symmetry sibling(s) generated for R03053 in 7 attempt(s) (budget 7); 7 total in data/families/family-R03053-sym.json.
Wrote 7 level(s) total to data/families/family-R03053-sym.json (changed=true), 7 hint file(s) written to data/families/hints/.
Wrote family manifest to data/families/family-R03053-sym-manifest.json (7 variant(s) total).
portfolio-solve-sweep: corpus=data/families/family-R03053-lm.json levels=15 (15 to solve) scheduler-mode=legacy budget=8000ms node-budget=20000000 workers=4 save-hints=true
  [1/15] L3 (F03053-lm-03) ok=✗
  [2/15] L1 (F03053-lm-01) ok=✗
  [3/15] L2 (F03053-lm-02) ok=✗
  [4/15] L4 (F03053-lm-04) ok=✗
  [5/15] L5 (F03053-lm-05) ok=✗
  [6/15] L6 (F03053-lm-06) ok=✗
  [7/15] L7 (F03053-lm-07) ok=✗
  [8/15] L8 (F03053-lm-08) ok=✗
  [9/15] L9 (F03053-lm-09) ok=✗
  [10/15] L10 (F03053-lm-10) ok=✗
  [11/15] L11 (F03053-lm-11) ok=✗
  [12/15] L12 (F03053-lm-12) ok=✗
  [13/15] L14 (F03053-lm-14) ok=✗
  [14/15] L13 (F03053-lm-13) ok=✗
  [15/15] L15 (F03053-lm-15) ok=✗
Hints: appended to 0 level(s); 0 hint file(s) changed on disk.
Result: solved=0/15, solvedBeforeFallback=0, fallbackOnly=0, unsolved=15
Wrote logs/family-census/solve-R03053-lm.json
Wrote logs/family-census/solve-R03053-lm-summary.md
portfolio-solve-sweep: corpus=data/families/family-R03053-sym.json levels=7 (7 to solve) scheduler-mode=legacy budget=8000ms node-budget=20000000 workers=4 save-hints=true
  [1/7] L2 (F03053-sym-02) ok=✗
  [2/7] L1 (F03053-sym-01) ok=✗
  [3/7] L3 (F03053-sym-03) ok=✗
  [4/7] L4 (F03053-sym-04) ok=✗
  [5/7] L5 (F03053-sym-05) ok=✗
  [6/7] L6 (F03053-sym-06) ok=✗
  [7/7] L7 (F03053-sym-07) ok=✗
Hints: appended to 0 level(s); 0 hint file(s) changed on disk.
Result: solved=0/7, solvedBeforeFallback=0, fallbackOnly=0, unsolved=7
Wrote logs/family-census/solve-R03053-sym.json
Wrote logs/family-census/solve-R03053-sym-summary.md
[02:05:19] DONE R03053
[02:05:19] START R03082
Parent R03082: witness stressMeta.witnessSolution (len 124, 4 jump(s)), 39 movable object instance(s) under strict inventory.
  attempt 1: accepted F03082-lm-01 — moved geese (12,0) -> (10,6)
  attempt 2: accepted F03082-lm-02 — moved fountain (4,11) -> (5,10)
  attempt 3: accepted F03082-lm-03 — moved library (7,5) -> (1,3)
  attempt 4: accepted F03082-lm-04 — moved market (3,7) -> (3,9)
  attempt 5: accepted F03082-lm-05 — moved fountain (4,11) -> (6,2)
  attempt 6: accepted F03082-lm-06 — moved park (9,8) -> (11,7)
  attempt 7: accepted F03082-lm-07 — moved falseGoals (11,10) -> (11,5)
  attempt 8: accepted F03082-lm-08 — moved falseGoals (1,10) -> (8,1)
  attempt 9: accepted F03082-lm-09 — moved blocks (4,12) -> (12,11)
  attempt 10: accepted F03082-lm-10 — moved geese (12,5) -> (0,12)
  attempt 11: accepted F03082-lm-11 — moved blocks (12,9) -> (11,6)
  attempt 12: accepted F03082-lm-12 — moved statue (10,12) -> (10,2)
  attempt 13: accepted F03082-lm-13 — moved geese (7,1) -> (12,11)
  attempt 14: accepted F03082-lm-14 — moved fountain (4,11) -> (12,1)
  attempt 15: accepted F03082-lm-15 — moved blocks (12,9) -> (10,3)

15/15 new local-mutant sibling(s) generated for R03082 in 15 attempt(s) (budget 600); 15 total in data/families/family-R03082-lm.json.
Wrote 15 level(s) total to data/families/family-R03082-lm.json (changed=true), 15 hint file(s) written to data/families/hints/.
Wrote family manifest to data/families/family-R03082-lm-manifest.json (15 variant(s) total).
Parent R03082: witness stressMeta.witnessSolution (len 124, 4 jump(s)), 39 movable object instance(s) under strict inventory.
  variant 1 (rotation): accepted F03082-sym-01
  variant 2 (rotation): accepted F03082-sym-02
  variant 3 (rotation): accepted F03082-sym-03
  variant 4 (reflection): accepted F03082-sym-04
  variant 5 (reflection): accepted F03082-sym-05
  variant 6 (reflection): accepted F03082-sym-06
  variant 7 (reflection): accepted F03082-sym-07

7/7 new symmetry sibling(s) generated for R03082 in 7 attempt(s) (budget 7); 7 total in data/families/family-R03082-sym.json.
Wrote 7 level(s) total to data/families/family-R03082-sym.json (changed=true), 7 hint file(s) written to data/families/hints/.
Wrote family manifest to data/families/family-R03082-sym-manifest.json (7 variant(s) total).
portfolio-solve-sweep: corpus=data/families/family-R03082-lm.json levels=15 (15 to solve) scheduler-mode=legacy budget=8000ms node-budget=20000000 workers=4 save-hints=true
  [1/15] L1 (F03082-lm-01) ok=✗
  [2/15] L3 (F03082-lm-03) ok=✗
  [3/15] L4 (F03082-lm-04) ok=✗
  [4/15] L2 (F03082-lm-02) ok=✗
  [5/15] L5 (F03082-lm-05) ok=✗
  [6/15] L8 (F03082-lm-08) ok=✗
  [7/15] L6 (F03082-lm-06) ok=✗
  [8/15] L7 (F03082-lm-07) ok=✗
  [9/15] L12 (F03082-lm-12) ok=✗
  [10/15] L10 (F03082-lm-10) ok=✗
  [11/15] L9 (F03082-lm-09) ok=✗
  [12/15] L11 (F03082-lm-11) ok=✗
  [13/15] L15 (F03082-lm-15) ok=✗
  [14/15] L13 (F03082-lm-13) ok=✗
  [15/15] L14 (F03082-lm-14) ok=✗
Hints: appended to 0 level(s); 0 hint file(s) changed on disk.
Result: solved=0/15, solvedBeforeFallback=0, fallbackOnly=0, unsolved=15
Wrote logs/family-census/solve-R03082-lm.json
Wrote logs/family-census/solve-R03082-lm-summary.md
portfolio-solve-sweep: corpus=data/families/family-R03082-sym.json levels=7 (7 to solve) scheduler-mode=legacy budget=8000ms node-budget=20000000 workers=4 save-hints=true
  [1/7] L2 (F03082-sym-02) ok=✗
  [2/7] L1 (F03082-sym-01) ok=✗
  [3/7] L3 (F03082-sym-03) ok=✗
  [4/7] L4 (F03082-sym-04) ok=✗
  [5/7] L6 (F03082-sym-06) ok=✗
  [6/7] L7 (F03082-sym-07) ok=✗
  [7/7] L5 (F03082-sym-05) ok=✗
Hints: appended to 0 level(s); 0 hint file(s) changed on disk.
Result: solved=0/7, solvedBeforeFallback=0, fallbackOnly=0, unsolved=7
Wrote logs/family-census/solve-R03082-sym.json
Wrote logs/family-census/solve-R03082-sym-summary.md
[02:07:59] DONE R03082
[02:07:59] START R03116
Parent R03116: witness hint[0] (len 75, 0 jump(s)), 38 movable object instance(s) under strict inventory.
  attempt 1: accepted F03116-lm-01 — moved blocks (2,5) -> (10,10)
  attempt 2: accepted F03116-lm-02 — moved blocks (4,0) -> (1,4)
  attempt 3: accepted F03116-lm-03 — moved blocks (2,5) -> (9,2)
  attempt 4: accepted F03116-lm-04 — moved blocks (1,9) -> (0,11)
  attempt 5: accepted F03116-lm-05 — moved mustPass (6,7) -> (10,3)
  attempt 6: accepted F03116-lm-06 — moved mustPass (4,4) -> (5,2)
  attempt 7: accepted F03116-lm-07 — moved mustPass (6,7) -> (4,1)
  attempt 8: accepted F03116-lm-08 — moved market (5,7) -> (5,9)
  attempt 9: accepted F03116-lm-09 — moved lamppost (3,11) -> (0,7)
  attempt 10: accepted F03116-lm-10 — moved mustPass (4,4) -> (7,4)
  attempt 11: accepted F03116-lm-11 — moved market (7,3) -> (8,10)
  attempt 12: accepted F03116-lm-12 — moved market (7,3) -> (6,0)
  attempt 13: accepted F03116-lm-13 — moved falseGoals (0,8) -> (1,8)
  attempt 14: accepted F03116-lm-14 — moved blocks (9,11) -> (9,2)
  attempt 15: accepted F03116-lm-15 — moved falseGoals (7,9) -> (3,2)

15/15 new local-mutant sibling(s) generated for R03116 in 15 attempt(s) (budget 600); 15 total in data/families/family-R03116-lm.json.
Wrote 15 level(s) total to data/families/family-R03116-lm.json (changed=true), 15 hint file(s) written to data/families/hints/.
Wrote family manifest to data/families/family-R03116-lm-manifest.json (15 variant(s) total).
Parent R03116: witness hint[0] (len 75, 0 jump(s)), 38 movable object instance(s) under strict inventory.
  variant 1 (rotation): accepted F03116-sym-01
  variant 2 (rotation): accepted F03116-sym-02
  variant 3 (rotation): accepted F03116-sym-03
  variant 4 (reflection): accepted F03116-sym-04
  variant 5 (reflection): accepted F03116-sym-05
  variant 6 (reflection): accepted F03116-sym-06
  variant 7 (reflection): accepted F03116-sym-07

7/7 new symmetry sibling(s) generated for R03116 in 7 attempt(s) (budget 7); 7 total in data/families/family-R03116-sym.json.
Wrote 7 level(s) total to data/families/family-R03116-sym.json (changed=true), 7 hint file(s) written to data/families/hints/.
Wrote family manifest to data/families/family-R03116-sym-manifest.json (7 variant(s) total).
portfolio-solve-sweep: corpus=data/families/family-R03116-lm.json levels=15 (15 to solve) scheduler-mode=legacy budget=8000ms node-budget=20000000 workers=4 save-hints=true
  [1/15] L4 (F03116-lm-04) ok=✓ legacy [hint saved]
  [2/15] L3 (F03116-lm-03) ok=✗
  [3/15] L1 (F03116-lm-01) ok=✗
  [4/15] L2 (F03116-lm-02) ok=✗
  [5/15] L5 (F03116-lm-05) ok=✗
  [6/15] L6 (F03116-lm-06) ok=✗
  [7/15] L7 (F03116-lm-07) ok=✗
  [8/15] L8 (F03116-lm-08) ok=✗
  [9/15] L12 (F03116-lm-12) ok=✓ legacy [hint saved]
  [10/15] L11 (F03116-lm-11) ok=✓ legacy [hint saved]
  [11/15] L9 (F03116-lm-09) ok=✗
  [12/15] L10 (F03116-lm-10) ok=✗
  [13/15] L13 (F03116-lm-13) ok=✗
  [14/15] L14 (F03116-lm-14) ok=✗
  [15/15] L15 (F03116-lm-15) ok=✗
Hints: appended to 3 level(s); 3 hint file(s) changed on disk.
Result: solved=3/15, solvedBeforeFallback=0, fallbackOnly=3, unsolved=12
Wrote logs/family-census/solve-R03116-lm.json
Wrote logs/family-census/solve-R03116-lm-summary.md
portfolio-solve-sweep: corpus=data/families/family-R03116-sym.json levels=7 (7 to solve) scheduler-mode=legacy budget=8000ms node-budget=20000000 workers=4 save-hints=true
  [1/7] L4 (F03116-sym-04) ok=✓ legacy [hint saved]
  [2/7] L1 (F03116-sym-01) ok=✗
  [3/7] L2 (F03116-sym-02) ok=✗
  [4/7] L3 (F03116-sym-03) ok=✗
  [5/7] L7 (F03116-sym-07) ok=✓ legacy [hint saved]
  [6/7] L5 (F03116-sym-05) ok=✗
  [7/7] L6 (F03116-sym-06) ok=✗
Hints: appended to 2 level(s); 2 hint file(s) changed on disk.
Result: solved=2/7, solvedBeforeFallback=0, fallbackOnly=2, unsolved=5
Wrote logs/family-census/solve-R03116-sym.json
Wrote logs/family-census/solve-R03116-sym-summary.md
[02:13:53] DONE R03116
[02:13:53] START R03147
Parent R03147: witness stressMeta.witnessSolution (len 106, 0 jump(s)), 54 movable object instance(s) under strict inventory.
  attempt 1: accepted F03147-lm-01 — moved flippingFilters (0,0) -> (11,1)
  attempt 2: accepted F03147-lm-02 — moved library (0,6) -> (11,1)
  attempt 3: accepted F03147-lm-03 — moved falseGoals (0,8) -> (0,1)
  attempt 4: accepted F03147-lm-04 — moved falseGoals (8,11) -> (0,1)
  attempt 5: accepted F03147-lm-05 — moved falseGoals (9,11) -> (0,1)
  attempt 6: accepted F03147-lm-06 — moved market (6,10) -> (2,4)
  attempt 7: accepted F03147-lm-07 — moved library (2,7) -> (3,6)
  attempt 8: accepted F03147-lm-08 — moved blocks (8,5) -> (0,1)
  attempt 9: accepted F03147-lm-09 — moved mustPass (7,8) -> (9,0)
  attempt 10: accepted F03147-lm-10 — moved blocks (8,5) -> (1,11)
  attempt 11: accepted F03147-lm-11 — moved falseGoals (9,7) -> (1,11)
  attempt 12: accepted F03147-lm-12 — moved fountain (4,8) -> (11,1)
  attempt 13: accepted F03147-lm-13 — moved mustPass (10,5) -> (9,1)
  attempt 14: accepted F03147-lm-14 — moved flippingFilters (4,7) -> (10,8)
  attempt 15: accepted F03147-lm-15 — moved market (6,10) -> (1,5)

15/15 new local-mutant sibling(s) generated for R03147 in 15 attempt(s) (budget 600); 15 total in data/families/family-R03147-lm.json.
Wrote 15 level(s) total to data/families/family-R03147-lm.json (changed=true), 15 hint file(s) written to data/families/hints/.
Wrote family manifest to data/families/family-R03147-lm-manifest.json (15 variant(s) total).
Parent R03147: witness stressMeta.witnessSolution (len 106, 0 jump(s)), 54 movable object instance(s) under strict inventory.
  variant 1 (rotation): accepted F03147-sym-01
  variant 2 (rotation): accepted F03147-sym-02
  variant 3 (rotation): accepted F03147-sym-03
  variant 4 (reflection): accepted F03147-sym-04
  variant 5 (reflection): accepted F03147-sym-05
  variant 6 (reflection): accepted F03147-sym-06
  variant 7 (reflection): accepted F03147-sym-07

7/7 new symmetry sibling(s) generated for R03147 in 7 attempt(s) (budget 7); 7 total in data/families/family-R03147-sym.json.
Wrote 7 level(s) total to data/families/family-R03147-sym.json (changed=true), 7 hint file(s) written to data/families/hints/.
Wrote family manifest to data/families/family-R03147-sym-manifest.json (7 variant(s) total).
portfolio-solve-sweep: corpus=data/families/family-R03147-lm.json levels=15 (15 to solve) scheduler-mode=legacy budget=8000ms node-budget=20000000 workers=4 save-hints=true
  [1/15] L4 (F03147-lm-04) ok=✗
  [2/15] L3 (F03147-lm-03) ok=✗
  [3/15] L1 (F03147-lm-01) ok=✗
  [4/15] L2 (F03147-lm-02) ok=✗
  [5/15] L5 (F03147-lm-05) ok=✗
  [6/15] L6 (F03147-lm-06) ok=✗
  [7/15] L7 (F03147-lm-07) ok=✗
  [8/15] L8 (F03147-lm-08) ok=✗
  [9/15] L9 (F03147-lm-09) ok=✗
  [10/15] L11 (F03147-lm-11) ok=✗
  [11/15] L10 (F03147-lm-10) ok=✗
  [12/15] L12 (F03147-lm-12) ok=✗
  [13/15] L15 (F03147-lm-15) ok=✗
  [14/15] L13 (F03147-lm-13) ok=✗
  [15/15] L14 (F03147-lm-14) ok=✗
Hints: appended to 0 level(s); 0 hint file(s) changed on disk.
Result: solved=0/15, solvedBeforeFallback=0, fallbackOnly=0, unsolved=15
Wrote logs/family-census/solve-R03147-lm.json
Wrote logs/family-census/solve-R03147-lm-summary.md
portfolio-solve-sweep: corpus=data/families/family-R03147-sym.json levels=7 (7 to solve) scheduler-mode=legacy budget=8000ms node-budget=20000000 workers=4 save-hints=true
  [1/7] L2 (F03147-sym-02) ok=✗
  [2/7] L1 (F03147-sym-01) ok=✗
  [3/7] L3 (F03147-sym-03) ok=✗
  [4/7] L4 (F03147-sym-04) ok=✗
  [5/7] L7 (F03147-sym-07) ok=✗
  [6/7] L6 (F03147-sym-06) ok=✗
  [7/7] L5 (F03147-sym-05) ok=✗
Hints: appended to 0 level(s); 0 hint file(s) changed on disk.
Result: solved=0/7, solvedBeforeFallback=0, fallbackOnly=0, unsolved=7
Wrote logs/family-census/solve-R03147-sym.json
Wrote logs/family-census/solve-R03147-sym-summary.md
[02:21:16] DONE R03147
[02:21:16] START R03178
Parent R03178: witness stressMeta.witnessSolution (len 107, 7 jump(s)), 44 movable object instance(s) under strict inventory.
  attempt 1: accepted F03178-lm-01 — moved falseGoals (7,8) -> (6,9)
  attempt 2: accepted F03178-lm-02 — moved mustPass (2,0) -> (1,8)
  attempt 3: accepted F03178-lm-03 — moved blocks (6,8) -> (7,5)
  attempt 4: accepted F03178-lm-04 — moved fountain (4,7) -> (2,6)
  attempt 5: accepted F03178-lm-05 — moved market (2,1) -> (8,7)
  attempt 6: accepted F03178-lm-06 — moved falseGoals (7,9) -> (10,9)
  attempt 7: accepted F03178-lm-07 — moved blocks (8,8) -> (2,3)
  attempt 8: accepted F03178-lm-08 — moved library (9,9) -> (1,7)
  attempt 9: accepted F03178-lm-09 — moved fountain (4,7) -> (13,3)
  attempt 10: accepted F03178-lm-10 — moved library (9,9) -> (11,13)
  attempt 11: accepted F03178-lm-11 — moved blocks (5,3) -> (12,8)
  attempt 12: accepted F03178-lm-12 — moved blocks (4,3) -> (12,11)
  attempt 13: accepted F03178-lm-13 — moved lamppost (1,0) -> (4,6)
  attempt 14: accepted F03178-lm-14 — moved library (11,5) -> (11,2)
  attempt 15: accepted F03178-lm-15 — moved flippingFilters (8,12) -> (13,2)

15/15 new local-mutant sibling(s) generated for R03178 in 15 attempt(s) (budget 600); 15 total in data/families/family-R03178-lm.json.
Wrote 15 level(s) total to data/families/family-R03178-lm.json (changed=true), 15 hint file(s) written to data/families/hints/.
Wrote family manifest to data/families/family-R03178-lm-manifest.json (15 variant(s) total).
Parent R03178: witness stressMeta.witnessSolution (len 107, 7 jump(s)), 44 movable object instance(s) under strict inventory.
  variant 1 (rotation): accepted F03178-sym-01
  variant 2 (rotation): accepted F03178-sym-02
  variant 3 (rotation): accepted F03178-sym-03
  variant 4 (reflection): accepted F03178-sym-04
  variant 5 (reflection): accepted F03178-sym-05
  variant 6 (reflection): accepted F03178-sym-06
  variant 7 (reflection): accepted F03178-sym-07

7/7 new symmetry sibling(s) generated for R03178 in 7 attempt(s) (budget 7); 7 total in data/families/family-R03178-sym.json.
Wrote 7 level(s) total to data/families/family-R03178-sym.json (changed=true), 7 hint file(s) written to data/families/hints/.
Wrote family manifest to data/families/family-R03178-sym-manifest.json (7 variant(s) total).
portfolio-solve-sweep: corpus=data/families/family-R03178-lm.json levels=15 (15 to solve) scheduler-mode=legacy budget=8000ms node-budget=20000000 workers=4 save-hints=true
  [1/15] L4 (F03178-lm-04) ok=✗
  [2/15] L1 (F03178-lm-01) ok=✗
  [3/15] L3 (F03178-lm-03) ok=✗
  [4/15] L2 (F03178-lm-02) ok=✗
  [5/15] L5 (F03178-lm-05) ok=✗
  [6/15] L6 (F03178-lm-06) ok=✗
  [7/15] L7 (F03178-lm-07) ok=✗
  [8/15] L8 (F03178-lm-08) ok=✗
  [9/15] L9 (F03178-lm-09) ok=✗
  [10/15] L10 (F03178-lm-10) ok=✗
  [11/15] L11 (F03178-lm-11) ok=✗
  [12/15] L12 (F03178-lm-12) ok=✗
  [13/15] L15 (F03178-lm-15) ok=✗
  [14/15] L14 (F03178-lm-14) ok=✗
  [15/15] L13 (F03178-lm-13) ok=✗
Hints: appended to 0 level(s); 0 hint file(s) changed on disk.
Result: solved=0/15, solvedBeforeFallback=0, fallbackOnly=0, unsolved=15
Wrote logs/family-census/solve-R03178-lm.json
Wrote logs/family-census/solve-R03178-lm-summary.md
portfolio-solve-sweep: corpus=data/families/family-R03178-sym.json levels=7 (7 to solve) scheduler-mode=legacy budget=8000ms node-budget=20000000 workers=4 save-hints=true
  [1/7] L4 (F03178-sym-04) ok=✗
  [2/7] L3 (F03178-sym-03) ok=✗
  [3/7] L2 (F03178-sym-02) ok=✗
  [4/7] L1 (F03178-sym-01) ok=✗
  [5/7] L7 (F03178-sym-07) ok=✗
  [6/7] L6 (F03178-sym-06) ok=✗
  [7/7] L5 (F03178-sym-05) ok=✗
Hints: appended to 0 level(s); 0 hint file(s) changed on disk.
Result: solved=0/7, solvedBeforeFallback=0, fallbackOnly=0, unsolved=7
Wrote logs/family-census/solve-R03178-sym.json
Wrote logs/family-census/solve-R03178-sym-summary.md
[02:23:44] DONE R03178
[02:23:44] START R03209
Parent R03209: witness stressMeta.witnessSolution (len 90, 6 jump(s)), 47 movable object instance(s) under strict inventory.
  attempt 1: accepted F03209-lm-01 — moved blocks (7,5) -> (3,3)
  attempt 2: accepted F03209-lm-02 — moved fountain (4,4) -> (8,5)
  attempt 3: accepted F03209-lm-03 — moved mustPass (8,3) -> (1,3)
  attempt 4: accepted F03209-lm-04 — moved library (3,2) -> (3,3)
  attempt 5: accepted F03209-lm-05 — moved lamppost (10,10) -> (0,0)
  attempt 6: accepted F03209-lm-06 — moved mustPass (8,7) -> (9,1)
  attempt 7: accepted F03209-lm-07 — moved lamppost (4,3) -> (3,4)
  attempt 8: accepted F03209-lm-08 — moved mustPass (8,3) -> (10,1)
  attempt 9: accepted F03209-lm-09 — moved park (6,8) -> (8,5)
  attempt 10: accepted F03209-lm-10 — moved flippingFilters (4,10) -> (10,3)
  attempt 11: accepted F03209-lm-11 — moved fountain (4,6) -> (3,3)
  attempt 12: rejected — degenerate duplicate of parent or another accepted variant
  attempt 13: accepted F03209-lm-12 — moved blocks (7,5) -> (3,4)
  attempt 14: accepted F03209-lm-13 — moved market (6,4) -> (8,1)
  attempt 15: accepted F03209-lm-14 — moved flippingFilters (7,7) -> (8,5)
  attempt 16: accepted F03209-lm-15 — moved mustPass (7,2) -> (6,5)

15/15 new local-mutant sibling(s) generated for R03209 in 16 attempt(s) (budget 600); 15 total in data/families/family-R03209-lm.json.
Wrote 15 level(s) total to data/families/family-R03209-lm.json (changed=true), 15 hint file(s) written to data/families/hints/.
Wrote family manifest to data/families/family-R03209-lm-manifest.json (15 variant(s) total).
Parent R03209: witness stressMeta.witnessSolution (len 90, 6 jump(s)), 47 movable object instance(s) under strict inventory.
  variant 1 (rotation): accepted F03209-sym-01
  variant 2 (rotation): accepted F03209-sym-02
  variant 3 (rotation): accepted F03209-sym-03
  variant 4 (reflection): accepted F03209-sym-04
  variant 5 (reflection): accepted F03209-sym-05
  variant 6 (reflection): accepted F03209-sym-06
  variant 7 (reflection): accepted F03209-sym-07

7/7 new symmetry sibling(s) generated for R03209 in 7 attempt(s) (budget 7); 7 total in data/families/family-R03209-sym.json.
Wrote 7 level(s) total to data/families/family-R03209-sym.json (changed=true), 7 hint file(s) written to data/families/hints/.
Wrote family manifest to data/families/family-R03209-sym-manifest.json (7 variant(s) total).
portfolio-solve-sweep: corpus=data/families/family-R03209-lm.json levels=15 (15 to solve) scheduler-mode=legacy budget=8000ms node-budget=20000000 workers=4 save-hints=true
  [1/15] L3 (F03209-lm-03) ok=✗
  [2/15] L2 (F03209-lm-02) ok=✗
  [3/15] L4 (F03209-lm-04) ok=✗
  [4/15] L1 (F03209-lm-01) ok=✗
  [5/15] L5 (F03209-lm-05) ok=✗
  [6/15] L8 (F03209-lm-08) ok=✗
  [7/15] L7 (F03209-lm-07) ok=✗
  [8/15] L6 (F03209-lm-06) ok=✗
  [9/15] L9 (F03209-lm-09) ok=✗
  [10/15] L10 (F03209-lm-10) ok=✗
  [11/15] L11 (F03209-lm-11) ok=✗
  [12/15] L12 (F03209-lm-12) ok=✗
  [13/15] L15 (F03209-lm-15) ok=✗
  [14/15] L13 (F03209-lm-13) ok=✗
  [15/15] L14 (F03209-lm-14) ok=✗
Hints: appended to 0 level(s); 0 hint file(s) changed on disk.
Result: solved=0/15, solvedBeforeFallback=0, fallbackOnly=0, unsolved=15
Wrote logs/family-census/solve-R03209-lm.json
Wrote logs/family-census/solve-R03209-lm-summary.md
portfolio-solve-sweep: corpus=data/families/family-R03209-sym.json levels=7 (7 to solve) scheduler-mode=legacy budget=8000ms node-budget=20000000 workers=4 save-hints=true
  [1/7] L4 (F03209-sym-04) ok=✗
  [2/7] L1 (F03209-sym-01) ok=✗
  [3/7] L3 (F03209-sym-03) ok=✗
  [4/7] L2 (F03209-sym-02) ok=✗
  [5/7] L6 (F03209-sym-06) ok=✗
  [6/7] L5 (F03209-sym-05) ok=✗
  [7/7] L7 (F03209-sym-07) ok=✗
Hints: appended to 0 level(s); 0 hint file(s) changed on disk.
Result: solved=0/7, solvedBeforeFallback=0, fallbackOnly=0, unsolved=7
Wrote logs/family-census/solve-R03209-sym.json
Wrote logs/family-census/solve-R03209-sym-summary.md
[02:32:07] DONE R03209
[02:32:07] START R03254
Parent R03254: witness stressMeta.witnessSolution (len 127, 6 jump(s)), 57 movable object instance(s) under strict inventory.
  attempt 1: accepted F03254-lm-01 — moved falseGoals (2,13) -> (14,6)
  attempt 2: accepted F03254-lm-02 — moved fountain (13,0) -> (6,3)
  attempt 3: accepted F03254-lm-03 — moved falseGoals (2,12) -> (12,4)
  attempt 4: accepted F03254-lm-04 — moved statue (10,4) -> (11,13)
  attempt 5: accepted F03254-lm-05 — moved blocks (14,7) -> (13,8)
  attempt 6: accepted F03254-lm-06 — moved blocks (3,6) -> (9,6)
  attempt 7: accepted F03254-lm-07 — moved blocks (7,9) -> (1,9)
  attempt 8: accepted F03254-lm-08 — moved statue (5,2) -> (9,11)
  attempt 9: accepted F03254-lm-09 — moved lamppost (2,9) -> (7,13)
  attempt 10: accepted F03254-lm-10 — moved blocks (0,3) -> (2,7)
  attempt 11: accepted F03254-lm-11 — moved blocks (14,8) -> (11,13)
  attempt 12: accepted F03254-lm-12 — moved mustPass (10,1) -> (6,3)
  attempt 13: accepted F03254-lm-13 — moved blocks (2,5) -> (6,1)
  attempt 14: accepted F03254-lm-14 — moved flippingFilters (14,10) -> (6,14)
  attempt 15: accepted F03254-lm-15 — moved library (3,5) -> (11,4)

15/15 new local-mutant sibling(s) generated for R03254 in 15 attempt(s) (budget 600); 15 total in data/families/family-R03254-lm.json.
Wrote 15 level(s) total to data/families/family-R03254-lm.json (changed=true), 15 hint file(s) written to data/families/hints/.
Wrote family manifest to data/families/family-R03254-lm-manifest.json (15 variant(s) total).
Parent R03254: witness stressMeta.witnessSolution (len 127, 6 jump(s)), 57 movable object instance(s) under strict inventory.
  variant 1 (rotation): accepted F03254-sym-01
  variant 2 (rotation): accepted F03254-sym-02
  variant 3 (rotation): accepted F03254-sym-03
  variant 4 (reflection): accepted F03254-sym-04
  variant 5 (reflection): accepted F03254-sym-05
  variant 6 (reflection): accepted F03254-sym-06
  variant 7 (reflection): accepted F03254-sym-07

7/7 new symmetry sibling(s) generated for R03254 in 7 attempt(s) (budget 7); 7 total in data/families/family-R03254-sym.json.
Wrote 7 level(s) total to data/families/family-R03254-sym.json (changed=true), 7 hint file(s) written to data/families/hints/.
Wrote family manifest to data/families/family-R03254-sym-manifest.json (7 variant(s) total).
portfolio-solve-sweep: corpus=data/families/family-R03254-lm.json levels=15 (15 to solve) scheduler-mode=legacy budget=8000ms node-budget=20000000 workers=4 save-hints=true
  [1/15] L3 (F03254-lm-03) ok=✗
  [2/15] L4 (F03254-lm-04) ok=✗
  [3/15] L2 (F03254-lm-02) ok=✗
  [4/15] L1 (F03254-lm-01) ok=✗
  [5/15] L5 (F03254-lm-05) ok=✗
  [6/15] L6 (F03254-lm-06) ok=✗
  [7/15] L8 (F03254-lm-08) ok=✗
  [8/15] L7 (F03254-lm-07) ok=✗
  [9/15] L9 (F03254-lm-09) ok=✗
  [10/15] L10 (F03254-lm-10) ok=✗
  [11/15] L11 (F03254-lm-11) ok=✗
  [12/15] L12 (F03254-lm-12) ok=✗
  [13/15] L15 (F03254-lm-15) ok=✗
  [14/15] L13 (F03254-lm-13) ok=✗
  [15/15] L14 (F03254-lm-14) ok=✗
Hints: appended to 0 level(s); 0 hint file(s) changed on disk.
Result: solved=0/15, solvedBeforeFallback=0, fallbackOnly=0, unsolved=15
Wrote logs/family-census/solve-R03254-lm.json
Wrote logs/family-census/solve-R03254-lm-summary.md
portfolio-solve-sweep: corpus=data/families/family-R03254-sym.json levels=7 (7 to solve) scheduler-mode=legacy budget=8000ms node-budget=20000000 workers=4 save-hints=true
  [1/7] L4 (F03254-sym-04) ok=✗
  [2/7] L3 (F03254-sym-03) ok=✗
  [3/7] L2 (F03254-sym-02) ok=✗
  [4/7] L1 (F03254-sym-01) ok=✗
  [5/7] L6 (F03254-sym-06) ok=✓ legacy [hint saved]
  [6/7] L5 (F03254-sym-05) ok=✗
  [7/7] L7 (F03254-sym-07) ok=✗
Hints: appended to 1 level(s); 1 hint file(s) changed on disk.
Result: solved=1/7, solvedBeforeFallback=0, fallbackOnly=1, unsolved=6
Wrote logs/family-census/solve-R03254-sym.json
Wrote logs/family-census/solve-R03254-sym-summary.md
[02:39:33] DONE R03254
[02:39:33] START R03289
Parent R03289: witness stressMeta.witnessSolution (len 123, 5 jump(s)), 47 movable object instance(s) under strict inventory.
  attempt 1: accepted F03289-lm-01 — moved blocks (6,1) -> (6,2)
  attempt 2: accepted F03289-lm-02 — moved library (5,9) -> (1,7)
  attempt 3: accepted F03289-lm-03 — moved blocks (13,8) -> (11,13)
  attempt 4: accepted F03289-lm-04 — moved blocks (5,3) -> (0,9)
  attempt 5: accepted F03289-lm-05 — moved blocks (13,8) -> (11,9)
  attempt 6: accepted F03289-lm-06 — moved blocks (13,6) -> (13,9)
  attempt 7: accepted F03289-lm-07 — moved geese (10,11) -> (13,9)
  attempt 8: accepted F03289-lm-08 — moved blocks (2,13) -> (13,13)
  attempt 9: accepted F03289-lm-09 — moved blocks (9,12) -> (9,13)
  attempt 10: accepted F03289-lm-10 — moved falseGoals (4,3) -> (11,13)
  attempt 11: accepted F03289-lm-11 — moved blocks (12,9) -> (8,13)
  attempt 12: accepted F03289-lm-12 — moved blocks (13,7) -> (8,2)
  attempt 13: accepted F03289-lm-13 — moved blocks (13,0) -> (6,5)
  attempt 14: accepted F03289-lm-14 — moved geese (0,13) -> (13,12)
  attempt 15: accepted F03289-lm-15 — moved lamppost (2,1) -> (0,7)

15/15 new local-mutant sibling(s) generated for R03289 in 15 attempt(s) (budget 600); 15 total in data/families/family-R03289-lm.json.
Wrote 15 level(s) total to data/families/family-R03289-lm.json (changed=true), 15 hint file(s) written to data/families/hints/.
Wrote family manifest to data/families/family-R03289-lm-manifest.json (15 variant(s) total).
Parent R03289: witness stressMeta.witnessSolution (len 123, 5 jump(s)), 47 movable object instance(s) under strict inventory.
  variant 1 (rotation): accepted F03289-sym-01
  variant 2 (rotation): accepted F03289-sym-02
  variant 3 (rotation): accepted F03289-sym-03
  variant 4 (reflection): accepted F03289-sym-04
  variant 5 (reflection): accepted F03289-sym-05
  variant 6 (reflection): accepted F03289-sym-06
  variant 7 (reflection): accepted F03289-sym-07

7/7 new symmetry sibling(s) generated for R03289 in 7 attempt(s) (budget 7); 7 total in data/families/family-R03289-sym.json.
Wrote 7 level(s) total to data/families/family-R03289-sym.json (changed=true), 7 hint file(s) written to data/families/hints/.
Wrote family manifest to data/families/family-R03289-sym-manifest.json (7 variant(s) total).
portfolio-solve-sweep: corpus=data/families/family-R03289-lm.json levels=15 (15 to solve) scheduler-mode=legacy budget=8000ms node-budget=20000000 workers=4 save-hints=true
  [1/15] L2 (F03289-lm-02) ok=✗
  [2/15] L4 (F03289-lm-04) ok=✗
  [3/15] L3 (F03289-lm-03) ok=✗
  [4/15] L1 (F03289-lm-01) ok=✗
  [5/15] L6 (F03289-lm-06) ok=✓ legacy [hint saved]
  [6/15] L5 (F03289-lm-05) ok=✗
  [7/15] L8 (F03289-lm-08) ok=✗
  [8/15] L7 (F03289-lm-07) ok=✗
  [9/15] L9 (F03289-lm-09) ok=✗
  [10/15] L12 (F03289-lm-12) ok=✗
  [11/15] L10 (F03289-lm-10) ok=✗
  [12/15] L11 (F03289-lm-11) ok=✗
  [13/15] L13 (F03289-lm-13) ok=✗
  [14/15] L15 (F03289-lm-15) ok=✗
  [15/15] L14 (F03289-lm-14) ok=✗
Hints: appended to 1 level(s); 1 hint file(s) changed on disk.
Result: solved=1/15, solvedBeforeFallback=0, fallbackOnly=1, unsolved=14
Wrote logs/family-census/solve-R03289-lm.json
Wrote logs/family-census/solve-R03289-lm-summary.md
portfolio-solve-sweep: corpus=data/families/family-R03289-sym.json levels=7 (7 to solve) scheduler-mode=legacy budget=8000ms node-budget=20000000 workers=4 save-hints=true
  [1/7] L2 (F03289-sym-02) ok=✗
  [2/7] L1 (F03289-sym-01) ok=✗
  [3/7] L3 (F03289-sym-03) ok=✗
  [4/7] L4 (F03289-sym-04) ok=✗
  [5/7] L6 (F03289-sym-06) ok=✗
  [6/7] L5 (F03289-sym-05) ok=✗
  [7/7] L7 (F03289-sym-07) ok=✗
Hints: appended to 0 level(s); 0 hint file(s) changed on disk.
Result: solved=0/7, solvedBeforeFallback=0, fallbackOnly=0, unsolved=7
Wrote logs/family-census/solve-R03289-sym.json
Wrote logs/family-census/solve-R03289-sym-summary.md
[02:42:28] DONE R03289
[02:42:28] START R03317
Parent R03317: witness stressMeta.witnessSolution (len 70, 6 jump(s)), 34 movable object instance(s) under strict inventory.
  attempt 1: accepted F03317-lm-01 — moved blocks (8,0) -> (10,6)
  attempt 2: accepted F03317-lm-02 — moved flippingFilters (8,6) -> (0,7)
  attempt 3: accepted F03317-lm-03 — moved statue (8,10) -> (0,7)
  attempt 4: accepted F03317-lm-04 — moved flippingFilters (2,4) -> (2,3)
  attempt 5: accepted F03317-lm-05 — moved blocks (8,0) -> (2,2)
  attempt 6: accepted F03317-lm-06 — moved park (9,6) -> (10,2)
  attempt 7: accepted F03317-lm-07 — moved blocks (4,9) -> (9,7)
  attempt 8: rejected — degenerate duplicate of parent or another accepted variant
  attempt 9: accepted F03317-lm-08 — moved blocks (4,9) -> (0,7)
  attempt 10: accepted F03317-lm-09 — moved statue (7,0) -> (3,10)
  attempt 11: accepted F03317-lm-10 — moved park (0,8) -> (8,4)
  attempt 12: accepted F03317-lm-11 — moved flippingFilters (2,4) -> (9,3)
  attempt 13: accepted F03317-lm-12 — moved blocks (9,1) -> (8,4)
  attempt 14: accepted F03317-lm-13 — moved park (7,4) -> (3,0)
  attempt 15: accepted F03317-lm-14 — moved flippingFilters (10,1) -> (9,9)
  attempt 16: accepted F03317-lm-15 — moved blocks (4,9) -> (4,8)

15/15 new local-mutant sibling(s) generated for R03317 in 16 attempt(s) (budget 600); 15 total in data/families/family-R03317-lm.json.
Wrote 15 level(s) total to data/families/family-R03317-lm.json (changed=true), 15 hint file(s) written to data/families/hints/.
Wrote family manifest to data/families/family-R03317-lm-manifest.json (15 variant(s) total).
Parent R03317: witness stressMeta.witnessSolution (len 70, 6 jump(s)), 34 movable object instance(s) under strict inventory.
  variant 1 (rotation): accepted F03317-sym-01
  variant 2 (rotation): accepted F03317-sym-02
  variant 3 (rotation): accepted F03317-sym-03
  variant 4 (reflection): accepted F03317-sym-04
  variant 5 (reflection): accepted F03317-sym-05
  variant 6 (reflection): accepted F03317-sym-06
  variant 7 (reflection): accepted F03317-sym-07

7/7 new symmetry sibling(s) generated for R03317 in 7 attempt(s) (budget 7); 7 total in data/families/family-R03317-sym.json.
Wrote 7 level(s) total to data/families/family-R03317-sym.json (changed=true), 7 hint file(s) written to data/families/hints/.
Wrote family manifest to data/families/family-R03317-sym-manifest.json (7 variant(s) total).
portfolio-solve-sweep: corpus=data/families/family-R03317-lm.json levels=15 (15 to solve) scheduler-mode=legacy budget=8000ms node-budget=20000000 workers=4 save-hints=true
  [1/15] L3 (F03317-lm-03) ok=✗
  [2/15] L1 (F03317-lm-01) ok=✗
  [3/15] L2 (F03317-lm-02) ok=✗
  [4/15] L4 (F03317-lm-04) ok=✗
  [5/15] L6 (F03317-lm-06) ok=✓ legacy [hint saved]
  [6/15] L5 (F03317-lm-05) ok=✗
  [7/15] L7 (F03317-lm-07) ok=✗
  [8/15] L8 (F03317-lm-08) ok=✗
  [9/15] L10 (F03317-lm-10) ok=✗
  [10/15] L9 (F03317-lm-09) ok=✗
  [11/15] L11 (F03317-lm-11) ok=✗
  [12/15] L12 (F03317-lm-12) ok=✗
  [13/15] L13 (F03317-lm-13) ok=✓ legacy [hint saved]
  [14/15] L14 (F03317-lm-14) ok=✗
  [15/15] L15 (F03317-lm-15) ok=✗
Hints: appended to 2 level(s); 2 hint file(s) changed on disk.
Result: solved=2/15, solvedBeforeFallback=0, fallbackOnly=2, unsolved=13
Wrote logs/family-census/solve-R03317-lm.json
Wrote logs/family-census/solve-R03317-lm-summary.md
portfolio-solve-sweep: corpus=data/families/family-R03317-sym.json levels=7 (7 to solve) scheduler-mode=legacy budget=8000ms node-budget=20000000 workers=4 save-hints=true
  [1/7] L1 (F03317-sym-01) ok=✗
  [2/7] L4 (F03317-sym-04) ok=✗
  [3/7] L3 (F03317-sym-03) ok=✗
  [4/7] L2 (F03317-sym-02) ok=✗
  [5/7] L6 (F03317-sym-06) ok=✗
  [6/7] L5 (F03317-sym-05) ok=✗
  [7/7] L7 (F03317-sym-07) ok=✗
Hints: appended to 0 level(s); 0 hint file(s) changed on disk.
Result: solved=0/7, solvedBeforeFallback=0, fallbackOnly=0, unsolved=7
Wrote logs/family-census/solve-R03317-sym.json
Wrote logs/family-census/solve-R03317-sym-summary.md
[02:44:15] DONE R03317
[02:44:15] START R03351
Parent R03351: witness stressMeta.witnessSolution (len 120, 5 jump(s)), 53 movable object instance(s) under strict inventory.
  attempt 1: accepted F03351-lm-01 — moved fountain (13,13) -> (12,13)
  attempt 2: accepted F03351-lm-02 — moved mustCross (9,2) -> (12,9)
  attempt 3: accepted F03351-lm-03 — moved mustCross (4,3) -> (12,9)
  attempt 4: accepted F03351-lm-04 — moved blocks (5,1) -> (13,12)
  attempt 5: accepted F03351-lm-05 — moved blocks (7,3) -> (6,5)
  attempt 6: accepted F03351-lm-06 — moved fountain (7,7) -> (6,8)
  attempt 7: accepted F03351-lm-07 — moved market (11,4) -> (5,2)
  attempt 8: accepted F03351-lm-08 — moved park (1,8) -> (10,6)
  attempt 9: accepted F03351-lm-09 — moved fountain (10,9) -> (8,7)
  attempt 10: accepted F03351-lm-10 — moved fountain (7,7) -> (1,3)
  attempt 11: accepted F03351-lm-11 — moved lamppost (8,8) -> (5,3)
  attempt 12: accepted F03351-lm-12 — moved lamppost (7,6) -> (3,6)
  attempt 13: accepted F03351-lm-13 — moved blocks (7,3) -> (1,1)
  attempt 14: accepted F03351-lm-14 — moved mustPass (6,11) -> (7,9)
  attempt 15: accepted F03351-lm-15 — moved market (11,4) -> (8,3)

15/15 new local-mutant sibling(s) generated for R03351 in 15 attempt(s) (budget 600); 15 total in data/families/family-R03351-lm.json.
Wrote 15 level(s) total to data/families/family-R03351-lm.json (changed=true), 15 hint file(s) written to data/families/hints/.
Wrote family manifest to data/families/family-R03351-lm-manifest.json (15 variant(s) total).
Parent R03351: witness stressMeta.witnessSolution (len 120, 5 jump(s)), 53 movable object instance(s) under strict inventory.
  variant 1 (rotation): accepted F03351-sym-01
  variant 2 (rotation): accepted F03351-sym-02
  variant 3 (rotation): accepted F03351-sym-03
  variant 4 (reflection): accepted F03351-sym-04
  variant 5 (reflection): accepted F03351-sym-05
  variant 6 (reflection): accepted F03351-sym-06
  variant 7 (reflection): accepted F03351-sym-07

7/7 new symmetry sibling(s) generated for R03351 in 7 attempt(s) (budget 7); 7 total in data/families/family-R03351-sym.json.
Wrote 7 level(s) total to data/families/family-R03351-sym.json (changed=true), 7 hint file(s) written to data/families/hints/.
Wrote family manifest to data/families/family-R03351-sym-manifest.json (7 variant(s) total).
portfolio-solve-sweep: corpus=data/families/family-R03351-lm.json levels=15 (15 to solve) scheduler-mode=legacy budget=8000ms node-budget=20000000 workers=4 save-hints=true
  [1/15] L1 (F03351-lm-01) ok=✗
  [2/15] L4 (F03351-lm-04) ok=✗
  [3/15] L2 (F03351-lm-02) ok=✗
  [4/15] L3 (F03351-lm-03) ok=✗
  [5/15] L5 (F03351-lm-05) ok=✗
  [6/15] L6 (F03351-lm-06) ok=✗
  [7/15] L7 (F03351-lm-07) ok=✗
  [8/15] L8 (F03351-lm-08) ok=✗
  [9/15] L9 (F03351-lm-09) ok=✗
  [10/15] L10 (F03351-lm-10) ok=✗
  [11/15] L11 (F03351-lm-11) ok=✗
  [12/15] L12 (F03351-lm-12) ok=✗
  [13/15] L13 (F03351-lm-13) ok=✗
  [14/15] L15 (F03351-lm-15) ok=✗
  [15/15] L14 (F03351-lm-14) ok=✗
Hints: appended to 0 level(s); 0 hint file(s) changed on disk.
Result: solved=0/15, solvedBeforeFallback=0, fallbackOnly=0, unsolved=15
Wrote logs/family-census/solve-R03351-lm.json
Wrote logs/family-census/solve-R03351-lm-summary.md
portfolio-solve-sweep: corpus=data/families/family-R03351-sym.json levels=7 (7 to solve) scheduler-mode=legacy budget=8000ms node-budget=20000000 workers=4 save-hints=true
  [1/7] L1 (F03351-sym-01) ok=✗
  [2/7] L3 (F03351-sym-03) ok=✗
  [3/7] L2 (F03351-sym-02) ok=✗
  [4/7] L4 (F03351-sym-04) ok=✗
  [5/7] L7 (F03351-sym-07) ok=✗
  [6/7] L6 (F03351-sym-06) ok=✗
  [7/7] L5 (F03351-sym-05) ok=✗
Hints: appended to 0 level(s); 0 hint file(s) changed on disk.
Result: solved=0/7, solvedBeforeFallback=0, fallbackOnly=0, unsolved=7
Wrote logs/family-census/solve-R03351-sym.json
Wrote logs/family-census/solve-R03351-sym-summary.md
[02:50:20] DONE R03351
