[23:10:31] START R00088
Parent R00088: witness stressMeta.witnessSolution (len 123, 5 jump(s)), 73 movable object instance(s) under strict inventory.
  attempt 1: accepted F00088-lm-01 — moved flippingFilters (3,0) -> (10,8)
  attempt 2: accepted F00088-lm-02 — moved geese (12,7) -> (9,13)
  attempt 3: accepted F00088-lm-03 — moved market (13,0) -> (6,7)
  attempt 4: accepted F00088-lm-04 — moved mustPass (11,4) -> (12,10)
  attempt 5: accepted F00088-lm-05 — moved blocks (11,6) -> (1,0)
  attempt 6: accepted F00088-lm-06 — moved blocks (13,8) -> (9,13)
  attempt 7: accepted F00088-lm-07 — moved flippingFilters (8,5) -> (9,11)
  attempt 8: accepted F00088-lm-08 — moved park (5,4) -> (5,10)
  attempt 9: accepted F00088-lm-09 — moved blocks (5,12) -> (1,12)
  attempt 10: accepted F00088-lm-10 — moved mustPass (2,3) -> (6,5)
  attempt 11: accepted F00088-lm-11 — moved park (1,2) -> (6,7)
  attempt 12: accepted F00088-lm-12 — moved blocks (0,7) -> (8,3)
  attempt 13: accepted F00088-lm-13 — moved blocks (7,3) -> (13,5)
  attempt 14: accepted F00088-lm-14 — moved flippingFilters (0,8) -> (1,0)
  attempt 15: accepted F00088-lm-15 — moved mustPass (2,3) -> (9,10)

15/15 new local-mutant sibling(s) generated for R00088 in 15 attempt(s) (budget 600); 15 total in data/families/family-R00088-lm.json.
Wrote 15 level(s) total to data/families/family-R00088-lm.json (changed=true), 15 hint file(s) written to data/families/hints/.
Wrote family manifest to data/families/family-R00088-lm-manifest.json (15 variant(s) total).
Parent R00088: witness stressMeta.witnessSolution (len 123, 5 jump(s)), 73 movable object instance(s) under strict inventory.
  variant 1 (rotation): accepted F00088-sym-01
  variant 2 (rotation): accepted F00088-sym-02
  variant 3 (rotation): accepted F00088-sym-03
  variant 4 (reflection): accepted F00088-sym-04
  variant 5 (reflection): accepted F00088-sym-05
  variant 6 (reflection): accepted F00088-sym-06
  variant 7 (reflection): accepted F00088-sym-07

7/7 new symmetry sibling(s) generated for R00088 in 7 attempt(s) (budget 7); 7 total in data/families/family-R00088-sym.json.
Wrote 7 level(s) total to data/families/family-R00088-sym.json (changed=true), 7 hint file(s) written to data/families/hints/.
Wrote family manifest to data/families/family-R00088-sym-manifest.json (7 variant(s) total).
portfolio-solve-sweep: corpus=data/families/family-R00088-lm.json levels=15 (15 to solve) scheduler-mode=legacy budget=8000ms node-budget=20000000 workers=4 save-hints=true
  [1/15] L4 (F00088-lm-04) ok=✗
  [2/15] L3 (F00088-lm-03) ok=✗
  [3/15] L2 (F00088-lm-02) ok=✗
  [4/15] L1 (F00088-lm-01) ok=✗
  [5/15] L5 (F00088-lm-05) ok=✗
  [6/15] L6 (F00088-lm-06) ok=✗
  [7/15] L7 (F00088-lm-07) ok=✗
  [8/15] L8 (F00088-lm-08) ok=✗
  [9/15] L9 (F00088-lm-09) ok=✗
  [10/15] L10 (F00088-lm-10) ok=✗
  [11/15] L12 (F00088-lm-12) ok=✗
  [12/15] L11 (F00088-lm-11) ok=✗
  [13/15] L15 (F00088-lm-15) ok=✗
  [14/15] L13 (F00088-lm-13) ok=✗
  [15/15] L14 (F00088-lm-14) ok=✗
Hints: appended to 0 level(s); 0 hint file(s) changed on disk.
Result: solved=0/15, solvedBeforeFallback=0, fallbackOnly=0, unsolved=15
Wrote logs/family-census/solve-R00088-lm.json
Wrote logs/family-census/solve-R00088-lm-summary.md
portfolio-solve-sweep: corpus=data/families/family-R00088-sym.json levels=7 (7 to solve) scheduler-mode=legacy budget=8000ms node-budget=20000000 workers=4 save-hints=true
  [1/7] L3 (F00088-sym-03) ok=✗
  [2/7] L4 (F00088-sym-04) ok=✗
  [3/7] L2 (F00088-sym-02) ok=✗
  [4/7] L1 (F00088-sym-01) ok=✗
  [5/7] L5 (F00088-sym-05) ok=✗
  [6/7] L7 (F00088-sym-07) ok=✗
  [7/7] L6 (F00088-sym-06) ok=✗
Hints: appended to 0 level(s); 0 hint file(s) changed on disk.
Result: solved=0/7, solvedBeforeFallback=0, fallbackOnly=0, unsolved=7
Wrote logs/family-census/solve-R00088-sym.json
Wrote logs/family-census/solve-R00088-sym-summary.md
[23:12:48] DONE R00088
[23:12:48] START R00347
Parent R00347: witness stressMeta.witnessSolution (len 106, 7 jump(s)), 35 movable object instance(s) under strict inventory.
  attempt 1: accepted F00347-lm-01 — moved blocks (2,12) -> (8,8)
  attempt 2: accepted F00347-lm-02 — moved blocks (11,7) -> (5,2)
  attempt 3: accepted F00347-lm-03 — moved falseGoals (2,2) -> (6,7)
  attempt 4: accepted F00347-lm-04 — moved geese (10,5) -> (7,5)
  attempt 5: accepted F00347-lm-05 — moved geese (12,7) -> (8,1)
  attempt 6: accepted F00347-lm-06 — moved blocks (5,6) -> (0,1)
  attempt 7: accepted F00347-lm-07 — moved geese (12,7) -> (9,5)
  attempt 8: accepted F00347-lm-08 — moved blocks (0,9) -> (3,5)
  attempt 9: accepted F00347-lm-09 — moved geese (10,5) -> (9,1)
  attempt 10: accepted F00347-lm-10 — moved flippingFilters (9,0) -> (8,5)
  attempt 11: accepted F00347-lm-11 — moved blocks (0,12) -> (7,7)
  attempt 12: accepted F00347-lm-12 — moved falseGoals (9,6) -> (8,1)
  attempt 13: accepted F00347-lm-13 — moved blocks (5,6) -> (6,7)
  attempt 14: accepted F00347-lm-14 — moved flippingFilters (7,11) -> (4,6)
  attempt 15: accepted F00347-lm-15 — moved flippingFilters (8,6) -> (2,10)

15/15 new local-mutant sibling(s) generated for R00347 in 15 attempt(s) (budget 600); 15 total in data/families/family-R00347-lm.json.
Wrote 15 level(s) total to data/families/family-R00347-lm.json (changed=true), 15 hint file(s) written to data/families/hints/.
Wrote family manifest to data/families/family-R00347-lm-manifest.json (15 variant(s) total).
Parent R00347: witness stressMeta.witnessSolution (len 106, 7 jump(s)), 35 movable object instance(s) under strict inventory.
  variant 1 (rotation): accepted F00347-sym-01
  variant 2 (rotation): accepted F00347-sym-02
  variant 3 (rotation): accepted F00347-sym-03
  variant 4 (reflection): accepted F00347-sym-04
  variant 5 (reflection): accepted F00347-sym-05
  variant 6 (reflection): accepted F00347-sym-06
  variant 7 (reflection): accepted F00347-sym-07

7/7 new symmetry sibling(s) generated for R00347 in 7 attempt(s) (budget 7); 7 total in data/families/family-R00347-sym.json.
Wrote 7 level(s) total to data/families/family-R00347-sym.json (changed=true), 7 hint file(s) written to data/families/hints/.
Wrote family manifest to data/families/family-R00347-sym-manifest.json (7 variant(s) total).
portfolio-solve-sweep: corpus=data/families/family-R00347-lm.json levels=15 (15 to solve) scheduler-mode=legacy budget=8000ms node-budget=20000000 workers=4 save-hints=true
  [1/15] L3 (F00347-lm-03) ok=✓ legacy [hint saved]
  [2/15] L1 (F00347-lm-01) ok=✗
  [3/15] L2 (F00347-lm-02) ok=✗
  [4/15] L4 (F00347-lm-04) ok=✗
  [5/15] L8 (F00347-lm-08) ok=✓ legacy [hint saved]
  [6/15] L6 (F00347-lm-06) ok=✓ legacy [hint saved]
  [7/15] L5 (F00347-lm-05) ok=✗
  [8/15] L10 (F00347-lm-10) ok=✓ legacy [hint saved]
  [9/15] L7 (F00347-lm-07) ok=✗
  [10/15] L9 (F00347-lm-09) ok=✗
  [11/15] L11 (F00347-lm-11) ok=✗
  [12/15] L12 (F00347-lm-12) ok=✗
  [13/15] L14 (F00347-lm-14) ok=✓ legacy [hint saved]
  [14/15] L15 (F00347-lm-15) ok=✓ legacy [hint saved]
  [15/15] L13 (F00347-lm-13) ok=✓ legacy [hint saved]
Hints: appended to 7 level(s); 7 hint file(s) changed on disk.
Result: solved=7/15, solvedBeforeFallback=0, fallbackOnly=7, unsolved=8
Wrote logs/family-census/solve-R00347-lm.json
Wrote logs/family-census/solve-R00347-lm-summary.md
portfolio-solve-sweep: corpus=data/families/family-R00347-sym.json levels=7 (7 to solve) scheduler-mode=legacy budget=8000ms node-budget=20000000 workers=4 save-hints=true
  [1/7] L1 (F00347-sym-01) ok=✗
  [2/7] L3 (F00347-sym-03) ok=✗
  [3/7] L2 (F00347-sym-02) ok=✗
  [4/7] L4 (F00347-sym-04) ok=✗
  [5/7] L5 (F00347-sym-05) ok=✗
  [6/7] L7 (F00347-sym-07) ok=✗
  [7/7] L6 (F00347-sym-06) ok=✗
Hints: appended to 0 level(s); 0 hint file(s) changed on disk.
Result: solved=0/7, solvedBeforeFallback=0, fallbackOnly=0, unsolved=7
Wrote logs/family-census/solve-R00347-sym.json
Wrote logs/family-census/solve-R00347-sym-summary.md
[23:14:58] DONE R00347
[23:14:58] START R00513
Parent R00513: witness stressMeta.witnessSolution (len 80, 7 jump(s)), 52 movable object instance(s) under strict inventory.
  attempt 1: accepted F00513-lm-01 — moved fountain (10,8) -> (5,4)
  attempt 2: accepted F00513-lm-02 — moved fountain (1,10) -> (5,4)
  attempt 3: accepted F00513-lm-03 — moved blocks (10,2) -> (5,4)
  attempt 4: accepted F00513-lm-04 — moved geese (3,7) -> (5,4)
  attempt 5: accepted F00513-lm-05 — moved blocks (9,7) -> (5,4)
  attempt 6: accepted F00513-lm-06 — moved mustPass (4,10) -> (8,0)
  attempt 7: accepted F00513-lm-07 — moved flippingFilters (0,3) -> (0,8)
  attempt 8: accepted F00513-lm-08 — moved mustPass (5,10) -> (2,6)
  attempt 9: rejected — degenerate duplicate of parent or another accepted variant
  attempt 10: accepted F00513-lm-09 — moved mustPass (5,10) -> (2,9)
  attempt 11: accepted F00513-lm-10 — moved library (9,2) -> (5,4)
  attempt 12: accepted F00513-lm-11 — moved park (4,2) -> (6,2)
  attempt 13: accepted F00513-lm-12 — moved fountain (1,3) -> (5,4)
  attempt 14: accepted F00513-lm-13 — moved flippingFilters (2,0) -> (0,8)
  attempt 15: accepted F00513-lm-14 — moved lamppost (3,3) -> (5,4)
  attempt 16: accepted F00513-lm-15 — moved mustPass (9,1) -> (7,8)

15/15 new local-mutant sibling(s) generated for R00513 in 16 attempt(s) (budget 600); 15 total in data/families/family-R00513-lm.json.
Wrote 15 level(s) total to data/families/family-R00513-lm.json (changed=true), 15 hint file(s) written to data/families/hints/.
Wrote family manifest to data/families/family-R00513-lm-manifest.json (15 variant(s) total).
Parent R00513: witness stressMeta.witnessSolution (len 80, 7 jump(s)), 52 movable object instance(s) under strict inventory.
  variant 1 (rotation): accepted F00513-sym-01
  variant 2 (rotation): accepted F00513-sym-02
  variant 3 (rotation): accepted F00513-sym-03
  variant 4 (reflection): accepted F00513-sym-04
  variant 5 (reflection): accepted F00513-sym-05
  variant 6 (reflection): accepted F00513-sym-06
  variant 7 (reflection): accepted F00513-sym-07

7/7 new symmetry sibling(s) generated for R00513 in 7 attempt(s) (budget 7); 7 total in data/families/family-R00513-sym.json.
Wrote 7 level(s) total to data/families/family-R00513-sym.json (changed=true), 7 hint file(s) written to data/families/hints/.
Wrote family manifest to data/families/family-R00513-sym-manifest.json (7 variant(s) total).
portfolio-solve-sweep: corpus=data/families/family-R00513-lm.json levels=15 (15 to solve) scheduler-mode=legacy budget=8000ms node-budget=20000000 workers=4 save-hints=true
  [1/15] L1 (F00513-lm-01) ok=✗
  [2/15] L2 (F00513-lm-02) ok=✗
  [3/15] L4 (F00513-lm-04) ok=✗
  [4/15] L3 (F00513-lm-03) ok=✗
  [5/15] L5 (F00513-lm-05) ok=✗
  [6/15] L7 (F00513-lm-07) ok=✗
  [7/15] L8 (F00513-lm-08) ok=✗
  [8/15] L6 (F00513-lm-06) ok=✗
  [9/15] L10 (F00513-lm-10) ok=✗
  [10/15] L9 (F00513-lm-09) ok=✗
  [11/15] L12 (F00513-lm-12) ok=✗
  [12/15] L11 (F00513-lm-11) ok=✗
  [13/15] L14 (F00513-lm-14) ok=✗
  [14/15] L13 (F00513-lm-13) ok=✗
  [15/15] L15 (F00513-lm-15) ok=✗
Hints: appended to 0 level(s); 0 hint file(s) changed on disk.
Result: solved=0/15, solvedBeforeFallback=0, fallbackOnly=0, unsolved=15
Wrote logs/family-census/solve-R00513-lm.json
Wrote logs/family-census/solve-R00513-lm-summary.md
portfolio-solve-sweep: corpus=data/families/family-R00513-sym.json levels=7 (7 to solve) scheduler-mode=legacy budget=8000ms node-budget=20000000 workers=4 save-hints=true
  [1/7] L4 (F00513-sym-04) ok=✗
  [2/7] L2 (F00513-sym-02) ok=✗
  [3/7] L3 (F00513-sym-03) ok=✗
  [4/7] L1 (F00513-sym-01) ok=✗
  [5/7] L6 (F00513-sym-06) ok=✗
  [6/7] L5 (F00513-sym-05) ok=✗
  [7/7] L7 (F00513-sym-07) ok=✗
Hints: appended to 0 level(s); 0 hint file(s) changed on disk.
Result: solved=0/7, solvedBeforeFallback=0, fallbackOnly=0, unsolved=7
Wrote logs/family-census/solve-R00513-sym.json
Wrote logs/family-census/solve-R00513-sym-summary.md
[23:16:36] DONE R00513
[23:16:36] START R00647
Parent R00647: witness stressMeta.witnessSolution (len 122, 5 jump(s)), 28 movable object instance(s) under strict inventory.
  attempt 1: accepted F00647-lm-01 — moved blocks (12,0) -> (11,7)
  attempt 2: accepted F00647-lm-02 — moved blocks (12,7) -> (12,6)
  attempt 3: accepted F00647-lm-03 — moved geese (0,1) -> (5,7)
  attempt 4: rejected — degenerate duplicate of parent or another accepted variant
  attempt 5: accepted F00647-lm-04 — moved library (9,6) -> (7,0)
  attempt 6: accepted F00647-lm-05 — moved geese (11,6) -> (10,7)
  attempt 7: accepted F00647-lm-06 — moved geese (11,8) -> (1,0)
  attempt 8: accepted F00647-lm-07 — moved blocks (8,5) -> (9,3)
  attempt 9: accepted F00647-lm-08 — moved lamppost (3,9) -> (10,3)
  attempt 10: accepted F00647-lm-09 — moved geese (0,1) -> (8,3)
  attempt 11: accepted F00647-lm-10 — moved blocks (12,7) -> (9,4)
  attempt 12: accepted F00647-lm-11 — moved fountain (4,9) -> (10,9)
  attempt 13: accepted F00647-lm-12 — moved geese (3,10) -> (3,1)
  attempt 14: accepted F00647-lm-13 — moved geese (0,1) -> (9,4)
  attempt 15: accepted F00647-lm-14 — moved geese (11,6) -> (5,7)
  attempt 16: accepted F00647-lm-15 — moved blocks (12,7) -> (1,8)

15/15 new local-mutant sibling(s) generated for R00647 in 16 attempt(s) (budget 600); 15 total in data/families/family-R00647-lm.json.
Wrote 15 level(s) total to data/families/family-R00647-lm.json (changed=true), 15 hint file(s) written to data/families/hints/.
Wrote family manifest to data/families/family-R00647-lm-manifest.json (15 variant(s) total).
Parent R00647: witness stressMeta.witnessSolution (len 122, 5 jump(s)), 28 movable object instance(s) under strict inventory.
  variant 1 (rotation): accepted F00647-sym-01
  variant 2 (rotation): accepted F00647-sym-02
  variant 3 (rotation): accepted F00647-sym-03
  variant 4 (reflection): accepted F00647-sym-04
  variant 5 (reflection): accepted F00647-sym-05
  variant 6 (reflection): accepted F00647-sym-06
  variant 7 (reflection): accepted F00647-sym-07

7/7 new symmetry sibling(s) generated for R00647 in 7 attempt(s) (budget 7); 7 total in data/families/family-R00647-sym.json.
Wrote 7 level(s) total to data/families/family-R00647-sym.json (changed=true), 7 hint file(s) written to data/families/hints/.
Wrote family manifest to data/families/family-R00647-sym-manifest.json (7 variant(s) total).
portfolio-solve-sweep: corpus=data/families/family-R00647-lm.json levels=15 (15 to solve) scheduler-mode=legacy budget=8000ms node-budget=20000000 workers=4 save-hints=true
  [1/15] L1 (F00647-lm-01) ok=✗
  [2/15] L4 (F00647-lm-04) ok=✗
  [3/15] L2 (F00647-lm-02) ok=✗
  [4/15] L3 (F00647-lm-03) ok=✗
  [5/15] L6 (F00647-lm-06) ok=✗
  [6/15] L5 (F00647-lm-05) ok=✗
  [7/15] L7 (F00647-lm-07) ok=✗
  [8/15] L8 (F00647-lm-08) ok=✗
  [9/15] L9 (F00647-lm-09) ok=✗
  [10/15] L10 (F00647-lm-10) ok=✗
  [11/15] L11 (F00647-lm-11) ok=✗
  [12/15] L12 (F00647-lm-12) ok=✗
  [13/15] L15 (F00647-lm-15) ok=✗
  [14/15] L13 (F00647-lm-13) ok=✗
  [15/15] L14 (F00647-lm-14) ok=✗
Hints: appended to 0 level(s); 0 hint file(s) changed on disk.
Result: solved=0/15, solvedBeforeFallback=0, fallbackOnly=0, unsolved=15
Wrote logs/family-census/solve-R00647-lm.json
Wrote logs/family-census/solve-R00647-lm-summary.md
portfolio-solve-sweep: corpus=data/families/family-R00647-sym.json levels=7 (7 to solve) scheduler-mode=legacy budget=8000ms node-budget=20000000 workers=4 save-hints=true
  [1/7] L3 (F00647-sym-03) ok=✗
  [2/7] L1 (F00647-sym-01) ok=✗
  [3/7] L2 (F00647-sym-02) ok=✗
  [4/7] L4 (F00647-sym-04) ok=✗
  [5/7] L5 (F00647-sym-05) ok=✗
  [6/7] L6 (F00647-sym-06) ok=✗
  [7/7] L7 (F00647-sym-07) ok=✗
Hints: appended to 0 level(s); 0 hint file(s) changed on disk.
Result: solved=0/7, solvedBeforeFallback=0, fallbackOnly=0, unsolved=7
Wrote logs/family-census/solve-R00647-sym.json
Wrote logs/family-census/solve-R00647-sym-summary.md
[23:24:02] DONE R00647
[23:24:02] START R00803
Parent R00803: witness stressMeta.witnessSolution (len 79, 0 jump(s)), 46 movable object instance(s) under strict inventory.
  attempt 1: accepted F00803-lm-01 — moved falseGoals (10,8) -> (11,8)
  attempt 2: accepted F00803-lm-02 — moved fountain (11,3) -> (0,6)
  attempt 3: accepted F00803-lm-03 — moved blocks (0,4) -> (8,8)
  attempt 4: accepted F00803-lm-04 — moved mustPass (3,5) -> (5,8)
  attempt 5: rejected — degenerate duplicate of parent or another accepted variant
  attempt 6: accepted F00803-lm-05 — moved blocks (3,10) -> (7,6)
  attempt 7: accepted F00803-lm-06 — moved fountain (10,2) -> (5,5)
  attempt 8: accepted F00803-lm-07 — moved mustPass (3,5) -> (7,4)
  attempt 9: accepted F00803-lm-08 — moved mustPass (4,3) -> (1,8)
  attempt 10: accepted F00803-lm-09 — moved blocks (4,2) -> (0,3)
  attempt 11: accepted F00803-lm-10 — moved blocks (1,9) -> (11,7)
  attempt 12: accepted F00803-lm-11 — moved blocks (1,3) -> (5,1)
  attempt 13: accepted F00803-lm-12 — moved mustPass (2,1) -> (1,8)
  attempt 14: accepted F00803-lm-13 — moved falseGoals (11,1) -> (9,3)
  attempt 15: accepted F00803-lm-14 — moved blocks (0,11) -> (3,6)
  attempt 16: accepted F00803-lm-15 — moved statue (4,1) -> (3,1)

15/15 new local-mutant sibling(s) generated for R00803 in 16 attempt(s) (budget 600); 15 total in data/families/family-R00803-lm.json.
Wrote 15 level(s) total to data/families/family-R00803-lm.json (changed=true), 15 hint file(s) written to data/families/hints/.
Wrote family manifest to data/families/family-R00803-lm-manifest.json (15 variant(s) total).
Parent R00803: witness stressMeta.witnessSolution (len 79, 0 jump(s)), 46 movable object instance(s) under strict inventory.
  variant 1 (rotation): accepted F00803-sym-01
  variant 2 (rotation): accepted F00803-sym-02
  variant 3 (rotation): accepted F00803-sym-03
  variant 4 (reflection): accepted F00803-sym-04
  variant 5 (reflection): accepted F00803-sym-05
  variant 6 (reflection): accepted F00803-sym-06
  variant 7 (reflection): accepted F00803-sym-07

7/7 new symmetry sibling(s) generated for R00803 in 7 attempt(s) (budget 7); 7 total in data/families/family-R00803-sym.json.
Wrote 7 level(s) total to data/families/family-R00803-sym.json (changed=true), 7 hint file(s) written to data/families/hints/.
Wrote family manifest to data/families/family-R00803-sym-manifest.json (7 variant(s) total).
portfolio-solve-sweep: corpus=data/families/family-R00803-lm.json levels=15 (15 to solve) scheduler-mode=legacy budget=8000ms node-budget=20000000 workers=4 save-hints=true
  [1/15] L2 (F00803-lm-02) ok=✗
  [2/15] L3 (F00803-lm-03) ok=✗
  [3/15] L4 (F00803-lm-04) ok=✗
  [4/15] L1 (F00803-lm-01) ok=✗
  [5/15] L7 (F00803-lm-07) ok=✗
  [6/15] L6 (F00803-lm-06) ok=✗
  [7/15] L5 (F00803-lm-05) ok=✗
  [8/15] L8 (F00803-lm-08) ok=✗
  [9/15] L10 (F00803-lm-10) ok=✗
  [10/15] L12 (F00803-lm-12) ok=✗
  [11/15] L11 (F00803-lm-11) ok=✗
  [12/15] L9 (F00803-lm-09) ok=✗
  [13/15] L14 (F00803-lm-14) ok=✗
  [14/15] L15 (F00803-lm-15) ok=✗
  [15/15] L13 (F00803-lm-13) ok=✗
Hints: appended to 0 level(s); 0 hint file(s) changed on disk.
Result: solved=0/15, solvedBeforeFallback=0, fallbackOnly=0, unsolved=15
Wrote logs/family-census/solve-R00803-lm.json
Wrote logs/family-census/solve-R00803-lm-summary.md
portfolio-solve-sweep: corpus=data/families/family-R00803-sym.json levels=7 (7 to solve) scheduler-mode=legacy budget=8000ms node-budget=20000000 workers=4 save-hints=true
  [1/7] L1 (F00803-sym-01) ok=✗
  [2/7] L4 (F00803-sym-04) ok=✗
  [3/7] L2 (F00803-sym-02) ok=✗
  [4/7] L3 (F00803-sym-03) ok=✗
  [5/7] L6 (F00803-sym-06) ok=✗
  [6/7] L7 (F00803-sym-07) ok=✗
  [7/7] L5 (F00803-sym-05) ok=✗
Hints: appended to 0 level(s); 0 hint file(s) changed on disk.
Result: solved=0/7, solvedBeforeFallback=0, fallbackOnly=0, unsolved=7
Wrote logs/family-census/solve-R00803-sym.json
Wrote logs/family-census/solve-R00803-sym-summary.md
[23:26:09] DONE R00803
[23:26:09] START R01022
Parent R01022: witness stressMeta.witnessSolution (len 86, 5 jump(s)), 30 movable object instance(s) under strict inventory.
  attempt 1: accepted F01022-lm-01 — moved library (2,0) -> (2,1)
  attempt 2: accepted F01022-lm-02 — moved lamppost (5,7) -> (1,8)
  attempt 3: accepted F01022-lm-03 — moved lamppost (7,0) -> (5,1)
  attempt 4: accepted F01022-lm-04 — moved flippingFilters (0,8) -> (10,8)
  attempt 5: accepted F01022-lm-05 — moved park (6,3) -> (3,3)
  attempt 6: accepted F01022-lm-06 — moved market (8,0) -> (1,0)
  attempt 7: accepted F01022-lm-07 — moved lamppost (7,0) -> (1,8)
  attempt 8: accepted F01022-lm-08 — moved fountain (3,2) -> (4,0)
  attempt 9: accepted F01022-lm-09 — moved flippingFilters (10,7) -> (3,3)
  attempt 10: accepted F01022-lm-10 — moved library (2,0) -> (1,10)
  attempt 11: accepted F01022-lm-11 — moved lamppost (5,7) -> (3,1)
  attempt 12: accepted F01022-lm-12 — moved lamppost (9,9) -> (7,3)
  attempt 13: accepted F01022-lm-13 — moved market (6,9) -> (0,9)
  attempt 14: accepted F01022-lm-14 — moved flippingFilters (2,2) -> (3,3)
  attempt 15: accepted F01022-lm-15 — moved library (2,0) -> (6,4)

15/15 new local-mutant sibling(s) generated for R01022 in 15 attempt(s) (budget 600); 15 total in data/families/family-R01022-lm.json.
Wrote 15 level(s) total to data/families/family-R01022-lm.json (changed=true), 15 hint file(s) written to data/families/hints/.
Wrote family manifest to data/families/family-R01022-lm-manifest.json (15 variant(s) total).
Parent R01022: witness stressMeta.witnessSolution (len 86, 5 jump(s)), 30 movable object instance(s) under strict inventory.
  variant 1 (rotation): accepted F01022-sym-01
  variant 2 (rotation): accepted F01022-sym-02
  variant 3 (rotation): accepted F01022-sym-03
  variant 4 (reflection): accepted F01022-sym-04
  variant 5 (reflection): accepted F01022-sym-05
  variant 6 (reflection): accepted F01022-sym-06
  variant 7 (reflection): accepted F01022-sym-07

7/7 new symmetry sibling(s) generated for R01022 in 7 attempt(s) (budget 7); 7 total in data/families/family-R01022-sym.json.
Wrote 7 level(s) total to data/families/family-R01022-sym.json (changed=true), 7 hint file(s) written to data/families/hints/.
Wrote family manifest to data/families/family-R01022-sym-manifest.json (7 variant(s) total).
portfolio-solve-sweep: corpus=data/families/family-R01022-lm.json levels=15 (15 to solve) scheduler-mode=legacy budget=8000ms node-budget=20000000 workers=4 save-hints=true
  [1/15] L1 (F01022-lm-01) ok=✗
  [2/15] L4 (F01022-lm-04) ok=✗
  [3/15] L3 (F01022-lm-03) ok=✗
  [4/15] L2 (F01022-lm-02) ok=✗
  [5/15] L5 (F01022-lm-05) ok=✓ legacy [hint saved]
  [6/15] L6 (F01022-lm-06) ok=✓ legacy [hint saved]
  [7/15] L7 (F01022-lm-07) ok=✗
  [8/15] L10 (F01022-lm-10) ok=✗
  [9/15] L8 (F01022-lm-08) ok=✗
  [10/15] L9 (F01022-lm-09) ok=✗
  [11/15] L12 (F01022-lm-12) ok=✗
  [12/15] L11 (F01022-lm-11) ok=✗
  [13/15] L14 (F01022-lm-14) ok=✗
  [14/15] L13 (F01022-lm-13) ok=✓ legacy [hint saved]
  [15/15] L15 (F01022-lm-15) ok=✗
Hints: appended to 3 level(s); 3 hint file(s) changed on disk.
Result: solved=3/15, solvedBeforeFallback=0, fallbackOnly=3, unsolved=12
Wrote logs/family-census/solve-R01022-lm.json
Wrote logs/family-census/solve-R01022-lm-summary.md
portfolio-solve-sweep: corpus=data/families/family-R01022-sym.json levels=7 (7 to solve) scheduler-mode=legacy budget=8000ms node-budget=20000000 workers=4 save-hints=true
  [1/7] L4 (F01022-sym-04) ok=✗
  [2/7] L2 (F01022-sym-02) ok=✗
  [3/7] L1 (F01022-sym-01) ok=✗
  [4/7] L3 (F01022-sym-03) ok=✗
  [5/7] L5 (F01022-sym-05) ok=✗
  [6/7] L7 (F01022-sym-07) ok=✗
  [7/7] L6 (F01022-sym-06) ok=✗
Hints: appended to 0 level(s); 0 hint file(s) changed on disk.
Result: solved=0/7, solvedBeforeFallback=0, fallbackOnly=0, unsolved=7
Wrote logs/family-census/solve-R01022-sym.json
Wrote logs/family-census/solve-R01022-sym-summary.md
[23:30:20] DONE R01022
[23:30:20] START R01254
Parent R01254: witness stressMeta.witnessSolution (len 164, 0 jump(s)), 50 movable object instance(s) under strict inventory.
  attempt 1: accepted F01254-lm-01 — moved blocks (13,11) -> (14,6)
  attempt 2: accepted F01254-lm-02 — moved geese (14,2) -> (7,14)
  attempt 3: accepted F01254-lm-03 — moved park (0,9) -> (4,14)
  attempt 4: accepted F01254-lm-04 — moved fountain (6,6) -> (7,14)
  attempt 5: accepted F01254-lm-05 — moved mustCross (3,9) -> (9,10)
  attempt 6: accepted F01254-lm-06 — moved blocks (4,1) -> (11,14)
  attempt 7: accepted F01254-lm-07 — moved fountain (10,1) -> (8,3)
  attempt 8: accepted F01254-lm-08 — moved blocks (0,11) -> (8,11)
  attempt 9: accepted F01254-lm-09 — moved mustCross (1,12) -> (8,9)
  attempt 10: accepted F01254-lm-10 — moved blocks (0,14) -> (7,0)
  attempt 11: accepted F01254-lm-11 — moved blocks (5,13) -> (5,14)
  attempt 12: accepted F01254-lm-12 — moved blocks (0,11) -> (7,12)
  attempt 13: accepted F01254-lm-13 — moved market (11,5) -> (3,14)
  attempt 14: accepted F01254-lm-14 — moved fountain (8,12) -> (10,14)
  attempt 15: accepted F01254-lm-15 — moved fountain (3,13) -> (10,3)

15/15 new local-mutant sibling(s) generated for R01254 in 15 attempt(s) (budget 600); 15 total in data/families/family-R01254-lm.json.
Wrote 15 level(s) total to data/families/family-R01254-lm.json (changed=true), 15 hint file(s) written to data/families/hints/.
Wrote family manifest to data/families/family-R01254-lm-manifest.json (15 variant(s) total).
Parent R01254: witness stressMeta.witnessSolution (len 164, 0 jump(s)), 50 movable object instance(s) under strict inventory.
  variant 1 (rotation): accepted F01254-sym-01
  variant 2 (rotation): accepted F01254-sym-02
  variant 3 (rotation): accepted F01254-sym-03
  variant 4 (reflection): accepted F01254-sym-04
  variant 5 (reflection): accepted F01254-sym-05
  variant 6 (reflection): accepted F01254-sym-06
  variant 7 (reflection): accepted F01254-sym-07

7/7 new symmetry sibling(s) generated for R01254 in 7 attempt(s) (budget 7); 7 total in data/families/family-R01254-sym.json.
Wrote 7 level(s) total to data/families/family-R01254-sym.json (changed=true), 7 hint file(s) written to data/families/hints/.
Wrote family manifest to data/families/family-R01254-sym-manifest.json (7 variant(s) total).
portfolio-solve-sweep: corpus=data/families/family-R01254-lm.json levels=15 (15 to solve) scheduler-mode=legacy budget=8000ms node-budget=20000000 workers=4 save-hints=true
  [1/15] L2 (F01254-lm-02) ok=✗
  [2/15] L1 (F01254-lm-01) ok=✗
  [3/15] L3 (F01254-lm-03) ok=✗
  [4/15] L4 (F01254-lm-04) ok=✗
  [5/15] L5 (F01254-lm-05) ok=✗
  [6/15] L7 (F01254-lm-07) ok=✗
  [7/15] L8 (F01254-lm-08) ok=✗
  [8/15] L6 (F01254-lm-06) ok=✗
  [9/15] L9 (F01254-lm-09) ok=✗
  [10/15] L10 (F01254-lm-10) ok=✗
  [11/15] L11 (F01254-lm-11) ok=✗
  [12/15] L12 (F01254-lm-12) ok=✗
  [13/15] L15 (F01254-lm-15) ok=✗
  [14/15] L13 (F01254-lm-13) ok=✗
  [15/15] L14 (F01254-lm-14) ok=✗
Hints: appended to 0 level(s); 0 hint file(s) changed on disk.
Result: solved=0/15, solvedBeforeFallback=0, fallbackOnly=0, unsolved=15
Wrote logs/family-census/solve-R01254-lm.json
Wrote logs/family-census/solve-R01254-lm-summary.md
portfolio-solve-sweep: corpus=data/families/family-R01254-sym.json levels=7 (7 to solve) scheduler-mode=legacy budget=8000ms node-budget=20000000 workers=4 save-hints=true
  [1/7] L2 (F01254-sym-02) ok=✗
  [2/7] L4 (F01254-sym-04) ok=✗
  [3/7] L1 (F01254-sym-01) ok=✗
  [4/7] L3 (F01254-sym-03) ok=✗
  [5/7] L6 (F01254-sym-06) ok=✗
  [6/7] L7 (F01254-sym-07) ok=✗
  [7/7] L5 (F01254-sym-05) ok=✗
Hints: appended to 0 level(s); 0 hint file(s) changed on disk.
Result: solved=0/7, solvedBeforeFallback=0, fallbackOnly=0, unsolved=7
Wrote logs/family-census/solve-R01254-sym.json
Wrote logs/family-census/solve-R01254-sym-summary.md
[23:37:55] DONE R01254
[23:37:55] START R01416
Parent R01416: witness stressMeta.witnessSolution (len 123, 5 jump(s)), 41 movable object instance(s) under strict inventory.
  attempt 1: accepted F01416-lm-01 — moved lamppost (5,3) -> (8,10)
  attempt 2: accepted F01416-lm-02 — moved geese (10,12) -> (2,1)
  attempt 3: accepted F01416-lm-03 — moved blocks (0,0) -> (9,6)
  attempt 4: accepted F01416-lm-04 — moved blocks (12,5) -> (11,12)
  attempt 5: accepted F01416-lm-05 — moved blocks (4,2) -> (9,10)
  attempt 6: accepted F01416-lm-06 — moved blocks (11,6) -> (9,6)
  attempt 7: accepted F01416-lm-07 — moved blocks (6,4) -> (10,6)
  attempt 8: accepted F01416-lm-08 — moved blocks (12,6) -> (2,1)
  attempt 9: accepted F01416-lm-09 — moved fountain (3,12) -> (4,7)
  attempt 10: accepted F01416-lm-10 — moved geese (12,8) -> (3,6)
  attempt 11: accepted F01416-lm-11 — moved blocks (12,6) -> (0,4)
  attempt 12: accepted F01416-lm-12 — moved blocks (10,7) -> (0,4)
  attempt 13: accepted F01416-lm-13 — moved flippingFilters (10,3) -> (8,8)
  attempt 14: accepted F01416-lm-14 — moved blocks (0,5) -> (4,7)
  attempt 15: accepted F01416-lm-15 — moved lamppost (1,4) -> (2,0)

15/15 new local-mutant sibling(s) generated for R01416 in 15 attempt(s) (budget 600); 15 total in data/families/family-R01416-lm.json.
Wrote 15 level(s) total to data/families/family-R01416-lm.json (changed=true), 15 hint file(s) written to data/families/hints/.
Wrote family manifest to data/families/family-R01416-lm-manifest.json (15 variant(s) total).
Parent R01416: witness stressMeta.witnessSolution (len 123, 5 jump(s)), 41 movable object instance(s) under strict inventory.
  variant 1 (rotation): accepted F01416-sym-01
  variant 2 (rotation): accepted F01416-sym-02
  variant 3 (rotation): accepted F01416-sym-03
  variant 4 (reflection): accepted F01416-sym-04
  variant 5 (reflection): accepted F01416-sym-05
  variant 6 (reflection): accepted F01416-sym-06
  variant 7 (reflection): accepted F01416-sym-07

7/7 new symmetry sibling(s) generated for R01416 in 7 attempt(s) (budget 7); 7 total in data/families/family-R01416-sym.json.
Wrote 7 level(s) total to data/families/family-R01416-sym.json (changed=true), 7 hint file(s) written to data/families/hints/.
Wrote family manifest to data/families/family-R01416-sym-manifest.json (7 variant(s) total).
portfolio-solve-sweep: corpus=data/families/family-R01416-lm.json levels=15 (15 to solve) scheduler-mode=legacy budget=8000ms node-budget=20000000 workers=4 save-hints=true
  [1/15] L3 (F01416-lm-03) ok=✗
  [2/15] L2 (F01416-lm-02) ok=✗
  [3/15] L1 (F01416-lm-01) ok=✗
  [4/15] L4 (F01416-lm-04) ok=✗
  [5/15] L5 (F01416-lm-05) ok=✗
  [6/15] L6 (F01416-lm-06) ok=✗
  [7/15] L8 (F01416-lm-08) ok=✗
  [8/15] L7 (F01416-lm-07) ok=✗
  [9/15] L9 (F01416-lm-09) ok=✗
  [10/15] L10 (F01416-lm-10) ok=✗
  [11/15] L11 (F01416-lm-11) ok=✗
  [12/15] L12 (F01416-lm-12) ok=✗
  [13/15] L13 (F01416-lm-13) ok=✗
  [14/15] L14 (F01416-lm-14) ok=✗
  [15/15] L15 (F01416-lm-15) ok=✗
Hints: appended to 0 level(s); 0 hint file(s) changed on disk.
Result: solved=0/15, solvedBeforeFallback=0, fallbackOnly=0, unsolved=15
Wrote logs/family-census/solve-R01416-lm.json
Wrote logs/family-census/solve-R01416-lm-summary.md
portfolio-solve-sweep: corpus=data/families/family-R01416-sym.json levels=7 (7 to solve) scheduler-mode=legacy budget=8000ms node-budget=20000000 workers=4 save-hints=true
  [1/7] L3 (F01416-sym-03) ok=✗
  [2/7] L2 (F01416-sym-02) ok=✗
  [3/7] L1 (F01416-sym-01) ok=✗
  [4/7] L4 (F01416-sym-04) ok=✗
  [5/7] L7 (F01416-sym-07) ok=✗
  [6/7] L5 (F01416-sym-05) ok=✗
  [7/7] L6 (F01416-sym-06) ok=✗
Hints: appended to 0 level(s); 0 hint file(s) changed on disk.
Result: solved=0/7, solvedBeforeFallback=0, fallbackOnly=0, unsolved=7
Wrote logs/family-census/solve-R01416-sym.json
Wrote logs/family-census/solve-R01416-sym-summary.md
[23:40:01] DONE R01416
[23:40:01] START R01577
Parent R01577: witness stressMeta.witnessSolution (len 106, 4 jump(s)), 51 movable object instance(s) under strict inventory.
  attempt 1: accepted F01577-lm-01 — moved market (3,1) -> (1,8)
  attempt 2: accepted F01577-lm-02 — moved mustPass (9,1) -> (3,10)
  attempt 3: accepted F01577-lm-03 — moved lamppost (2,1) -> (10,2)
  attempt 4: accepted F01577-lm-04 — moved mustPass (9,1) -> (11,1)
  attempt 5: accepted F01577-lm-05 — moved flippingFilters (0,1) -> (3,5)
  attempt 6: accepted F01577-lm-06 — moved mustPass (5,6) -> (6,2)
  attempt 7: accepted F01577-lm-07 — moved flippingFilters (12,3) -> (3,6)
  attempt 8: accepted F01577-lm-08 — moved flippingFilters (12,3) -> (5,9)
  attempt 9: accepted F01577-lm-09 — moved library (11,6) -> (0,3)
  attempt 10: accepted F01577-lm-10 — moved mustPass (7,10) -> (5,4)
  attempt 11: accepted F01577-lm-11 — moved library (2,12) -> (6,9)
  attempt 12: accepted F01577-lm-12 — moved mustPass (5,6) -> (5,3)
  attempt 13: accepted F01577-lm-13 — moved library (11,6) -> (6,1)
  attempt 14: accepted F01577-lm-14 — moved flippingFilters (0,7) -> (9,11)
  attempt 15: accepted F01577-lm-15 — moved lamppost (7,8) -> (9,4)

15/15 new local-mutant sibling(s) generated for R01577 in 15 attempt(s) (budget 600); 15 total in data/families/family-R01577-lm.json.
Wrote 15 level(s) total to data/families/family-R01577-lm.json (changed=true), 15 hint file(s) written to data/families/hints/.
Wrote family manifest to data/families/family-R01577-lm-manifest.json (15 variant(s) total).
Parent R01577: witness stressMeta.witnessSolution (len 106, 4 jump(s)), 51 movable object instance(s) under strict inventory.
  variant 1 (rotation): accepted F01577-sym-01
  variant 2 (rotation): accepted F01577-sym-02
  variant 3 (rotation): accepted F01577-sym-03
  variant 4 (reflection): accepted F01577-sym-04
  variant 5 (reflection): accepted F01577-sym-05
  variant 6 (reflection): accepted F01577-sym-06
  variant 7 (reflection): accepted F01577-sym-07

7/7 new symmetry sibling(s) generated for R01577 in 7 attempt(s) (budget 7); 7 total in data/families/family-R01577-sym.json.
Wrote 7 level(s) total to data/families/family-R01577-sym.json (changed=true), 7 hint file(s) written to data/families/hints/.
Wrote family manifest to data/families/family-R01577-sym-manifest.json (7 variant(s) total).
portfolio-solve-sweep: corpus=data/families/family-R01577-lm.json levels=15 (15 to solve) scheduler-mode=legacy budget=8000ms node-budget=20000000 workers=4 save-hints=true
  [1/15] L2 (F01577-lm-02) ok=✗
  [2/15] L4 (F01577-lm-04) ok=✗
  [3/15] L3 (F01577-lm-03) ok=✗
  [4/15] L1 (F01577-lm-01) ok=✗
  [5/15] L6 (F01577-lm-06) ok=✗
  [6/15] L7 (F01577-lm-07) ok=✗
  [7/15] L8 (F01577-lm-08) ok=✗
  [8/15] L5 (F01577-lm-05) ok=✗
  [9/15] L10 (F01577-lm-10) ok=✗
  [10/15] L9 (F01577-lm-09) ok=✗
  [11/15] L12 (F01577-lm-12) ok=✗
  [12/15] L11 (F01577-lm-11) ok=✗
  [13/15] L15 (F01577-lm-15) ok=✗
  [14/15] L14 (F01577-lm-14) ok=✗
  [15/15] L13 (F01577-lm-13) ok=✗
Hints: appended to 0 level(s); 0 hint file(s) changed on disk.
Result: solved=0/15, solvedBeforeFallback=0, fallbackOnly=0, unsolved=15
Wrote logs/family-census/solve-R01577-lm.json
Wrote logs/family-census/solve-R01577-lm-summary.md
portfolio-solve-sweep: corpus=data/families/family-R01577-sym.json levels=7 (7 to solve) scheduler-mode=legacy budget=8000ms node-budget=20000000 workers=4 save-hints=true
  [1/7] L1 (F01577-sym-01) ok=✗
  [2/7] L4 (F01577-sym-04) ok=✗
  [3/7] L2 (F01577-sym-02) ok=✗
  [4/7] L3 (F01577-sym-03) ok=✗
  [5/7] L6 (F01577-sym-06) ok=✗
  [6/7] L7 (F01577-sym-07) ok=✗
  [7/7] L5 (F01577-sym-05) ok=✗
Hints: appended to 0 level(s); 0 hint file(s) changed on disk.
Result: solved=0/7, solvedBeforeFallback=0, fallbackOnly=0, unsolved=7
Wrote logs/family-census/solve-R01577-sym.json
Wrote logs/family-census/solve-R01577-sym-summary.md
[23:42:42] DONE R01577
[23:42:42] START R01724
Parent R01724: witness hint[0] (len 106, 6 jump(s)), 38 movable object instance(s) under strict inventory.
  attempt 1: accepted F01724-lm-01 — moved blocks (3,11) -> (4,5)
  attempt 2: accepted F01724-lm-02 — moved fountain (9,4) -> (5,12)
  attempt 3: accepted F01724-lm-03 — moved mustCross (11,4) -> (9,6)
  attempt 4: accepted F01724-lm-04 — moved blocks (5,9) -> (4,9)
  attempt 5: accepted F01724-lm-05 — moved blocks (10,7) -> (12,5)
  attempt 6: accepted F01724-lm-06 — moved blocks (10,7) -> (4,5)
  attempt 7: accepted F01724-lm-07 — moved blocks (1,1) -> (4,6)
  attempt 8: accepted F01724-lm-08 — moved blocks (1,7) -> (4,7)
  attempt 9: accepted F01724-lm-09 — moved blocks (1,6) -> (0,11)
  attempt 10: accepted F01724-lm-10 — moved library (1,11) -> (0,4)
  attempt 11: accepted F01724-lm-11 — moved mustCross (7,1) -> (9,6)
  attempt 12: accepted F01724-lm-12 — moved blocks (2,3) -> (2,8)
  attempt 13: rejected — degenerate duplicate of parent or another accepted variant
  attempt 14: accepted F01724-lm-13 — moved library (1,11) -> (2,6)
  attempt 15: accepted F01724-lm-14 — moved blocks (11,8) -> (0,11)
  attempt 16: accepted F01724-lm-15 — moved mustCross (8,2) -> (9,6)

15/15 new local-mutant sibling(s) generated for R01724 in 16 attempt(s) (budget 600); 15 total in data/families/family-R01724-lm.json.
Wrote 15 level(s) total to data/families/family-R01724-lm.json (changed=true), 15 hint file(s) written to data/families/hints/.
Wrote family manifest to data/families/family-R01724-lm-manifest.json (15 variant(s) total).
Parent R01724: witness hint[0] (len 106, 6 jump(s)), 38 movable object instance(s) under strict inventory.
  variant 1 (rotation): accepted F01724-sym-01
  variant 2 (rotation): accepted F01724-sym-02
  variant 3 (rotation): accepted F01724-sym-03
  variant 4 (reflection): accepted F01724-sym-04
  variant 5 (reflection): accepted F01724-sym-05
  variant 6 (reflection): accepted F01724-sym-06
  variant 7 (reflection): accepted F01724-sym-07

7/7 new symmetry sibling(s) generated for R01724 in 7 attempt(s) (budget 7); 7 total in data/families/family-R01724-sym.json.
Wrote 7 level(s) total to data/families/family-R01724-sym.json (changed=true), 7 hint file(s) written to data/families/hints/.
Wrote family manifest to data/families/family-R01724-sym-manifest.json (7 variant(s) total).
portfolio-solve-sweep: corpus=data/families/family-R01724-lm.json levels=15 (15 to solve) scheduler-mode=legacy budget=8000ms node-budget=20000000 workers=4 save-hints=true
  [1/15] L4 (F01724-lm-04) ok=✗
  [2/15] L2 (F01724-lm-02) ok=✗
  [3/15] L1 (F01724-lm-01) ok=✗
  [4/15] L3 (F01724-lm-03) ok=✗
  [5/15] L7 (F01724-lm-07) ok=✗
  [6/15] L6 (F01724-lm-06) ok=✗
  [7/15] L5 (F01724-lm-05) ok=✗
  [8/15] L8 (F01724-lm-08) ok=✗
  [9/15] L9 (F01724-lm-09) ok=✗
  [10/15] L12 (F01724-lm-12) ok=✗
  [11/15] L11 (F01724-lm-11) ok=✗
  [12/15] L10 (F01724-lm-10) ok=✗
  [13/15] L14 (F01724-lm-14) ok=✗
  [14/15] L13 (F01724-lm-13) ok=✗
  [15/15] L15 (F01724-lm-15) ok=✗
Hints: appended to 0 level(s); 0 hint file(s) changed on disk.
Result: solved=0/15, solvedBeforeFallback=0, fallbackOnly=0, unsolved=15
Wrote logs/family-census/solve-R01724-lm.json
Wrote logs/family-census/solve-R01724-lm-summary.md
portfolio-solve-sweep: corpus=data/families/family-R01724-sym.json levels=7 (7 to solve) scheduler-mode=legacy budget=8000ms node-budget=20000000 workers=4 save-hints=true
  [1/7] L3 (F01724-sym-03) ok=✗
  [2/7] L1 (F01724-sym-01) ok=✗
  [3/7] L4 (F01724-sym-04) ok=✗
  [4/7] L2 (F01724-sym-02) ok=✗
  [5/7] L5 (F01724-sym-05) ok=✗
  [6/7] L7 (F01724-sym-07) ok=✗
  [7/7] L6 (F01724-sym-06) ok=✗
Hints: appended to 0 level(s); 0 hint file(s) changed on disk.
Result: solved=0/7, solvedBeforeFallback=0, fallbackOnly=0, unsolved=7
Wrote logs/family-census/solve-R01724-sym.json
Wrote logs/family-census/solve-R01724-sym-summary.md
[23:49:22] DONE R01724
[23:49:22] START R01913
Parent R01913: witness hint[0] (len 87, 6 jump(s)), 22 movable object instance(s) under strict inventory.
  attempt 1: accepted F01913-lm-01 — moved geese (6,3) -> (4,11)
  attempt 2: accepted F01913-lm-02 — moved blocks (9,10) -> (5,9)
  attempt 3: accepted F01913-lm-03 — moved blocks (9,10) -> (11,3)
  attempt 4: accepted F01913-lm-04 — moved blocks (8,10) -> (1,7)
  attempt 5: accepted F01913-lm-05 — moved blocks (12,0) -> (2,5)
  attempt 6: accepted F01913-lm-06 — moved blocks (7,10) -> (1,6)
  attempt 7: accepted F01913-lm-07 — moved geese (2,1) -> (1,6)
  attempt 8: accepted F01913-lm-08 — moved blocks (12,3) -> (2,4)
  attempt 9: accepted F01913-lm-09 — moved blocks (7,10) -> (10,7)
  attempt 10: accepted F01913-lm-10 — moved blocks (12,6) -> (0,9)
  attempt 11: accepted F01913-lm-11 — moved blocks (9,10) -> (8,4)
  attempt 12: accepted F01913-lm-12 — moved blocks (8,2) -> (12,1)
  attempt 13: accepted F01913-lm-13 — moved blocks (8,7) -> (11,10)
  attempt 14: accepted F01913-lm-14 — moved geese (6,3) -> (0,9)
  attempt 15: accepted F01913-lm-15 — moved blocks (8,8) -> (0,0)

15/15 new local-mutant sibling(s) generated for R01913 in 15 attempt(s) (budget 600); 15 total in data/families/family-R01913-lm.json.
Wrote 15 level(s) total to data/families/family-R01913-lm.json (changed=true), 15 hint file(s) written to data/families/hints/.
Wrote family manifest to data/families/family-R01913-lm-manifest.json (15 variant(s) total).
Parent R01913: witness hint[0] (len 87, 6 jump(s)), 22 movable object instance(s) under strict inventory.
  variant 1 (rotation): accepted F01913-sym-01
  variant 2 (rotation): accepted F01913-sym-02
  variant 3 (rotation): accepted F01913-sym-03
  variant 4 (reflection): accepted F01913-sym-04
  variant 5 (reflection): accepted F01913-sym-05
  variant 6 (reflection): accepted F01913-sym-06
  variant 7 (reflection): accepted F01913-sym-07

7/7 new symmetry sibling(s) generated for R01913 in 7 attempt(s) (budget 7); 7 total in data/families/family-R01913-sym.json.
Wrote 7 level(s) total to data/families/family-R01913-sym.json (changed=true), 7 hint file(s) written to data/families/hints/.
Wrote family manifest to data/families/family-R01913-sym-manifest.json (7 variant(s) total).
portfolio-solve-sweep: corpus=data/families/family-R01913-lm.json levels=15 (15 to solve) scheduler-mode=legacy budget=8000ms node-budget=20000000 workers=4 save-hints=true
  [1/15] L4 (F01913-lm-04) ok=✗
  [2/15] L2 (F01913-lm-02) ok=✗
  [3/15] L3 (F01913-lm-03) ok=✗
  [4/15] L1 (F01913-lm-01) ok=✗
  [5/15] L5 (F01913-lm-05) ok=✗
  [6/15] L6 (F01913-lm-06) ok=✗
  [7/15] L8 (F01913-lm-08) ok=✗
  [8/15] L7 (F01913-lm-07) ok=✗
  [9/15] L9 (F01913-lm-09) ok=✗
  [10/15] L10 (F01913-lm-10) ok=✗
  [11/15] L11 (F01913-lm-11) ok=✗
  [12/15] L12 (F01913-lm-12) ok=✗
  [13/15] L15 (F01913-lm-15) ok=✗
  [14/15] L13 (F01913-lm-13) ok=✗
  [15/15] L14 (F01913-lm-14) ok=✗
Hints: appended to 0 level(s); 0 hint file(s) changed on disk.
Result: solved=0/15, solvedBeforeFallback=0, fallbackOnly=0, unsolved=15
Wrote logs/family-census/solve-R01913-lm.json
Wrote logs/family-census/solve-R01913-lm-summary.md
portfolio-solve-sweep: corpus=data/families/family-R01913-sym.json levels=7 (7 to solve) scheduler-mode=legacy budget=8000ms node-budget=20000000 workers=4 save-hints=true
  [1/7] L1 (F01913-sym-01) ok=✗
  [2/7] L3 (F01913-sym-03) ok=✗
  [3/7] L4 (F01913-sym-04) ok=✗
  [4/7] L2 (F01913-sym-02) ok=✗
  [5/7] L7 (F01913-sym-07) ok=✗
  [6/7] L5 (F01913-sym-05) ok=✗
  [7/7] L6 (F01913-sym-06) ok=✗
Hints: appended to 0 level(s); 0 hint file(s) changed on disk.
Result: solved=0/7, solvedBeforeFallback=0, fallbackOnly=0, unsolved=7
Wrote logs/family-census/solve-R01913-sym.json
Wrote logs/family-census/solve-R01913-sym-summary.md
[23:50:58] DONE R01913
[23:50:58] START R02029
Parent R02029: witness stressMeta.witnessSolution (len 94, 4 jump(s)), 66 movable object instance(s) under strict inventory.
  attempt 1: accepted F02029-lm-01 — moved blocks (7,0) -> (6,13)
  attempt 2: accepted F02029-lm-02 — moved mustPass (12,3) -> (11,6)
  attempt 3: accepted F02029-lm-03 — moved blocks (2,9) -> (8,12)
  attempt 4: accepted F02029-lm-04 — moved blocks (1,6) -> (6,12)
  attempt 5: accepted F02029-lm-05 — moved mustPass (5,0) -> (3,6)
  attempt 6: accepted F02029-lm-06 — moved geese (0,11) -> (8,11)
  attempt 7: accepted F02029-lm-07 — moved geese (0,11) -> (2,1)
  attempt 8: accepted F02029-lm-08 — moved blocks (7,1) -> (0,8)
  attempt 9: accepted F02029-lm-09 — moved blocks (10,2) -> (0,9)
  attempt 10: accepted F02029-lm-10 — moved statue (0,2) -> (9,11)
  attempt 11: accepted F02029-lm-11 — moved geese (0,11) -> (1,1)
  attempt 12: accepted F02029-lm-12 — moved mustPass (8,6) -> (11,0)
  attempt 13: accepted F02029-lm-13 — moved blocks (1,5) -> (0,9)
  attempt 14: accepted F02029-lm-14 — moved blocks (2,2) -> (4,12)
  attempt 15: accepted F02029-lm-15 — moved geese (0,4) -> (0,6)

15/15 new local-mutant sibling(s) generated for R02029 in 15 attempt(s) (budget 600); 15 total in data/families/family-R02029-lm.json.
Wrote 15 level(s) total to data/families/family-R02029-lm.json (changed=true), 15 hint file(s) written to data/families/hints/.
Wrote family manifest to data/families/family-R02029-lm-manifest.json (15 variant(s) total).
Parent R02029: witness stressMeta.witnessSolution (len 94, 4 jump(s)), 66 movable object instance(s) under strict inventory.
  variant 1 (rotation): accepted F02029-sym-01
  variant 2 (rotation): accepted F02029-sym-02
  variant 3 (rotation): accepted F02029-sym-03
  variant 4 (reflection): accepted F02029-sym-04
  variant 5 (reflection): accepted F02029-sym-05
  variant 6 (reflection): accepted F02029-sym-06
  variant 7 (reflection): accepted F02029-sym-07

7/7 new symmetry sibling(s) generated for R02029 in 7 attempt(s) (budget 7); 7 total in data/families/family-R02029-sym.json.
Wrote 7 level(s) total to data/families/family-R02029-sym.json (changed=true), 7 hint file(s) written to data/families/hints/.
Wrote family manifest to data/families/family-R02029-sym-manifest.json (7 variant(s) total).
portfolio-solve-sweep: corpus=data/families/family-R02029-lm.json levels=15 (15 to solve) scheduler-mode=legacy budget=8000ms node-budget=20000000 workers=4 save-hints=true
  [1/15] L4 (F02029-lm-04) ok=✗
  [2/15] L1 (F02029-lm-01) ok=✗
  [3/15] L2 (F02029-lm-02) ok=✗
  [4/15] L3 (F02029-lm-03) ok=✗
  [5/15] L5 (F02029-lm-05) ok=✗
  [6/15] L6 (F02029-lm-06) ok=✗
  [7/15] L7 (F02029-lm-07) ok=✗
  [8/15] L8 (F02029-lm-08) ok=✗
  [9/15] L9 (F02029-lm-09) ok=✗
  [10/15] L10 (F02029-lm-10) ok=✗
  [11/15] L11 (F02029-lm-11) ok=✗
  [12/15] L12 (F02029-lm-12) ok=✗
  [13/15] L15 (F02029-lm-15) ok=✗
  [14/15] L14 (F02029-lm-14) ok=✗
  [15/15] L13 (F02029-lm-13) ok=✗
Hints: appended to 0 level(s); 0 hint file(s) changed on disk.
Result: solved=0/15, solvedBeforeFallback=0, fallbackOnly=0, unsolved=15
Wrote logs/family-census/solve-R02029-lm.json
Wrote logs/family-census/solve-R02029-lm-summary.md
portfolio-solve-sweep: corpus=data/families/family-R02029-sym.json levels=7 (7 to solve) scheduler-mode=legacy budget=8000ms node-budget=20000000 workers=4 save-hints=true
  [1/7] L2 (F02029-sym-02) ok=✗
  [2/7] L4 (F02029-sym-04) ok=✗
  [3/7] L1 (F02029-sym-01) ok=✗
  [4/7] L3 (F02029-sym-03) ok=✗
  [5/7] L5 (F02029-sym-05) ok=✗
  [6/7] L7 (F02029-sym-07) ok=✗
  [7/7] L6 (F02029-sym-06) ok=✗
Hints: appended to 0 level(s); 0 hint file(s) changed on disk.
Result: solved=0/7, solvedBeforeFallback=0, fallbackOnly=0, unsolved=7
Wrote logs/family-census/solve-R02029-sym.json
Wrote logs/family-census/solve-R02029-sym-summary.md
[23:53:12] DONE R02029
[23:53:12] START R02069
Parent R02069: witness stressMeta.witnessSolution (len 63, 5 jump(s)), 38 movable object instance(s) under strict inventory.
  attempt 1: accepted F02069-lm-01 — moved blocks (8,10) -> (9,1)
  attempt 2: accepted F02069-lm-02 — moved blocks (8,10) -> (9,2)
  attempt 3: accepted F02069-lm-03 — moved statue (6,5) -> (6,0)
  attempt 4: accepted F02069-lm-04 — moved blocks (1,9) -> (9,2)
  attempt 5: accepted F02069-lm-05 — moved library (2,4) -> (6,6)
  attempt 6: accepted F02069-lm-06 — moved library (2,4) -> (0,2)
  attempt 7: accepted F02069-lm-07 — moved blocks (1,9) -> (3,6)
  attempt 8: accepted F02069-lm-08 — moved library (4,6) -> (3,10)
  attempt 9: accepted F02069-lm-09 — moved blocks (9,0) -> (5,9)
  attempt 10: accepted F02069-lm-10 — moved blocks (5,0) -> (8,9)
  attempt 11: accepted F02069-lm-11 — moved park (4,10) -> (8,8)
  attempt 12: rejected — degenerate duplicate of parent or another accepted variant
  attempt 13: accepted F02069-lm-12 — moved mustPass (2,8) -> (8,2)
  attempt 14: accepted F02069-lm-13 — moved park (4,10) -> (9,8)
  attempt 15: accepted F02069-lm-14 — moved blocks (5,0) -> (9,5)
  attempt 16: rejected — degenerate duplicate of parent or another accepted variant
  attempt 17: accepted F02069-lm-15 — moved library (6,9) -> (8,4)

15/15 new local-mutant sibling(s) generated for R02069 in 17 attempt(s) (budget 600); 15 total in data/families/family-R02069-lm.json.
Wrote 15 level(s) total to data/families/family-R02069-lm.json (changed=true), 15 hint file(s) written to data/families/hints/.
Wrote family manifest to data/families/family-R02069-lm-manifest.json (15 variant(s) total).
Parent R02069: witness stressMeta.witnessSolution (len 63, 5 jump(s)), 38 movable object instance(s) under strict inventory.
  variant 1 (rotation): accepted F02069-sym-01
  variant 2 (rotation): accepted F02069-sym-02
  variant 3 (rotation): accepted F02069-sym-03
  variant 4 (reflection): accepted F02069-sym-04
  variant 5 (reflection): accepted F02069-sym-05
  variant 6 (reflection): accepted F02069-sym-06
  variant 7 (reflection): accepted F02069-sym-07

7/7 new symmetry sibling(s) generated for R02069 in 7 attempt(s) (budget 7); 7 total in data/families/family-R02069-sym.json.
Wrote 7 level(s) total to data/families/family-R02069-sym.json (changed=true), 7 hint file(s) written to data/families/hints/.
Wrote family manifest to data/families/family-R02069-sym-manifest.json (7 variant(s) total).
portfolio-solve-sweep: corpus=data/families/family-R02069-lm.json levels=15 (15 to solve) scheduler-mode=legacy budget=8000ms node-budget=20000000 workers=4 save-hints=true
  [1/15] L4 (F02069-lm-04) ok=✗
  [2/15] L1 (F02069-lm-01) ok=✗
  [3/15] L2 (F02069-lm-02) ok=✗
  [4/15] L3 (F02069-lm-03) ok=✗
  [5/15] L6 (F02069-lm-06) ok=✗
  [6/15] L5 (F02069-lm-05) ok=✗
  [7/15] L7 (F02069-lm-07) ok=✗
  [8/15] L8 (F02069-lm-08) ok=✗
  [9/15] L9 (F02069-lm-09) ok=✗
  [10/15] L10 (F02069-lm-10) ok=✗
  [11/15] L11 (F02069-lm-11) ok=✗
  [12/15] L12 (F02069-lm-12) ok=✗
  [13/15] L13 (F02069-lm-13) ok=✗
  [14/15] L14 (F02069-lm-14) ok=✗
  [15/15] L15 (F02069-lm-15) ok=✗
Hints: appended to 0 level(s); 0 hint file(s) changed on disk.
Result: solved=0/15, solvedBeforeFallback=0, fallbackOnly=0, unsolved=15
Wrote logs/family-census/solve-R02069-lm.json
Wrote logs/family-census/solve-R02069-lm-summary.md
portfolio-solve-sweep: corpus=data/families/family-R02069-sym.json levels=7 (7 to solve) scheduler-mode=legacy budget=8000ms node-budget=20000000 workers=4 save-hints=true
  [1/7] L1 (F02069-sym-01) ok=✗
  [2/7] L3 (F02069-sym-03) ok=✗
  [3/7] L2 (F02069-sym-02) ok=✗
  [4/7] L4 (F02069-sym-04) ok=✗
  [5/7] L6 (F02069-sym-06) ok=✗
  [6/7] L7 (F02069-sym-07) ok=✗
  [7/7] L5 (F02069-sym-05) ok=✗
Hints: appended to 0 level(s); 0 hint file(s) changed on disk.
Result: solved=0/7, solvedBeforeFallback=0, fallbackOnly=0, unsolved=7
Wrote logs/family-census/solve-R02069-sym.json
Wrote logs/family-census/solve-R02069-sym-summary.md
[23:55:32] DONE R02069
[23:55:32] START R02100
Parent R02100: witness stressMeta.witnessSolution (len 100, 4 jump(s)), 55 movable object instance(s) under strict inventory.
  attempt 1: accepted F02100-lm-01 — moved park (5,12) -> (9,5)
  attempt 2: accepted F02100-lm-02 — moved geese (4,1) -> (9,5)
  attempt 3: accepted F02100-lm-03 — moved flippingFilters (11,2) -> (4,2)
  attempt 4: accepted F02100-lm-04 — moved park (9,11) -> (11,10)
  attempt 5: accepted F02100-lm-05 — moved mustPass (1,12) -> (6,10)
  attempt 6: accepted F02100-lm-06 — moved falseGoals (10,2) -> (2,9)
  attempt 7: accepted F02100-lm-07 — moved mustPass (6,1) -> (3,9)
  attempt 8: accepted F02100-lm-08 — moved mustPass (6,9) -> (10,4)
  attempt 9: accepted F02100-lm-09 — moved park (9,11) -> (9,1)
  attempt 10: accepted F02100-lm-10 — moved falseGoals (10,12) -> (5,5)
  attempt 11: accepted F02100-lm-11 — moved geese (10,10) -> (10,5)
  attempt 12: accepted F02100-lm-12 — moved lamppost (7,1) -> (7,12)
  attempt 13: accepted F02100-lm-13 — moved park (5,12) -> (7,12)
  attempt 14: accepted F02100-lm-14 — moved mustPass (6,9) -> (5,3)
  attempt 15: accepted F02100-lm-15 — moved park (5,12) -> (6,12)

15/15 new local-mutant sibling(s) generated for R02100 in 15 attempt(s) (budget 600); 15 total in data/families/family-R02100-lm.json.
Wrote 15 level(s) total to data/families/family-R02100-lm.json (changed=true), 15 hint file(s) written to data/families/hints/.
Wrote family manifest to data/families/family-R02100-lm-manifest.json (15 variant(s) total).
Parent R02100: witness stressMeta.witnessSolution (len 100, 4 jump(s)), 55 movable object instance(s) under strict inventory.
  variant 1 (rotation): accepted F02100-sym-01
  variant 2 (rotation): accepted F02100-sym-02
  variant 3 (rotation): accepted F02100-sym-03
  variant 4 (reflection): accepted F02100-sym-04
  variant 5 (reflection): accepted F02100-sym-05
  variant 6 (reflection): accepted F02100-sym-06
  variant 7 (reflection): accepted F02100-sym-07

7/7 new symmetry sibling(s) generated for R02100 in 7 attempt(s) (budget 7); 7 total in data/families/family-R02100-sym.json.
Wrote 7 level(s) total to data/families/family-R02100-sym.json (changed=true), 7 hint file(s) written to data/families/hints/.
Wrote family manifest to data/families/family-R02100-sym-manifest.json (7 variant(s) total).
portfolio-solve-sweep: corpus=data/families/family-R02100-lm.json levels=15 (15 to solve) scheduler-mode=legacy budget=8000ms node-budget=20000000 workers=4 save-hints=true
  [1/15] L3 (F02100-lm-03) ok=✓ legacy [hint saved]
  [2/15] L1 (F02100-lm-01) ok=✗
  [3/15] L2 (F02100-lm-02) ok=✗
  [4/15] L4 (F02100-lm-04) ok=✗
  [5/15] L5 (F02100-lm-05) ok=✗
  [6/15] L6 (F02100-lm-06) ok=✗
  [7/15] L9 (F02100-lm-09) ok=✗
  [8/15] L8 (F02100-lm-08) ok=✗
  [9/15] L7 (F02100-lm-07) ok=✗
  [10/15] L11 (F02100-lm-11) ok=✗
  [11/15] L10 (F02100-lm-10) ok=✗
  [12/15] L13 (F02100-lm-13) ok=✗
  [13/15] L12 (F02100-lm-12) ok=✗
  [14/15] L14 (F02100-lm-14) ok=✗
  [15/15] L15 (F02100-lm-15) ok=✗
Hints: appended to 1 level(s); 1 hint file(s) changed on disk.
Result: solved=1/15, solvedBeforeFallback=0, fallbackOnly=1, unsolved=14
Wrote logs/family-census/solve-R02100-lm.json
Wrote logs/family-census/solve-R02100-lm-summary.md
portfolio-solve-sweep: corpus=data/families/family-R02100-sym.json levels=7 (7 to solve) scheduler-mode=legacy budget=8000ms node-budget=20000000 workers=4 save-hints=true
  [1/7] L1 (F02100-sym-01) ok=✗
  [2/7] L2 (F02100-sym-02) ok=✗
  [3/7] L4 (F02100-sym-04) ok=✗
  [4/7] L3 (F02100-sym-03) ok=✗
  [5/7] L7 (F02100-sym-07) ok=✗
  [6/7] L6 (F02100-sym-06) ok=✗
  [7/7] L5 (F02100-sym-05) ok=✗
Hints: appended to 0 level(s); 0 hint file(s) changed on disk.
Result: solved=0/7, solvedBeforeFallback=0, fallbackOnly=0, unsolved=7
Wrote logs/family-census/solve-R02100-sym.json
Wrote logs/family-census/solve-R02100-sym-summary.md
[23:58:46] DONE R02100
[23:58:46] START R02137
Parent R02137: witness stressMeta.witnessSolution (len 83, 0 jump(s)), 45 movable object instance(s) under strict inventory.
  attempt 1: accepted F02137-lm-01 — moved blocks (8,6) -> (9,0)
  attempt 2: accepted F02137-lm-02 — moved park (10,1) -> (3,1)
  attempt 3: accepted F02137-lm-03 — moved blocks (5,1) -> (9,8)
  attempt 4: accepted F02137-lm-04 — moved fountain (2,7) -> (4,3)
  attempt 5: accepted F02137-lm-05 — moved flippingFilters (1,3) -> (5,5)
  attempt 6: accepted F02137-lm-06 — moved flippingFilters (5,2) -> (4,7)
  attempt 7: accepted F02137-lm-07 — moved falseGoals (8,4) -> (9,8)
  attempt 8: accepted F02137-lm-08 — moved blocks (6,7) -> (3,1)
  attempt 9: accepted F02137-lm-09 — moved blocks (4,6) -> (9,9)
  attempt 10: rejected — degenerate duplicate of parent or another accepted variant
  attempt 11: accepted F02137-lm-10 — moved fountain (9,5) -> (2,1)
  attempt 12: accepted F02137-lm-11 — moved flippingFilters (1,8) -> (9,1)
  attempt 13: accepted F02137-lm-12 — moved flippingFilters (9,6) -> (3,4)
  attempt 14: accepted F02137-lm-13 — moved market (1,1) -> (6,0)
  attempt 15: accepted F02137-lm-14 — moved blocks (1,9) -> (7,6)
  attempt 16: accepted F02137-lm-15 — moved statue (5,3) -> (3,1)

15/15 new local-mutant sibling(s) generated for R02137 in 16 attempt(s) (budget 600); 15 total in data/families/family-R02137-lm.json.
Wrote 15 level(s) total to data/families/family-R02137-lm.json (changed=true), 15 hint file(s) written to data/families/hints/.
Wrote family manifest to data/families/family-R02137-lm-manifest.json (15 variant(s) total).
Parent R02137: witness stressMeta.witnessSolution (len 83, 0 jump(s)), 45 movable object instance(s) under strict inventory.
  variant 1 (rotation): accepted F02137-sym-01
  variant 2 (rotation): accepted F02137-sym-02
  variant 3 (rotation): accepted F02137-sym-03
  variant 4 (reflection): accepted F02137-sym-04
  variant 5 (reflection): accepted F02137-sym-05
  variant 6 (reflection): accepted F02137-sym-06
  variant 7 (reflection): accepted F02137-sym-07

7/7 new symmetry sibling(s) generated for R02137 in 7 attempt(s) (budget 7); 7 total in data/families/family-R02137-sym.json.
Wrote 7 level(s) total to data/families/family-R02137-sym.json (changed=true), 7 hint file(s) written to data/families/hints/.
Wrote family manifest to data/families/family-R02137-sym-manifest.json (7 variant(s) total).
portfolio-solve-sweep: corpus=data/families/family-R02137-lm.json levels=15 (15 to solve) scheduler-mode=legacy budget=8000ms node-budget=20000000 workers=4 save-hints=true
  [1/15] L3 (F02137-lm-03) ok=✗
  [2/15] L2 (F02137-lm-02) ok=✗
  [3/15] L4 (F02137-lm-04) ok=✗
  [4/15] L1 (F02137-lm-01) ok=✗
  [5/15] L5 (F02137-lm-05) ok=✗
  [6/15] L6 (F02137-lm-06) ok=✗
  [7/15] L7 (F02137-lm-07) ok=✗
  [8/15] L8 (F02137-lm-08) ok=✗
  [9/15] L9 (F02137-lm-09) ok=✗
  [10/15] L12 (F02137-lm-12) ok=✓ legacy [hint saved]
  [11/15] L10 (F02137-lm-10) ok=✗
  [12/15] L11 (F02137-lm-11) ok=✗
  [13/15] L13 (F02137-lm-13) ok=✗
  [14/15] L15 (F02137-lm-15) ok=✓ legacy [hint saved]
  [15/15] L14 (F02137-lm-14) ok=✗
Hints: appended to 2 level(s); 2 hint file(s) changed on disk.
Result: solved=2/15, solvedBeforeFallback=0, fallbackOnly=2, unsolved=13
Wrote logs/family-census/solve-R02137-lm.json
Wrote logs/family-census/solve-R02137-lm-summary.md
portfolio-solve-sweep: corpus=data/families/family-R02137-sym.json levels=7 (7 to solve) scheduler-mode=legacy budget=8000ms node-budget=20000000 workers=4 save-hints=true
  [1/7] L4 (F02137-sym-04) ok=✗
  [2/7] L3 (F02137-sym-03) ok=✗
  [3/7] L1 (F02137-sym-01) ok=✗
  [4/7] L2 (F02137-sym-02) ok=✗
  [5/7] L5 (F02137-sym-05) ok=✗
  [6/7] L7 (F02137-sym-07) ok=✗
  [7/7] L6 (F02137-sym-06) ok=✗
Hints: appended to 0 level(s); 0 hint file(s) changed on disk.
Result: solved=0/7, solvedBeforeFallback=0, fallbackOnly=0, unsolved=7
Wrote logs/family-census/solve-R02137-sym.json
Wrote logs/family-census/solve-R02137-sym-summary.md
[00:01:59] DONE R02137
[00:01:59] START R02174
Parent R02174: witness stressMeta.witnessSolution (len 120, 7 jump(s)), 69 movable object instance(s) under strict inventory.
  attempt 1: accepted F02174-lm-01 — moved market (5,4) -> (6,1)
  attempt 2: accepted F02174-lm-02 — moved statue (10,11) -> (8,6)
  attempt 3: accepted F02174-lm-03 — moved lamppost (9,2) -> (3,3)
  attempt 4: accepted F02174-lm-04 — moved flippingFilters (0,3) -> (11,2)
  attempt 5: accepted F02174-lm-05 — moved mustPass (1,0) -> (1,1)
  attempt 6: accepted F02174-lm-06 — moved flippingFilters (2,5) -> (10,8)
  attempt 7: accepted F02174-lm-07 — moved flippingFilters (0,8) -> (3,8)
  attempt 8: accepted F02174-lm-08 — moved flippingFilters (12,0) -> (11,5)
  attempt 9: accepted F02174-lm-09 — moved mustCross (3,1) -> (7,10)
  attempt 10: accepted F02174-lm-10 — moved lamppost (12,2) -> (2,1)
  attempt 11: accepted F02174-lm-11 — moved mustCross (8,7) -> (7,10)
  attempt 12: accepted F02174-lm-12 — moved mustPass (12,3) -> (1,1)
  attempt 13: accepted F02174-lm-13 — moved statue (10,11) -> (6,3)
  attempt 14: accepted F02174-lm-14 — moved flippingFilters (2,9) -> (7,9)
  attempt 15: accepted F02174-lm-15 — moved flippingFilters (0,8) -> (11,9)

15/15 new local-mutant sibling(s) generated for R02174 in 15 attempt(s) (budget 600); 15 total in data/families/family-R02174-lm.json.
Wrote 15 level(s) total to data/families/family-R02174-lm.json (changed=true), 15 hint file(s) written to data/families/hints/.
Wrote family manifest to data/families/family-R02174-lm-manifest.json (15 variant(s) total).
Parent R02174: witness stressMeta.witnessSolution (len 120, 7 jump(s)), 69 movable object instance(s) under strict inventory.
  variant 1 (rotation): accepted F02174-sym-01
  variant 2 (rotation): accepted F02174-sym-02
  variant 3 (rotation): accepted F02174-sym-03
  variant 4 (reflection): accepted F02174-sym-04
  variant 5 (reflection): accepted F02174-sym-05
  variant 6 (reflection): accepted F02174-sym-06
  variant 7 (reflection): accepted F02174-sym-07

7/7 new symmetry sibling(s) generated for R02174 in 7 attempt(s) (budget 7); 7 total in data/families/family-R02174-sym.json.
Wrote 7 level(s) total to data/families/family-R02174-sym.json (changed=true), 7 hint file(s) written to data/families/hints/.
Wrote family manifest to data/families/family-R02174-sym-manifest.json (7 variant(s) total).
portfolio-solve-sweep: corpus=data/families/family-R02174-lm.json levels=15 (15 to solve) scheduler-mode=legacy budget=8000ms node-budget=20000000 workers=4 save-hints=true
  [1/15] L1 (F02174-lm-01) ok=✗
  [2/15] L2 (F02174-lm-02) ok=✗
  [3/15] L3 (F02174-lm-03) ok=✗
  [4/15] L4 (F02174-lm-04) ok=✗
  [5/15] L6 (F02174-lm-06) ok=✗
  [6/15] L5 (F02174-lm-05) ok=✗
  [7/15] L7 (F02174-lm-07) ok=✗
  [8/15] L8 (F02174-lm-08) ok=✗
  [9/15] L10 (F02174-lm-10) ok=✗
  [10/15] L11 (F02174-lm-11) ok=✗
  [11/15] L9 (F02174-lm-09) ok=✗
  [12/15] L12 (F02174-lm-12) ok=✗
  [13/15] L15 (F02174-lm-15) ok=✗
  [14/15] L13 (F02174-lm-13) ok=✗
  [15/15] L14 (F02174-lm-14) ok=✗
Hints: appended to 0 level(s); 0 hint file(s) changed on disk.
Result: solved=0/15, solvedBeforeFallback=0, fallbackOnly=0, unsolved=15
Wrote logs/family-census/solve-R02174-lm.json
Wrote logs/family-census/solve-R02174-lm-summary.md
portfolio-solve-sweep: corpus=data/families/family-R02174-sym.json levels=7 (7 to solve) scheduler-mode=legacy budget=8000ms node-budget=20000000 workers=4 save-hints=true
  [1/7] L1 (F02174-sym-01) ok=✗
  [2/7] L4 (F02174-sym-04) ok=✗
  [3/7] L3 (F02174-sym-03) ok=✗
  [4/7] L2 (F02174-sym-02) ok=✗
  [5/7] L5 (F02174-sym-05) ok=✗
  [6/7] L6 (F02174-sym-06) ok=✗
  [7/7] L7 (F02174-sym-07) ok=✗
Hints: appended to 0 level(s); 0 hint file(s) changed on disk.
Result: solved=0/7, solvedBeforeFallback=0, fallbackOnly=0, unsolved=7
Wrote logs/family-census/solve-R02174-sym.json
Wrote logs/family-census/solve-R02174-sym-summary.md
[00:07:43] DONE R02174
[00:07:43] START R02207
Parent R02207: witness stressMeta.witnessSolution (len 108, 0 jump(s)), 23 movable object instance(s) under strict inventory.
  attempt 1: accepted F02207-lm-01 — moved fountain (3,9) -> (9,4)
  attempt 2: accepted F02207-lm-02 — moved blocks (3,10) -> (7,11)
  attempt 3: accepted F02207-lm-03 — moved market (0,5) -> (0,6)
  attempt 4: accepted F02207-lm-04 — moved flippingFilters (0,2) -> (8,6)
  attempt 5: accepted F02207-lm-05 — moved flippingFilters (4,9) -> (1,11)
  attempt 6: accepted F02207-lm-06 — moved flippingFilters (11,6) -> (0,8)
  attempt 7: accepted F02207-lm-07 — moved flippingFilters (11,6) -> (4,6)
  attempt 8: accepted F02207-lm-08 — moved park (0,4) -> (7,11)
  attempt 9: accepted F02207-lm-09 — moved flippingFilters (11,6) -> (9,10)
  attempt 10: accepted F02207-lm-10 — moved flippingFilters (5,8) -> (7,4)
  attempt 11: accepted F02207-lm-11 — moved blocks (8,0) -> (4,8)
  attempt 12: accepted F02207-lm-12 — moved statue (2,1) -> (4,10)
  attempt 13: accepted F02207-lm-13 — moved flippingFilters (11,6) -> (5,5)
  attempt 14: accepted F02207-lm-14 — moved blocks (8,11) -> (5,11)
  attempt 15: accepted F02207-lm-15 — moved market (3,7) -> (11,11)

15/15 new local-mutant sibling(s) generated for R02207 in 15 attempt(s) (budget 600); 15 total in data/families/family-R02207-lm.json.
Wrote 15 level(s) total to data/families/family-R02207-lm.json (changed=true), 15 hint file(s) written to data/families/hints/.
Wrote family manifest to data/families/family-R02207-lm-manifest.json (15 variant(s) total).
Parent R02207: witness stressMeta.witnessSolution (len 108, 0 jump(s)), 23 movable object instance(s) under strict inventory.
  variant 1 (rotation): accepted F02207-sym-01
  variant 2 (rotation): accepted F02207-sym-02
  variant 3 (rotation): accepted F02207-sym-03
  variant 4 (reflection): accepted F02207-sym-04
  variant 5 (reflection): accepted F02207-sym-05
  variant 6 (reflection): accepted F02207-sym-06
  variant 7 (reflection): accepted F02207-sym-07

7/7 new symmetry sibling(s) generated for R02207 in 7 attempt(s) (budget 7); 7 total in data/families/family-R02207-sym.json.
Wrote 7 level(s) total to data/families/family-R02207-sym.json (changed=true), 7 hint file(s) written to data/families/hints/.
Wrote family manifest to data/families/family-R02207-sym-manifest.json (7 variant(s) total).
portfolio-solve-sweep: corpus=data/families/family-R02207-lm.json levels=15 (15 to solve) scheduler-mode=legacy budget=8000ms node-budget=20000000 workers=4 save-hints=true
  [1/15] L4 (F02207-lm-04) ok=✗
  [2/15] L1 (F02207-lm-01) ok=✗
  [3/15] L3 (F02207-lm-03) ok=✗
  [4/15] L2 (F02207-lm-02) ok=✗
  [5/15] L6 (F02207-lm-06) ok=✗
  [6/15] L7 (F02207-lm-07) ok=✗
  [7/15] L5 (F02207-lm-05) ok=✗
  [8/15] L8 (F02207-lm-08) ok=✗
  [9/15] L9 (F02207-lm-09) ok=✗
  [10/15] L10 (F02207-lm-10) ok=✗
  [11/15] L11 (F02207-lm-11) ok=✗
  [12/15] L12 (F02207-lm-12) ok=✗
  [13/15] L13 (F02207-lm-13) ok=✗
  [14/15] L15 (F02207-lm-15) ok=✗
  [15/15] L14 (F02207-lm-14) ok=✗
Hints: appended to 0 level(s); 0 hint file(s) changed on disk.
Result: solved=0/15, solvedBeforeFallback=0, fallbackOnly=0, unsolved=15
Wrote logs/family-census/solve-R02207-lm.json
Wrote logs/family-census/solve-R02207-lm-summary.md
portfolio-solve-sweep: corpus=data/families/family-R02207-sym.json levels=7 (7 to solve) scheduler-mode=legacy budget=8000ms node-budget=20000000 workers=4 save-hints=true
  [1/7] L2 (F02207-sym-02) ok=✗
  [2/7] L3 (F02207-sym-03) ok=✗
  [3/7] L4 (F02207-sym-04) ok=✗
  [4/7] L1 (F02207-sym-01) ok=✗
  [5/7] L6 (F02207-sym-06) ok=✗
  [6/7] L7 (F02207-sym-07) ok=✗
  [7/7] L5 (F02207-sym-05) ok=✗
Hints: appended to 0 level(s); 0 hint file(s) changed on disk.
Result: solved=0/7, solvedBeforeFallback=0, fallbackOnly=0, unsolved=7
Wrote logs/family-census/solve-R02207-sym.json
Wrote logs/family-census/solve-R02207-sym-summary.md
[00:09:05] DONE R02207
[00:09:05] START R02252
Parent R02252: witness hint[0] (len 85, 0 jump(s)), 55 movable object instance(s) under strict inventory.
  attempt 1: accepted F02252-lm-01 — moved park (9,9) -> (11,4)
  attempt 2: accepted F02252-lm-02 — moved blocks (6,10) -> (2,5)
  attempt 3: accepted F02252-lm-03 — moved library (7,7) -> (7,5)
  attempt 4: accepted F02252-lm-04 — moved blocks (6,8) -> (6,11)
  attempt 5: accepted F02252-lm-05 — moved park (0,2) -> (11,6)
  attempt 6: accepted F02252-lm-06 — moved blocks (6,10) -> (6,7)
  attempt 7: accepted F02252-lm-07 — moved falseGoals (5,3) -> (3,5)
  attempt 8: accepted F02252-lm-08 — moved falseGoals (6,0) -> (4,2)
  attempt 9: accepted F02252-lm-09 — moved mustPass (1,5) -> (10,9)
  attempt 10: accepted F02252-lm-10 — moved library (7,7) -> (3,8)
  attempt 11: accepted F02252-lm-11 — moved park (0,2) -> (1,9)
  attempt 12: accepted F02252-lm-12 — moved geese (9,5) -> (6,9)
  attempt 13: accepted F02252-lm-13 — moved geese (10,2) -> (3,5)
  attempt 14: accepted F02252-lm-14 — moved blocks (10,3) -> (4,3)
  attempt 15: accepted F02252-lm-15 — moved geese (8,9) -> (6,6)

15/15 new local-mutant sibling(s) generated for R02252 in 15 attempt(s) (budget 600); 15 total in data/families/family-R02252-lm.json.
Wrote 15 level(s) total to data/families/family-R02252-lm.json (changed=true), 15 hint file(s) written to data/families/hints/.
Wrote family manifest to data/families/family-R02252-lm-manifest.json (15 variant(s) total).
Parent R02252: witness hint[0] (len 85, 0 jump(s)), 55 movable object instance(s) under strict inventory.
  variant 1 (rotation): accepted F02252-sym-01
  variant 2 (rotation): accepted F02252-sym-02
  variant 3 (rotation): accepted F02252-sym-03
  variant 4 (reflection): accepted F02252-sym-04
  variant 5 (reflection): accepted F02252-sym-05
  variant 6 (reflection): accepted F02252-sym-06
  variant 7 (reflection): accepted F02252-sym-07

7/7 new symmetry sibling(s) generated for R02252 in 7 attempt(s) (budget 7); 7 total in data/families/family-R02252-sym.json.
Wrote 7 level(s) total to data/families/family-R02252-sym.json (changed=true), 7 hint file(s) written to data/families/hints/.
Wrote family manifest to data/families/family-R02252-sym-manifest.json (7 variant(s) total).
portfolio-solve-sweep: corpus=data/families/family-R02252-lm.json levels=15 (15 to solve) scheduler-mode=legacy budget=8000ms node-budget=20000000 workers=4 save-hints=true
  [1/15] L2 (F02252-lm-02) ok=✓ legacy [hint saved]
  [2/15] L3 (F02252-lm-03) ok=✓ legacy [hint saved]
  [3/15] L6 (F02252-lm-06) ok=✓ legacy [hint saved]
  [4/15] L7 (F02252-lm-07) ok=✓ legacy [hint saved]
  [5/15] L4 (F02252-lm-04) ok=✗
  [6/15] L1 (F02252-lm-01) ok=✗
  [7/15] L5 (F02252-lm-05) ok=✗
  [8/15] L8 (F02252-lm-08) ok=✗
  [9/15] L12 (F02252-lm-12) ok=✓ legacy [hint saved]
  [10/15] L10 (F02252-lm-10) ok=✓ legacy [hint saved]
  [11/15] L9 (F02252-lm-09) ok=✗
  [12/15] L11 (F02252-lm-11) ok=✗
  [13/15] L13 (F02252-lm-13) ok=✗
  [14/15] L14 (F02252-lm-14) ok=✗
  [15/15] L15 (F02252-lm-15) ok=✗
Hints: appended to 6 level(s); 6 hint file(s) changed on disk.
Result: solved=6/15, solvedBeforeFallback=0, fallbackOnly=6, unsolved=9
Wrote logs/family-census/solve-R02252-lm.json
Wrote logs/family-census/solve-R02252-lm-summary.md
portfolio-solve-sweep: corpus=data/families/family-R02252-sym.json levels=7 (7 to solve) scheduler-mode=legacy budget=8000ms node-budget=20000000 workers=4 save-hints=true
  [1/7] L3 (F02252-sym-03) ok=✓ legacy [hint saved]
  [2/7] L5 (F02252-sym-05) ok=✓ legacy [hint saved]
  [3/7] L6 (F02252-sym-06) ok=✓ legacy [hint saved]
  [4/7] L1 (F02252-sym-01) ok=✗
  [5/7] L2 (F02252-sym-02) ok=✗
  [6/7] L4 (F02252-sym-04) ok=✗
  [7/7] L7 (F02252-sym-07) ok=✗
Hints: appended to 3 level(s); 3 hint file(s) changed on disk.
Result: solved=3/7, solvedBeforeFallback=0, fallbackOnly=3, unsolved=4
Wrote logs/family-census/solve-R02252-sym.json
Wrote logs/family-census/solve-R02252-sym-summary.md
[00:11:50] DONE R02252
[00:11:50] START R02288
Parent R02288: witness stressMeta.witnessSolution (len 84, 5 jump(s)), 50 movable object instance(s) under strict inventory.
  attempt 1: accepted F02288-lm-01 — moved blocks (6,0) -> (2,1)
  attempt 2: accepted F02288-lm-02 — moved blocks (9,1) -> (5,3)
  attempt 3: accepted F02288-lm-03 — moved statue (0,8) -> (5,1)
  attempt 4: accepted F02288-lm-04 — moved blocks (0,9) -> (10,10)
  attempt 5: accepted F02288-lm-05 — moved flippingFilters (1,11) -> (5,3)
  attempt 6: accepted F02288-lm-06 — moved blocks (11,0) -> (11,11)
  attempt 7: accepted F02288-lm-07 — moved falseGoals (9,9) -> (11,2)
  attempt 8: accepted F02288-lm-08 — moved geese (8,9) -> (11,11)
  attempt 9: accepted F02288-lm-09 — moved falseGoals (5,11) -> (11,2)
  attempt 10: accepted F02288-lm-10 — moved geese (4,0) -> (10,10)
  attempt 11: accepted F02288-lm-11 — moved blocks (10,5) -> (9,8)
  attempt 12: accepted F02288-lm-12 — moved falseGoals (10,4) -> (11,2)
  attempt 13: accepted F02288-lm-13 — moved geese (4,0) -> (11,10)
  attempt 14: accepted F02288-lm-14 — moved blocks (11,0) -> (2,3)
  attempt 15: accepted F02288-lm-15 — moved falseGoals (5,11) -> (2,4)

15/15 new local-mutant sibling(s) generated for R02288 in 15 attempt(s) (budget 600); 15 total in data/families/family-R02288-lm.json.
Wrote 15 level(s) total to data/families/family-R02288-lm.json (changed=true), 15 hint file(s) written to data/families/hints/.
Wrote family manifest to data/families/family-R02288-lm-manifest.json (15 variant(s) total).
Parent R02288: witness stressMeta.witnessSolution (len 84, 5 jump(s)), 50 movable object instance(s) under strict inventory.
  variant 1 (rotation): accepted F02288-sym-01
  variant 2 (rotation): accepted F02288-sym-02
  variant 3 (rotation): accepted F02288-sym-03
  variant 4 (reflection): accepted F02288-sym-04
  variant 5 (reflection): accepted F02288-sym-05
  variant 6 (reflection): accepted F02288-sym-06
  variant 7 (reflection): accepted F02288-sym-07

7/7 new symmetry sibling(s) generated for R02288 in 7 attempt(s) (budget 7); 7 total in data/families/family-R02288-sym.json.
Wrote 7 level(s) total to data/families/family-R02288-sym.json (changed=true), 7 hint file(s) written to data/families/hints/.
Wrote family manifest to data/families/family-R02288-sym-manifest.json (7 variant(s) total).
portfolio-solve-sweep: corpus=data/families/family-R02288-lm.json levels=15 (15 to solve) scheduler-mode=legacy budget=8000ms node-budget=20000000 workers=4 save-hints=true
  [1/15] L4 (F02288-lm-04) ok=✗
  [2/15] L2 (F02288-lm-02) ok=✗
  [3/15] L1 (F02288-lm-01) ok=✗
  [4/15] L3 (F02288-lm-03) ok=✗
  [5/15] L5 (F02288-lm-05) ok=✗
  [6/15] L6 (F02288-lm-06) ok=✗
  [7/15] L7 (F02288-lm-07) ok=✗
  [8/15] L8 (F02288-lm-08) ok=✗
  [9/15] L9 (F02288-lm-09) ok=✗
  [10/15] L11 (F02288-lm-11) ok=✗
  [11/15] L10 (F02288-lm-10) ok=✗
  [12/15] L12 (F02288-lm-12) ok=✗
  [13/15] L15 (F02288-lm-15) ok=✗
  [14/15] L14 (F02288-lm-14) ok=✗
  [15/15] L13 (F02288-lm-13) ok=✗
Hints: appended to 0 level(s); 0 hint file(s) changed on disk.
Result: solved=0/15, solvedBeforeFallback=0, fallbackOnly=0, unsolved=15
Wrote logs/family-census/solve-R02288-lm.json
Wrote logs/family-census/solve-R02288-lm-summary.md
portfolio-solve-sweep: corpus=data/families/family-R02288-sym.json levels=7 (7 to solve) scheduler-mode=legacy budget=8000ms node-budget=20000000 workers=4 save-hints=true
  [1/7] L3 (F02288-sym-03) ok=✗
  [2/7] L2 (F02288-sym-02) ok=✗
  [3/7] L1 (F02288-sym-01) ok=✗
  [4/7] L4 (F02288-sym-04) ok=✗
  [5/7] L7 (F02288-sym-07) ok=✗
  [6/7] L5 (F02288-sym-05) ok=✗
  [7/7] L6 (F02288-sym-06) ok=✗
Hints: appended to 0 level(s); 0 hint file(s) changed on disk.
Result: solved=0/7, solvedBeforeFallback=0, fallbackOnly=0, unsolved=7
Wrote logs/family-census/solve-R02288-sym.json
Wrote logs/family-census/solve-R02288-sym-summary.md
[00:16:12] DONE R02288
[00:16:12] START R02326
Parent R02326: witness stressMeta.witnessSolution (len 117, 4 jump(s)), 78 movable object instance(s) under strict inventory.
  attempt 1: accepted F02326-lm-01 — moved blocks (4,8) -> (6,1)
  attempt 2: accepted F02326-lm-02 — moved mustPass (2,5) -> (9,6)
  attempt 3: accepted F02326-lm-03 — moved mustPass (12,3) -> (10,8)
  attempt 4: accepted F02326-lm-04 — moved blocks (6,2) -> (5,3)
  attempt 5: accepted F02326-lm-05 — moved blocks (2,12) -> (1,4)
  attempt 6: accepted F02326-lm-06 — moved geese (7,5) -> (7,2)
  attempt 7: accepted F02326-lm-07 — moved mustPass (4,0) -> (5,8)
  attempt 8: accepted F02326-lm-08 — moved blocks (12,13) -> (8,1)
  attempt 9: accepted F02326-lm-09 — moved falseGoals (10,12) -> (5,7)
  attempt 10: rejected — degenerate duplicate of parent or another accepted variant
  attempt 11: accepted F02326-lm-10 — moved flippingFilters (4,12) -> (0,12)
  attempt 12: accepted F02326-lm-11 — moved geese (6,0) -> (7,8)
  attempt 13: accepted F02326-lm-12 — moved blocks (8,0) -> (8,6)
  attempt 14: accepted F02326-lm-13 — moved falseGoals (9,2) -> (13,11)
  attempt 15: accepted F02326-lm-14 — moved mustPass (2,10) -> (10,9)
  attempt 16: accepted F02326-lm-15 — moved blocks (0,11) -> (7,2)

15/15 new local-mutant sibling(s) generated for R02326 in 16 attempt(s) (budget 600); 15 total in data/families/family-R02326-lm.json.
Wrote 15 level(s) total to data/families/family-R02326-lm.json (changed=true), 15 hint file(s) written to data/families/hints/.
Wrote family manifest to data/families/family-R02326-lm-manifest.json (15 variant(s) total).
Parent R02326: witness stressMeta.witnessSolution (len 117, 4 jump(s)), 78 movable object instance(s) under strict inventory.
  variant 1 (rotation): accepted F02326-sym-01
  variant 2 (rotation): accepted F02326-sym-02
  variant 3 (rotation): accepted F02326-sym-03
  variant 4 (reflection): accepted F02326-sym-04
  variant 5 (reflection): accepted F02326-sym-05
  variant 6 (reflection): accepted F02326-sym-06
  variant 7 (reflection): accepted F02326-sym-07

7/7 new symmetry sibling(s) generated for R02326 in 7 attempt(s) (budget 7); 7 total in data/families/family-R02326-sym.json.
Wrote 7 level(s) total to data/families/family-R02326-sym.json (changed=true), 7 hint file(s) written to data/families/hints/.
Wrote family manifest to data/families/family-R02326-sym-manifest.json (7 variant(s) total).
portfolio-solve-sweep: corpus=data/families/family-R02326-lm.json levels=15 (15 to solve) scheduler-mode=legacy budget=8000ms node-budget=20000000 workers=4 save-hints=true
  [1/15] L3 (F02326-lm-03) ok=✗
  [2/15] L1 (F02326-lm-01) ok=✗
  [3/15] L2 (F02326-lm-02) ok=✗
  [4/15] L4 (F02326-lm-04) ok=✗
  [5/15] L7 (F02326-lm-07) ok=✗
  [6/15] L6 (F02326-lm-06) ok=✗
  [7/15] L5 (F02326-lm-05) ok=✗
  [8/15] L8 (F02326-lm-08) ok=✗
  [9/15] L9 (F02326-lm-09) ok=✗
  [10/15] L11 (F02326-lm-11) ok=✗
  [11/15] L10 (F02326-lm-10) ok=✗
  [12/15] L12 (F02326-lm-12) ok=✗
  [13/15] L15 (F02326-lm-15) ok=✗
  [14/15] L14 (F02326-lm-14) ok=✗
  [15/15] L13 (F02326-lm-13) ok=✗
Hints: appended to 0 level(s); 0 hint file(s) changed on disk.
Result: solved=0/15, solvedBeforeFallback=0, fallbackOnly=0, unsolved=15
Wrote logs/family-census/solve-R02326-lm.json
Wrote logs/family-census/solve-R02326-lm-summary.md
portfolio-solve-sweep: corpus=data/families/family-R02326-sym.json levels=7 (7 to solve) scheduler-mode=legacy budget=8000ms node-budget=20000000 workers=4 save-hints=true
  [1/7] L1 (F02326-sym-01) ok=✗
  [2/7] L3 (F02326-sym-03) ok=✗
  [3/7] L4 (F02326-sym-04) ok=✗
  [4/7] L2 (F02326-sym-02) ok=✗
  [5/7] L6 (F02326-sym-06) ok=✗
  [6/7] L5 (F02326-sym-05) ok=✗
  [7/7] L7 (F02326-sym-07) ok=✗
Hints: appended to 0 level(s); 0 hint file(s) changed on disk.
Result: solved=0/7, solvedBeforeFallback=0, fallbackOnly=0, unsolved=7
Wrote logs/family-census/solve-R02326-sym.json
Wrote logs/family-census/solve-R02326-sym-summary.md
[00:24:30] DONE R02326
[00:24:30] START R02367
Parent R02367: witness stressMeta.witnessSolution (len 77, 4 jump(s)), 44 movable object instance(s) under strict inventory.
  attempt 1: accepted F02367-lm-01 — moved blocks (7,2) -> (10,3)
  attempt 2: accepted F02367-lm-02 — moved blocks (8,3) -> (3,3)
  attempt 3: accepted F02367-lm-03 — moved blocks (10,1) -> (4,9)
  attempt 4: accepted F02367-lm-04 — moved blocks (7,8) -> (6,6)
  attempt 5: accepted F02367-lm-05 — moved library (9,1) -> (4,9)
  attempt 6: accepted F02367-lm-06 — moved lamppost (5,0) -> (3,11)
  attempt 7: accepted F02367-lm-07 — moved lamppost (5,0) -> (3,10)
  attempt 8: accepted F02367-lm-08 — moved lamppost (3,7) -> (4,6)
  attempt 9: accepted F02367-lm-09 — moved falseGoals (3,4) -> (6,6)
  attempt 10: accepted F02367-lm-10 — moved blocks (1,5) -> (2,1)
  attempt 11: accepted F02367-lm-11 — moved blocks (0,4) -> (0,8)
  attempt 12: accepted F02367-lm-12 — moved blocks (9,7) -> (6,6)
  attempt 13: accepted F02367-lm-13 — moved falseGoals (5,9) -> (2,0)
  attempt 14: accepted F02367-lm-14 — moved falseGoals (5,9) -> (10,7)
  attempt 15: accepted F02367-lm-15 — moved blocks (8,4) -> (5,3)

15/15 new local-mutant sibling(s) generated for R02367 in 15 attempt(s) (budget 600); 15 total in data/families/family-R02367-lm.json.
Wrote 15 level(s) total to data/families/family-R02367-lm.json (changed=true), 15 hint file(s) written to data/families/hints/.
Wrote family manifest to data/families/family-R02367-lm-manifest.json (15 variant(s) total).
Parent R02367: witness stressMeta.witnessSolution (len 77, 4 jump(s)), 44 movable object instance(s) under strict inventory.
  variant 1 (rotation): accepted F02367-sym-01
  variant 2 (rotation): accepted F02367-sym-02
  variant 3 (rotation): accepted F02367-sym-03
  variant 4 (reflection): accepted F02367-sym-04
  variant 5 (reflection): accepted F02367-sym-05
  variant 6 (reflection): accepted F02367-sym-06
  variant 7 (reflection): accepted F02367-sym-07

7/7 new symmetry sibling(s) generated for R02367 in 7 attempt(s) (budget 7); 7 total in data/families/family-R02367-sym.json.
Wrote 7 level(s) total to data/families/family-R02367-sym.json (changed=true), 7 hint file(s) written to data/families/hints/.
Wrote family manifest to data/families/family-R02367-sym-manifest.json (7 variant(s) total).
portfolio-solve-sweep: corpus=data/families/family-R02367-lm.json levels=15 (15 to solve) scheduler-mode=legacy budget=8000ms node-budget=20000000 workers=4 save-hints=true
  [1/15] L4 (F02367-lm-04) ok=✗
  [2/15] L1 (F02367-lm-01) ok=✗
  [3/15] L2 (F02367-lm-02) ok=✗
  [4/15] L6 (F02367-lm-06) ok=✗
  [5/15] L7 (F02367-lm-07) ok=✗
  [6/15] L5 (F02367-lm-05) ok=✗
  [7/15] L3 (F02367-lm-03) ok=✗
  [8/15] L8 (F02367-lm-08) ok=✗
  [9/15] L9 (F02367-lm-09) ok=✗
  [10/15] L10 (F02367-lm-10) ok=✗
  [11/15] L11 (F02367-lm-11) ok=✗
  [12/15] L13 (F02367-lm-13) ok=✗
  [13/15] L14 (F02367-lm-14) ok=✗
  [14/15] L12 (F02367-lm-12) ok=✗
  [15/15] L15 (F02367-lm-15) ok=✗
Hints: appended to 0 level(s); 0 hint file(s) changed on disk.
Result: solved=0/15, solvedBeforeFallback=0, fallbackOnly=0, unsolved=15
Wrote logs/family-census/solve-R02367-lm.json
Wrote logs/family-census/solve-R02367-lm-summary.md
portfolio-solve-sweep: corpus=data/families/family-R02367-sym.json levels=7 (7 to solve) scheduler-mode=legacy budget=8000ms node-budget=20000000 workers=4 save-hints=true
  [1/7] L3 (F02367-sym-03) ok=✗
  [2/7] L1 (F02367-sym-01) ok=✗
  [3/7] L2 (F02367-sym-02) ok=✗
  [4/7] L4 (F02367-sym-04) ok=✗
  [5/7] L5 (F02367-sym-05) ok=✗
  [6/7] L6 (F02367-sym-06) ok=✗
  [7/7] L7 (F02367-sym-07) ok=✗
Hints: appended to 0 level(s); 0 hint file(s) changed on disk.
Result: solved=0/7, solvedBeforeFallback=0, fallbackOnly=0, unsolved=7
Wrote logs/family-census/solve-R02367-sym.json
Wrote logs/family-census/solve-R02367-sym-summary.md
[00:26:04] DONE R02367
[00:26:04] START R02403
Parent R02403: witness stressMeta.witnessSolution (len 120, 0 jump(s)), 81 movable object instance(s) under strict inventory.
  attempt 1: accepted F02403-lm-01 — moved falseGoals (12,14) -> (6,3)
  attempt 2: accepted F02403-lm-02 — moved blocks (8,8) -> (7,5)
  attempt 3: accepted F02403-lm-03 — moved statue (13,8) -> (11,13)
  attempt 4: accepted F02403-lm-04 — moved blocks (8,4) -> (0,0)
  attempt 5: accepted F02403-lm-05 — moved blocks (4,0) -> (1,10)
  attempt 6: accepted F02403-lm-06 — moved blocks (2,1) -> (0,14)
  attempt 7: accepted F02403-lm-07 — moved flippingFilters (11,0) -> (7,14)
  attempt 8: accepted F02403-lm-08 — moved blocks (5,1) -> (11,13)
  attempt 9: accepted F02403-lm-09 — moved geese (8,6) -> (12,6)
  attempt 10: accepted F02403-lm-10 — moved mustPass (12,10) -> (5,13)
  attempt 11: accepted F02403-lm-11 — moved blocks (8,7) -> (8,12)
  attempt 12: accepted F02403-lm-12 — moved park (2,5) -> (6,8)
  attempt 13: accepted F02403-lm-13 — moved blocks (6,7) -> (7,7)
  attempt 14: accepted F02403-lm-14 — moved geese (7,0) -> (9,9)
  attempt 15: accepted F02403-lm-15 — moved market (14,3) -> (1,0)

15/15 new local-mutant sibling(s) generated for R02403 in 15 attempt(s) (budget 600); 15 total in data/families/family-R02403-lm.json.
Wrote 15 level(s) total to data/families/family-R02403-lm.json (changed=true), 15 hint file(s) written to data/families/hints/.
Wrote family manifest to data/families/family-R02403-lm-manifest.json (15 variant(s) total).
Parent R02403: witness stressMeta.witnessSolution (len 120, 0 jump(s)), 81 movable object instance(s) under strict inventory.
  variant 1 (rotation): accepted F02403-sym-01
  variant 2 (rotation): accepted F02403-sym-02
  variant 3 (rotation): accepted F02403-sym-03
  variant 4 (reflection): accepted F02403-sym-04
  variant 5 (reflection): accepted F02403-sym-05
  variant 6 (reflection): accepted F02403-sym-06
  variant 7 (reflection): accepted F02403-sym-07

7/7 new symmetry sibling(s) generated for R02403 in 7 attempt(s) (budget 7); 7 total in data/families/family-R02403-sym.json.
Wrote 7 level(s) total to data/families/family-R02403-sym.json (changed=true), 7 hint file(s) written to data/families/hints/.
Wrote family manifest to data/families/family-R02403-sym-manifest.json (7 variant(s) total).
portfolio-solve-sweep: corpus=data/families/family-R02403-lm.json levels=15 (15 to solve) scheduler-mode=legacy budget=8000ms node-budget=20000000 workers=4 save-hints=true
  [1/15] L1 (F02403-lm-01) ok=✗
  [2/15] L4 (F02403-lm-04) ok=✗
  [3/15] L3 (F02403-lm-03) ok=✗
  [4/15] L2 (F02403-lm-02) ok=✗
  [5/15] L5 (F02403-lm-05) ok=✗
  [6/15] L8 (F02403-lm-08) ok=✗
  [7/15] L6 (F02403-lm-06) ok=✗
  [8/15] L7 (F02403-lm-07) ok=✗
  [9/15] L10 (F02403-lm-10) ok=✗
  [10/15] L9 (F02403-lm-09) ok=✗
  [11/15] L11 (F02403-lm-11) ok=✗
  [12/15] L12 (F02403-lm-12) ok=✗
  [13/15] L13 (F02403-lm-13) ok=✗
  [14/15] L15 (F02403-lm-15) ok=✗
  [15/15] L14 (F02403-lm-14) ok=✗
Hints: appended to 0 level(s); 0 hint file(s) changed on disk.
Result: solved=0/15, solvedBeforeFallback=0, fallbackOnly=0, unsolved=15
Wrote logs/family-census/solve-R02403-lm.json
Wrote logs/family-census/solve-R02403-lm-summary.md
portfolio-solve-sweep: corpus=data/families/family-R02403-sym.json levels=7 (7 to solve) scheduler-mode=legacy budget=8000ms node-budget=20000000 workers=4 save-hints=true
  [1/7] L1 (F02403-sym-01) ok=✗
  [2/7] L3 (F02403-sym-03) ok=✗
  [3/7] L4 (F02403-sym-04) ok=✗
  [4/7] L2 (F02403-sym-02) ok=✗
  [5/7] L6 (F02403-sym-06) ok=✗
  [6/7] L5 (F02403-sym-05) ok=✗
  [7/7] L7 (F02403-sym-07) ok=✗
Hints: appended to 0 level(s); 0 hint file(s) changed on disk.
Result: solved=0/7, solvedBeforeFallback=0, fallbackOnly=0, unsolved=7
Wrote logs/family-census/solve-R02403-sym.json
Wrote logs/family-census/solve-R02403-sym-summary.md
[00:29:26] DONE R02403
[00:29:26] START R02448
Parent R02448: witness hint[0] (len 77, 4 jump(s)), 51 movable object instance(s) under strict inventory.
  attempt 1: accepted F02448-lm-01 — moved lamppost (5,9) -> (3,8)
  attempt 2: accepted F02448-lm-02 — moved blocks (10,1) -> (9,4)
  attempt 3: accepted F02448-lm-03 — moved flippingFilters (9,1) -> (7,0)
  attempt 4: accepted F02448-lm-04 — moved mustPass (5,4) -> (3,6)
  attempt 5: accepted F02448-lm-05 — moved blocks (9,8) -> (1,3)
  attempt 6: accepted F02448-lm-06 — moved blocks (0,4) -> (9,4)
  attempt 7: accepted F02448-lm-07 — moved market (8,9) -> (2,6)
  attempt 8: accepted F02448-lm-08 — moved park (6,8) -> (6,6)
  attempt 9: accepted F02448-lm-09 — moved flippingFilters (0,7) -> (5,2)
  attempt 10: accepted F02448-lm-10 — moved park (6,10) -> (5,10)
  attempt 11: accepted F02448-lm-11 — moved market (0,10) -> (2,6)
  attempt 12: accepted F02448-lm-12 — moved market (6,7) -> (6,5)
  attempt 13: accepted F02448-lm-13 — moved falseGoals (1,2) -> (0,0)
  attempt 14: accepted F02448-lm-14 — moved geese (7,10) -> (9,4)
  attempt 15: rejected — degenerate duplicate of parent or another accepted variant
  attempt 16: accepted F02448-lm-15 — moved lamppost (7,9) -> (5,10)

15/15 new local-mutant sibling(s) generated for R02448 in 16 attempt(s) (budget 600); 15 total in data/families/family-R02448-lm.json.
Wrote 15 level(s) total to data/families/family-R02448-lm.json (changed=true), 15 hint file(s) written to data/families/hints/.
Wrote family manifest to data/families/family-R02448-lm-manifest.json (15 variant(s) total).
Parent R02448: witness hint[0] (len 77, 4 jump(s)), 51 movable object instance(s) under strict inventory.
  variant 1 (rotation): accepted F02448-sym-01
  variant 2 (rotation): accepted F02448-sym-02
  variant 3 (rotation): accepted F02448-sym-03
  variant 4 (reflection): accepted F02448-sym-04
  variant 5 (reflection): accepted F02448-sym-05
  variant 6 (reflection): accepted F02448-sym-06
  variant 7 (reflection): accepted F02448-sym-07

7/7 new symmetry sibling(s) generated for R02448 in 7 attempt(s) (budget 7); 7 total in data/families/family-R02448-sym.json.
Wrote 7 level(s) total to data/families/family-R02448-sym.json (changed=true), 7 hint file(s) written to data/families/hints/.
Wrote family manifest to data/families/family-R02448-sym-manifest.json (7 variant(s) total).
portfolio-solve-sweep: corpus=data/families/family-R02448-lm.json levels=15 (15 to solve) scheduler-mode=legacy budget=8000ms node-budget=20000000 workers=4 save-hints=true
  [1/15] L2 (F02448-lm-02) ok=✗
  [2/15] L3 (F02448-lm-03) ok=✗
  [3/15] L4 (F02448-lm-04) ok=✗
  [4/15] L6 (F02448-lm-06) ok=✓ legacy [hint saved]
  [5/15] L1 (F02448-lm-01) ok=✗
  [6/15] L8 (F02448-lm-08) ok=✗
  [7/15] L9 (F02448-lm-09) ok=✗
  [8/15] L5 (F02448-lm-05) ok=✗
  [9/15] L7 (F02448-lm-07) ok=✗
  [10/15] L10 (F02448-lm-10) ok=✗
  [11/15] L12 (F02448-lm-12) ok=✗
  [12/15] L11 (F02448-lm-11) ok=✗
  [13/15] L13 (F02448-lm-13) ok=✗
  [14/15] L14 (F02448-lm-14) ok=✗
  [15/15] L15 (F02448-lm-15) ok=✗
Hints: appended to 1 level(s); 1 hint file(s) changed on disk.
Result: solved=1/15, solvedBeforeFallback=0, fallbackOnly=1, unsolved=14
Wrote logs/family-census/solve-R02448-lm.json
Wrote logs/family-census/solve-R02448-lm-summary.md
portfolio-solve-sweep: corpus=data/families/family-R02448-sym.json levels=7 (7 to solve) scheduler-mode=legacy budget=8000ms node-budget=20000000 workers=4 save-hints=true
  [1/7] L4 (F02448-sym-04) ok=✗
  [2/7] L3 (F02448-sym-03) ok=✗
  [3/7] L1 (F02448-sym-01) ok=✗
  [4/7] L2 (F02448-sym-02) ok=✗
  [5/7] L5 (F02448-sym-05) ok=✗
  [6/7] L7 (F02448-sym-07) ok=✗
  [7/7] L6 (F02448-sym-06) ok=✗
Hints: appended to 0 level(s); 0 hint file(s) changed on disk.
Result: solved=0/7, solvedBeforeFallback=0, fallbackOnly=0, unsolved=7
Wrote logs/family-census/solve-R02448-sym.json
Wrote logs/family-census/solve-R02448-sym-summary.md
[00:33:30] DONE R02448
[00:33:30] START R02483
Parent R02483: witness hint[0] (len 85, 6 jump(s)), 48 movable object instance(s) under strict inventory.
  attempt 1: accepted F02483-lm-01 — moved blocks (4,2) -> (11,1)
  attempt 2: accepted F02483-lm-02 — moved blocks (4,1) -> (0,4)
  attempt 3: accepted F02483-lm-03 — moved blocks (4,1) -> (8,8)
  attempt 4: accepted F02483-lm-04 — moved blocks (11,11) -> (0,7)
  attempt 5: accepted F02483-lm-05 — moved blocks (11,9) -> (0,2)
  attempt 6: accepted F02483-lm-06 — moved blocks (6,0) -> (11,1)
  attempt 7: accepted F02483-lm-07 — moved blocks (9,8) -> (10,8)
  attempt 8: accepted F02483-lm-08 — moved blocks (7,3) -> (6,6)
  attempt 9: accepted F02483-lm-09 — moved blocks (0,1) -> (1,3)
  attempt 10: accepted F02483-lm-10 — moved lamppost (3,10) -> (6,1)
  attempt 11: accepted F02483-lm-11 — moved blocks (6,0) -> (11,0)
  attempt 12: accepted F02483-lm-12 — moved lamppost (5,8) -> (4,11)
  attempt 13: accepted F02483-lm-13 — moved fountain (3,7) -> (1,5)
  attempt 14: accepted F02483-lm-14 — moved blocks (3,8) -> (0,6)
  attempt 15: accepted F02483-lm-15 — moved blocks (1,4) -> (10,8)

15/15 new local-mutant sibling(s) generated for R02483 in 15 attempt(s) (budget 600); 15 total in data/families/family-R02483-lm.json.
Wrote 15 level(s) total to data/families/family-R02483-lm.json (changed=true), 15 hint file(s) written to data/families/hints/.
Wrote family manifest to data/families/family-R02483-lm-manifest.json (15 variant(s) total).
Parent R02483: witness hint[0] (len 85, 6 jump(s)), 48 movable object instance(s) under strict inventory.
  variant 1 (rotation): accepted F02483-sym-01
  variant 2 (rotation): accepted F02483-sym-02
  variant 3 (rotation): accepted F02483-sym-03
  variant 4 (reflection): accepted F02483-sym-04
  variant 5 (reflection): accepted F02483-sym-05
  variant 6 (reflection): accepted F02483-sym-06
  variant 7 (reflection): accepted F02483-sym-07

7/7 new symmetry sibling(s) generated for R02483 in 7 attempt(s) (budget 7); 7 total in data/families/family-R02483-sym.json.
Wrote 7 level(s) total to data/families/family-R02483-sym.json (changed=true), 7 hint file(s) written to data/families/hints/.
Wrote family manifest to data/families/family-R02483-sym-manifest.json (7 variant(s) total).
portfolio-solve-sweep: corpus=data/families/family-R02483-lm.json levels=15 (15 to solve) scheduler-mode=legacy budget=8000ms node-budget=20000000 workers=4 save-hints=true
  [1/15] L4 (F02483-lm-04) ok=✓ legacy [hint saved]
  [2/15] L3 (F02483-lm-03) ok=✓ legacy [hint saved]
  [3/15] L2 (F02483-lm-02) ok=✗
  [4/15] L1 (F02483-lm-01) ok=✗
  [5/15] L5 (F02483-lm-05) ok=✗
  [6/15] L8 (F02483-lm-08) ok=✓ legacy [hint saved]
  [7/15] L6 (F02483-lm-06) ok=✗
  [8/15] L7 (F02483-lm-07) ok=✗
  [9/15] L9 (F02483-lm-09) ok=✗
  [10/15] L10 (F02483-lm-10) ok=✗
  [11/15] L11 (F02483-lm-11) ok=✗
  [12/15] L12 (F02483-lm-12) ok=✗
  [13/15] L13 (F02483-lm-13) ok=✗
  [14/15] L15 (F02483-lm-15) ok=✗
  [15/15] L14 (F02483-lm-14) ok=✗
Hints: appended to 3 level(s); 3 hint file(s) changed on disk.
Result: solved=3/15, solvedBeforeFallback=0, fallbackOnly=3, unsolved=12
Wrote logs/family-census/solve-R02483-lm.json
Wrote logs/family-census/solve-R02483-lm-summary.md
portfolio-solve-sweep: corpus=data/families/family-R02483-sym.json levels=7 (7 to solve) scheduler-mode=legacy budget=8000ms node-budget=20000000 workers=4 save-hints=true
  [1/7] L1 (F02483-sym-01) ok=✗
  [2/7] L4 (F02483-sym-04) ok=✗
  [3/7] L3 (F02483-sym-03) ok=✗
  [4/7] L2 (F02483-sym-02) ok=✗
  [5/7] L6 (F02483-sym-06) ok=✗
  [6/7] L5 (F02483-sym-05) ok=✗
  [7/7] L7 (F02483-sym-07) ok=✗
Hints: appended to 0 level(s); 0 hint file(s) changed on disk.
Result: solved=0/7, solvedBeforeFallback=0, fallbackOnly=0, unsolved=7
Wrote logs/family-census/solve-R02483-sym.json
Wrote logs/family-census/solve-R02483-sym-summary.md
[00:36:50] DONE R02483
[00:36:50] START R02526
Parent R02526: witness hint[0] (len 101, 6 jump(s)), 46 movable object instance(s) under strict inventory.
  attempt 1: accepted F02526-lm-01 — moved mustPass (6,3) -> (7,3)
  attempt 2: accepted F02526-lm-02 — moved mustPass (12,9) -> (10,7)
  attempt 3: accepted F02526-lm-03 — moved lamppost (9,11) -> (10,6)
  attempt 4: accepted F02526-lm-04 — moved blocks (9,8) -> (13,13)
  attempt 5: accepted F02526-lm-05 — moved library (4,13) -> (8,10)
  attempt 6: accepted F02526-lm-06 — moved market (4,5) -> (5,11)
  attempt 7: accepted F02526-lm-07 — moved falseGoals (1,0) -> (1,5)
  attempt 8: accepted F02526-lm-08 — moved fountain (3,13) -> (5,5)
  attempt 9: accepted F02526-lm-09 — moved blocks (5,3) -> (4,8)
  attempt 10: accepted F02526-lm-10 — moved mustPass (10,12) -> (4,11)
  attempt 11: accepted F02526-lm-11 — moved blocks (6,7) -> (7,13)
  attempt 12: accepted F02526-lm-12 — moved blocks (4,0) -> (12,6)
  attempt 13: accepted F02526-lm-13 — moved falseGoals (1,0) -> (9,3)
  attempt 14: accepted F02526-lm-14 — moved blocks (5,3) -> (1,6)
  attempt 15: accepted F02526-lm-15 — moved statue (2,2) -> (3,2)

15/15 new local-mutant sibling(s) generated for R02526 in 15 attempt(s) (budget 600); 15 total in data/families/family-R02526-lm.json.
Wrote 15 level(s) total to data/families/family-R02526-lm.json (changed=true), 15 hint file(s) written to data/families/hints/.
Wrote family manifest to data/families/family-R02526-lm-manifest.json (15 variant(s) total).
Parent R02526: witness hint[0] (len 101, 6 jump(s)), 46 movable object instance(s) under strict inventory.
  variant 1 (rotation): accepted F02526-sym-01
  variant 2 (rotation): accepted F02526-sym-02
  variant 3 (rotation): accepted F02526-sym-03
  variant 4 (reflection): accepted F02526-sym-04
  variant 5 (reflection): accepted F02526-sym-05
  variant 6 (reflection): accepted F02526-sym-06
  variant 7 (reflection): accepted F02526-sym-07

7/7 new symmetry sibling(s) generated for R02526 in 7 attempt(s) (budget 7); 7 total in data/families/family-R02526-sym.json.
Wrote 7 level(s) total to data/families/family-R02526-sym.json (changed=true), 7 hint file(s) written to data/families/hints/.
Wrote family manifest to data/families/family-R02526-sym-manifest.json (7 variant(s) total).
portfolio-solve-sweep: corpus=data/families/family-R02526-lm.json levels=15 (15 to solve) scheduler-mode=legacy budget=8000ms node-budget=20000000 workers=4 save-hints=true
  [1/15] L2 (F02526-lm-02) ok=✗
  [2/15] L3 (F02526-lm-03) ok=✗
  [3/15] L1 (F02526-lm-01) ok=✗
  [4/15] L4 (F02526-lm-04) ok=✗
  [5/15] L5 (F02526-lm-05) ok=✗
  [6/15] L6 (F02526-lm-06) ok=✗
  [7/15] L7 (F02526-lm-07) ok=✗
  [8/15] L8 (F02526-lm-08) ok=✗
  [9/15] L9 (F02526-lm-09) ok=✗
  [10/15] L11 (F02526-lm-11) ok=✗
  [11/15] L10 (F02526-lm-10) ok=✗
  [12/15] L12 (F02526-lm-12) ok=✗
  [13/15] L15 (F02526-lm-15) ok=✗
  [14/15] L13 (F02526-lm-13) ok=✗
  [15/15] L14 (F02526-lm-14) ok=✗
Hints: appended to 0 level(s); 0 hint file(s) changed on disk.
Result: solved=0/15, solvedBeforeFallback=0, fallbackOnly=0, unsolved=15
Wrote logs/family-census/solve-R02526-lm.json
Wrote logs/family-census/solve-R02526-lm-summary.md
portfolio-solve-sweep: corpus=data/families/family-R02526-sym.json levels=7 (7 to solve) scheduler-mode=legacy budget=8000ms node-budget=20000000 workers=4 save-hints=true
  [1/7] L1 (F02526-sym-01) ok=✗
  [2/7] L2 (F02526-sym-02) ok=✗
  [3/7] L4 (F02526-sym-04) ok=✗
  [4/7] L3 (F02526-sym-03) ok=✗
  [5/7] L5 (F02526-sym-05) ok=✗
  [6/7] L6 (F02526-sym-06) ok=✗
  [7/7] L7 (F02526-sym-07) ok=✗
Hints: appended to 0 level(s); 0 hint file(s) changed on disk.
Result: solved=0/7, solvedBeforeFallback=0, fallbackOnly=0, unsolved=7
Wrote logs/family-census/solve-R02526-sym.json
Wrote logs/family-census/solve-R02526-sym-summary.md
[00:39:16] DONE R02526
[00:39:16] START R02555
Parent R02555: witness hint[0] (len 110, 6 jump(s)), 64 movable object instance(s) under strict inventory.
  attempt 1: accepted F02555-lm-01 — moved blocks (10,0) -> (1,4)
  attempt 2: accepted F02555-lm-02 — moved falseGoals (3,1) -> (0,5)
  attempt 3: accepted F02555-lm-03 — moved falseGoals (3,1) -> (8,6)
  attempt 4: accepted F02555-lm-04 — moved blocks (2,1) -> (6,10)
  attempt 5: accepted F02555-lm-05 — moved falseGoals (0,8) -> (9,1)
  attempt 6: accepted F02555-lm-06 — moved park (11,11) -> (8,6)
  attempt 7: accepted F02555-lm-07 — moved mustPass (6,7) -> (14,13)
  attempt 8: accepted F02555-lm-08 — moved library (0,0) -> (1,2)
  attempt 9: accepted F02555-lm-09 — moved falseGoals (3,1) -> (10,11)
  attempt 10: accepted F02555-lm-10 — moved blocks (3,3) -> (7,14)
  attempt 11: accepted F02555-lm-11 — moved blocks (11,0) -> (12,9)
  attempt 12: accepted F02555-lm-12 — moved library (0,0) -> (9,1)
  attempt 13: accepted F02555-lm-13 — moved blocks (1,11) -> (8,10)
  attempt 14: accepted F02555-lm-14 — moved blocks (1,8) -> (13,4)
  attempt 15: accepted F02555-lm-15 — moved blocks (9,12) -> (2,8)

15/15 new local-mutant sibling(s) generated for R02555 in 15 attempt(s) (budget 600); 15 total in data/families/family-R02555-lm.json.
Wrote 15 level(s) total to data/families/family-R02555-lm.json (changed=true), 15 hint file(s) written to data/families/hints/.
Wrote family manifest to data/families/family-R02555-lm-manifest.json (15 variant(s) total).
Parent R02555: witness hint[0] (len 110, 6 jump(s)), 64 movable object instance(s) under strict inventory.
  variant 1 (rotation): accepted F02555-sym-01
  variant 2 (rotation): accepted F02555-sym-02
  variant 3 (rotation): accepted F02555-sym-03
  variant 4 (reflection): accepted F02555-sym-04
  variant 5 (reflection): accepted F02555-sym-05
  variant 6 (reflection): accepted F02555-sym-06
  variant 7 (reflection): accepted F02555-sym-07

7/7 new symmetry sibling(s) generated for R02555 in 7 attempt(s) (budget 7); 7 total in data/families/family-R02555-sym.json.
Wrote 7 level(s) total to data/families/family-R02555-sym.json (changed=true), 7 hint file(s) written to data/families/hints/.
Wrote family manifest to data/families/family-R02555-sym-manifest.json (7 variant(s) total).
portfolio-solve-sweep: corpus=data/families/family-R02555-lm.json levels=15 (15 to solve) scheduler-mode=legacy budget=8000ms node-budget=20000000 workers=4 save-hints=true
  [1/15] L2 (F02555-lm-02) ok=✗
  [2/15] L4 (F02555-lm-04) ok=✗
  [3/15] L3 (F02555-lm-03) ok=✗
  [4/15] L1 (F02555-lm-01) ok=✗
  [5/15] L5 (F02555-lm-05) ok=✗
  [6/15] L6 (F02555-lm-06) ok=✗
  [7/15] L8 (F02555-lm-08) ok=✗
  [8/15] L7 (F02555-lm-07) ok=✗
  [9/15] L9 (F02555-lm-09) ok=✗
  [10/15] L10 (F02555-lm-10) ok=✗
  [11/15] L12 (F02555-lm-12) ok=✗
  [12/15] L11 (F02555-lm-11) ok=✗
  [13/15] L15 (F02555-lm-15) ok=✓ legacy [hint saved]
  [14/15] L13 (F02555-lm-13) ok=✗
  [15/15] L14 (F02555-lm-14) ok=✗
Hints: appended to 1 level(s); 1 hint file(s) changed on disk.
Result: solved=1/15, solvedBeforeFallback=0, fallbackOnly=1, unsolved=14
Wrote logs/family-census/solve-R02555-lm.json
Wrote logs/family-census/solve-R02555-lm-summary.md
portfolio-solve-sweep: corpus=data/families/family-R02555-sym.json levels=7 (7 to solve) scheduler-mode=legacy budget=8000ms node-budget=20000000 workers=4 save-hints=true
  [1/7] L2 (F02555-sym-02) ok=✗
  [2/7] L4 (F02555-sym-04) ok=✗
  [3/7] L1 (F02555-sym-01) ok=✗
  [4/7] L3 (F02555-sym-03) ok=✗
  [5/7] L5 (F02555-sym-05) ok=✗
  [6/7] L6 (F02555-sym-06) ok=✗
  [7/7] L7 (F02555-sym-07) ok=✗
Hints: appended to 0 level(s); 0 hint file(s) changed on disk.
Result: solved=0/7, solvedBeforeFallback=0, fallbackOnly=0, unsolved=7
Wrote logs/family-census/solve-R02555-sym.json
Wrote logs/family-census/solve-R02555-sym-summary.md
[00:41:39] DONE R02555
[00:41:39] START R02596
Parent R02596: witness stressMeta.witnessSolution (len 92, 0 jump(s)), 57 movable object instance(s) under strict inventory.
  attempt 1: accepted F02596-lm-01 — moved falseGoals (3,8) -> (8,10)
  attempt 2: accepted F02596-lm-02 — moved geese (11,3) -> (10,11)
  attempt 3: accepted F02596-lm-03 — moved blocks (0,3) -> (7,5)
  attempt 4: accepted F02596-lm-04 — moved blocks (6,11) -> (7,10)
  attempt 5: accepted F02596-lm-05 — moved blocks (11,6) -> (7,11)
  attempt 6: accepted F02596-lm-06 — moved blocks (4,6) -> (5,11)
  attempt 7: accepted F02596-lm-07 — moved mustPass (5,0) -> (7,3)
  attempt 8: accepted F02596-lm-08 — moved lamppost (1,2) -> (11,10)
  attempt 9: accepted F02596-lm-09 — moved mustPass (11,0) -> (10,5)
  attempt 10: accepted F02596-lm-10 — moved library (5,4) -> (8,10)
  attempt 11: accepted F02596-lm-11 — moved geese (11,3) -> (8,11)
  attempt 12: accepted F02596-lm-12 — moved blocks (6,9) -> (5,10)
  attempt 13: accepted F02596-lm-13 — moved market (6,0) -> (5,11)
  attempt 14: accepted F02596-lm-14 — moved blocks (0,2) -> (7,10)
  attempt 15: accepted F02596-lm-15 — moved market (2,9) -> (0,4)

15/15 new local-mutant sibling(s) generated for R02596 in 15 attempt(s) (budget 600); 15 total in data/families/family-R02596-lm.json.
Wrote 15 level(s) total to data/families/family-R02596-lm.json (changed=true), 15 hint file(s) written to data/families/hints/.
Wrote family manifest to data/families/family-R02596-lm-manifest.json (15 variant(s) total).
Parent R02596: witness stressMeta.witnessSolution (len 92, 0 jump(s)), 57 movable object instance(s) under strict inventory.
  variant 1 (rotation): accepted F02596-sym-01
  variant 2 (rotation): accepted F02596-sym-02
  variant 3 (rotation): accepted F02596-sym-03
  variant 4 (reflection): accepted F02596-sym-04
  variant 5 (reflection): accepted F02596-sym-05
  variant 6 (reflection): accepted F02596-sym-06
  variant 7 (reflection): accepted F02596-sym-07

7/7 new symmetry sibling(s) generated for R02596 in 7 attempt(s) (budget 7); 7 total in data/families/family-R02596-sym.json.
Wrote 7 level(s) total to data/families/family-R02596-sym.json (changed=true), 7 hint file(s) written to data/families/hints/.
Wrote family manifest to data/families/family-R02596-sym-manifest.json (7 variant(s) total).
portfolio-solve-sweep: corpus=data/families/family-R02596-lm.json levels=15 (15 to solve) scheduler-mode=legacy budget=8000ms node-budget=20000000 workers=4 save-hints=true
  [1/15] L3 (F02596-lm-03) ok=✗
  [2/15] L1 (F02596-lm-01) ok=✗
  [3/15] L2 (F02596-lm-02) ok=✗
  [4/15] L4 (F02596-lm-04) ok=✗
  [5/15] L5 (F02596-lm-05) ok=✗
  [6/15] L6 (F02596-lm-06) ok=✗
  [7/15] L7 (F02596-lm-07) ok=✗
  [8/15] L8 (F02596-lm-08) ok=✗
  [9/15] L9 (F02596-lm-09) ok=✗
  [10/15] L12 (F02596-lm-12) ok=✗
  [11/15] L11 (F02596-lm-11) ok=✗
  [12/15] L10 (F02596-lm-10) ok=✗
  [13/15] L13 (F02596-lm-13) ok=✗
  [14/15] L14 (F02596-lm-14) ok=✗
  [15/15] L15 (F02596-lm-15) ok=✗
Hints: appended to 0 level(s); 0 hint file(s) changed on disk.
Result: solved=0/15, solvedBeforeFallback=0, fallbackOnly=0, unsolved=15
Wrote logs/family-census/solve-R02596-lm.json
Wrote logs/family-census/solve-R02596-lm-summary.md
portfolio-solve-sweep: corpus=data/families/family-R02596-sym.json levels=7 (7 to solve) scheduler-mode=legacy budget=8000ms node-budget=20000000 workers=4 save-hints=true
  [1/7] L3 (F02596-sym-03) ok=✗
  [2/7] L2 (F02596-sym-02) ok=✗
  [3/7] L4 (F02596-sym-04) ok=✗
  [4/7] L1 (F02596-sym-01) ok=✗
  [5/7] L5 (F02596-sym-05) ok=✗
  [6/7] L7 (F02596-sym-07) ok=✗
  [7/7] L6 (F02596-sym-06) ok=✗
Hints: appended to 0 level(s); 0 hint file(s) changed on disk.
Result: solved=0/7, solvedBeforeFallback=0, fallbackOnly=0, unsolved=7
Wrote logs/family-census/solve-R02596-sym.json
Wrote logs/family-census/solve-R02596-sym-summary.md
[00:42:59] DONE R02596
[00:42:59] START R02632
Parent R02632: witness stressMeta.witnessSolution (len 113, 0 jump(s)), 61 movable object instance(s) under strict inventory.
  attempt 1: accepted F02632-lm-01 — moved blocks (10,12) -> (1,0)
  attempt 2: accepted F02632-lm-02 — moved park (4,1) -> (3,8)
  attempt 3: accepted F02632-lm-03 — moved blocks (10,12) -> (4,4)
  attempt 4: accepted F02632-lm-04 — moved park (3,1) -> (12,11)
  attempt 5: accepted F02632-lm-05 — moved mustPass (2,9) -> (6,4)
  attempt 6: accepted F02632-lm-06 — moved geese (8,7) -> (4,4)
  attempt 7: accepted F02632-lm-07 — moved fountain (1,12) -> (2,3)
  attempt 8: accepted F02632-lm-08 — moved statue (12,8) -> (3,8)
  attempt 9: accepted F02632-lm-09 — moved blocks (11,9) -> (1,0)
  attempt 10: accepted F02632-lm-10 — moved blocks (3,5) -> (1,2)
  attempt 11: accepted F02632-lm-11 — moved blocks (3,4) -> (12,2)
  attempt 12: accepted F02632-lm-12 — moved mustCross (8,9) -> (11,1)
  attempt 13: accepted F02632-lm-13 — moved mustCross (10,7) -> (9,11)
  attempt 14: accepted F02632-lm-14 — moved geese (2,12) -> (1,2)
  attempt 15: accepted F02632-lm-15 — moved fountain (1,12) -> (0,3)

15/15 new local-mutant sibling(s) generated for R02632 in 15 attempt(s) (budget 600); 15 total in data/families/family-R02632-lm.json.
Wrote 15 level(s) total to data/families/family-R02632-lm.json (changed=true), 15 hint file(s) written to data/families/hints/.
Wrote family manifest to data/families/family-R02632-lm-manifest.json (15 variant(s) total).
Parent R02632: witness stressMeta.witnessSolution (len 113, 0 jump(s)), 61 movable object instance(s) under strict inventory.
  variant 1 (rotation): accepted F02632-sym-01
  variant 2 (rotation): accepted F02632-sym-02
  variant 3 (rotation): accepted F02632-sym-03
  variant 4 (reflection): accepted F02632-sym-04
  variant 5 (reflection): accepted F02632-sym-05
  variant 6 (reflection): accepted F02632-sym-06
  variant 7 (reflection): accepted F02632-sym-07

7/7 new symmetry sibling(s) generated for R02632 in 7 attempt(s) (budget 7); 7 total in data/families/family-R02632-sym.json.
Wrote 7 level(s) total to data/families/family-R02632-sym.json (changed=true), 7 hint file(s) written to data/families/hints/.
Wrote family manifest to data/families/family-R02632-sym-manifest.json (7 variant(s) total).
portfolio-solve-sweep: corpus=data/families/family-R02632-lm.json levels=15 (15 to solve) scheduler-mode=legacy budget=8000ms node-budget=20000000 workers=4 save-hints=true
  [1/15] L1 (F02632-lm-01) ok=✗
  [2/15] L2 (F02632-lm-02) ok=✗
  [3/15] L3 (F02632-lm-03) ok=✗
  [4/15] L4 (F02632-lm-04) ok=✗
  [5/15] L5 (F02632-lm-05) ok=✗
  [6/15] L7 (F02632-lm-07) ok=✗
  [7/15] L6 (F02632-lm-06) ok=✗
  [8/15] L8 (F02632-lm-08) ok=✗
  [9/15] L9 (F02632-lm-09) ok=✗
  [10/15] L10 (F02632-lm-10) ok=✗
  [11/15] L11 (F02632-lm-11) ok=✗
  [12/15] L12 (F02632-lm-12) ok=✗
  [13/15] L13 (F02632-lm-13) ok=✗
  [14/15] L14 (F02632-lm-14) ok=✗
  [15/15] L15 (F02632-lm-15) ok=✗
Hints: appended to 0 level(s); 0 hint file(s) changed on disk.
Result: solved=0/15, solvedBeforeFallback=0, fallbackOnly=0, unsolved=15
Wrote logs/family-census/solve-R02632-lm.json
Wrote logs/family-census/solve-R02632-lm-summary.md
portfolio-solve-sweep: corpus=data/families/family-R02632-sym.json levels=7 (7 to solve) scheduler-mode=legacy budget=8000ms node-budget=20000000 workers=4 save-hints=true
  [1/7] L3 (F02632-sym-03) ok=✗
  [2/7] L1 (F02632-sym-01) ok=✗
  [3/7] L2 (F02632-sym-02) ok=✗
  [4/7] L4 (F02632-sym-04) ok=✗
  [5/7] L5 (F02632-sym-05) ok=✗
  [6/7] L7 (F02632-sym-07) ok=✗
  [7/7] L6 (F02632-sym-06) ok=✗
Hints: appended to 0 level(s); 0 hint file(s) changed on disk.
Result: solved=0/7, solvedBeforeFallback=0, fallbackOnly=0, unsolved=7
Wrote logs/family-census/solve-R02632-sym.json
Wrote logs/family-census/solve-R02632-sym-summary.md
[00:46:44] DONE R02632
[00:46:44] START R02665
Parent R02665: witness stressMeta.witnessSolution (len 92, 0 jump(s)), 44 movable object instance(s) under strict inventory.
  attempt 1: accepted F02665-lm-01 — moved blocks (7,6) -> (11,1)
  attempt 2: accepted F02665-lm-02 — moved statue (12,10) -> (7,7)
  attempt 3: accepted F02665-lm-03 — moved blocks (4,6) -> (9,3)
  attempt 4: accepted F02665-lm-04 — moved mustPass (2,8) -> (4,11)
  attempt 5: accepted F02665-lm-05 — moved blocks (6,2) -> (9,8)
  attempt 6: accepted F02665-lm-06 — moved blocks (3,6) -> (3,12)
  attempt 7: accepted F02665-lm-07 — moved statue (12,10) -> (0,2)
  attempt 8: accepted F02665-lm-08 — moved lamppost (8,6) -> (8,5)
  attempt 9: accepted F02665-lm-09 — moved blocks (8,4) -> (10,2)
  attempt 10: accepted F02665-lm-10 — moved fountain (5,2) -> (6,8)
  attempt 11: accepted F02665-lm-11 — moved blocks (1,10) -> (2,11)
  attempt 12: accepted F02665-lm-12 — moved fountain (5,2) -> (5,5)
  attempt 13: accepted F02665-lm-13 — moved blocks (11,3) -> (2,9)
  attempt 14: accepted F02665-lm-14 — moved blocks (3,11) -> (11,1)
  attempt 15: accepted F02665-lm-15 — moved blocks (5,0) -> (0,9)

15/15 new local-mutant sibling(s) generated for R02665 in 15 attempt(s) (budget 600); 15 total in data/families/family-R02665-lm.json.
Wrote 15 level(s) total to data/families/family-R02665-lm.json (changed=true), 15 hint file(s) written to data/families/hints/.
Wrote family manifest to data/families/family-R02665-lm-manifest.json (15 variant(s) total).
Parent R02665: witness stressMeta.witnessSolution (len 92, 0 jump(s)), 44 movable object instance(s) under strict inventory.
  variant 1 (rotation): accepted F02665-sym-01
  variant 2 (rotation): accepted F02665-sym-02
  variant 3 (rotation): accepted F02665-sym-03
  variant 4 (reflection): accepted F02665-sym-04
  variant 5 (reflection): accepted F02665-sym-05
  variant 6 (reflection): accepted F02665-sym-06
  variant 7 (reflection): accepted F02665-sym-07

7/7 new symmetry sibling(s) generated for R02665 in 7 attempt(s) (budget 7); 7 total in data/families/family-R02665-sym.json.
Wrote 7 level(s) total to data/families/family-R02665-sym.json (changed=true), 7 hint file(s) written to data/families/hints/.
Wrote family manifest to data/families/family-R02665-sym-manifest.json (7 variant(s) total).
portfolio-solve-sweep: corpus=data/families/family-R02665-lm.json levels=15 (15 to solve) scheduler-mode=legacy budget=8000ms node-budget=20000000 workers=4 save-hints=true
  [1/15] L3 (F02665-lm-03) ok=✗
  [2/15] L1 (F02665-lm-01) ok=✗
  [3/15] L4 (F02665-lm-04) ok=✗
  [4/15] L2 (F02665-lm-02) ok=✗
  [5/15] L5 (F02665-lm-05) ok=✗
  [6/15] L8 (F02665-lm-08) ok=✗
  [7/15] L6 (F02665-lm-06) ok=✗
  [8/15] L7 (F02665-lm-07) ok=✗
  [9/15] L9 (F02665-lm-09) ok=✗
  [10/15] L10 (F02665-lm-10) ok=✗
  [11/15] L12 (F02665-lm-12) ok=✗
  [12/15] L11 (F02665-lm-11) ok=✗
  [13/15] L14 (F02665-lm-14) ok=✗
  [14/15] L13 (F02665-lm-13) ok=✗
  [15/15] L15 (F02665-lm-15) ok=✗
Hints: appended to 0 level(s); 0 hint file(s) changed on disk.
Result: solved=0/15, solvedBeforeFallback=0, fallbackOnly=0, unsolved=15
Wrote logs/family-census/solve-R02665-lm.json
Wrote logs/family-census/solve-R02665-lm-summary.md
portfolio-solve-sweep: corpus=data/families/family-R02665-sym.json levels=7 (7 to solve) scheduler-mode=legacy budget=8000ms node-budget=20000000 workers=4 save-hints=true
  [1/7] L2 (F02665-sym-02) ok=✗
  [2/7] L4 (F02665-sym-04) ok=✗
  [3/7] L1 (F02665-sym-01) ok=✗
  [4/7] L3 (F02665-sym-03) ok=✗
  [5/7] L5 (F02665-sym-05) ok=✗
  [6/7] L6 (F02665-sym-06) ok=✗
  [7/7] L7 (F02665-sym-07) ok=✗
Hints: appended to 0 level(s); 0 hint file(s) changed on disk.
Result: solved=0/7, solvedBeforeFallback=0, fallbackOnly=0, unsolved=7
Wrote logs/family-census/solve-R02665-sym.json
Wrote logs/family-census/solve-R02665-sym-summary.md
[00:51:26] DONE R02665
[00:51:26] START R02720
Parent R02720: witness stressMeta.witnessSolution (len 125, 4 jump(s)), 60 movable object instance(s) under strict inventory.
  attempt 1: accepted F02720-lm-01 — moved blocks (3,9) -> (7,6)
  attempt 2: accepted F02720-lm-02 — moved blocks (1,0) -> (6,13)
  attempt 3: accepted F02720-lm-03 — moved geese (6,12) -> (2,11)
  attempt 4: accepted F02720-lm-04 — moved market (1,9) -> (4,7)
  attempt 5: accepted F02720-lm-05 — moved blocks (9,11) -> (2,8)
  attempt 6: accepted F02720-lm-06 — moved statue (1,12) -> (9,2)
  attempt 7: accepted F02720-lm-07 — moved fountain (4,0) -> (9,8)
  attempt 8: accepted F02720-lm-08 — moved blocks (11,5) -> (7,6)
  attempt 9: accepted F02720-lm-09 — moved flippingFilters (5,8) -> (13,9)
  attempt 10: accepted F02720-lm-10 — moved blocks (0,0) -> (9,2)
  attempt 11: accepted F02720-lm-11 — moved falseGoals (4,10) -> (9,2)
  attempt 12: accepted F02720-lm-12 — moved blocks (12,11) -> (4,7)
  attempt 13: accepted F02720-lm-13 — moved blocks (12,7) -> (4,7)
  attempt 14: accepted F02720-lm-14 — moved blocks (4,8) -> (4,7)
  attempt 15: accepted F02720-lm-15 — moved falseGoals (10,9) -> (7,6)

15/15 new local-mutant sibling(s) generated for R02720 in 15 attempt(s) (budget 600); 15 total in data/families/family-R02720-lm.json.
Wrote 15 level(s) total to data/families/family-R02720-lm.json (changed=true), 15 hint file(s) written to data/families/hints/.
Wrote family manifest to data/families/family-R02720-lm-manifest.json (15 variant(s) total).
Parent R02720: witness stressMeta.witnessSolution (len 125, 4 jump(s)), 60 movable object instance(s) under strict inventory.
  variant 1 (rotation): accepted F02720-sym-01
  variant 2 (rotation): accepted F02720-sym-02
  variant 3 (rotation): accepted F02720-sym-03
  variant 4 (reflection): accepted F02720-sym-04
  variant 5 (reflection): accepted F02720-sym-05
  variant 6 (reflection): accepted F02720-sym-06
  variant 7 (reflection): accepted F02720-sym-07

7/7 new symmetry sibling(s) generated for R02720 in 7 attempt(s) (budget 7); 7 total in data/families/family-R02720-sym.json.
Wrote 7 level(s) total to data/families/family-R02720-sym.json (changed=true), 7 hint file(s) written to data/families/hints/.
Wrote family manifest to data/families/family-R02720-sym-manifest.json (7 variant(s) total).
portfolio-solve-sweep: corpus=data/families/family-R02720-lm.json levels=15 (15 to solve) scheduler-mode=legacy budget=8000ms node-budget=20000000 workers=4 save-hints=true
  [1/15] L1 (F02720-lm-01) ok=✗
  [2/15] L2 (F02720-lm-02) ok=✗
  [3/15] L4 (F02720-lm-04) ok=✗
  [4/15] L3 (F02720-lm-03) ok=✗
  [5/15] L6 (F02720-lm-06) ok=✗
  [6/15] L5 (F02720-lm-05) ok=✗
  [7/15] L8 (F02720-lm-08) ok=✗
  [8/15] L7 (F02720-lm-07) ok=✗
  [9/15] L9 (F02720-lm-09) ok=✗
  [10/15] L10 (F02720-lm-10) ok=✗
  [11/15] L11 (F02720-lm-11) ok=✗
  [12/15] L12 (F02720-lm-12) ok=✗
  [13/15] L13 (F02720-lm-13) ok=✗
  [14/15] L14 (F02720-lm-14) ok=✗
  [15/15] L15 (F02720-lm-15) ok=✗
Hints: appended to 0 level(s); 0 hint file(s) changed on disk.
Result: solved=0/15, solvedBeforeFallback=0, fallbackOnly=0, unsolved=15
Wrote logs/family-census/solve-R02720-lm.json
Wrote logs/family-census/solve-R02720-lm-summary.md
portfolio-solve-sweep: corpus=data/families/family-R02720-sym.json levels=7 (7 to solve) scheduler-mode=legacy budget=8000ms node-budget=20000000 workers=4 save-hints=true
  [1/7] L1 (F02720-sym-01) ok=✗
  [2/7] L2 (F02720-sym-02) ok=✗
  [3/7] L4 (F02720-sym-04) ok=✗
  [4/7] L3 (F02720-sym-03) ok=✗
  [5/7] L7 (F02720-sym-07) ok=✗
  [6/7] L5 (F02720-sym-05) ok=✗
  [7/7] L6 (F02720-sym-06) ok=✗
Hints: appended to 0 level(s); 0 hint file(s) changed on disk.
Result: solved=0/7, solvedBeforeFallback=0, fallbackOnly=0, unsolved=7
Wrote logs/family-census/solve-R02720-sym.json
Wrote logs/family-census/solve-R02720-sym-summary.md
[00:52:19] DONE R02720
[00:52:19] START R02757
Parent R02757: witness stressMeta.witnessSolution (len 116, 7 jump(s)), 68 movable object instance(s) under strict inventory.
  attempt 1: accepted F02757-lm-01 — moved fountain (1,13) -> (0,5)
  attempt 2: accepted F02757-lm-02 — moved blocks (2,4) -> (0,2)
  attempt 3: accepted F02757-lm-03 — moved park (1,4) -> (0,5)
  attempt 4: accepted F02757-lm-04 — moved market (8,10) -> (9,6)
  attempt 5: accepted F02757-lm-05 — moved blocks (6,2) -> (7,3)
  attempt 6: accepted F02757-lm-06 — moved blocks (1,1) -> (7,11)
  attempt 7: accepted F02757-lm-07 — moved library (0,12) -> (10,4)
  attempt 8: accepted F02757-lm-08 — moved mustPass (8,7) -> (5,12)
  attempt 9: accepted F02757-lm-09 — moved mustPass (5,1) -> (7,5)
  attempt 10: accepted F02757-lm-10 — moved blocks (13,7) -> (11,10)
  attempt 11: accepted F02757-lm-11 — moved fountain (1,5) -> (9,6)
  attempt 12: accepted F02757-lm-12 — moved blocks (1,0) -> (0,13)
  attempt 13: accepted F02757-lm-13 — moved blocks (5,11) -> (0,2)
  attempt 14: accepted F02757-lm-14 — moved geese (0,7) -> (0,2)
  attempt 15: accepted F02757-lm-15 — moved park (4,5) -> (10,4)

15/15 new local-mutant sibling(s) generated for R02757 in 15 attempt(s) (budget 600); 15 total in data/families/family-R02757-lm.json.
Wrote 15 level(s) total to data/families/family-R02757-lm.json (changed=true), 15 hint file(s) written to data/families/hints/.
Wrote family manifest to data/families/family-R02757-lm-manifest.json (15 variant(s) total).
Parent R02757: witness stressMeta.witnessSolution (len 116, 7 jump(s)), 68 movable object instance(s) under strict inventory.
  variant 1 (rotation): accepted F02757-sym-01
  variant 2 (rotation): accepted F02757-sym-02
  variant 3 (rotation): accepted F02757-sym-03
  variant 4 (reflection): accepted F02757-sym-04
  variant 5 (reflection): accepted F02757-sym-05
  variant 6 (reflection): accepted F02757-sym-06
  variant 7 (reflection): accepted F02757-sym-07

7/7 new symmetry sibling(s) generated for R02757 in 7 attempt(s) (budget 7); 7 total in data/families/family-R02757-sym.json.
Wrote 7 level(s) total to data/families/family-R02757-sym.json (changed=true), 7 hint file(s) written to data/families/hints/.
Wrote family manifest to data/families/family-R02757-sym-manifest.json (7 variant(s) total).
portfolio-solve-sweep: corpus=data/families/family-R02757-lm.json levels=15 (15 to solve) scheduler-mode=legacy budget=8000ms node-budget=20000000 workers=4 save-hints=true
  [1/15] L3 (F02757-lm-03) ok=✗
  [2/15] L2 (F02757-lm-02) ok=✗
  [3/15] L4 (F02757-lm-04) ok=✗
  [4/15] L1 (F02757-lm-01) ok=✗
  [5/15] L6 (F02757-lm-06) ok=✗
  [6/15] L5 (F02757-lm-05) ok=✗
  [7/15] L8 (F02757-lm-08) ok=✗
  [8/15] L7 (F02757-lm-07) ok=✗
  [9/15] L9 (F02757-lm-09) ok=✗
  [10/15] L10 (F02757-lm-10) ok=✗
  [11/15] L11 (F02757-lm-11) ok=✗
  [12/15] L12 (F02757-lm-12) ok=✗
  [13/15] L13 (F02757-lm-13) ok=✗
  [14/15] L15 (F02757-lm-15) ok=✗
  [15/15] L14 (F02757-lm-14) ok=✗
Hints: appended to 0 level(s); 0 hint file(s) changed on disk.
Result: solved=0/15, solvedBeforeFallback=0, fallbackOnly=0, unsolved=15
Wrote logs/family-census/solve-R02757-lm.json
Wrote logs/family-census/solve-R02757-lm-summary.md
portfolio-solve-sweep: corpus=data/families/family-R02757-sym.json levels=7 (7 to solve) scheduler-mode=legacy budget=8000ms node-budget=20000000 workers=4 save-hints=true
  [1/7] L2 (F02757-sym-02) ok=✗
  [2/7] L3 (F02757-sym-03) ok=✗
  [3/7] L1 (F02757-sym-01) ok=✗
  [4/7] L4 (F02757-sym-04) ok=✗
  [5/7] L6 (F02757-sym-06) ok=✗
  [6/7] L7 (F02757-sym-07) ok=✗
  [7/7] L5 (F02757-sym-05) ok=✗
Hints: appended to 0 level(s); 0 hint file(s) changed on disk.
Result: solved=0/7, solvedBeforeFallback=0, fallbackOnly=0, unsolved=7
Wrote logs/family-census/solve-R02757-sym.json
Wrote logs/family-census/solve-R02757-sym-summary.md
[00:53:42] DONE R02757
[00:53:42] START R02789
Parent R02789: witness stressMeta.witnessSolution (len 97, 7 jump(s)), 56 movable object instance(s) under strict inventory.
  attempt 1: accepted F02789-lm-01 — moved statue (1,1) -> (4,3)
  attempt 2: accepted F02789-lm-02 — moved mustPass (10,10) -> (4,8)
  attempt 3: accepted F02789-lm-03 — moved blocks (5,4) -> (5,11)
  attempt 4: accepted F02789-lm-04 — moved statue (1,1) -> (1,2)
  attempt 5: accepted F02789-lm-05 — moved falseGoals (9,7) -> (9,6)
  attempt 6: accepted F02789-lm-06 — moved blocks (5,4) -> (13,2)
  attempt 7: accepted F02789-lm-07 — moved blocks (7,5) -> (7,2)
  attempt 8: accepted F02789-lm-08 — moved blocks (4,6) -> (5,0)
  attempt 9: accepted F02789-lm-09 — moved blocks (5,4) -> (2,0)
  attempt 10: accepted F02789-lm-10 — moved park (12,12) -> (0,13)
  attempt 11: accepted F02789-lm-11 — moved mustPass (10,10) -> (4,13)
  attempt 12: accepted F02789-lm-12 — moved statue (1,1) -> (13,5)
  attempt 13: accepted F02789-lm-13 — moved library (5,7) -> (12,1)
  attempt 14: accepted F02789-lm-14 — moved mustPass (3,11) -> (4,12)
  attempt 15: accepted F02789-lm-15 — moved blocks (11,7) -> (5,12)

15/15 new local-mutant sibling(s) generated for R02789 in 15 attempt(s) (budget 600); 15 total in data/families/family-R02789-lm.json.
Wrote 15 level(s) total to data/families/family-R02789-lm.json (changed=true), 15 hint file(s) written to data/families/hints/.
Wrote family manifest to data/families/family-R02789-lm-manifest.json (15 variant(s) total).
Parent R02789: witness stressMeta.witnessSolution (len 97, 7 jump(s)), 56 movable object instance(s) under strict inventory.
  variant 1 (rotation): accepted F02789-sym-01
  variant 2 (rotation): accepted F02789-sym-02
  variant 3 (rotation): accepted F02789-sym-03
  variant 4 (reflection): accepted F02789-sym-04
  variant 5 (reflection): accepted F02789-sym-05
  variant 6 (reflection): accepted F02789-sym-06
  variant 7 (reflection): accepted F02789-sym-07

7/7 new symmetry sibling(s) generated for R02789 in 7 attempt(s) (budget 7); 7 total in data/families/family-R02789-sym.json.
Wrote 7 level(s) total to data/families/family-R02789-sym.json (changed=true), 7 hint file(s) written to data/families/hints/.
Wrote family manifest to data/families/family-R02789-sym-manifest.json (7 variant(s) total).
portfolio-solve-sweep: corpus=data/families/family-R02789-lm.json levels=15 (15 to solve) scheduler-mode=legacy budget=8000ms node-budget=20000000 workers=4 save-hints=true
  [1/15] L1 (F02789-lm-01) ok=✗
  [2/15] L3 (F02789-lm-03) ok=✗
  [3/15] L4 (F02789-lm-04) ok=✗
  [4/15] L2 (F02789-lm-02) ok=✗
  [5/15] L5 (F02789-lm-05) ok=✗
  [6/15] L7 (F02789-lm-07) ok=✗
  [7/15] L6 (F02789-lm-06) ok=✗
  [8/15] L8 (F02789-lm-08) ok=✗
  [9/15] L11 (F02789-lm-11) ok=✗
  [10/15] L9 (F02789-lm-09) ok=✗
  [11/15] L10 (F02789-lm-10) ok=✗
  [12/15] L12 (F02789-lm-12) ok=✗
  [13/15] L14 (F02789-lm-14) ok=✗
  [14/15] L13 (F02789-lm-13) ok=✗
  [15/15] L15 (F02789-lm-15) ok=✗
Hints: appended to 0 level(s); 0 hint file(s) changed on disk.
Result: solved=0/15, solvedBeforeFallback=0, fallbackOnly=0, unsolved=15
Wrote logs/family-census/solve-R02789-lm.json
Wrote logs/family-census/solve-R02789-lm-summary.md
portfolio-solve-sweep: corpus=data/families/family-R02789-sym.json levels=7 (7 to solve) scheduler-mode=legacy budget=8000ms node-budget=20000000 workers=4 save-hints=true
  [1/7] L2 (F02789-sym-02) ok=✗
  [2/7] L4 (F02789-sym-04) ok=✗
  [3/7] L3 (F02789-sym-03) ok=✗
  [4/7] L1 (F02789-sym-01) ok=✗
  [5/7] L7 (F02789-sym-07) ok=✗
  [6/7] L6 (F02789-sym-06) ok=✗
  [7/7] L5 (F02789-sym-05) ok=✗
Hints: appended to 0 level(s); 0 hint file(s) changed on disk.
Result: solved=0/7, solvedBeforeFallback=0, fallbackOnly=0, unsolved=7
Wrote logs/family-census/solve-R02789-sym.json
Wrote logs/family-census/solve-R02789-sym-summary.md
[00:56:15] DONE R02789
[00:56:15] START R02821
Parent R02821: witness stressMeta.witnessSolution (len 99, 0 jump(s)), 58 movable object instance(s) under strict inventory.
  attempt 1: accepted F02821-lm-01 — moved flippingFilters (7,11) -> (8,11)
  attempt 2: accepted F02821-lm-02 — moved flippingFilters (6,11) -> (3,11)
  attempt 3: accepted F02821-lm-03 — moved library (8,6) -> (6,8)
  attempt 4: accepted F02821-lm-04 — moved fountain (0,4) -> (1,8)
  attempt 5: accepted F02821-lm-05 — moved geese (1,0) -> (6,8)
  attempt 6: accepted F02821-lm-06 — moved flippingFilters (6,11) -> (5,11)
  attempt 7: accepted F02821-lm-07 — moved park (0,3) -> (6,8)
  attempt 8: accepted F02821-lm-08 — moved lamppost (5,8) -> (6,8)
  attempt 9: accepted F02821-lm-09 — moved park (8,2) -> (5,2)
  attempt 10: accepted F02821-lm-10 — moved lamppost (5,6) -> (2,7)
  attempt 11: accepted F02821-lm-11 — moved statue (1,5) -> (6,8)
  attempt 12: accepted F02821-lm-12 — moved library (5,9) -> (2,3)
  attempt 13: accepted F02821-lm-13 — moved blocks (0,10) -> (6,8)
  attempt 14: accepted F02821-lm-14 — moved blocks (11,11) -> (6,8)
  attempt 15: accepted F02821-lm-15 — moved flippingFilters (9,4) -> (8,11)

15/15 new local-mutant sibling(s) generated for R02821 in 15 attempt(s) (budget 600); 15 total in data/families/family-R02821-lm.json.
Wrote 15 level(s) total to data/families/family-R02821-lm.json (changed=true), 15 hint file(s) written to data/families/hints/.
Wrote family manifest to data/families/family-R02821-lm-manifest.json (15 variant(s) total).
Parent R02821: witness stressMeta.witnessSolution (len 99, 0 jump(s)), 58 movable object instance(s) under strict inventory.
  variant 1 (rotation): accepted F02821-sym-01
  variant 2 (rotation): accepted F02821-sym-02
  variant 3 (rotation): accepted F02821-sym-03
  variant 4 (reflection): accepted F02821-sym-04
  variant 5 (reflection): accepted F02821-sym-05
  variant 6 (reflection): accepted F02821-sym-06
  variant 7 (reflection): accepted F02821-sym-07

7/7 new symmetry sibling(s) generated for R02821 in 7 attempt(s) (budget 7); 7 total in data/families/family-R02821-sym.json.
Wrote 7 level(s) total to data/families/family-R02821-sym.json (changed=true), 7 hint file(s) written to data/families/hints/.
Wrote family manifest to data/families/family-R02821-sym-manifest.json (7 variant(s) total).
portfolio-solve-sweep: corpus=data/families/family-R02821-lm.json levels=15 (15 to solve) scheduler-mode=legacy budget=8000ms node-budget=20000000 workers=4 save-hints=true
  [1/15] L4 (F02821-lm-04) ok=✗
  [2/15] L2 (F02821-lm-02) ok=✗
  [3/15] L1 (F02821-lm-01) ok=✗
  [4/15] L3 (F02821-lm-03) ok=✗
  [5/15] L5 (F02821-lm-05) ok=✗
  [6/15] L6 (F02821-lm-06) ok=✗
  [7/15] L7 (F02821-lm-07) ok=✗
  [8/15] L8 (F02821-lm-08) ok=✗
  [9/15] L10 (F02821-lm-10) ok=✗
  [10/15] L9 (F02821-lm-09) ok=✗
  [11/15] L12 (F02821-lm-12) ok=✗
  [12/15] L11 (F02821-lm-11) ok=✗
  [13/15] L15 (F02821-lm-15) ok=✗
  [14/15] L13 (F02821-lm-13) ok=✗
  [15/15] L14 (F02821-lm-14) ok=✗
Hints: appended to 0 level(s); 0 hint file(s) changed on disk.
Result: solved=0/15, solvedBeforeFallback=0, fallbackOnly=0, unsolved=15
Wrote logs/family-census/solve-R02821-lm.json
Wrote logs/family-census/solve-R02821-lm-summary.md
portfolio-solve-sweep: corpus=data/families/family-R02821-sym.json levels=7 (7 to solve) scheduler-mode=legacy budget=8000ms node-budget=20000000 workers=4 save-hints=true
  [1/7] L2 (F02821-sym-02) ok=✗
  [2/7] L1 (F02821-sym-01) ok=✗
  [3/7] L3 (F02821-sym-03) ok=✗
  [4/7] L4 (F02821-sym-04) ok=✗
  [5/7] L5 (F02821-sym-05) ok=✗
  [6/7] L6 (F02821-sym-06) ok=✗
  [7/7] L7 (F02821-sym-07) ok=✗
Hints: appended to 0 level(s); 0 hint file(s) changed on disk.
Result: solved=0/7, solvedBeforeFallback=0, fallbackOnly=0, unsolved=7
Wrote logs/family-census/solve-R02821-sym.json
Wrote logs/family-census/solve-R02821-sym-summary.md
[00:58:21] DONE R02821
[00:58:21] START R02860
Parent R02860: witness stressMeta.witnessSolution (len 88, 4 jump(s)), 49 movable object instance(s) under strict inventory.
  attempt 1: accepted F02860-lm-01 — moved geese (9,8) -> (4,2)
  attempt 2: accepted F02860-lm-02 — moved falseGoals (1,8) -> (11,2)
  attempt 3: accepted F02860-lm-03 — moved flippingFilters (7,3) -> (10,4)
  attempt 4: accepted F02860-lm-04 — moved blocks (7,0) -> (4,4)
  attempt 5: accepted F02860-lm-05 — moved blocks (5,6) -> (8,11)
  attempt 6: accepted F02860-lm-06 — moved geese (9,2) -> (5,3)
  attempt 7: accepted F02860-lm-07 — moved falseGoals (8,7) -> (6,3)
  attempt 8: accepted F02860-lm-08 — moved flippingFilters (6,4) -> (4,3)
  attempt 9: accepted F02860-lm-09 — moved geese (4,6) -> (5,5)
  attempt 10: accepted F02860-lm-10 — moved geese (3,7) -> (2,6)
  attempt 11: accepted F02860-lm-11 — moved blocks (10,10) -> (4,4)
  attempt 12: accepted F02860-lm-12 — moved flippingFilters (0,2) -> (0,6)
  attempt 13: accepted F02860-lm-13 — moved flippingFilters (3,6) -> (10,11)
  attempt 14: accepted F02860-lm-14 — moved flippingFilters (6,4) -> (8,9)
  attempt 15: accepted F02860-lm-15 — moved park (8,8) -> (1,0)

15/15 new local-mutant sibling(s) generated for R02860 in 15 attempt(s) (budget 600); 15 total in data/families/family-R02860-lm.json.
Wrote 15 level(s) total to data/families/family-R02860-lm.json (changed=true), 15 hint file(s) written to data/families/hints/.
Wrote family manifest to data/families/family-R02860-lm-manifest.json (15 variant(s) total).
Parent R02860: witness stressMeta.witnessSolution (len 88, 4 jump(s)), 49 movable object instance(s) under strict inventory.
  variant 1 (rotation): accepted F02860-sym-01
  variant 2 (rotation): accepted F02860-sym-02
  variant 3 (rotation): accepted F02860-sym-03
  variant 4 (reflection): accepted F02860-sym-04
  variant 5 (reflection): accepted F02860-sym-05
  variant 6 (reflection): accepted F02860-sym-06
  variant 7 (reflection): accepted F02860-sym-07

7/7 new symmetry sibling(s) generated for R02860 in 7 attempt(s) (budget 7); 7 total in data/families/family-R02860-sym.json.
Wrote 7 level(s) total to data/families/family-R02860-sym.json (changed=true), 7 hint file(s) written to data/families/hints/.
Wrote family manifest to data/families/family-R02860-sym-manifest.json (7 variant(s) total).
portfolio-solve-sweep: corpus=data/families/family-R02860-lm.json levels=15 (15 to solve) scheduler-mode=legacy budget=8000ms node-budget=20000000 workers=4 save-hints=true
  [1/15] L1 (F02860-lm-01) ok=✗
  [2/15] L4 (F02860-lm-04) ok=✗
  [3/15] L3 (F02860-lm-03) ok=✗
  [4/15] L2 (F02860-lm-02) ok=✗
  [5/15] L5 (F02860-lm-05) ok=✓ legacy [hint saved]
  [6/15] L6 (F02860-lm-06) ok=✗
  [7/15] L7 (F02860-lm-07) ok=✗
  [8/15] L8 (F02860-lm-08) ok=✗
  [9/15] L9 (F02860-lm-09) ok=✗
  [10/15] L12 (F02860-lm-12) ok=✓ legacy [hint saved]
  [11/15] L10 (F02860-lm-10) ok=✗
  [12/15] L11 (F02860-lm-11) ok=✗
  [13/15] L13 (F02860-lm-13) ok=✗
  [14/15] L14 (F02860-lm-14) ok=✗
  [15/15] L15 (F02860-lm-15) ok=✗
Hints: appended to 2 level(s); 2 hint file(s) changed on disk.
Result: solved=2/15, solvedBeforeFallback=0, fallbackOnly=2, unsolved=13
Wrote logs/family-census/solve-R02860-lm.json
Wrote logs/family-census/solve-R02860-lm-summary.md
portfolio-solve-sweep: corpus=data/families/family-R02860-sym.json levels=7 (7 to solve) scheduler-mode=legacy budget=8000ms node-budget=20000000 workers=4 save-hints=true
  [1/7] L3 (F02860-sym-03) ok=✗
  [2/7] L2 (F02860-sym-02) ok=✗
  [3/7] L4 (F02860-sym-04) ok=✗
  [4/7] L1 (F02860-sym-01) ok=✗
  [5/7] L5 (F02860-sym-05) ok=✓ legacy [hint saved]
  [6/7] L6 (F02860-sym-06) ok=✗
  [7/7] L7 (F02860-sym-07) ok=✗
Hints: appended to 1 level(s); 1 hint file(s) changed on disk.
Result: solved=1/7, solvedBeforeFallback=0, fallbackOnly=1, unsolved=6
Wrote logs/family-census/solve-R02860-sym.json
Wrote logs/family-census/solve-R02860-sym-summary.md
[01:01:21] DONE R02860
[01:01:21] START R02904
Parent R02904: witness hint[0] (len 102, 0 jump(s)), 47 movable object instance(s) under strict inventory.
  attempt 1: accepted F02904-lm-01 — moved blocks (2,4) -> (3,2)
  attempt 2: accepted F02904-lm-02 — moved blocks (10,0) -> (11,5)
  attempt 3: accepted F02904-lm-03 — moved blocks (1,10) -> (10,2)
  attempt 4: accepted F02904-lm-04 — moved park (2,7) -> (11,9)
  attempt 5: accepted F02904-lm-05 — moved flippingFilters (6,6) -> (4,11)
  attempt 6: accepted F02904-lm-06 — moved library (0,3) -> (4,1)
  attempt 7: accepted F02904-lm-07 — moved geese (3,4) -> (5,5)
  attempt 8: accepted F02904-lm-08 — moved mustPass (6,1) -> (9,11)
  attempt 9: accepted F02904-lm-09 — moved geese (9,2) -> (9,0)
  attempt 10: accepted F02904-lm-10 — moved mustPass (5,2) -> (8,11)
  attempt 11: accepted F02904-lm-11 — moved geese (9,2) -> (10,3)
  attempt 12: accepted F02904-lm-12 — moved flippingFilters (2,11) -> (10,2)
  attempt 13: accepted F02904-lm-13 — moved mustPass (3,6) -> (4,7)
  attempt 14: accepted F02904-lm-14 — moved blocks (9,8) -> (1,5)
  attempt 15: accepted F02904-lm-15 — moved statue (4,0) -> (10,7)

15/15 new local-mutant sibling(s) generated for R02904 in 15 attempt(s) (budget 600); 15 total in data/families/family-R02904-lm.json.
Wrote 15 level(s) total to data/families/family-R02904-lm.json (changed=true), 15 hint file(s) written to data/families/hints/.
Wrote family manifest to data/families/family-R02904-lm-manifest.json (15 variant(s) total).
Parent R02904: witness hint[0] (len 102, 0 jump(s)), 47 movable object instance(s) under strict inventory.
  variant 1 (rotation): accepted F02904-sym-01
  variant 2 (rotation): accepted F02904-sym-02
  variant 3 (rotation): accepted F02904-sym-03
  variant 4 (reflection): accepted F02904-sym-04
  variant 5 (reflection): accepted F02904-sym-05
  variant 6 (reflection): accepted F02904-sym-06
  variant 7 (reflection): accepted F02904-sym-07

7/7 new symmetry sibling(s) generated for R02904 in 7 attempt(s) (budget 7); 7 total in data/families/family-R02904-sym.json.
Wrote 7 level(s) total to data/families/family-R02904-sym.json (changed=true), 7 hint file(s) written to data/families/hints/.
Wrote family manifest to data/families/family-R02904-sym-manifest.json (7 variant(s) total).
portfolio-solve-sweep: corpus=data/families/family-R02904-lm.json levels=15 (15 to solve) scheduler-mode=legacy budget=8000ms node-budget=20000000 workers=4 save-hints=true
  [1/15] L4 (F02904-lm-04) ok=✗
  [2/15] L2 (F02904-lm-02) ok=✗
  [3/15] L3 (F02904-lm-03) ok=✗
  [4/15] L1 (F02904-lm-01) ok=✗
  [5/15] L5 (F02904-lm-05) ok=✗
  [6/15] L6 (F02904-lm-06) ok=✗
  [7/15] L8 (F02904-lm-08) ok=✗
  [8/15] L7 (F02904-lm-07) ok=✗
  [9/15] L10 (F02904-lm-10) ok=✗
  [10/15] L9 (F02904-lm-09) ok=✗
  [11/15] L11 (F02904-lm-11) ok=✗
  [12/15] L12 (F02904-lm-12) ok=✗
  [13/15] L14 (F02904-lm-14) ok=✗
  [14/15] L13 (F02904-lm-13) ok=✗
  [15/15] L15 (F02904-lm-15) ok=✗
Hints: appended to 0 level(s); 0 hint file(s) changed on disk.
Result: solved=0/15, solvedBeforeFallback=0, fallbackOnly=0, unsolved=15
Wrote logs/family-census/solve-R02904-lm.json
Wrote logs/family-census/solve-R02904-lm-summary.md
portfolio-solve-sweep: corpus=data/families/family-R02904-sym.json levels=7 (7 to solve) scheduler-mode=legacy budget=8000ms node-budget=20000000 workers=4 save-hints=true
  [1/7] L2 (F02904-sym-02) ok=✗
  [2/7] L1 (F02904-sym-01) ok=✗
  [3/7] L4 (F02904-sym-04) ok=✗
  [4/7] L3 (F02904-sym-03) ok=✗
  [5/7] L7 (F02904-sym-07) ok=✗
  [6/7] L6 (F02904-sym-06) ok=✗
  [7/7] L5 (F02904-sym-05) ok=✗
Hints: appended to 0 level(s); 0 hint file(s) changed on disk.
Result: solved=0/7, solvedBeforeFallback=0, fallbackOnly=0, unsolved=7
Wrote logs/family-census/solve-R02904-sym.json
Wrote logs/family-census/solve-R02904-sym-summary.md
[01:07:50] DONE R02904
[01:07:50] START R02940
Parent R02940: witness hint[0] (len 89, 7 jump(s)), 24 movable object instance(s) under strict inventory.
  attempt 1: accepted F02940-lm-01 — moved park (6,3) -> (6,12)
  attempt 2: accepted F02940-lm-02 — moved falseGoals (8,11) -> (2,10)
  attempt 3: accepted F02940-lm-03 — moved park (0,10) -> (3,9)
  attempt 4: accepted F02940-lm-04 — moved market (11,8) -> (1,5)
  attempt 5: accepted F02940-lm-05 — moved falseGoals (8,11) -> (6,4)
  attempt 6: accepted F02940-lm-06 — moved falseGoals (5,10) -> (1,0)
  attempt 7: accepted F02940-lm-07 — moved falseGoals (3,0) -> (0,0)
  attempt 8: accepted F02940-lm-08 — moved fountain (10,0) -> (8,1)
  attempt 9: accepted F02940-lm-09 — moved fountain (10,0) -> (4,4)
  attempt 10: accepted F02940-lm-10 — moved library (4,9) -> (4,2)
  attempt 11: accepted F02940-lm-11 — moved statue (0,2) -> (12,11)
  attempt 12: accepted F02940-lm-12 — moved park (0,10) -> (3,2)
  attempt 13: accepted F02940-lm-13 — moved library (2,2) -> (5,2)
  attempt 14: accepted F02940-lm-14 — moved falseGoals (6,10) -> (2,1)
  attempt 15: accepted F02940-lm-15 — moved market (3,1) -> (6,4)

15/15 new local-mutant sibling(s) generated for R02940 in 15 attempt(s) (budget 600); 15 total in data/families/family-R02940-lm.json.
Wrote 15 level(s) total to data/families/family-R02940-lm.json (changed=true), 15 hint file(s) written to data/families/hints/.
Wrote family manifest to data/families/family-R02940-lm-manifest.json (15 variant(s) total).
Parent R02940: witness hint[0] (len 89, 7 jump(s)), 24 movable object instance(s) under strict inventory.
  variant 1 (rotation): accepted F02940-sym-01
  variant 2 (rotation): accepted F02940-sym-02
  variant 3 (rotation): accepted F02940-sym-03
  variant 4 (reflection): accepted F02940-sym-04
  variant 5 (reflection): accepted F02940-sym-05
  variant 6 (reflection): accepted F02940-sym-06
  variant 7 (reflection): accepted F02940-sym-07

7/7 new symmetry sibling(s) generated for R02940 in 7 attempt(s) (budget 7); 7 total in data/families/family-R02940-sym.json.
Wrote 7 level(s) total to data/families/family-R02940-sym.json (changed=true), 7 hint file(s) written to data/families/hints/.
Wrote family manifest to data/families/family-R02940-sym-manifest.json (7 variant(s) total).
portfolio-solve-sweep: corpus=data/families/family-R02940-lm.json levels=15 (15 to solve) scheduler-mode=legacy budget=8000ms node-budget=20000000 workers=4 save-hints=true
  [1/15] L1 (F02940-lm-01) ok=✓ legacy [hint saved]
  [2/15] L3 (F02940-lm-03) ok=✗
  [3/15] L2 (F02940-lm-02) ok=✗
  [4/15] L4 (F02940-lm-04) ok=✗
  [5/15] L5 (F02940-lm-05) ok=✗
  [6/15] L6 (F02940-lm-06) ok=✗
  [7/15] L7 (F02940-lm-07) ok=✗
  [8/15] L8 (F02940-lm-08) ok=✗
  [9/15] L9 (F02940-lm-09) ok=✗
  [10/15] L10 (F02940-lm-10) ok=✗
  [11/15] L11 (F02940-lm-11) ok=✗
  [12/15] L12 (F02940-lm-12) ok=✗
  [13/15] L13 (F02940-lm-13) ok=✗
  [14/15] L14 (F02940-lm-14) ok=✗
  [15/15] L15 (F02940-lm-15) ok=✗
Hints: appended to 1 level(s); 1 hint file(s) changed on disk.
Result: solved=1/15, solvedBeforeFallback=0, fallbackOnly=1, unsolved=14
Wrote logs/family-census/solve-R02940-lm.json
Wrote logs/family-census/solve-R02940-lm-summary.md
portfolio-solve-sweep: corpus=data/families/family-R02940-sym.json levels=7 (7 to solve) scheduler-mode=legacy budget=8000ms node-budget=20000000 workers=4 save-hints=true
  [1/7] L2 (F02940-sym-02) ok=✗
  [2/7] L3 (F02940-sym-03) ok=✗
  [3/7] L1 (F02940-sym-01) ok=✗
  [4/7] L4 (F02940-sym-04) ok=✗
  [5/7] L6 (F02940-sym-06) ok=✗
  [6/7] L5 (F02940-sym-05) ok=✗
  [7/7] L7 (F02940-sym-07) ok=✗
Hints: appended to 0 level(s); 0 hint file(s) changed on disk.
Result: solved=0/7, solvedBeforeFallback=0, fallbackOnly=0, unsolved=7
Wrote logs/family-census/solve-R02940-sym.json
Wrote logs/family-census/solve-R02940-sym-summary.md
[01:10:14] DONE R02940
[01:10:14] START R02992
Parent R02992: witness hint[0] (len 106, 0 jump(s)), 58 movable object instance(s) under strict inventory.
  attempt 1: accepted F02992-lm-01 — moved mustCross (3,9) -> (5,6)
  attempt 2: accepted F02992-lm-02 — moved blocks (1,1) -> (1,8)
  attempt 3: accepted F02992-lm-03 — moved statue (8,7) -> (2,4)
  attempt 4: accepted F02992-lm-04 — moved falseGoals (8,10) -> (2,12)
  attempt 5: accepted F02992-lm-05 — moved blocks (7,8) -> (2,12)
  attempt 6: accepted F02992-lm-06 — moved mustPass (1,3) -> (11,9)
  attempt 7: accepted F02992-lm-07 — moved market (7,12) -> (12,3)
  attempt 8: accepted F02992-lm-08 — moved falseGoals (12,7) -> (8,9)
  attempt 9: accepted F02992-lm-09 — moved mustPass (11,10) -> (8,3)
  attempt 10: accepted F02992-lm-10 — moved blocks (12,8) -> (5,4)
  attempt 11: accepted F02992-lm-11 — moved blocks (7,8) -> (1,12)
  attempt 12: accepted F02992-lm-12 — moved mustPass (10,2) -> (5,1)
  attempt 13: accepted F02992-lm-13 — moved falseGoals (12,7) -> (6,8)
  attempt 14: accepted F02992-lm-14 — moved flippingFilters (6,9) -> (1,12)
  attempt 15: accepted F02992-lm-15 — moved fountain (9,8) -> (6,8)

15/15 new local-mutant sibling(s) generated for R02992 in 15 attempt(s) (budget 600); 15 total in data/families/family-R02992-lm.json.
Wrote 15 level(s) total to data/families/family-R02992-lm.json (changed=true), 15 hint file(s) written to data/families/hints/.
Wrote family manifest to data/families/family-R02992-lm-manifest.json (15 variant(s) total).
Parent R02992: witness hint[0] (len 106, 0 jump(s)), 58 movable object instance(s) under strict inventory.
  variant 1 (rotation): accepted F02992-sym-01
  variant 2 (rotation): accepted F02992-sym-02
  variant 3 (rotation): accepted F02992-sym-03
  variant 4 (reflection): accepted F02992-sym-04
  variant 5 (reflection): accepted F02992-sym-05
  variant 6 (reflection): accepted F02992-sym-06
  variant 7 (reflection): accepted F02992-sym-07

7/7 new symmetry sibling(s) generated for R02992 in 7 attempt(s) (budget 7); 7 total in data/families/family-R02992-sym.json.
Wrote 7 level(s) total to data/families/family-R02992-sym.json (changed=true), 7 hint file(s) written to data/families/hints/.
Wrote family manifest to data/families/family-R02992-sym-manifest.json (7 variant(s) total).
portfolio-solve-sweep: corpus=data/families/family-R02992-lm.json levels=15 (15 to solve) scheduler-mode=legacy budget=8000ms node-budget=20000000 workers=4 save-hints=true
  [1/15] L1 (F02992-lm-01) ok=✗
  [2/15] L2 (F02992-lm-02) ok=✗
  [3/15] L4 (F02992-lm-04) ok=✗
  [4/15] L3 (F02992-lm-03) ok=✗
  [5/15] L5 (F02992-lm-05) ok=✗
  [6/15] L7 (F02992-lm-07) ok=✗
  [7/15] L6 (F02992-lm-06) ok=✗
  [8/15] L8 (F02992-lm-08) ok=✗
  [9/15] L9 (F02992-lm-09) ok=✗
  [10/15] L12 (F02992-lm-12) ok=✗
  [11/15] L10 (F02992-lm-10) ok=✗
  [12/15] L11 (F02992-lm-11) ok=✗
  [13/15] L13 (F02992-lm-13) ok=✗
  [14/15] L15 (F02992-lm-15) ok=✗
  [15/15] L14 (F02992-lm-14) ok=✗
Hints: appended to 0 level(s); 0 hint file(s) changed on disk.
Result: solved=0/15, solvedBeforeFallback=0, fallbackOnly=0, unsolved=15
Wrote logs/family-census/solve-R02992-lm.json
Wrote logs/family-census/solve-R02992-lm-summary.md
portfolio-solve-sweep: corpus=data/families/family-R02992-sym.json levels=7 (7 to solve) scheduler-mode=legacy budget=8000ms node-budget=20000000 workers=4 save-hints=true
  [1/7] L1 (F02992-sym-01) ok=✓ legacy [hint saved]
  [2/7] L4 (F02992-sym-04) ok=✗
  [3/7] L3 (F02992-sym-03) ok=✗
  [4/7] L2 (F02992-sym-02) ok=✗
  [5/7] L5 (F02992-sym-05) ok=✗
  [6/7] L6 (F02992-sym-06) ok=✗
  [7/7] L7 (F02992-sym-07) ok=✗
Hints: appended to 1 level(s); 1 hint file(s) changed on disk.
Result: solved=1/7, solvedBeforeFallback=0, fallbackOnly=1, unsolved=6
Wrote logs/family-census/solve-R02992-sym.json
Wrote logs/family-census/solve-R02992-sym-summary.md
[01:15:21] DONE R02992
[01:15:21] START R03026
Parent R03026: witness stressMeta.witnessSolution (len 86, 0 jump(s)), 51 movable object instance(s) under strict inventory.
  attempt 1: accepted F03026-lm-01 — moved mustPass (2,4) -> (8,5)
  attempt 2: accepted F03026-lm-02 — moved mustPass (5,6) -> (4,4)
  attempt 3: accepted F03026-lm-03 — moved mustPass (1,3) -> (1,6)
  attempt 4: accepted F03026-lm-04 — moved mustPass (5,6) -> (1,1)
  attempt 5: accepted F03026-lm-05 — moved mustPass (7,0) -> (10,5)
  attempt 6: accepted F03026-lm-06 — moved mustPass (5,5) -> (2,0)
  attempt 7: accepted F03026-lm-07 — moved mustPass (2,1) -> (6,8)
  attempt 8: accepted F03026-lm-08 — moved mustPass (9,4) -> (7,6)
  attempt 9: accepted F03026-lm-09 — moved mustPass (5,1) -> (0,6)
  attempt 10: accepted F03026-lm-10 — moved flippingFilters (6,1) -> (10,7)
  attempt 11: accepted F03026-lm-11 — moved flippingFilters (9,9) -> (5,2)
  attempt 12: accepted F03026-lm-12 — moved mustPass (9,4) -> (5,8)
  attempt 13: rejected — degenerate duplicate of parent or another accepted variant
  attempt 14: accepted F03026-lm-13 — moved flippingFilters (6,1) -> (10,6)
  attempt 15: accepted F03026-lm-14 — moved mustPass (5,5) -> (9,5)
  attempt 16: accepted F03026-lm-15 — moved mustPass (1,3) -> (5,7)

15/15 new local-mutant sibling(s) generated for R03026 in 16 attempt(s) (budget 600); 15 total in data/families/family-R03026-lm.json.
Wrote 15 level(s) total to data/families/family-R03026-lm.json (changed=true), 15 hint file(s) written to data/families/hints/.
Wrote family manifest to data/families/family-R03026-lm-manifest.json (15 variant(s) total).
Parent R03026: witness stressMeta.witnessSolution (len 86, 0 jump(s)), 51 movable object instance(s) under strict inventory.
  variant 1 (rotation): accepted F03026-sym-01
  variant 2 (rotation): accepted F03026-sym-02
  variant 3 (rotation): accepted F03026-sym-03
  variant 4 (reflection): accepted F03026-sym-04
  variant 5 (reflection): accepted F03026-sym-05
  variant 6 (reflection): accepted F03026-sym-06
  variant 7 (reflection): accepted F03026-sym-07

7/7 new symmetry sibling(s) generated for R03026 in 7 attempt(s) (budget 7); 7 total in data/families/family-R03026-sym.json.
Wrote 7 level(s) total to data/families/family-R03026-sym.json (changed=true), 7 hint file(s) written to data/families/hints/.
Wrote family manifest to data/families/family-R03026-sym-manifest.json (7 variant(s) total).
portfolio-solve-sweep: corpus=data/families/family-R03026-lm.json levels=15 (15 to solve) scheduler-mode=legacy budget=8000ms node-budget=20000000 workers=4 save-hints=true
  [1/15] L2 (F03026-lm-02) ok=✗
  [2/15] L1 (F03026-lm-01) ok=✗
  [3/15] L4 (F03026-lm-04) ok=✗
  [4/15] L3 (F03026-lm-03) ok=✗
  [5/15] L5 (F03026-lm-05) ok=✗
  [6/15] L6 (F03026-lm-06) ok=✗
  [7/15] L7 (F03026-lm-07) ok=✗
  [8/15] L8 (F03026-lm-08) ok=✗
  [9/15] L9 (F03026-lm-09) ok=✗
  [10/15] L10 (F03026-lm-10) ok=✗
  [11/15] L11 (F03026-lm-11) ok=✗
  [12/15] L12 (F03026-lm-12) ok=✗
  [13/15] L15 (F03026-lm-15) ok=✗
  [14/15] L14 (F03026-lm-14) ok=✗
  [15/15] L13 (F03026-lm-13) ok=✗
Hints: appended to 0 level(s); 0 hint file(s) changed on disk.
Result: solved=0/15, solvedBeforeFallback=0, fallbackOnly=0, unsolved=15
Wrote logs/family-census/solve-R03026-lm.json
Wrote logs/family-census/solve-R03026-lm-summary.md
portfolio-solve-sweep: corpus=data/families/family-R03026-sym.json levels=7 (7 to solve) scheduler-mode=legacy budget=8000ms node-budget=20000000 workers=4 save-hints=true
  [1/7] L1 (F03026-sym-01) ok=✗
  [2/7] L3 (F03026-sym-03) ok=✗
  [3/7] L2 (F03026-sym-02) ok=✗
  [4/7] L4 (F03026-sym-04) ok=✗
  [5/7] L5 (F03026-sym-05) ok=✗
  [6/7] L7 (F03026-sym-07) ok=✗
  [7/7] L6 (F03026-sym-06) ok=✗
Hints: appended to 0 level(s); 0 hint file(s) changed on disk.
Result: solved=0/7, solvedBeforeFallback=0, fallbackOnly=0, unsolved=7
Wrote logs/family-census/solve-R03026-sym.json
Wrote logs/family-census/solve-R03026-sym-summary.md
[01:17:14] DONE R03026
[01:17:14] START R03052
Parent R03052: witness hint[0] (len 133, 4 jump(s)), 30 movable object instance(s) under strict inventory.
  attempt 1: accepted F03052-lm-01 — moved park (13,12) -> (0,3)
  attempt 2: accepted F03052-lm-02 — moved mustPass (13,10) -> (8,6)
  attempt 3: accepted F03052-lm-03 — moved market (0,2) -> (3,3)
  attempt 4: accepted F03052-lm-04 — moved mustPass (7,0) -> (9,7)
  attempt 5: accepted F03052-lm-05 — moved market (0,2) -> (12,9)
  attempt 6: accepted F03052-lm-06 — moved park (13,2) -> (0,5)
  attempt 7: accepted F03052-lm-07 — moved blocks (1,3) -> (13,5)
  attempt 8: accepted F03052-lm-08 — moved park (13,12) -> (11,5)
  attempt 9: accepted F03052-lm-09 — moved blocks (1,4) -> (9,3)
  attempt 10: rejected — degenerate duplicate of parent or another accepted variant
  attempt 11: accepted F03052-lm-10 — moved blocks (1,7) -> (12,8)
  attempt 12: accepted F03052-lm-11 — moved blocks (1,7) -> (0,4)
  attempt 13: accepted F03052-lm-12 — moved statue (13,13) -> (7,5)
  attempt 14: accepted F03052-lm-13 — moved blocks (1,7) -> (6,13)
  attempt 15: accepted F03052-lm-14 — moved market (7,2) -> (2,8)
  attempt 16: accepted F03052-lm-15 — moved geese (1,5) -> (0,4)

15/15 new local-mutant sibling(s) generated for R03052 in 16 attempt(s) (budget 600); 15 total in data/families/family-R03052-lm.json.
Wrote 15 level(s) total to data/families/family-R03052-lm.json (changed=true), 15 hint file(s) written to data/families/hints/.
Wrote family manifest to data/families/family-R03052-lm-manifest.json (15 variant(s) total).
Parent R03052: witness hint[0] (len 133, 4 jump(s)), 30 movable object instance(s) under strict inventory.
  variant 1 (rotation): accepted F03052-sym-01
  variant 2 (rotation): accepted F03052-sym-02
  variant 3 (rotation): accepted F03052-sym-03
  variant 4 (reflection): accepted F03052-sym-04
  variant 5 (reflection): accepted F03052-sym-05
  variant 6 (reflection): accepted F03052-sym-06
  variant 7 (reflection): accepted F03052-sym-07

7/7 new symmetry sibling(s) generated for R03052 in 7 attempt(s) (budget 7); 7 total in data/families/family-R03052-sym.json.
Wrote 7 level(s) total to data/families/family-R03052-sym.json (changed=true), 7 hint file(s) written to data/families/hints/.
Wrote family manifest to data/families/family-R03052-sym-manifest.json (7 variant(s) total).
portfolio-solve-sweep: corpus=data/families/family-R03052-lm.json levels=15 (15 to solve) scheduler-mode=legacy budget=8000ms node-budget=20000000 workers=4 save-hints=true
  [1/15] L1 (F03052-lm-01) ok=✓ legacy [hint saved]
  [2/15] L3 (F03052-lm-03) ok=✓ legacy [hint saved]
  [3/15] L4 (F03052-lm-04) ok=✗
  [4/15] L5 (F03052-lm-05) ok=✗
  [5/15] L2 (F03052-lm-02) ok=✗
  [6/15] L9 (F03052-lm-09) ok=✓ legacy [hint saved]
  [7/15] L6 (F03052-lm-06) ok=✗
  [8/15] L7 (F03052-lm-07) ok=✗
  [9/15] L10 (F03052-lm-10) ok=✗
  [10/15] L11 (F03052-lm-11) ok=✗
  [11/15] L8 (F03052-lm-08) ok=✗
  [12/15] L15 (F03052-lm-15) ok=✓ legacy [hint saved]
  [13/15] L12 (F03052-lm-12) ok=✗
  [14/15] L14 (F03052-lm-14) ok=✗
  [15/15] L13 (F03052-lm-13) ok=✗
Hints: appended to 4 level(s); 4 hint file(s) changed on disk.
Result: solved=4/15, solvedBeforeFallback=0, fallbackOnly=4, unsolved=11
Wrote logs/family-census/solve-R03052-lm.json
Wrote logs/family-census/solve-R03052-lm-summary.md
portfolio-solve-sweep: corpus=data/families/family-R03052-sym.json levels=7 (7 to solve) scheduler-mode=legacy budget=8000ms node-budget=20000000 workers=4 save-hints=true
  [1/7] L4 (F03052-sym-04) ok=✓ legacy [hint saved]
  [2/7] L1 (F03052-sym-01) ok=✓ legacy [hint saved]
  [3/7] L6 (F03052-sym-06) ok=✓ legacy [hint saved]
  [4/7] L7 (F03052-sym-07) ok=✓ legacy [hint saved]
  [5/7] L3 (F03052-sym-03) ok=✓ legacy [hint saved]
  [6/7] L5 (F03052-sym-05) ok=✗
  [7/7] L2 (F03052-sym-02) ok=✗
Hints: appended to 5 level(s); 5 hint file(s) changed on disk.
Result: solved=5/7, solvedBeforeFallback=0, fallbackOnly=5, unsolved=2
Wrote logs/family-census/solve-R03052-sym.json
Wrote logs/family-census/solve-R03052-sym-summary.md
[01:18:39] DONE R03052
[01:18:39] START R03080
Parent R03080: witness stressMeta.witnessSolution (len 118, 0 jump(s)), 53 movable object instance(s) under strict inventory.
  attempt 1: accepted F03080-lm-01 — moved market (4,2) -> (11,5)
  attempt 2: accepted F03080-lm-02 — moved market (4,2) -> (1,9)
  attempt 3: accepted F03080-lm-03 — moved library (14,14) -> (0,5)
  attempt 4: accepted F03080-lm-04 — moved geese (1,11) -> (9,13)
  attempt 5: accepted F03080-lm-05 — moved falseGoals (2,0) -> (0,1)
  attempt 6: accepted F03080-lm-06 — moved park (11,1) -> (6,6)
  attempt 7: accepted F03080-lm-07 — moved flippingFilters (2,2) -> (4,11)
  attempt 8: accepted F03080-lm-08 — moved falseGoals (2,10) -> (0,2)
  attempt 9: accepted F03080-lm-09 — moved statue (4,3) -> (8,10)
  attempt 10: accepted F03080-lm-10 — moved mustPass (0,7) -> (9,2)
  attempt 11: accepted F03080-lm-11 — moved mustPass (1,4) -> (10,3)
  attempt 12: accepted F03080-lm-12 — moved mustPass (0,7) -> (2,4)
  attempt 13: accepted F03080-lm-13 — moved lamppost (3,4) -> (4,10)
  attempt 14: accepted F03080-lm-14 — moved flippingFilters (8,12) -> (11,11)
  attempt 15: accepted F03080-lm-15 — moved market (0,0) -> (4,1)

15/15 new local-mutant sibling(s) generated for R03080 in 15 attempt(s) (budget 600); 15 total in data/families/family-R03080-lm.json.
Wrote 15 level(s) total to data/families/family-R03080-lm.json (changed=true), 15 hint file(s) written to data/families/hints/.
Wrote family manifest to data/families/family-R03080-lm-manifest.json (15 variant(s) total).
Parent R03080: witness stressMeta.witnessSolution (len 118, 0 jump(s)), 53 movable object instance(s) under strict inventory.
  variant 1 (rotation): accepted F03080-sym-01
  variant 2 (rotation): accepted F03080-sym-02
  variant 3 (rotation): accepted F03080-sym-03
  variant 4 (reflection): accepted F03080-sym-04
  variant 5 (reflection): accepted F03080-sym-05
  variant 6 (reflection): accepted F03080-sym-06
  variant 7 (reflection): accepted F03080-sym-07

7/7 new symmetry sibling(s) generated for R03080 in 7 attempt(s) (budget 7); 7 total in data/families/family-R03080-sym.json.
Wrote 7 level(s) total to data/families/family-R03080-sym.json (changed=true), 7 hint file(s) written to data/families/hints/.
Wrote family manifest to data/families/family-R03080-sym-manifest.json (7 variant(s) total).
portfolio-solve-sweep: corpus=data/families/family-R03080-lm.json levels=15 (15 to solve) scheduler-mode=legacy budget=8000ms node-budget=20000000 workers=4 save-hints=true
  [1/15] L1 (F03080-lm-01) ok=✗
  [2/15] L4 (F03080-lm-04) ok=✗
  [3/15] L3 (F03080-lm-03) ok=✗
  [4/15] L2 (F03080-lm-02) ok=✗
  [5/15] L6 (F03080-lm-06) ok=✗
  [6/15] L5 (F03080-lm-05) ok=✗
  [7/15] L7 (F03080-lm-07) ok=✗
  [8/15] L8 (F03080-lm-08) ok=✗
  [9/15] L11 (F03080-lm-11) ok=✗
  [10/15] L9 (F03080-lm-09) ok=✗
  [11/15] L10 (F03080-lm-10) ok=✗
  [12/15] L12 (F03080-lm-12) ok=✗
  [13/15] L15 (F03080-lm-15) ok=✗
  [14/15] L13 (F03080-lm-13) ok=✗
  [15/15] L14 (F03080-lm-14) ok=✗
Hints: appended to 0 level(s); 0 hint file(s) changed on disk.
Result: solved=0/15, solvedBeforeFallback=0, fallbackOnly=0, unsolved=15
Wrote logs/family-census/solve-R03080-lm.json
Wrote logs/family-census/solve-R03080-lm-summary.md
portfolio-solve-sweep: corpus=data/families/family-R03080-sym.json levels=7 (7 to solve) scheduler-mode=legacy budget=8000ms node-budget=20000000 workers=4 save-hints=true
  [1/7] L3 (F03080-sym-03) ok=✗
  [2/7] L1 (F03080-sym-01) ok=✗
  [3/7] L2 (F03080-sym-02) ok=✗
  [4/7] L4 (F03080-sym-04) ok=✗
  [5/7] L5 (F03080-sym-05) ok=✗
  [6/7] L6 (F03080-sym-06) ok=✗
  [7/7] L7 (F03080-sym-07) ok=✗
Hints: appended to 0 level(s); 0 hint file(s) changed on disk.
Result: solved=0/7, solvedBeforeFallback=0, fallbackOnly=0, unsolved=7
Wrote logs/family-census/solve-R03080-sym.json
Wrote logs/family-census/solve-R03080-sym-summary.md
[01:28:46] DONE R03080
[01:28:46] START R03115
Parent R03115: witness hint[0] (len 72, 5 jump(s)), 44 movable object instance(s) under strict inventory.
  attempt 1: accepted F03115-lm-01 — moved geese (6,4) -> (3,4)
  attempt 2: accepted F03115-lm-02 — moved blocks (3,9) -> (3,4)
  attempt 3: accepted F03115-lm-03 — moved geese (3,5) -> (1,10)
  attempt 4: accepted F03115-lm-04 — moved falseGoals (5,3) -> (4,9)
  attempt 5: accepted F03115-lm-05 — moved geese (0,9) -> (9,6)
  attempt 6: accepted F03115-lm-06 — moved fountain (9,3) -> (1,5)
  attempt 7: accepted F03115-lm-07 — moved blocks (0,2) -> (8,10)
  attempt 8: accepted F03115-lm-08 — moved lamppost (1,0) -> (8,10)
  attempt 9: accepted F03115-lm-09 — moved statue (10,6) -> (9,6)
  attempt 10: accepted F03115-lm-10 — moved mustPass (8,3) -> (4,6)
  attempt 11: accepted F03115-lm-11 — moved mustPass (3,6) -> (7,3)
  attempt 12: accepted F03115-lm-12 — moved blocks (4,8) -> (3,2)
  attempt 13: accepted F03115-lm-13 — moved statue (5,9) -> (3,2)
  attempt 14: accepted F03115-lm-14 — moved falseGoals (2,10) -> (1,10)
  attempt 15: accepted F03115-lm-15 — moved geese (5,6) -> (8,10)

15/15 new local-mutant sibling(s) generated for R03115 in 15 attempt(s) (budget 600); 15 total in data/families/family-R03115-lm.json.
Wrote 15 level(s) total to data/families/family-R03115-lm.json (changed=true), 15 hint file(s) written to data/families/hints/.
Wrote family manifest to data/families/family-R03115-lm-manifest.json (15 variant(s) total).
Parent R03115: witness hint[0] (len 72, 5 jump(s)), 44 movable object instance(s) under strict inventory.
  variant 1 (rotation): accepted F03115-sym-01
  variant 2 (rotation): accepted F03115-sym-02
  variant 3 (rotation): accepted F03115-sym-03
  variant 4 (reflection): accepted F03115-sym-04
  variant 5 (reflection): accepted F03115-sym-05
  variant 6 (reflection): accepted F03115-sym-06
  variant 7 (reflection): accepted F03115-sym-07

7/7 new symmetry sibling(s) generated for R03115 in 7 attempt(s) (budget 7); 7 total in data/families/family-R03115-sym.json.
Wrote 7 level(s) total to data/families/family-R03115-sym.json (changed=true), 7 hint file(s) written to data/families/hints/.
Wrote family manifest to data/families/family-R03115-sym-manifest.json (7 variant(s) total).
portfolio-solve-sweep: corpus=data/families/family-R03115-lm.json levels=15 (15 to solve) scheduler-mode=legacy budget=8000ms node-budget=20000000 workers=4 save-hints=true
  [1/15] L2 (F03115-lm-02) ok=✗
  [2/15] L4 (F03115-lm-04) ok=✗
  [3/15] L1 (F03115-lm-01) ok=✗
  [4/15] L3 (F03115-lm-03) ok=✗
  [5/15] L5 (F03115-lm-05) ok=✗
  [6/15] L6 (F03115-lm-06) ok=✗
  [7/15] L8 (F03115-lm-08) ok=✗
  [8/15] L7 (F03115-lm-07) ok=✗
  [9/15] L9 (F03115-lm-09) ok=✗
  [10/15] L10 (F03115-lm-10) ok=✗
  [11/15] L11 (F03115-lm-11) ok=✗
  [12/15] L12 (F03115-lm-12) ok=✗
  [13/15] L13 (F03115-lm-13) ok=✗
  [14/15] L14 (F03115-lm-14) ok=✗
  [15/15] L15 (F03115-lm-15) ok=✗
Hints: appended to 0 level(s); 0 hint file(s) changed on disk.
Result: solved=0/15, solvedBeforeFallback=0, fallbackOnly=0, unsolved=15
Wrote logs/family-census/solve-R03115-lm.json
Wrote logs/family-census/solve-R03115-lm-summary.md
portfolio-solve-sweep: corpus=data/families/family-R03115-sym.json levels=7 (7 to solve) scheduler-mode=legacy budget=8000ms node-budget=20000000 workers=4 save-hints=true
  [1/7] L3 (F03115-sym-03) ok=✗
  [2/7] L1 (F03115-sym-01) ok=✗
  [3/7] L2 (F03115-sym-02) ok=✗
  [4/7] L4 (F03115-sym-04) ok=✗
  [5/7] L7 (F03115-sym-07) ok=✗
  [6/7] L6 (F03115-sym-06) ok=✗
  [7/7] L5 (F03115-sym-05) ok=✗
Hints: appended to 0 level(s); 0 hint file(s) changed on disk.
Result: solved=0/7, solvedBeforeFallback=0, fallbackOnly=0, unsolved=7
Wrote logs/family-census/solve-R03115-sym.json
Wrote logs/family-census/solve-R03115-sym-summary.md
[01:30:02] DONE R03115
[01:30:02] START R03145
Parent R03145: witness hint[0] (len 67, 0 jump(s)), 41 movable object instance(s) under strict inventory.
  attempt 1: accepted F03145-lm-01 — moved fountain (8,10) -> (4,2)
  attempt 2: accepted F03145-lm-02 — moved blocks (5,9) -> (1,10)
  attempt 3: accepted F03145-lm-03 — moved blocks (10,7) -> (8,8)
  attempt 4: accepted F03145-lm-04 — moved park (9,10) -> (2,5)
  attempt 5: accepted F03145-lm-05 — moved blocks (9,8) -> (8,8)
  attempt 6: accepted F03145-lm-06 — moved market (3,4) -> (8,5)
  attempt 7: accepted F03145-lm-07 — moved blocks (9,8) -> (4,2)
  attempt 8: accepted F03145-lm-08 — moved lamppost (9,2) -> (1,3)
  attempt 9: accepted F03145-lm-09 — moved blocks (2,9) -> (8,8)
  attempt 10: accepted F03145-lm-10 — moved blocks (8,7) -> (9,5)
  attempt 11: accepted F03145-lm-11 — moved blocks (9,9) -> (10,10)
  attempt 12: accepted F03145-lm-12 — moved lamppost (3,8) -> (9,3)
  attempt 13: accepted F03145-lm-13 — moved blocks (2,9) -> (1,10)
  attempt 14: accepted F03145-lm-14 — moved blocks (9,8) -> (2,5)
  attempt 15: accepted F03145-lm-15 — moved blocks (10,8) -> (9,3)

15/15 new local-mutant sibling(s) generated for R03145 in 15 attempt(s) (budget 600); 15 total in data/families/family-R03145-lm.json.
Wrote 15 level(s) total to data/families/family-R03145-lm.json (changed=true), 15 hint file(s) written to data/families/hints/.
Wrote family manifest to data/families/family-R03145-lm-manifest.json (15 variant(s) total).
Parent R03145: witness hint[0] (len 67, 0 jump(s)), 41 movable object instance(s) under strict inventory.
  variant 1 (rotation): accepted F03145-sym-01
  variant 2 (rotation): accepted F03145-sym-02
  variant 3 (rotation): accepted F03145-sym-03
  variant 4 (reflection): accepted F03145-sym-04
  variant 5 (reflection): accepted F03145-sym-05
  variant 6 (reflection): accepted F03145-sym-06
  variant 7 (reflection): accepted F03145-sym-07

7/7 new symmetry sibling(s) generated for R03145 in 7 attempt(s) (budget 7); 7 total in data/families/family-R03145-sym.json.
Wrote 7 level(s) total to data/families/family-R03145-sym.json (changed=true), 7 hint file(s) written to data/families/hints/.
Wrote family manifest to data/families/family-R03145-sym-manifest.json (7 variant(s) total).
portfolio-solve-sweep: corpus=data/families/family-R03145-lm.json levels=15 (15 to solve) scheduler-mode=legacy budget=8000ms node-budget=20000000 workers=4 save-hints=true
  [1/15] L4 (F03145-lm-04) ok=✓ legacy [hint saved]
  [2/15] L1 (F03145-lm-01) ok=✓ legacy [hint saved]
  [3/15] L3 (F03145-lm-03) ok=✓ legacy [hint saved]
  [4/15] L6 (F03145-lm-06) ok=✓ legacy [hint saved]
  [5/15] L5 (F03145-lm-05) ok=✓ legacy [hint saved]
  [6/15] L2 (F03145-lm-02) ok=✓ legacy [hint saved]
  [7/15] L8 (F03145-lm-08) ok=✓ legacy [hint saved]
  [8/15] L10 (F03145-lm-10) ok=✓ legacy [hint saved]
  [9/15] L12 (F03145-lm-12) ok=✓ legacy [hint saved]
  [10/15] L7 (F03145-lm-07) ok=✓ legacy [hint saved]
  [11/15] L14 (F03145-lm-14) ok=✓ legacy [hint saved]
  [12/15] L9 (F03145-lm-09) ok=✓ legacy [hint saved]
  [13/15] L11 (F03145-lm-11) ok=✓ legacy [hint saved]
  [14/15] L13 (F03145-lm-13) ok=✓ legacy [hint saved]
  [15/15] L15 (F03145-lm-15) ok=✗
Hints: appended to 14 level(s); 14 hint file(s) changed on disk.
Result: solved=14/15, solvedBeforeFallback=0, fallbackOnly=14, unsolved=1
Wrote logs/family-census/solve-R03145-lm.json
Wrote logs/family-census/solve-R03145-lm-summary.md
portfolio-solve-sweep: corpus=data/families/family-R03145-sym.json levels=7 (7 to solve) scheduler-mode=legacy budget=8000ms node-budget=20000000 workers=4 save-hints=true
  [1/7] L2 (F03145-sym-02) ok=✓ legacy [hint saved]
  [2/7] L1 (F03145-sym-01) ok=✓ legacy [hint saved]
  [3/7] L3 (F03145-sym-03) ok=✓ legacy [hint saved]
  [4/7] L4 (F03145-sym-04) ok=✓ legacy [hint saved]
  [5/7] L7 (F03145-sym-07) ok=✓ legacy [hint saved]
  [6/7] L5 (F03145-sym-05) ok=✓ legacy [hint saved]
  [7/7] L6 (F03145-sym-06) ok=✓ legacy [hint saved]
Hints: appended to 7 level(s); 7 hint file(s) changed on disk.
Result: solved=7/7, solvedBeforeFallback=0, fallbackOnly=7, unsolved=0
Wrote logs/family-census/solve-R03145-sym.json
Wrote logs/family-census/solve-R03145-sym-summary.md
[01:30:53] DONE R03145
[01:30:53] START R03177
Parent R03177: witness stressMeta.witnessSolution (len 87, 0 jump(s)), 45 movable object instance(s) under strict inventory.
  attempt 1: accepted F03177-lm-01 — moved mustPass (4,1) -> (10,8)
  attempt 2: accepted F03177-lm-02 — moved flippingFilters (7,10) -> (0,3)
  attempt 3: accepted F03177-lm-03 — moved geese (6,5) -> (9,5)
  attempt 4: accepted F03177-lm-04 — moved geese (3,10) -> (4,10)
  attempt 5: accepted F03177-lm-05 — moved library (5,2) -> (0,10)
  attempt 6: accepted F03177-lm-06 — moved flippingFilters (1,3) -> (9,5)
  attempt 7: rejected — degenerate duplicate of parent or another accepted variant
  attempt 8: accepted F03177-lm-07 — moved library (6,10) -> (5,4)
  attempt 9: accepted F03177-lm-08 — moved fountain (5,8) -> (1,1)
  attempt 10: accepted F03177-lm-09 — moved statue (0,4) -> (9,5)
  attempt 11: accepted F03177-lm-10 — moved geese (6,5) -> (10,3)
  attempt 12: accepted F03177-lm-11 — moved mustPass (8,7) -> (6,3)
  attempt 13: accepted F03177-lm-12 — moved fountain (5,8) -> (7,6)
  attempt 14: accepted F03177-lm-13 — moved geese (6,5) -> (1,6)
  attempt 15: accepted F03177-lm-14 — moved mustPass (0,8) -> (3,8)
  attempt 16: accepted F03177-lm-15 — moved lamppost (3,1) -> (0,10)

15/15 new local-mutant sibling(s) generated for R03177 in 16 attempt(s) (budget 600); 15 total in data/families/family-R03177-lm.json.
Wrote 15 level(s) total to data/families/family-R03177-lm.json (changed=true), 15 hint file(s) written to data/families/hints/.
Wrote family manifest to data/families/family-R03177-lm-manifest.json (15 variant(s) total).
Parent R03177: witness stressMeta.witnessSolution (len 87, 0 jump(s)), 45 movable object instance(s) under strict inventory.
  variant 1 (rotation): accepted F03177-sym-01
  variant 2 (rotation): accepted F03177-sym-02
  variant 3 (rotation): accepted F03177-sym-03
  variant 4 (reflection): accepted F03177-sym-04
  variant 5 (reflection): accepted F03177-sym-05
  variant 6 (reflection): accepted F03177-sym-06
  variant 7 (reflection): accepted F03177-sym-07

7/7 new symmetry sibling(s) generated for R03177 in 7 attempt(s) (budget 7); 7 total in data/families/family-R03177-sym.json.
Wrote 7 level(s) total to data/families/family-R03177-sym.json (changed=true), 7 hint file(s) written to data/families/hints/.
Wrote family manifest to data/families/family-R03177-sym-manifest.json (7 variant(s) total).
portfolio-solve-sweep: corpus=data/families/family-R03177-lm.json levels=15 (15 to solve) scheduler-mode=legacy budget=8000ms node-budget=20000000 workers=4 save-hints=true
  [1/15] L4 (F03177-lm-04) ok=✗
  [2/15] L2 (F03177-lm-02) ok=✗
  [3/15] L1 (F03177-lm-01) ok=✗
  [4/15] L3 (F03177-lm-03) ok=✗
  [5/15] L5 (F03177-lm-05) ok=✗
  [6/15] L7 (F03177-lm-07) ok=✗
  [7/15] L6 (F03177-lm-06) ok=✗
  [8/15] L8 (F03177-lm-08) ok=✗
  [9/15] L9 (F03177-lm-09) ok=✗
  [10/15] L10 (F03177-lm-10) ok=✗
  [11/15] L11 (F03177-lm-11) ok=✗
  [12/15] L12 (F03177-lm-12) ok=✗
  [13/15] L13 (F03177-lm-13) ok=✗
  [14/15] L15 (F03177-lm-15) ok=✗
  [15/15] L14 (F03177-lm-14) ok=✗
Hints: appended to 0 level(s); 0 hint file(s) changed on disk.
Result: solved=0/15, solvedBeforeFallback=0, fallbackOnly=0, unsolved=15
Wrote logs/family-census/solve-R03177-lm.json
Wrote logs/family-census/solve-R03177-lm-summary.md
portfolio-solve-sweep: corpus=data/families/family-R03177-sym.json levels=7 (7 to solve) scheduler-mode=legacy budget=8000ms node-budget=20000000 workers=4 save-hints=true
  [1/7] L4 (F03177-sym-04) ok=✗
  [2/7] L3 (F03177-sym-03) ok=✗
  [3/7] L1 (F03177-sym-01) ok=✗
  [4/7] L2 (F03177-sym-02) ok=✗
  [5/7] L6 (F03177-sym-06) ok=✗
  [6/7] L5 (F03177-sym-05) ok=✗
  [7/7] L7 (F03177-sym-07) ok=✗
Hints: appended to 0 level(s); 0 hint file(s) changed on disk.
Result: solved=0/7, solvedBeforeFallback=0, fallbackOnly=0, unsolved=7
Wrote logs/family-census/solve-R03177-sym.json
Wrote logs/family-census/solve-R03177-sym-summary.md
[01:33:16] DONE R03177
[01:33:16] START R03205
Parent R03205: witness hint[0] (len 69, 6 jump(s)), 22 movable object instance(s) under strict inventory.
  attempt 1: accepted F03205-lm-01 — moved park (3,0) -> (8,0)
  attempt 2: accepted F03205-lm-02 — moved mustPass (5,10) -> (5,5)
  attempt 3: accepted F03205-lm-03 — moved flippingFilters (7,8) -> (8,0)
  attempt 4: accepted F03205-lm-04 — moved flippingFilters (9,5) -> (10,5)
  attempt 5: accepted F03205-lm-05 — moved lamppost (10,0) -> (8,0)
  attempt 6: accepted F03205-lm-06 — moved flippingFilters (7,8) -> (1,3)
  attempt 7: accepted F03205-lm-07 — moved mustPass (6,10) -> (4,0)
  attempt 8: accepted F03205-lm-08 — moved statue (10,9) -> (8,0)
  attempt 9: accepted F03205-lm-09 — moved flippingFilters (6,1) -> (10,6)
  attempt 10: rejected — degenerate duplicate of parent or another accepted variant
  attempt 11: accepted F03205-lm-10 — moved flippingFilters (7,8) -> (0,3)
  attempt 12: accepted F03205-lm-11 — moved mustPass (8,2) -> (2,9)
  attempt 13: accepted F03205-lm-12 — moved mustPass (6,9) -> (7,5)
  attempt 14: accepted F03205-lm-13 — moved mustPass (7,4) -> (4,9)
  attempt 15: accepted F03205-lm-14 — moved mustPass (6,9) -> (2,9)
  attempt 16: accepted F03205-lm-15 — moved mustPass (7,2) -> (4,1)

15/15 new local-mutant sibling(s) generated for R03205 in 16 attempt(s) (budget 600); 15 total in data/families/family-R03205-lm.json.
Wrote 15 level(s) total to data/families/family-R03205-lm.json (changed=true), 15 hint file(s) written to data/families/hints/.
Wrote family manifest to data/families/family-R03205-lm-manifest.json (15 variant(s) total).
Parent R03205: witness hint[0] (len 69, 6 jump(s)), 22 movable object instance(s) under strict inventory.
  variant 1 (rotation): accepted F03205-sym-01
  variant 2 (rotation): accepted F03205-sym-02
  variant 3 (rotation): accepted F03205-sym-03
  variant 4 (reflection): accepted F03205-sym-04
  variant 5 (reflection): accepted F03205-sym-05
  variant 6 (reflection): accepted F03205-sym-06
  variant 7 (reflection): accepted F03205-sym-07

7/7 new symmetry sibling(s) generated for R03205 in 7 attempt(s) (budget 7); 7 total in data/families/family-R03205-sym.json.
Wrote 7 level(s) total to data/families/family-R03205-sym.json (changed=true), 7 hint file(s) written to data/families/hints/.
Wrote family manifest to data/families/family-R03205-sym-manifest.json (7 variant(s) total).
portfolio-solve-sweep: corpus=data/families/family-R03205-lm.json levels=15 (15 to solve) scheduler-mode=legacy budget=8000ms node-budget=20000000 workers=4 save-hints=true
  [1/15] L1 (F03205-lm-01) ok=✓ legacy [hint saved]
  [2/15] L5 (F03205-lm-05) ok=✓ legacy [hint saved]
  [3/15] L2 (F03205-lm-02) ok=✓ legacy [hint saved]
  [4/15] L7 (F03205-lm-07) ok=✓ legacy [hint saved]
  [5/15] L8 (F03205-lm-08) ok=✓ legacy [hint saved]
  [6/15] L6 (F03205-lm-06) ok=✓ legacy [hint saved]
  [7/15] L3 (F03205-lm-03) ok=✓ legacy [hint saved]
  [8/15] L11 (F03205-lm-11) ok=✓ legacy [hint saved]
  [9/15] L12 (F03205-lm-12) ok=✓ legacy [hint saved]
  [10/15] L13 (F03205-lm-13) ok=✓ legacy [hint saved]
  [11/15] L14 (F03205-lm-14) ok=✓ legacy [hint saved]
  [12/15] L15 (F03205-lm-15) ok=✓ legacy [hint saved]
  [13/15] L4 (F03205-lm-04) ok=✗
  [14/15] L9 (F03205-lm-09) ok=✗
  [15/15] L10 (F03205-lm-10) ok=✗
Hints: appended to 12 level(s); 12 hint file(s) changed on disk.
Result: solved=12/15, solvedBeforeFallback=0, fallbackOnly=12, unsolved=3
Wrote logs/family-census/solve-R03205-lm.json
Wrote logs/family-census/solve-R03205-lm-summary.md
portfolio-solve-sweep: corpus=data/families/family-R03205-sym.json levels=7 (7 to solve) scheduler-mode=legacy budget=8000ms node-budget=20000000 workers=4 save-hints=true
  [1/7] L2 (F03205-sym-02) ok=✓ legacy [hint saved]
  [2/7] L4 (F03205-sym-04) ok=✓ legacy [hint saved]
  [3/7] L5 (F03205-sym-05) ok=✓ legacy [hint saved]
  [4/7] L3 (F03205-sym-03) ok=✓ legacy [hint saved]
  [5/7] L1 (F03205-sym-01) ok=✗
  [6/7] L7 (F03205-sym-07) ok=✗
  [7/7] L6 (F03205-sym-06) ok=✗
Hints: appended to 4 level(s); 4 hint file(s) changed on disk.
Result: solved=4/7, solvedBeforeFallback=0, fallbackOnly=4, unsolved=3
Wrote logs/family-census/solve-R03205-sym.json
Wrote logs/family-census/solve-R03205-sym-summary.md
[01:34:59] DONE R03205
[01:34:59] START R03252
Parent R03252: witness stressMeta.witnessSolution (len 67, 6 jump(s)), 15 movable object instance(s) under strict inventory.
  attempt 1: accepted F03252-lm-01 — moved mustPass (7,0) -> (3,8)
  attempt 2: accepted F03252-lm-02 — moved fountain (10,7) -> (8,1)
  attempt 3: accepted F03252-lm-03 — moved park (9,2) -> (1,3)
  attempt 4: accepted F03252-lm-04 — moved park (7,3) -> (1,2)
  attempt 5: accepted F03252-lm-05 — moved fountain (8,3) -> (8,7)
  attempt 6: accepted F03252-lm-06 — moved park (9,2) -> (7,9)
  attempt 7: accepted F03252-lm-07 — moved statue (9,7) -> (6,5)
  attempt 8: accepted F03252-lm-08 — moved market (3,4) -> (4,8)
  attempt 9: accepted F03252-lm-09 — moved mustPass (7,0) -> (0,8)
  attempt 10: accepted F03252-lm-10 — moved mustPass (10,4) -> (5,1)
  attempt 11: accepted F03252-lm-11 — moved fountain (10,7) -> (7,5)
  attempt 12: accepted F03252-lm-12 — moved fountain (10,7) -> (1,3)
  attempt 13: accepted F03252-lm-13 — moved fountain (10,7) -> (4,8)
  attempt 14: accepted F03252-lm-14 — moved mustPass (7,0) -> (9,3)
  attempt 15: accepted F03252-lm-15 — moved lamppost (3,10) -> (4,8)

15/15 new local-mutant sibling(s) generated for R03252 in 15 attempt(s) (budget 600); 15 total in data/families/family-R03252-lm.json.
Wrote 15 level(s) total to data/families/family-R03252-lm.json (changed=true), 15 hint file(s) written to data/families/hints/.
Wrote family manifest to data/families/family-R03252-lm-manifest.json (15 variant(s) total).
Parent R03252: witness stressMeta.witnessSolution (len 67, 6 jump(s)), 15 movable object instance(s) under strict inventory.
  variant 1 (rotation): accepted F03252-sym-01
  variant 2 (rotation): accepted F03252-sym-02
  variant 3 (rotation): accepted F03252-sym-03
  variant 4 (reflection): accepted F03252-sym-04
  variant 5 (reflection): accepted F03252-sym-05
  variant 6 (reflection): accepted F03252-sym-06
  variant 7 (reflection): accepted F03252-sym-07

7/7 new symmetry sibling(s) generated for R03252 in 7 attempt(s) (budget 7); 7 total in data/families/family-R03252-sym.json.
Wrote 7 level(s) total to data/families/family-R03252-sym.json (changed=true), 7 hint file(s) written to data/families/hints/.
Wrote family manifest to data/families/family-R03252-sym-manifest.json (7 variant(s) total).
portfolio-solve-sweep: corpus=data/families/family-R03252-lm.json levels=15 (15 to solve) scheduler-mode=legacy budget=8000ms node-budget=20000000 workers=4 save-hints=true
  [1/15] L3 (F03252-lm-03) ok=✗
  [2/15] L4 (F03252-lm-04) ok=✗
  [3/15] L2 (F03252-lm-02) ok=✗
  [4/15] L1 (F03252-lm-01) ok=✗
  [5/15] L5 (F03252-lm-05) ok=✗
  [6/15] L6 (F03252-lm-06) ok=✗
  [7/15] L7 (F03252-lm-07) ok=✗
  [8/15] L8 (F03252-lm-08) ok=✗
  [9/15] L9 (F03252-lm-09) ok=✗
  [10/15] L11 (F03252-lm-11) ok=✗
  [11/15] L10 (F03252-lm-10) ok=✗
  [12/15] L12 (F03252-lm-12) ok=✗
  [13/15] L13 (F03252-lm-13) ok=✗
  [14/15] L15 (F03252-lm-15) ok=✗
  [15/15] L14 (F03252-lm-14) ok=✗
Hints: appended to 0 level(s); 0 hint file(s) changed on disk.
Result: solved=0/15, solvedBeforeFallback=0, fallbackOnly=0, unsolved=15
Wrote logs/family-census/solve-R03252-lm.json
Wrote logs/family-census/solve-R03252-lm-summary.md
portfolio-solve-sweep: corpus=data/families/family-R03252-sym.json levels=7 (7 to solve) scheduler-mode=legacy budget=8000ms node-budget=20000000 workers=4 save-hints=true
  [1/7] L1 (F03252-sym-01) ok=✗
  [2/7] L2 (F03252-sym-02) ok=✗
  [3/7] L4 (F03252-sym-04) ok=✗
  [4/7] L3 (F03252-sym-03) ok=✗
  [5/7] L6 (F03252-sym-06) ok=✗
  [6/7] L7 (F03252-sym-07) ok=✗
  [7/7] L5 (F03252-sym-05) ok=✗
Hints: appended to 0 level(s); 0 hint file(s) changed on disk.
Result: solved=0/7, solvedBeforeFallback=0, fallbackOnly=0, unsolved=7
Wrote logs/family-census/solve-R03252-sym.json
Wrote logs/family-census/solve-R03252-sym-summary.md
[01:37:36] DONE R03252
[01:37:36] START R03287
Parent R03287: witness stressMeta.witnessSolution (len 133, 6 jump(s)), 55 movable object instance(s) under strict inventory.
  attempt 1: accepted F03287-lm-01 — moved lamppost (13,9) -> (7,9)
  attempt 2: accepted F03287-lm-02 — moved statue (1,3) -> (2,5)
  attempt 3: accepted F03287-lm-03 — moved blocks (13,0) -> (10,5)
  attempt 4: accepted F03287-lm-04 — moved mustCross (3,3) -> (6,6)
  attempt 5: accepted F03287-lm-05 — moved blocks (14,0) -> (12,2)
  attempt 6: accepted F03287-lm-06 — moved flippingFilters (0,14) -> (10,1)
  attempt 7: accepted F03287-lm-07 — moved blocks (6,4) -> (13,6)
  attempt 8: accepted F03287-lm-08 — moved statue (1,3) -> (0,6)
  attempt 9: accepted F03287-lm-09 — moved blocks (11,6) -> (10,1)
  attempt 10: accepted F03287-lm-10 — moved blocks (8,0) -> (8,9)
  attempt 11: accepted F03287-lm-11 — moved blocks (14,3) -> (10,7)
  attempt 12: accepted F03287-lm-12 — moved blocks (5,0) -> (5,5)
  attempt 13: accepted F03287-lm-13 — moved flippingFilters (9,7) -> (14,12)
  attempt 14: accepted F03287-lm-14 — moved blocks (13,14) -> (10,2)
  attempt 15: accepted F03287-lm-15 — moved library (0,11) -> (8,14)

15/15 new local-mutant sibling(s) generated for R03287 in 15 attempt(s) (budget 600); 15 total in data/families/family-R03287-lm.json.
Wrote 15 level(s) total to data/families/family-R03287-lm.json (changed=true), 15 hint file(s) written to data/families/hints/.
Wrote family manifest to data/families/family-R03287-lm-manifest.json (15 variant(s) total).
Parent R03287: witness stressMeta.witnessSolution (len 133, 6 jump(s)), 55 movable object instance(s) under strict inventory.
  variant 1 (rotation): accepted F03287-sym-01
  variant 2 (rotation): accepted F03287-sym-02
  variant 3 (rotation): accepted F03287-sym-03
  variant 4 (reflection): accepted F03287-sym-04
  variant 5 (reflection): accepted F03287-sym-05
  variant 6 (reflection): accepted F03287-sym-06
  variant 7 (reflection): accepted F03287-sym-07

7/7 new symmetry sibling(s) generated for R03287 in 7 attempt(s) (budget 7); 7 total in data/families/family-R03287-sym.json.
Wrote 7 level(s) total to data/families/family-R03287-sym.json (changed=true), 7 hint file(s) written to data/families/hints/.
Wrote family manifest to data/families/family-R03287-sym-manifest.json (7 variant(s) total).
portfolio-solve-sweep: corpus=data/families/family-R03287-lm.json levels=15 (15 to solve) scheduler-mode=legacy budget=8000ms node-budget=20000000 workers=4 save-hints=true
  [1/15] L3 (F03287-lm-03) ok=✗
  [2/15] L1 (F03287-lm-01) ok=✗
  [3/15] L2 (F03287-lm-02) ok=✗
  [4/15] L4 (F03287-lm-04) ok=✗
  [5/15] L5 (F03287-lm-05) ok=✗
  [6/15] L6 (F03287-lm-06) ok=✗
  [7/15] L7 (F03287-lm-07) ok=✗
  [8/15] L8 (F03287-lm-08) ok=✗
  [9/15] L9 (F03287-lm-09) ok=✗
  [10/15] L10 (F03287-lm-10) ok=✗
  [11/15] L11 (F03287-lm-11) ok=✗
  [12/15] L12 (F03287-lm-12) ok=✗
  [13/15] L13 (F03287-lm-13) ok=✓ legacy [hint saved]
  [14/15] L15 (F03287-lm-15) ok=✗
  [15/15] L14 (F03287-lm-14) ok=✗
Hints: appended to 1 level(s); 1 hint file(s) changed on disk.
Result: solved=1/15, solvedBeforeFallback=0, fallbackOnly=1, unsolved=14
Wrote logs/family-census/solve-R03287-lm.json
Wrote logs/family-census/solve-R03287-lm-summary.md
portfolio-solve-sweep: corpus=data/families/family-R03287-sym.json levels=7 (7 to solve) scheduler-mode=legacy budget=8000ms node-budget=20000000 workers=4 save-hints=true
  [1/7] L4 (F03287-sym-04) ok=✗
  [2/7] L1 (F03287-sym-01) ok=✗
  [3/7] L3 (F03287-sym-03) ok=✗
  [4/7] L2 (F03287-sym-02) ok=✗
  [5/7] L6 (F03287-sym-06) ok=✗
  [6/7] L7 (F03287-sym-07) ok=✗
  [7/7] L5 (F03287-sym-05) ok=✗
Hints: appended to 0 level(s); 0 hint file(s) changed on disk.
Result: solved=0/7, solvedBeforeFallback=0, fallbackOnly=0, unsolved=7
Wrote logs/family-census/solve-R03287-sym.json
Wrote logs/family-census/solve-R03287-sym-summary.md
[01:42:29] DONE R03287
[01:42:29] START R03316
Parent R03316: witness stressMeta.witnessSolution (len 72, 6 jump(s)), 54 movable object instance(s) under strict inventory.
  attempt 1: accepted F03316-lm-01 — moved flippingFilters (0,1) -> (7,2)
  attempt 2: accepted F03316-lm-02 — moved flippingFilters (9,7) -> (5,0)
  attempt 3: accepted F03316-lm-03 — moved mustPass (7,8) -> (6,0)
  attempt 4: accepted F03316-lm-04 — moved mustPass (1,4) -> (7,1)
  attempt 5: accepted F03316-lm-05 — moved flippingFilters (2,5) -> (7,2)
  attempt 6: accepted F03316-lm-06 — moved mustPass (5,3) -> (0,10)
  attempt 7: accepted F03316-lm-07 — moved mustPass (4,9) -> (7,7)
  attempt 8: accepted F03316-lm-08 — moved flippingFilters (9,7) -> (7,1)
  attempt 9: accepted F03316-lm-09 — moved flippingFilters (2,5) -> (10,3)
  attempt 10: accepted F03316-lm-10 — moved mustPass (5,3) -> (6,6)
  attempt 11: accepted F03316-lm-11 — moved mustPass (1,7) -> (2,4)
  attempt 12: accepted F03316-lm-12 — moved mustPass (1,4) -> (8,8)
  attempt 13: accepted F03316-lm-13 — moved flippingFilters (3,5) -> (9,4)
  attempt 14: accepted F03316-lm-14 — moved flippingFilters (5,7) -> (5,0)
  attempt 15: accepted F03316-lm-15 — moved flippingFilters (3,5) -> (4,4)

15/15 new local-mutant sibling(s) generated for R03316 in 15 attempt(s) (budget 600); 15 total in data/families/family-R03316-lm.json.
Wrote 15 level(s) total to data/families/family-R03316-lm.json (changed=true), 15 hint file(s) written to data/families/hints/.
Wrote family manifest to data/families/family-R03316-lm-manifest.json (15 variant(s) total).
Parent R03316: witness stressMeta.witnessSolution (len 72, 6 jump(s)), 54 movable object instance(s) under strict inventory.
  variant 1 (rotation): accepted F03316-sym-01
  variant 2 (rotation): accepted F03316-sym-02
  variant 3 (rotation): accepted F03316-sym-03
  variant 4 (reflection): accepted F03316-sym-04
  variant 5 (reflection): accepted F03316-sym-05
  variant 6 (reflection): accepted F03316-sym-06
  variant 7 (reflection): accepted F03316-sym-07

7/7 new symmetry sibling(s) generated for R03316 in 7 attempt(s) (budget 7); 7 total in data/families/family-R03316-sym.json.
Wrote 7 level(s) total to data/families/family-R03316-sym.json (changed=true), 7 hint file(s) written to data/families/hints/.
Wrote family manifest to data/families/family-R03316-sym-manifest.json (7 variant(s) total).
portfolio-solve-sweep: corpus=data/families/family-R03316-lm.json levels=15 (15 to solve) scheduler-mode=legacy budget=8000ms node-budget=20000000 workers=4 save-hints=true
  [1/15] L1 (F03316-lm-01) ok=✗
  [2/15] L4 (F03316-lm-04) ok=✗
  [3/15] L3 (F03316-lm-03) ok=✗
  [4/15] L2 (F03316-lm-02) ok=✗
  [5/15] L5 (F03316-lm-05) ok=✗
  [6/15] L6 (F03316-lm-06) ok=✗
  [7/15] L7 (F03316-lm-07) ok=✗
  [8/15] L8 (F03316-lm-08) ok=✗
  [9/15] L9 (F03316-lm-09) ok=✗
  [10/15] L11 (F03316-lm-11) ok=✗
  [11/15] L10 (F03316-lm-10) ok=✗
  [12/15] L12 (F03316-lm-12) ok=✗
  [13/15] L15 (F03316-lm-15) ok=✗
  [14/15] L13 (F03316-lm-13) ok=✗
  [15/15] L14 (F03316-lm-14) ok=✗
Hints: appended to 0 level(s); 0 hint file(s) changed on disk.
Result: solved=0/15, solvedBeforeFallback=0, fallbackOnly=0, unsolved=15
Wrote logs/family-census/solve-R03316-lm.json
Wrote logs/family-census/solve-R03316-lm-summary.md
portfolio-solve-sweep: corpus=data/families/family-R03316-sym.json levels=7 (7 to solve) scheduler-mode=legacy budget=8000ms node-budget=20000000 workers=4 save-hints=true
  [1/7] L4 (F03316-sym-04) ok=✗
  [2/7] L1 (F03316-sym-01) ok=✗
  [3/7] L2 (F03316-sym-02) ok=✗
  [4/7] L3 (F03316-sym-03) ok=✗
  [5/7] L7 (F03316-sym-07) ok=✗
  [6/7] L5 (F03316-sym-05) ok=✗
  [7/7] L6 (F03316-sym-06) ok=✗
Hints: appended to 0 level(s); 0 hint file(s) changed on disk.
Result: solved=0/7, solvedBeforeFallback=0, fallbackOnly=0, unsolved=7
Wrote logs/family-census/solve-R03316-sym.json
Wrote logs/family-census/solve-R03316-sym-summary.md
[01:44:00] DONE R03316
[01:44:00] START R03348
Parent R03348: witness stressMeta.witnessSolution (len 87, 5 jump(s)), 61 movable object instance(s) under strict inventory.
  attempt 1: accepted F03348-lm-01 — moved blocks (9,9) -> (4,6)
  attempt 2: accepted F03348-lm-02 — moved falseGoals (8,11) -> (6,4)
  attempt 3: accepted F03348-lm-03 — moved library (4,5) -> (4,6)
  attempt 4: accepted F03348-lm-04 — moved geese (9,10) -> (6,4)
  attempt 5: accepted F03348-lm-05 — moved library (5,6) -> (6,1)
  attempt 6: accepted F03348-lm-06 — moved statue (3,7) -> (5,4)
  attempt 7: accepted F03348-lm-07 — moved geese (11,11) -> (0,11)
  attempt 8: accepted F03348-lm-08 — moved blocks (3,5) -> (1,6)
  attempt 9: accepted F03348-lm-09 — moved blocks (7,10) -> (6,4)
  attempt 10: accepted F03348-lm-10 — moved lamppost (3,6) -> (1,7)
  attempt 11: accepted F03348-lm-11 — moved geese (11,11) -> (1,7)
  attempt 12: accepted F03348-lm-12 — moved blocks (2,5) -> (1,10)
  attempt 13: accepted F03348-lm-13 — moved library (4,10) -> (6,4)
  attempt 14: accepted F03348-lm-14 — moved geese (9,11) -> (0,11)
  attempt 15: accepted F03348-lm-15 — moved geese (9,11) -> (5,4)

15/15 new local-mutant sibling(s) generated for R03348 in 15 attempt(s) (budget 600); 15 total in data/families/family-R03348-lm.json.
Wrote 15 level(s) total to data/families/family-R03348-lm.json (changed=true), 15 hint file(s) written to data/families/hints/.
Wrote family manifest to data/families/family-R03348-lm-manifest.json (15 variant(s) total).
Parent R03348: witness stressMeta.witnessSolution (len 87, 5 jump(s)), 61 movable object instance(s) under strict inventory.
  variant 1 (rotation): accepted F03348-sym-01
  variant 2 (rotation): accepted F03348-sym-02
  variant 3 (rotation): accepted F03348-sym-03
  variant 4 (reflection): accepted F03348-sym-04
  variant 5 (reflection): accepted F03348-sym-05
  variant 6 (reflection): accepted F03348-sym-06
  variant 7 (reflection): accepted F03348-sym-07

7/7 new symmetry sibling(s) generated for R03348 in 7 attempt(s) (budget 7); 7 total in data/families/family-R03348-sym.json.
Wrote 7 level(s) total to data/families/family-R03348-sym.json (changed=true), 7 hint file(s) written to data/families/hints/.
Wrote family manifest to data/families/family-R03348-sym-manifest.json (7 variant(s) total).
portfolio-solve-sweep: corpus=data/families/family-R03348-lm.json levels=15 (15 to solve) scheduler-mode=legacy budget=8000ms node-budget=20000000 workers=4 save-hints=true
  [1/15] L3 (F03348-lm-03) ok=✗
  [2/15] L2 (F03348-lm-02) ok=✗
  [3/15] L4 (F03348-lm-04) ok=✗
  [4/15] L1 (F03348-lm-01) ok=✗
  [5/15] L7 (F03348-lm-07) ok=✗
  [6/15] L5 (F03348-lm-05) ok=✗
  [7/15] L6 (F03348-lm-06) ok=✗
  [8/15] L8 (F03348-lm-08) ok=✗
  [9/15] L9 (F03348-lm-09) ok=✗
  [10/15] L10 (F03348-lm-10) ok=✗
  [11/15] L11 (F03348-lm-11) ok=✗
  [12/15] L12 (F03348-lm-12) ok=✗
  [13/15] L14 (F03348-lm-14) ok=✗
  [14/15] L13 (F03348-lm-13) ok=✗
  [15/15] L15 (F03348-lm-15) ok=✗
Hints: appended to 0 level(s); 0 hint file(s) changed on disk.
Result: solved=0/15, solvedBeforeFallback=0, fallbackOnly=0, unsolved=15
Wrote logs/family-census/solve-R03348-lm.json
Wrote logs/family-census/solve-R03348-lm-summary.md
portfolio-solve-sweep: corpus=data/families/family-R03348-sym.json levels=7 (7 to solve) scheduler-mode=legacy budget=8000ms node-budget=20000000 workers=4 save-hints=true
  [1/7] L3 (F03348-sym-03) ok=✗
  [2/7] L4 (F03348-sym-04) ok=✗
  [3/7] L1 (F03348-sym-01) ok=✗
  [4/7] L2 (F03348-sym-02) ok=✗
  [5/7] L6 (F03348-sym-06) ok=✗
  [6/7] L7 (F03348-sym-07) ok=✗
  [7/7] L5 (F03348-sym-05) ok=✗
Hints: appended to 0 level(s); 0 hint file(s) changed on disk.
Result: solved=0/7, solvedBeforeFallback=0, fallbackOnly=0, unsolved=7
Wrote logs/family-census/solve-R03348-sym.json
Wrote logs/family-census/solve-R03348-sym-summary.md
[01:52:40] DONE R03348
